[Licensing::Module] Trying to connect to existing licensing client channel...
Built from '6000.3/staging' branch; Version is '6000.3.20f1 (c9ba695d4f07) revision 13220457'; Using compiler version '194234433'; Build Type 'Release'
[Licensing::IpcConnector] Successfully connected to: "LicenseClient-9uqdzvPVzTf7lOwKXUg5o" at "2026-09-24T06:51:50.6395163Z"
OS: 'Windows 11  (10.0.26200) Core' Language: 'en' Physical Memory: 32469 MB
BatchMode: 1, IsHumanControllingUs: 0, StartBugReporterOnCrash: 0, Is64bit: 1
System  architecture: x64
Process architecture: x64
Date: 2026-09-24T06:51:50Z
[Licensing::Client] Code 10 while verifying Licensing Client signature (process Id: 12036, path: "C:/Program Files/Unity Hub/UnityLicensingClient_V1/Unity.Licensing.Client.exe")
[Licensing::Module] LicensingClient has failed validation; ignoring
[Licensing::Client] Handshaking with LicensingClient:
  Version:                 1.18.3+d7ffd15
  Session Id:              05a122e2b61c4d548e0918ff3ce1be07
  Correlation Id:          7bae5157f7569324c196101537e5e2e7
  External correlation Id: 7528404422221736940
  Machine Id:              Xq0/e8jrdfzwNx6CNFF/2oAnL8k=
[Licensing::Module] Successfully connected to LicensingClient on channel: "LicenseClient-9uqdzvPVzTf7lOwKXUg5o" (connect: 0.00s, validation: 0.00s, handshake: 0.10s)
[Licensing::IpcConnector] Successfully connected to: "LicenseClient-9uqdzvPVzTf7lOwKXUg5o-notifications" at "2026-09-24T06:51:50.7439962Z"
[Licensing::Module] Licensing Background thread has ended after 0.11s

COMMAND LINE ARGUMENTS:
C:\Program Files\Unity\Hub\Editor\6000.3.20f1\Editor\Unity.exe
-adb2
-batchMode
-noUpm
-name
AssetImportWorker3
-projectPath
D:/Projects/2026/Julia-Set-Unity-Android-App/Mandelbrot
-logFile
Logs/AssetImportWorker3.log
-srvPort
60127
-parentPid
48288
-analyticsCloudUserId
3574442337645
-analyticsCloudProjectId
-analyticsLocalProjectId
fcf6fdb92c0f15e4b9b285a58b933e9b
-licensingIpc
LicenseClient-9uqdzvPVzTf7lOwKXUg5o
-job-worker-count
7
-background-job-worker-count
8
-gc-helper-count
1
-name
AssetImport
Successfully changed project path to: D:/Projects/2026/Julia-Set-Unity-Android-App/Mandelbrot
D:/Projects/2026/Julia-Set-Unity-Android-App/Mandelbrot
[UnityMemory] Configuration Parameters - Can be set up in boot.config
    "memorysetup-temp-allocator-size-nav-mesh-worker=65536"
    "memorysetup-temp-allocator-size-audio-worker=65536"
    "memorysetup-temp-allocator-size-gfx=262144"
    "memorysetup-allocator-temp-initial-block-size-main=262144"
    "memorysetup-allocator-temp-initial-block-size-worker=262144"
    "memorysetup-temp-allocator-size-background-worker=32768"
    "memorysetup-temp-allocator-size-job-worker=262144"
    "memorysetup-temp-allocator-size-preload-manager=33554432"
    "memorysetup-temp-allocator-size-gi-baking-worker=262144"
    "memorysetup-temp-allocator-size-gi-baking-worker=262144"
    "memorysetup-temp-allocator-size-gi-baking-worker=262144"
    "memorysetup-temp-allocator-size-gi-baking-worker=262144"
    "memorysetup-temp-allocator-size-gi-baking-worker=262144"
    "memorysetup-bucket-allocator-granularity=16"
    "memorysetup-bucket-allocator-bucket-count=8"
    "memorysetup-bucket-allocator-block-size=33554432"
    "memorysetup-bucket-allocator-block-count=8"
    "memorysetup-main-allocator-block-size=16777216"
    "memorysetup-thread-allocator-block-size=16777216"
    "memorysetup-gfx-main-allocator-block-size=16777216"
    "memorysetup-gfx-thread-allocator-block-size=16777216"
    "memorysetup-cache-allocator-block-size=4194304"
    "memorysetup-typetree-allocator-block-size=2097152"
    "memorysetup-profiler-bucket-allocator-granularity=16"
    "memorysetup-profiler-bucket-allocator-bucket-count=8"
    "memorysetup-profiler-bucket-allocator-block-size=33554432"
    "memorysetup-profiler-bucket-allocator-block-count=8"
    "memorysetup-profiler-allocator-block-size=16777216"
    "memorysetup-profiler-editor-allocator-block-size=1048576"
    "memorysetup-temp-allocator-size-main=16777216"
    "memorysetup-job-temp-allocator-block-size=2097152"
    "memorysetup-job-temp-allocator-block-size-background=1048576"
    "memorysetup-job-temp-allocator-reduction-small-platforms=262144"
    "memorysetup-temp-allocator-size-cloud-worker=32768"
Player connection [44792]  Target information:

Player connection [44792]  * "[IP] 192.168.1.77 [Port] 0 [Flags] 2 [Guid] 183558950 [EditorId] 183558950 [Version] 1048832 [Id] WindowsEditor(7,DESKTOP-C3RIJRC) [Debug] 1 [PackageName] WindowsEditor [ProjectName] Editor" 

Player connection [44792] Host joined multi-casting on [225.0.0.222:54997]...
Player connection [44792] Host joined alternative multi-casting on [225.0.0.222:34997]...
JobSystem: Creating JobQueue using job-worker-count value 7
Input System module state changed to: Initialized.
[Physics::Module] Initialized fallback backend.
[Physics::Module] Id: 0xdecafbad
Library Redirect Path: Library/
[Physics::Module] Selected backend.
[Physics::Module] Name: PhysX
[Physics::Module] Id: 0xf2b8ea05
[Physics::Module] SDK Version: 4.1.2
[Physics::Module] Integration Version: 1.0.0
[Physics::Module] Threading Mode: Multi-Threaded
Refreshing native plugins compatible for Editor in 4.85 ms, found 3 plugins.
Preloading 0 native plugins for Editor in 0.00 ms.
Initialize engine version: 6000.3.20f1 (c9ba695d4f07)
[Subsystems] Discovering subsystems at path C:/Program Files/Unity/Hub/Editor/6000.3.20f1/Editor/Data/Resources/UnitySubsystems
[Subsystems] Discovering subsystems at path D:/Projects/2026/Julia-Set-Unity-Android-App/Mandelbrot/Assets
GfxDevice: creating device client; kGfxThreadingModeNonThreaded
Direct3D:
    Version:  Direct3D 11.0 [level 11.1]
    Renderer: NVIDIA GeForce RTX 3070 Laptop GPU (ID=0x249d)
    Vendor:   NVIDIA
    VRAM:     8033 MB
    Driver:   31.0.15.3713
Initialize mono
Mono path[0] = 'C:/Program Files/Unity/Hub/Editor/6000.3.20f1/Editor/Data/Managed'
Mono path[1] = 'C:/Program Files/Unity/Hub/Editor/6000.3.20f1/Editor/Data/MonoBleedingEdge/lib/mono/unityjit-win32'
Mono config path = 'C:/Program Files/Unity/Hub/Editor/6000.3.20f1/Editor/Data/MonoBleedingEdge/etc'
Using monoOptions --debugger-agent=transport=dt_socket,embedding=1,server=y,suspend=n,address=127.0.0.1:56096
Begin MonoManager ReloadAssembly
Registering precompiled unity dll's ...
Register platform support module: C:/Program Files/Unity/Hub/Editor/6000.3.20f1/Editor/Data/PlaybackEngines/WindowsStandaloneSupport/UnityEditor.WindowsStandalone.Extensions.dll
[Licensing::Client] Successfully resolved entitlement details
[Licensing::Module] License group:
  Id: 3574443044870-hololabsstudioinc-UnitXXXX
  Product: Unity Pro
  Type: Assigned
  Expiration: 2122-09-02T00:00:00Z
Register platform support module: C:/Program Files/Unity/Hub/Editor/6000.3.20f1/Editor/Data/PlaybackEngines/AndroidPlayer/UnityEditor.Android.Extensions.dll
Registered in 0.012506 seconds.
- Loaded All Assemblies, in  0.881 seconds
Native extension for Android target not found
Native extension for WindowsStandalone target not found
Package Manager log level set to [2]
[Package Manager] Failed to launch server process. Reason: Unity was launched with the -noUpm command-line argument
[Package Manager] Unable to send message (not connected to server process).
[Package Manager] Cannot connect to Unity Package Manager local server
ScheduleIndexationOnStartup MainProcess:False IndexOnStartup:True
Mono: successfully reloaded assembly
- Finished resetting the current domain, in  0.694 seconds
Domain Reload Profiling: 1564ms
	BeginReloadAssembly (304ms)
		ExecutionOrderSort (0ms)
		DisableScriptedObjects (0ms)
		BackupInstance (0ms)
		ReleaseScriptingObjects (0ms)
		CreateAndSetChildDomain (2ms)
	RebuildCommonClasses (65ms)
	RebuildNativeTypeToScriptingClass (27ms)
	initialDomainReloadingComplete (113ms)
	LoadAllAssembliesAndSetupDomain (361ms)
		LoadAssemblies (292ms)
		RebuildTransferFunctionScriptingTraits (0ms)
		AnalyzeDomain (355ms)
			TypeCache.Refresh (351ms)
				TypeCache.ScanAssembly (327ms)
			BuildScriptInfoCaches (0ms)
			ResolveRequiredComponents (1ms)
	FinalizeReload (694ms)
		ReleaseScriptCaches (0ms)
		RebuildScriptCaches (0ms)
		SetupLoadedEditorAssemblies (625ms)
			LogAssemblyErrors (0ms)
			InitializePlatformSupportModulesInManaged (102ms)
			SetLoadedEditorAssemblies (4ms)
			BeforeProcessingInitializeOnLoad (127ms)
			ProcessInitializeOnLoadAttributes (236ms)
			ProcessInitializeOnLoadMethodAttributes (155ms)
			AfterProcessingInitializeOnLoad (0ms)
			EditorAssembliesLoaded (0ms)
		ExecutionOrderSort2 (0ms)
		AwakeInstancesAfterBackupRestoration (0ms)
[Licensing::Client] Successfully resolved entitlement details
========================================================================
Worker process is ready to serve import requests
Import Worker Mode flag is 0x00
Begin MonoManager ReloadAssembly
- Loaded All Assemblies, in  1.038 seconds
Refreshing native plugins compatible for Editor in 2.78 ms, found 3 plugins.
Native extension for Android target not found
Native extension for WindowsStandalone target not found
[Package Manager] Failed to launch server process. Reason: Unity was launched with the -noUpm command-line argument
[Package Manager] Unable to send message (not connected to server process).
[Package Manager] Cannot connect to Unity Package Manager local server
Refreshing native plugins compatible for Editor in 2.76 ms, found 3 plugins.
[Package Manager] Failed to launch server process. Reason: Unity was launched with the -noUpm command-line argument
[Package Manager] Unable to send message (not connected to server process).
[Package Manager] Cannot connect to Unity Package Manager local server
ScheduleIndexationOnStartup MainProcess:False IndexOnStartup:True
Mono: successfully reloaded assembly
- Finished resetting the current domain, in  0.904 seconds
Domain Reload Profiling: 1931ms
	BeginReloadAssembly (335ms)
		ExecutionOrderSort (0ms)
		DisableScriptedObjects (9ms)
		BackupInstance (0ms)
		ReleaseScriptingObjects (0ms)
		CreateAndSetChildDomain (43ms)
	RebuildCommonClasses (62ms)
	RebuildNativeTypeToScriptingClass (21ms)
	initialDomainReloadingComplete (73ms)
	LoadAllAssembliesAndSetupDomain (535ms)
		LoadAssemblies (532ms)
		RebuildTransferFunctionScriptingTraits (0ms)
		AnalyzeDomain (213ms)
			TypeCache.Refresh (172ms)
				TypeCache.ScanAssembly (151ms)
			BuildScriptInfoCaches (32ms)
			ResolveRequiredComponents (4ms)
	FinalizeReload (904ms)
		ReleaseScriptCaches (0ms)
		RebuildScriptCaches (0ms)
		SetupLoadedEditorAssemblies (702ms)
			LogAssemblyErrors (0ms)
			InitializePlatformSupportModulesInManaged (16ms)
			SetLoadedEditorAssemblies (5ms)
			BeforeProcessingInitializeOnLoad (193ms)
			ProcessInitializeOnLoadAttributes (405ms)
			ProcessInitializeOnLoadMethodAttributes (59ms)
			AfterProcessingInitializeOnLoad (23ms)
			EditorAssembliesLoaded (0ms)
		ExecutionOrderSort2 (0ms)
		AwakeInstancesAfterBackupRestoration (15ms)
Launched and connected shader compiler UnityShaderCompiler.exe after 0.03 seconds
Refreshing native plugins compatible for Editor in 5.07 ms, found 3 plugins.
Preloading 0 native plugins for Editor in 0.00 ms.
Unloading 0 Unused Serialized files (Serialized files now loaded: 0)
Curl error 3: URL rejected: Malformed input to a URL function
Unloading 2045 unused Assets / (0.7 MB). Loaded Objects now: 2626.
Memory consumption went from 82.8 MB to 82.1 MB.
Total: 10.340100 ms (FindLiveObjects: 0.379300 ms CreateObjectMapping: 0.246800 ms MarkObjects: 8.416300 ms  DeleteObjects: 1.296100 ms)

========================================================================
Received Import Request.
  Time since last request: 335691.442398 seconds.
  path: Packages/com.unity.collab-proxy/Editor/AssetOverlays/AssetOverlay.cs
  artifactKey: Guid(408f89d90a01494cbef838c7d21449a9) Importer(2089858483,b0f066a214c2f5e87bad3c948f4d605d)
Start importing Packages/com.unity.collab-proxy/Editor/AssetOverlays/AssetOverlay.cs using Guid(408f89d90a01494cbef838c7d21449a9) Importer(2089858483,b0f066a214c2f5e87bad3c948f4d605d) (ScriptedImporter) -> (artifact id: '21d5303fc28445dacd6ba507bb1ef238') in 0.1559314 seconds
Number of updated asset objects reloaded before import = 0Number of asset objects unloaded after import = 0

========================================================================
Received Import Request.
  Time since last request: 0.000029 seconds.
  path: Packages/com.unity.collab-proxy/Editor/SwitchModeConfirmationDialog.cs
  artifactKey: Guid(cf7c1a153f50c6548bfff5dfd2ef5dff) Importer(2089858483,b0f066a214c2f5e87bad3c948f4d605d)
Start importing Packages/com.unity.collab-proxy/Editor/SwitchModeConfirmationDialog.cs using Guid(cf7c1a153f50c6548bfff5dfd2ef5dff) Importer(2089858483,b0f066a214c2f5e87bad3c948f4d605d) (ScriptedImporter) -> (artifact id: '1af15e3c94241caa06196186d870802c') in 0.0134331 seconds
Number of updated asset objects reloaded before import = 0Number of asset objects unloaded after import = 0

========================================================================
Received Import Request.
  Time since last request: 0.000166 seconds.
  path: Packages/com.unity.collab-proxy/Editor/AssetsUtils/LoadAsset.cs
  artifactKey: Guid(91f74d588534bef42ac4b919a2ece84a) Importer(2089858483,b0f066a214c2f5e87bad3c948f4d605d)
Start importing Packages/com.unity.collab-proxy/Editor/AssetsUtils/LoadAsset.cs using Guid(91f74d588534bef42ac4b919a2ece84a) Importer(2089858483,b0f066a214c2f5e87bad3c948f4d605d) (ScriptedImporter) -> (artifact id: '77487301847885b1e96a149066a7edd6') in 0.0161565 seconds
Number of updated asset objects reloaded before import = 0Number of asset objects unloaded after import = 0

========================================================================
Received Import Request.
  Time since last request: 0.000158 seconds.
  path: Packages/com.unity.collab-proxy/Editor/BuildGetEventExtraInfoFunction.cs
  artifactKey: Guid(e8b13064517f28443ac41883eb559c8f) Importer(2089858483,b0f066a214c2f5e87bad3c948f4d605d)
Start importing Packages/com.unity.collab-proxy/Editor/BuildGetEventExtraInfoFunction.cs using Guid(e8b13064517f28443ac41883eb559c8f) Importer(2089858483,b0f066a214c2f5e87bad3c948f4d605d) (ScriptedImporter) -> (artifact id: 'f5d597309fc5263145c78d8657ac294d') in 0.0151595 seconds
Number of updated asset objects reloaded before import = 0Number of asset objects unloaded after import = 0

========================================================================
Received Import Request.
  Time since last request: 0.000206 seconds.
  path: Assets/Instruction.cs
  artifactKey: Guid(29848d18752727b40a0601a6a7b67052) Importer(2089858483,b0f066a214c2f5e87bad3c948f4d605d)
Start importing Assets/Instruction.cs using Guid(29848d18752727b40a0601a6a7b67052) Importer(2089858483,b0f066a214c2f5e87bad3c948f4d605d) (ScriptedImporter) -> (artifact id: 'f9a9028bccc74a25a0bea14497c8ed68') in 0.01633 seconds
Number of updated asset objects reloaded before import = 0Number of asset objects unloaded after import = 0

========================================================================
Received Import Request.
  Time since last request: 0.000231 seconds.
  path: Assets/Scenes/SampleScene.unity
  artifactKey: Guid(9fc0d4010bbf28b4594072e72b8655ab) Importer(2089858483,b0f066a214c2f5e87bad3c948f4d605d)
Start importing Assets/Scenes/SampleScene.unity using Guid(9fc0d4010bbf28b4594072e72b8655ab) Importer(2089858483,b0f066a214c2f5e87bad3c948f4d605d) (ScriptedImporter) -> (artifact id: '0c7711dd4679a11041f98958a3f829c1') in 0.02237 seconds
Number of updated asset objects reloaded before import = 0Number of asset objects unloaded after import = 1

========================================================================
Received Import Request.
  Time since last request: 0.000086 seconds.
  path: Packages/com.unity.collab-proxy/Editor/DrawGuiModeSwitcher.cs
  artifactKey: Guid(14c7ad7d838cc1d4691f5d9ca504f0ac) Importer(2089858483,b0f066a214c2f5e87bad3c948f4d605d)
Start importing Packages/com.unity.collab-proxy/Editor/DrawGuiModeSwitcher.cs using Guid(14c7ad7d838cc1d4691f5d9ca504f0ac) Importer(2089858483,b0f066a214c2f5e87bad3c948f4d605d) (ScriptedImporter) -> (artifact id: '7d3d5605e515612249ed5209b8225969') in 0.0177801 seconds
Number of updated asset objects reloaded before import = 0Number of asset objects unloaded after import = 0

========================================================================
Received Import Request.
  Time since last request: 0.000126 seconds.
  path: Packages/com.unity.collab-proxy/README.md
  artifactKey: Guid(c10740cd62ccaf54c8880da0a3f4d10f) Importer(2089858483,b0f066a214c2f5e87bad3c948f4d605d)
Start importing Packages/com.unity.collab-proxy/README.md using Guid(c10740cd62ccaf54c8880da0a3f4d10f) Importer(2089858483,b0f066a214c2f5e87bad3c948f4d605d) (ScriptedImporter) -> (artifact id: '53351611916b64803d1df64901615627') in 0.0129335 seconds
Number of updated asset objects reloaded before import = 0Number of asset objects unloaded after import = 1

========================================================================
Received Import Request.
  Time since last request: 0.000221 seconds.
  path: Packages/com.unity.collab-proxy/Editor/AssetMenu/AssetUVCSOperations.cs
  artifactKey: Guid(2c8b452bcd72d8248a3297ff656f0a7a) Importer(2089858483,b0f066a214c2f5e87bad3c948f4d605d)
Start importing Packages/com.unity.collab-proxy/Editor/AssetMenu/AssetUVCSOperations.cs using Guid(2c8b452bcd72d8248a3297ff656f0a7a) Importer(2089858483,b0f066a214c2f5e87bad3c948f4d605d) (ScriptedImporter) -> (artifact id: '3f040983d94de15065fd418db8cc1c2e') in 0.0164734 seconds
Number of updated asset objects reloaded before import = 0Number of asset objects unloaded after import = 0

========================================================================
Received Import Request.
  Time since last request: 0.000237 seconds.
  path: Packages/com.unity.collab-proxy/Third Party Notices.md
  artifactKey: Guid(9bff32140d1498a4a9f6f18b09e8959c) Importer(2089858483,b0f066a214c2f5e87bad3c948f4d605d)
Start importing Packages/com.unity.collab-proxy/Third Party Notices.md using Guid(9bff32140d1498a4a9f6f18b09e8959c) Importer(2089858483,b0f066a214c2f5e87bad3c948f4d605d) (ScriptedImporter) -> (artifact id: '709340f74ade920aaef7661781bf0bf9') in 0.0157874 seconds
Number of updated asset objects reloaded before import = 0Number of asset objects unloaded after import = 1

========================================================================
Received Import Request.
  Time since last request: 0.000136 seconds.
  path: Packages/com.unity.collab-proxy/Editor/VisualElementExtensions.cs
  artifactKey: Guid(e9e00039daba468c8a0dbcffa3506c1d) Importer(2089858483,b0f066a214c2f5e87bad3c948f4d605d)
Start importing Packages/com.unity.collab-proxy/Editor/VisualElementExtensions.cs using Guid(e9e00039daba468c8a0dbcffa3506c1d) Importer(2089858483,b0f066a214c2f5e87bad3c948f4d605d) (ScriptedImporter) -> (artifact id: 'c0254a088578c3b24a2b9dd41f006dfb') in 0.016591 seconds
Number of updated asset objects reloaded before import = 0Number of asset objects unloaded after import = 0

========================================================================
Received Import Request.
  Time since last request: 0.000150 seconds.
  path: Packages/com.unity.collab-proxy/Editor/AssetsUtils/ProjectPath.cs
  artifactKey: Guid(6cad902920d2d0e448b4a307b199d8fd) Importer(2089858483,b0f066a214c2f5e87bad3c948f4d605d)
Start importing Packages/com.unity.collab-proxy/Editor/AssetsUtils/ProjectPath.cs using Guid(6cad902920d2d0e448b4a307b199d8fd) Importer(2089858483,b0f066a214c2f5e87bad3c948f4d605d) (ScriptedImporter) -> (artifact id: '1185cdf0e02876771bf06c81e5e1fe36') in 0.01406 seconds
Number of updated asset objects reloaded before import = 0Number of asset objects unloaded after import = 0

========================================================================
Received Import Request.
  Time since last request: 0.000181 seconds.
  path: Packages/com.unity.collab-proxy/Editor/VCSBuiltInPlugin.cs
  artifactKey: Guid(7aad121cec1867b4493b3b31bc5c8a26) Importer(2089858483,b0f066a214c2f5e87bad3c948f4d605d)
Start importing Packages/com.unity.collab-proxy/Editor/VCSBuiltInPlugin.cs using Guid(7aad121cec1867b4493b3b31bc5c8a26) Importer(2089858483,b0f066a214c2f5e87bad3c948f4d605d) (ScriptedImporter) -> (artifact id: 'cb53f001d619acc227660e8ca84adef0') in 0.0167534 seconds
Number of updated asset objects reloaded before import = 0Number of asset objects unloaded after import = 0

========================================================================
Received Import Request.
  Time since last request: 0.000137 seconds.
  path: Packages/com.unity.collab-proxy/Editor/ViewSwitcher.cs
  artifactKey: Guid(896223e567b01c747b4726ef429e31ea) Importer(2089858483,b0f066a214c2f5e87bad3c948f4d605d)
Start importing Packages/com.unity.collab-proxy/Editor/ViewSwitcher.cs using Guid(896223e567b01c747b4726ef429e31ea) Importer(2089858483,b0f066a214c2f5e87bad3c948f4d605d) (ScriptedImporter) -> (artifact id: 'e40a3f8b83dbaeeef3c25ccf93ee717c') in 0.0132517 seconds
Number of updated asset objects reloaded before import = 0Number of asset objects unloaded after import = 0

========================================================================
Received Import Request.
  Time since last request: 0.000169 seconds.
  path: Packages/com.unity.collab-proxy/Editor/RecommendToEnableManualCheckout.cs
  artifactKey: Guid(193169bf9ce845319ec19a5beb1f3afb) Importer(2089858483,b0f066a214c2f5e87bad3c948f4d605d)
Start importing Packages/com.unity.collab-proxy/Editor/RecommendToEnableManualCheckout.cs using Guid(193169bf9ce845319ec19a5beb1f3afb) Importer(2089858483,b0f066a214c2f5e87bad3c948f4d605d) (ScriptedImporter) -> (artifact id: 'c954ff183c784bd1115f914fa406b26d') in 0.0165053 seconds
Number of updated asset objects reloaded before import = 0Number of asset objects unloaded after import = 0

========================================================================
Received Import Request.
  Time since last request: 0.000219 seconds.
  path: Packages/com.unity.collab-proxy/Editor/CodeEditor/TextEditorOptions.cs
  artifactKey: Guid(86522126cf0ce4a37aeac702343411cc) Importer(2089858483,b0f066a214c2f5e87bad3c948f4d605d)
Start importing Packages/com.unity.collab-proxy/Editor/CodeEditor/TextEditorOptions.cs using Guid(86522126cf0ce4a37aeac702343411cc) Importer(2089858483,b0f066a214c2f5e87bad3c948f4d605d) (ScriptedImporter) -> (artifact id: 'e5421cc5381e4c8bd7b482d7ce4e59c2') in 0.0145343 seconds
Number of updated asset objects reloaded before import = 0Number of asset objects unloaded after import = 0

========================================================================
Received Import Request.
  Time since last request: 0.000172 seconds.
  path: Packages/com.unity.collab-proxy/Editor/SideBarTreeView.cs
  artifactKey: Guid(addeb37e40c540f7be592c1e8198b190) Importer(2089858483,b0f066a214c2f5e87bad3c948f4d605d)
Start importing Packages/com.unity.collab-proxy/Editor/SideBarTreeView.cs using Guid(addeb37e40c540f7be592c1e8198b190) Importer(2089858483,b0f066a214c2f5e87bad3c948f4d605d) (ScriptedImporter) -> (artifact id: '81085cb317b6bd8e0434c99427705af3') in 0.0136549 seconds
Number of updated asset objects reloaded before import = 0Number of asset objects unloaded after import = 0

========================================================================
Received Import Request.
  Time since last request: 0.000121 seconds.
  path: Packages/com.unity.collab-proxy/Editor/PackageEntryPoint.cs
  artifactKey: Guid(4d56de0c1ce671a4bb95fe9b9abe4fa5) Importer(2089858483,b0f066a214c2f5e87bad3c948f4d605d)
Start importing Packages/com.unity.collab-proxy/Editor/PackageEntryPoint.cs using Guid(4d56de0c1ce671a4bb95fe9b9abe4fa5) Importer(2089858483,b0f066a214c2f5e87bad3c948f4d605d) (ScriptedImporter) -> (artifact id: '749f719402c6c854998c76fc8eb3c44a') in 0.0172192 seconds
Number of updated asset objects reloaded before import = 0Number of asset objects unloaded after import = 0

========================================================================
Received Import Request.
  Time since last request: 0.000172 seconds.
  path: Packages/com.unity.collab-proxy/Editor/Unity.PlasticSCM.Editor.asmdef
  artifactKey: Guid(4b84427fd7ace4b4cb623ef8a46124ed) Importer(2089858483,b0f066a214c2f5e87bad3c948f4d605d)
Start importing Packages/com.unity.collab-proxy/Editor/Unity.PlasticSCM.Editor.asmdef using Guid(4b84427fd7ace4b4cb623ef8a46124ed) Importer(2089858483,b0f066a214c2f5e87bad3c948f4d605d) (ScriptedImporter) -> (artifact id: '822a801b9e2e1117846a7978db014568') in 0.0179918 seconds
Number of updated asset objects reloaded before import = 0Number of asset objects unloaded after import = 1

========================================================================
Received Import Request.
  Time since last request: 0.000186 seconds.
  path: Packages/com.unity.collab-proxy/Editor/ExternalLink.cs
  artifactKey: Guid(8e956137d866cfc4797b1830930ed57e) Importer(2089858483,b0f066a214c2f5e87bad3c948f4d605d)
Start importing Packages/com.unity.collab-proxy/Editor/ExternalLink.cs using Guid(8e956137d866cfc4797b1830930ed57e) Importer(2089858483,b0f066a214c2f5e87bad3c948f4d605d) (ScriptedImporter) -> (artifact id: 'f71d74ccaef938957b33accd591a5e07') in 0.0162506 seconds
Number of updated asset objects reloaded before import = 0Number of asset objects unloaded after import = 0

========================================================================
Received Import Request.
  Time since last request: 0.000224 seconds.
  path: Packages/com.unity.collab-proxy/Editor/AssetMenu/AssetMenuOperations.cs
  artifactKey: Guid(c456fa791a741a045a8a99ee73af2ae6) Importer(2089858483,b0f066a214c2f5e87bad3c948f4d605d)
Start importing Packages/com.unity.collab-proxy/Editor/AssetMenu/AssetMenuOperations.cs using Guid(c456fa791a741a045a8a99ee73af2ae6) Importer(2089858483,b0f066a214c2f5e87bad3c948f4d605d) (ScriptedImporter) -> (artifact id: 'd7841af9e45693cd799c63c411c36009') in 0.0135999 seconds
Number of updated asset objects reloaded before import = 0Number of asset objects unloaded after import = 0

========================================================================
Received Import Request.
  Time since last request: 0.000366 seconds.
  path: Packages/com.unity.collab-proxy/Editor/AssetsUtils/RefreshAsset.cs
  artifactKey: Guid(7495e44f1cb132745a310485807e68f6) Importer(2089858483,b0f066a214c2f5e87bad3c948f4d605d)
Start importing Packages/com.unity.collab-proxy/Editor/AssetsUtils/RefreshAsset.cs using Guid(7495e44f1cb132745a310485807e68f6) Importer(2089858483,b0f066a214c2f5e87bad3c948f4d605d) (ScriptedImporter) -> (artifact id: '42446ee17de74eab56444a5d612d1717') in 0.0156856 seconds
Number of updated asset objects reloaded before import = 0Number of asset objects unloaded after import = 0

========================================================================
Received Import Request.
  Time since last request: 0.000208 seconds.
  path: Packages/com.unity.collab-proxy/Editor/CloudDrive/RefreshAsset.cs
  artifactKey: Guid(14df2a8f74d04d89a24fbbad8cf2037b) Importer(2089858483,b0f066a214c2f5e87bad3c948f4d605d)
Start importing Packages/com.unity.collab-proxy/Editor/CloudDrive/RefreshAsset.cs using Guid(14df2a8f74d04d89a24fbbad8cf2037b) Importer(2089858483,b0f066a214c2f5e87bad3c948f4d605d) (ScriptedImporter) -> (artifact id: '7594f655b7290ddc7750370375723376') in 0.0268623 seconds
Number of updated asset objects reloaded before import = 0Number of asset objects unloaded after import = 0

========================================================================
Received Import Request.
  Time since last request: 0.000199 seconds.
  path: Packages/com.unity.collab-proxy/Editor/AssetMenu/AssetsSelection.cs
  artifactKey: Guid(1686ac2e1d109ed43bf2dec74fed784f) Importer(2089858483,b0f066a214c2f5e87bad3c948f4d605d)
Start importing Packages/com.unity.collab-proxy/Editor/AssetMenu/AssetsSelection.cs using Guid(1686ac2e1d109ed43bf2dec74fed784f) Importer(2089858483,b0f066a214c2f5e87bad3c948f4d605d) (ScriptedImporter) -> (artifact id: 'db1d80ff5b57003cae0de08dd53234f1') in 0.0208192 seconds
Number of updated asset objects reloaded before import = 0Number of asset objects unloaded after import = 0

========================================================================
Received Import Request.
  Time since last request: 0.000359 seconds.
  path: Packages/com.unity.collab-proxy/Editor/AssetsUtils/RepaintEditor.cs
  artifactKey: Guid(9203e3f44c0ecfd42953709384a56c4d) Importer(2089858483,b0f066a214c2f5e87bad3c948f4d605d)
Start importing Packages/com.unity.collab-proxy/Editor/AssetsUtils/RepaintEditor.cs using Guid(9203e3f44c0ecfd42953709384a56c4d) Importer(2089858483,b0f066a214c2f5e87bad3c948f4d605d) (ScriptedImporter) -> (artifact id: '2586a0999c9387684d598117310f115a') in 0.0225626 seconds
Number of updated asset objects reloaded before import = 0Number of asset objects unloaded after import = 0

========================================================================
Received Import Request.
  Time since last request: 0.000122 seconds.
  path: Packages/com.unity.collab-proxy/Editor/Developer/IncomingChangesNotification.cs
  artifactKey: Guid(cc9b578c680471e41965738c85cbabbf) Importer(2089858483,b0f066a214c2f5e87bad3c948f4d605d)
Start importing Packages/com.unity.collab-proxy/Editor/Developer/IncomingChangesNotification.cs using Guid(cc9b578c680471e41965738c85cbabbf) Importer(2089858483,b0f066a214c2f5e87bad3c948f4d605d) (ScriptedImporter) -> (artifact id: '423c4ba9b822c007933b1d9fd519af46') in 0.0176293 seconds
Number of updated asset objects reloaded before import = 0Number of asset objects unloaded after import = 0

========================================================================
Received Import Request.
  Time since last request: 0.000206 seconds.
  path: Packages/com.unity.collab-proxy/Editor/Configuration/EncryptionConfigurationDialog.cs
  artifactKey: Guid(68d5bb402c52edc48b494a59b8971758) Importer(2089858483,b0f066a214c2f5e87bad3c948f4d605d)
Start importing Packages/com.unity.collab-proxy/Editor/Configuration/EncryptionConfigurationDialog.cs using Guid(68d5bb402c52edc48b494a59b8971758) Importer(2089858483,b0f066a214c2f5e87bad3c948f4d605d) (ScriptedImporter) -> (artifact id: 'f9a311ec84bc18b32b1c0ab39d24279c') in 0.016837 seconds
Number of updated asset objects reloaded before import = 0Number of asset objects unloaded after import = 0

========================================================================
Received Import Request.
  Time since last request: 0.000209 seconds.
  path: Packages/com.unity.collab-proxy/Editor/Settings/DiffAndMergeOptionsFoldout.cs
  artifactKey: Guid(1c9b352f456640c9925a381f736ecb5d) Importer(2089858483,b0f066a214c2f5e87bad3c948f4d605d)
Start importing Packages/com.unity.collab-proxy/Editor/Settings/DiffAndMergeOptionsFoldout.cs using Guid(1c9b352f456640c9925a381f736ecb5d) Importer(2089858483,b0f066a214c2f5e87bad3c948f4d605d) (ScriptedImporter) -> (artifact id: 'ed32224fc8ce2b1717bbcce4a3a33d64') in 0.016147 seconds
Number of updated asset objects reloaded before import = 0Number of asset objects unloaded after import = 0

========================================================================
Received Import Request.
  Time since last request: 0.000153 seconds.
  path: Packages/com.unity.collab-proxy/Editor/Headless/HeadlessMergeViewLauncher.cs
  artifactKey: Guid(1b0473213bc885840bb309ebce32b6fb) Importer(2089858483,b0f066a214c2f5e87bad3c948f4d605d)
Start importing Packages/com.unity.collab-proxy/Editor/Headless/HeadlessMergeViewLauncher.cs using Guid(1b0473213bc885840bb309ebce32b6fb) Importer(2089858483,b0f066a214c2f5e87bad3c948f4d605d) (ScriptedImporter) -> (artifact id: '7411be4fcb2ba6c8cdd948c824d08f2c') in 0.0144906 seconds
Number of updated asset objects reloaded before import = 0Number of asset objects unloaded after import = 0

========================================================================
Received Import Request.
  Time since last request: 0.000141 seconds.
  path: Packages/com.unity.collab-proxy/Editor/Headless/HeadlessViewSwitcher.cs
  artifactKey: Guid(e5854d1a1c573e040afdbb54103decf3) Importer(2089858483,b0f066a214c2f5e87bad3c948f4d605d)
Start importing Packages/com.unity.collab-proxy/Editor/Headless/HeadlessViewSwitcher.cs using Guid(e5854d1a1c573e040afdbb54103decf3) Importer(2089858483,b0f066a214c2f5e87bad3c948f4d605d) (ScriptedImporter) -> (artifact id: '71672665c42aa302b4030305bce30d71') in 0.0153232 seconds
Number of updated asset objects reloaded before import = 0Number of asset objects unloaded after import = 0

========================================================================
Received Import Request.
  Time since last request: 0.000148 seconds.
  path: Packages/com.unity.collab-proxy/Editor/Developer/GenericProgress.cs
  artifactKey: Guid(dc0cbec450c3bd54eb12276dcfdc27d3) Importer(2089858483,b0f066a214c2f5e87bad3c948f4d605d)
Start importing Packages/com.unity.collab-proxy/Editor/Developer/GenericProgress.cs using Guid(dc0cbec450c3bd54eb12276dcfdc27d3) Importer(2089858483,b0f066a214c2f5e87bad3c948f4d605d) (ScriptedImporter) -> (artifact id: 'f953c4e62bbbe77a9ab3739c5aab459e') in 0.0164159 seconds
Number of updated asset objects reloaded before import = 0Number of asset objects unloaded after import = 0

========================================================================
Received Import Request.
  Time since last request: 0.000224 seconds.
  path: Packages/com.unity.collab-proxy/Editor/Topbar/Topbar.cs
  artifactKey: Guid(70d26390057f4174a01f658c74482272) Importer(2089858483,b0f066a214c2f5e87bad3c948f4d605d)
Start importing Packages/com.unity.collab-proxy/Editor/Topbar/Topbar.cs using Guid(70d26390057f4174a01f658c74482272) Importer(2089858483,b0f066a214c2f5e87bad3c948f4d605d) (ScriptedImporter) -> (artifact id: '74447f2a29b901e74cd84e9df6bdb837') in 0.0152081 seconds
Number of updated asset objects reloaded before import = 0Number of asset objects unloaded after import = 0

========================================================================
Received Import Request.
  Time since last request: 0.000079 seconds.
  path: Packages/com.unity.collab-proxy/Editor/Tool/ToolConstants.cs
  artifactKey: Guid(de6e8913aefd69d4ca90a7216d225d3a) Importer(2089858483,b0f066a214c2f5e87bad3c948f4d605d)
Start importing Packages/com.unity.collab-proxy/Editor/Tool/ToolConstants.cs using Guid(de6e8913aefd69d4ca90a7216d225d3a) Importer(2089858483,b0f066a214c2f5e87bad3c948f4d605d) (ScriptedImporter) -> (artifact id: '16991ed7b1ee6d54f29d0a8b4b259ac6') in 0.0139305 seconds
Number of updated asset objects reloaded before import = 0Number of asset objects unloaded after import = 0

========================================================================
Received Import Request.
  Time since last request: 0.000189 seconds.
  path: Packages/com.unity.collab-proxy/Editor/Headless/HeadlessHistoryViewLauncher.cs
  artifactKey: Guid(27cd9a46f12b440d8a4e4a0524330db8) Importer(2089858483,b0f066a214c2f5e87bad3c948f4d605d)
Start importing Packages/com.unity.collab-proxy/Editor/Headless/HeadlessHistoryViewLauncher.cs using Guid(27cd9a46f12b440d8a4e4a0524330db8) Importer(2089858483,b0f066a214c2f5e87bad3c948f4d605d) (ScriptedImporter) -> (artifact id: 'd53af7280a9beb2daab5b0c29fd53850') in 0.0167374 seconds
Number of updated asset objects reloaded before import = 0Number of asset objects unloaded after import = 0

========================================================================
Received Import Request.
  Time since last request: 0.000173 seconds.
  path: Packages/com.unity.collab-proxy/Editor/Diff/AssetType.cs
  artifactKey: Guid(e6c29999aff44b79938d04786d7b9373) Importer(2089858483,b0f066a214c2f5e87bad3c948f4d605d)
Start importing Packages/com.unity.collab-proxy/Editor/Diff/AssetType.cs using Guid(e6c29999aff44b79938d04786d7b9373) Importer(2089858483,b0f066a214c2f5e87bad3c948f4d605d) (ScriptedImporter) -> (artifact id: 'a71e115f9e2dc89d5452ae9f01b65f23') in 0.0156971 seconds
Number of updated asset objects reloaded before import = 0Number of asset objects unloaded after import = 0

========================================================================
Received Import Request.
  Time since last request: 0.000189 seconds.
  path: Packages/com.unity.collab-proxy/Editor/SceneView/DrawSceneOperations.cs
  artifactKey: Guid(204b6e52ab6164e478f852a359e0c0c0) Importer(2089858483,b0f066a214c2f5e87bad3c948f4d605d)
Start importing Packages/com.unity.collab-proxy/Editor/SceneView/DrawSceneOperations.cs using Guid(204b6e52ab6164e478f852a359e0c0c0) Importer(2089858483,b0f066a214c2f5e87bad3c948f4d605d) (ScriptedImporter) -> (artifact id: '778a55a804390ceadb439a7ec06d771f') in 0.0149978 seconds
Number of updated asset objects reloaded before import = 0Number of asset objects unloaded after import = 0

========================================================================
Received Import Request.
  Time since last request: 0.000170 seconds.
  path: Packages/com.unity.collab-proxy/Editor/UI/DelayedActionBySecondsRunner.cs
  artifactKey: Guid(75e502da07ff345528edbecd094b5cb5) Importer(2089858483,b0f066a214c2f5e87bad3c948f4d605d)
Start importing Packages/com.unity.collab-proxy/Editor/UI/DelayedActionBySecondsRunner.cs using Guid(75e502da07ff345528edbecd094b5cb5) Importer(2089858483,b0f066a214c2f5e87bad3c948f4d605d) (ScriptedImporter) -> (artifact id: 'a18cca495ff329a2214003d506d3a87b') in 0.011839 seconds
Number of updated asset objects reloaded before import = 0Number of asset objects unloaded after import = 0

========================================================================
Received Import Request.
  Time since last request: 0.000220 seconds.
  path: Packages/com.unity.collab-proxy/Editor/Gluon/ShelvedChangesNotification.cs
  artifactKey: Guid(ea76fa5a629244fa9ae3a8d3224aef02) Importer(2089858483,b0f066a214c2f5e87bad3c948f4d605d)
Start importing Packages/com.unity.collab-proxy/Editor/Gluon/ShelvedChangesNotification.cs using Guid(ea76fa5a629244fa9ae3a8d3224aef02) Importer(2089858483,b0f066a214c2f5e87bad3c948f4d605d) (ScriptedImporter) -> (artifact id: '88bc7011eb6c38f77911bcee15f866e1') in 0.0149199 seconds
Number of updated asset objects reloaded before import = 0Number of asset objects unloaded after import = 0

========================================================================
Received Import Request.
  Time since last request: 0.000190 seconds.
  path: Packages/com.unity.collab-proxy/Editor/Entities/HierarchyExtensions.cs
  artifactKey: Guid(fe6ad6eb139a49f4a02d9794e934bd9c) Importer(2089858483,b0f066a214c2f5e87bad3c948f4d605d)
Start importing Packages/com.unity.collab-proxy/Editor/Entities/HierarchyExtensions.cs using Guid(fe6ad6eb139a49f4a02d9794e934bd9c) Importer(2089858483,b0f066a214c2f5e87bad3c948f4d605d) (ScriptedImporter) -> (artifact id: 'e35ea6018ce67370e8e150ceea01919d') in 0.0124935 seconds
Number of updated asset objects reloaded before import = 0Number of asset objects unloaded after import = 0

========================================================================
Received Import Request.
  Time since last request: 0.000173 seconds.
  path: Packages/com.unity.collab-proxy/Editor/Settings/OpenUVCSProjectSettings.cs
  artifactKey: Guid(9731678ff16392a4d822454ca1052818) Importer(2089858483,b0f066a214c2f5e87bad3c948f4d605d)
Start importing Packages/com.unity.collab-proxy/Editor/Settings/OpenUVCSProjectSettings.cs using Guid(9731678ff16392a4d822454ca1052818) Importer(2089858483,b0f066a214c2f5e87bad3c948f4d605d) (ScriptedImporter) -> (artifact id: '615857a74a99f5ab7da747bf1e1242d2') in 0.0161215 seconds
Number of updated asset objects reloaded before import = 0Number of asset objects unloaded after import = 0

========================================================================
Received Import Request.
  Time since last request: 0.000145 seconds.
  path: Packages/com.unity.collab-proxy/Editor/Tool/LaunchInstaller.cs
  artifactKey: Guid(7b405b01c6be83742bc000fb416b4dbf) Importer(2089858483,b0f066a214c2f5e87bad3c948f4d605d)
Start importing Packages/com.unity.collab-proxy/Editor/Tool/LaunchInstaller.cs using Guid(7b405b01c6be83742bc000fb416b4dbf) Importer(2089858483,b0f066a214c2f5e87bad3c948f4d605d) (ScriptedImporter) -> (artifact id: '69e019939b2b221abd87f53a2e070c89') in 0.0157876 seconds
Number of updated asset objects reloaded before import = 0Number of asset objects unloaded after import = 0

========================================================================
Received Import Request.
  Time since last request: 0.000155 seconds.
  path: Packages/com.unity.collab-proxy/Editor/Configuration/ToolConfig.cs
  artifactKey: Guid(ee776820547bd654980004e8471df8e3) Importer(2089858483,b0f066a214c2f5e87bad3c948f4d605d)
Start importing Packages/com.unity.collab-proxy/Editor/Configuration/ToolConfig.cs using Guid(ee776820547bd654980004e8471df8e3) Importer(2089858483,b0f066a214c2f5e87bad3c948f4d605d) (ScriptedImporter) -> (artifact id: '1e922bc965553bcf205d7567a2f4090d') in 0.0147554 seconds
Number of updated asset objects reloaded before import = 0Number of asset objects unloaded after import = 0

========================================================================
Received Import Request.
  Time since last request: 0.000215 seconds.
  path: Packages/com.unity.collab-proxy/Editor/Hub/ProcessHubCommand.cs
  artifactKey: Guid(94a5d27698bed3d42beabebcedbf1f23) Importer(2089858483,b0f066a214c2f5e87bad3c948f4d605d)
Start importing Packages/com.unity.collab-proxy/Editor/Hub/ProcessHubCommand.cs using Guid(94a5d27698bed3d42beabebcedbf1f23) Importer(2089858483,b0f066a214c2f5e87bad3c948f4d605d) (ScriptedImporter) -> (artifact id: '1d5a914d21514bc6ffbebc56b6d0438a') in 0.0169346 seconds
Number of updated asset objects reloaded before import = 0Number of asset objects unloaded after import = 0

========================================================================
Received Import Request.
  Time since last request: 0.000163 seconds.
  path: Packages/com.unity.collab-proxy/Editor/UI/DrawUserIcon.cs
  artifactKey: Guid(0f222cc01be81b842b1333c92fb7355c) Importer(2089858483,b0f066a214c2f5e87bad3c948f4d605d)
Start importing Packages/com.unity.collab-proxy/Editor/UI/DrawUserIcon.cs using Guid(0f222cc01be81b842b1333c92fb7355c) Importer(2089858483,b0f066a214c2f5e87bad3c948f4d605d) (ScriptedImporter) -> (artifact id: '6e68551eae8eaea227b38a2485cddaaf') in 0.0152741 seconds
Number of updated asset objects reloaded before import = 0Number of asset objects unloaded after import = 0

========================================================================
Received Import Request.
  Time since last request: 0.000164 seconds.
  path: Packages/com.unity.collab-proxy/Editor/Entities/Unity.PlasticSCM.Editor.Entities.asmdef
  artifactKey: Guid(c24d342672367b243aff1910ea83a56d) Importer(2089858483,b0f066a214c2f5e87bad3c948f4d605d)
Start importing Packages/com.unity.collab-proxy/Editor/Entities/Unity.PlasticSCM.Editor.Entities.asmdef using Guid(c24d342672367b243aff1910ea83a56d) Importer(2089858483,b0f066a214c2f5e87bad3c948f4d605d) (ScriptedImporter) -> (artifact id: '70c31a36e4a2232dc114d29a2258e7fc') in 0.0155759 seconds
Number of updated asset objects reloaded before import = 0Number of asset objects unloaded after import = 1

========================================================================
Received Import Request.
  Time since last request: 0.000073 seconds.
  path: Packages/com.unity.collab-proxy/Editor/Configuration/AutoConfig.cs
  artifactKey: Guid(7c21251ff4b7d844292a388e81e47e59) Importer(2089858483,b0f066a214c2f5e87bad3c948f4d605d)
Start importing Packages/com.unity.collab-proxy/Editor/Configuration/AutoConfig.cs using Guid(7c21251ff4b7d844292a388e81e47e59) Importer(2089858483,b0f066a214c2f5e87bad3c948f4d605d) (ScriptedImporter) -> (artifact id: 'e8817d647e6b30fb3445ce91090d2d12') in 0.0157469 seconds
Number of updated asset objects reloaded before import = 0Number of asset objects unloaded after import = 0

========================================================================
Received Import Request.
  Time since last request: 0.000224 seconds.
  path: Packages/com.unity.collab-proxy/CHANGELOG.md
  artifactKey: Guid(47777d81697d65f45befb6ccd55b2324) Importer(2089858483,b0f066a214c2f5e87bad3c948f4d605d)
Start importing Packages/com.unity.collab-proxy/CHANGELOG.md using Guid(47777d81697d65f45befb6ccd55b2324) Importer(2089858483,b0f066a214c2f5e87bad3c948f4d605d) (ScriptedImporter) -> (artifact id: 'b31d66bc00dfea04558fd0dc0b5463c4') in 0.01948 seconds
Number of updated asset objects reloaded before import = 0Number of asset objects unloaded after import = 1

========================================================================
Received Import Request.
  Time since last request: 0.000184 seconds.
  path: Assets/PauseSetting.cs
  artifactKey: Guid(2105eeca7fcd31f4f9540cdc57e23a5c) Importer(2089858483,b0f066a214c2f5e87bad3c948f4d605d)
Start importing Assets/PauseSetting.cs using Guid(2105eeca7fcd31f4f9540cdc57e23a5c) Importer(2089858483,b0f066a214c2f5e87bad3c948f4d605d) (ScriptedImporter) -> (artifact id: '32c77b07bdd85fab4f4f1a07f766dc95') in 0.014983 seconds
Number of updated asset objects reloaded before import = 0Number of asset objects unloaded after import = 0

========================================================================
Received Import Request.
  Time since last request: 0.000188 seconds.
  path: Packages/com.unity.collab-proxy/Editor/Inspector/DrawInspectorOperations.cs
  artifactKey: Guid(28ce2dedf734c7c4e8ad114c00173d65) Importer(2089858483,b0f066a214c2f5e87bad3c948f4d605d)
Start importing Packages/com.unity.collab-proxy/Editor/Inspector/DrawInspectorOperations.cs using Guid(28ce2dedf734c7c4e8ad114c00173d65) Importer(2089858483,b0f066a214c2f5e87bad3c948f4d605d) (ScriptedImporter) -> (artifact id: '04a66840c15433e4ebf40e772f14ba6b') in 0.0165513 seconds
Number of updated asset objects reloaded before import = 0Number of asset objects unloaded after import = 0

========================================================================
Received Import Request.
  Time since last request: 0.000213 seconds.
  path: Packages/com.unity.collab-proxy/Editor/UI/DialogWithCheckBox_Legacy.cs
  artifactKey: Guid(e26dd2ea146011948b8e7518465ea71a) Importer(2089858483,b0f066a214c2f5e87bad3c948f4d605d)
Start importing Packages/com.unity.collab-proxy/Editor/UI/DialogWithCheckBox_Legacy.cs using Guid(e26dd2ea146011948b8e7518465ea71a) Importer(2089858483,b0f066a214c2f5e87bad3c948f4d605d) (ScriptedImporter) -> (artifact id: '146fa46de81ff2bb60c74cd720e2e721') in 0.0126131 seconds
Number of updated asset objects reloaded before import = 0Number of asset objects unloaded after import = 0

========================================================================
Received Import Request.
  Time since last request: 0.000243 seconds.
  path: Packages/com.unity.collab-proxy/Editor/UI/CloseWindowIfOpened.cs
  artifactKey: Guid(25e3b426e5be4f64db3f9184fd625379) Importer(2089858483,b0f066a214c2f5e87bad3c948f4d605d)
Start importing Packages/com.unity.collab-proxy/Editor/UI/CloseWindowIfOpened.cs using Guid(25e3b426e5be4f64db3f9184fd625379) Importer(2089858483,b0f066a214c2f5e87bad3c948f4d605d) (ScriptedImporter) -> (artifact id: '8257de139d0cd1a8dfa228a8f1032022') in 0.0175772 seconds
Number of updated asset objects reloaded before import = 0Number of asset objects unloaded after import = 0

========================================================================
Received Import Request.
  Time since last request: 2.577444 seconds.
  path: Packages/com.unity.collab-proxy/Editor/UI/EditorProgressControls.cs
  artifactKey: Guid(e436e24eba68eff48b3fb264ad0ab953) Importer(2089858483,b0f066a214c2f5e87bad3c948f4d605d)
Start importing Packages/com.unity.collab-proxy/Editor/UI/EditorProgressControls.cs using Guid(e436e24eba68eff48b3fb264ad0ab953) Importer(2089858483,b0f066a214c2f5e87bad3c948f4d605d) (ScriptedImporter) -> (artifact id: '35bfb62459c1c110a6073b6bfcefa73a') in 0.0210447 seconds
Number of updated asset objects reloaded before import = 0Number of asset objects unloaded after import = 0

========================================================================
Received Import Request.
  Time since last request: 0.000163 seconds.
  path: Packages/com.unity.collab-proxy/Editor/UI/PlasticDialog.cs
  artifactKey: Guid(ac908610ab768459d9be962750408b43) Importer(2089858483,b0f066a214c2f5e87bad3c948f4d605d)
Start importing Packages/com.unity.collab-proxy/Editor/UI/PlasticDialog.cs using Guid(ac908610ab768459d9be962750408b43) Importer(2089858483,b0f066a214c2f5e87bad3c948f4d605d) (ScriptedImporter) -> (artifact id: 'a0b7da68db63a7f562e7637950d82889') in 0.0177409 seconds
Number of updated asset objects reloaded before import = 0Number of asset objects unloaded after import = 0

========================================================================
Received Import Request.
  Time since last request: 0.000279 seconds.
  path: Packages/com.unity.collab-proxy/Editor/Assets/Images/d_ArrowCaretRight.png
  artifactKey: Guid(f4d4cddc7d40e49e18d2253e661465b2) Importer(2089858483,b0f066a214c2f5e87bad3c948f4d605d)
Start importing Packages/com.unity.collab-proxy/Editor/Assets/Images/d_ArrowCaretRight.png using Guid(f4d4cddc7d40e49e18d2253e661465b2) Importer(2089858483,b0f066a214c2f5e87bad3c948f4d605d) (ScriptedImporter) -> (artifact id: 'd7f9dc301837f9fffb79686c676ce8e9') in 0.1719607 seconds
Number of updated asset objects reloaded before import = 0Number of asset objects unloaded after import = 3

========================================================================
Received Import Request.
  Time since last request: 0.000036 seconds.
  path: Packages/com.unity.collab-proxy/Lib/Editor/liblz4Plastic.dylib
  artifactKey: Guid(3313b144884b41f4a86de6fda5eed953) Importer(2089858483,b0f066a214c2f5e87bad3c948f4d605d)
Start importing Packages/com.unity.collab-proxy/Lib/Editor/liblz4Plastic.dylib using Guid(3313b144884b41f4a86de6fda5eed953) Importer(2089858483,b0f066a214c2f5e87bad3c948f4d605d) (ScriptedImporter) -> (artifact id: '736da4c8d2c1832eb51a33b8bdbc4a5d') in 0.0311103 seconds
Number of updated asset objects reloaded before import = 0Number of asset objects unloaded after import = 0

========================================================================
Received Import Request.
  Time since last request: 0.000240 seconds.
  path: Packages/com.unity.collab-proxy/Editor/Assets/Images/buttonssosigninemail@2x.png
  artifactKey: Guid(ddf2e76e8a1f88f46ae1e42277850b48) Importer(2089858483,b0f066a214c2f5e87bad3c948f4d605d)
Start importing Packages/com.unity.collab-proxy/Editor/Assets/Images/buttonssosigninemail@2x.png using Guid(ddf2e76e8a1f88f46ae1e42277850b48) Importer(2089858483,b0f066a214c2f5e87bad3c948f4d605d) (ScriptedImporter) -> (artifact id: 'f02201ce85d2b23a68b735b775e9b926') in 0.0368598 seconds
Number of updated asset objects reloaded before import = 0Number of asset objects unloaded after import = 1

========================================================================
Received Import Request.
  Time since last request: 0.000168 seconds.
  path: Packages/com.unity.collab-proxy/Editor/Assets/Images/d_buttonhome@2x.png
  artifactKey: Guid(b6f88350c63b24a4abdb197bf2e86d7a) Importer(2089858483,b0f066a214c2f5e87bad3c948f4d605d)
Start importing Packages/com.unity.collab-proxy/Editor/Assets/Images/d_buttonhome@2x.png using Guid(b6f88350c63b24a4abdb197bf2e86d7a) Importer(2089858483,b0f066a214c2f5e87bad3c948f4d605d) (ScriptedImporter) -> (artifact id: 'ad46c9435e534bf67262d6bda2af8ca3') in 0.0305164 seconds
Number of updated asset objects reloaded before import = 0Number of asset objects unloaded after import = 3

========================================================================
Received Import Request.
  Time since last request: 0.000029 seconds.
  path: Packages/com.unity.collab-proxy/Editor/Assets/Images/ArrowCaretLeft.png
  artifactKey: Guid(1c16a099b53fd4712b2d4cdb8fecd9f8) Importer(2089858483,b0f066a214c2f5e87bad3c948f4d605d)
Start importing Packages/com.unity.collab-proxy/Editor/Assets/Images/ArrowCaretLeft.png using Guid(1c16a099b53fd4712b2d4cdb8fecd9f8) Importer(2089858483,b0f066a214c2f5e87bad3c948f4d605d) (ScriptedImporter) -> (artifact id: '91ef5690bd387560add759888ee7bcea') in 0.0268489 seconds
Number of updated asset objects reloaded before import = 0Number of asset objects unloaded after import = 3

========================================================================
Received Import Request.
  Time since last request: 0.000036 seconds.
  path: Packages/com.unity.collab-proxy/Editor/Views/DateFilter.cs
  artifactKey: Guid(3a4d62c64067bca4cbbd6f7fcad2e190) Importer(2089858483,b0f066a214c2f5e87bad3c948f4d605d)
Start importing Packages/com.unity.collab-proxy/Editor/Views/DateFilter.cs using Guid(3a4d62c64067bca4cbbd6f7fcad2e190) Importer(2089858483,b0f066a214c2f5e87bad3c948f4d605d) (ScriptedImporter) -> (artifact id: '97c6a96d66bb00ab6bb418b43e82d594') in 0.0195336 seconds
Number of updated asset objects reloaded before import = 0Number of asset objects unloaded after import = 0

========================================================================
Received Import Request.
  Time since last request: 0.000204 seconds.
  path: Packages/com.unity.collab-proxy/Editor/AssetOverlays/Cache/RemoteStatusCache.cs
  artifactKey: Guid(a9acb575a60d7e045ad7fadd3e3e137d) Importer(2089858483,b0f066a214c2f5e87bad3c948f4d605d)
Start importing Packages/com.unity.collab-proxy/Editor/AssetOverlays/Cache/RemoteStatusCache.cs using Guid(a9acb575a60d7e045ad7fadd3e3e137d) Importer(2089858483,b0f066a214c2f5e87bad3c948f4d605d) (ScriptedImporter) -> (artifact id: '2a7b30fbf610a588caedf58d5f265796') in 0.017498 seconds
Number of updated asset objects reloaded before import = 0Number of asset objects unloaded after import = 0

========================================================================
Received Import Request.
  Time since last request: 0.000261 seconds.
  path: Packages/com.unity.collab-proxy/Lib/Editor/unityplastic.dll
  artifactKey: Guid(2815db9162500574ba59b498f10c3eff) Importer(2089858483,b0f066a214c2f5e87bad3c948f4d605d)
Start importing Packages/com.unity.collab-proxy/Lib/Editor/unityplastic.dll using Guid(2815db9162500574ba59b498f10c3eff) Importer(2089858483,b0f066a214c2f5e87bad3c948f4d605d) (ScriptedImporter) -> (artifact id: '1423ef1f3e413f63e6c66ee65f73aa05') in 0.0177625 seconds
Number of updated asset objects reloaded before import = 0Number of asset objects unloaded after import = 0

========================================================================
Received Import Request.
  Time since last request: 0.000109 seconds.
  path: Packages/com.unity.collab-proxy/Editor/WebApi/CurrentUserAdminCheckResponse.cs
  artifactKey: Guid(363c1190d7979084c84a0421cedb3a51) Importer(2089858483,b0f066a214c2f5e87bad3c948f4d605d)
Start importing Packages/com.unity.collab-proxy/Editor/WebApi/CurrentUserAdminCheckResponse.cs using Guid(363c1190d7979084c84a0421cedb3a51) Importer(2089858483,b0f066a214c2f5e87bad3c948f4d605d) (ScriptedImporter) -> (artifact id: '5e8ff2f8e75b6b25c773ebdac143e376') in 0.0181398 seconds
Number of updated asset objects reloaded before import = 0Number of asset objects unloaded after import = 0

========================================================================
Received Import Request.
  Time since last request: 0.000195 seconds.
  path: Packages/com.unity.collab-proxy/Lib/Editor/log4netPlastic.dll
  artifactKey: Guid(e60bdd1e4f6314d2382f323172110798) Importer(2089858483,b0f066a214c2f5e87bad3c948f4d605d)
Start importing Packages/com.unity.collab-proxy/Lib/Editor/log4netPlastic.dll using Guid(e60bdd1e4f6314d2382f323172110798) Importer(2089858483,b0f066a214c2f5e87bad3c948f4d605d) (ScriptedImporter) -> (artifact id: 'ac1bfba917d8972bd144e2161c8d3969') in 0.0183379 seconds
Number of updated asset objects reloaded before import = 0Number of asset objects unloaded after import = 0

========================================================================
Received Import Request.
  Time since last request: 0.000286 seconds.
  path: Packages/com.unity.collab-proxy/Editor/AssetOverlays/Cache/LockStatusCache.cs
  artifactKey: Guid(953c29d2e0dece647a64940343c91547) Importer(2089858483,b0f066a214c2f5e87bad3c948f4d605d)
Start importing Packages/com.unity.collab-proxy/Editor/AssetOverlays/Cache/LockStatusCache.cs using Guid(953c29d2e0dece647a64940343c91547) Importer(2089858483,b0f066a214c2f5e87bad3c948f4d605d) (ScriptedImporter) -> (artifact id: '0d7f960ee2dfa24433ed5ef3d5ab5438') in 0.0234851 seconds
Number of updated asset objects reloaded before import = 0Number of asset objects unloaded after import = 0

========================================================================
Received Import Request.
  Time since last request: 0.000104 seconds.
  path: Packages/com.unity.collab-proxy/Editor/Views/DownloadPlasticExeDialog.cs
  artifactKey: Guid(08dbb8d51633f2f4bab9912fbce3e247) Importer(2089858483,b0f066a214c2f5e87bad3c948f4d605d)
Start importing Packages/com.unity.collab-proxy/Editor/Views/DownloadPlasticExeDialog.cs using Guid(08dbb8d51633f2f4bab9912fbce3e247) Importer(2089858483,b0f066a214c2f5e87bad3c948f4d605d) (ScriptedImporter) -> (artifact id: '80a883aef267ef460fcd8672b9234541') in 0.024433 seconds
Number of updated asset objects reloaded before import = 0Number of asset objects unloaded after import = 0

========================================================================
Received Import Request.
  Time since last request: 0.000255 seconds.
  path: Packages/com.unity.collab-proxy/Editor/UnityInternals/UVCSToolbarBoostrap.cs
  artifactKey: Guid(e09919744ef75bc4eaa3181b195375bd) Importer(2089858483,b0f066a214c2f5e87bad3c948f4d605d)
Start importing Packages/com.unity.collab-proxy/Editor/UnityInternals/UVCSToolbarBoostrap.cs using Guid(e09919744ef75bc4eaa3181b195375bd) Importer(2089858483,b0f066a214c2f5e87bad3c948f4d605d) (ScriptedImporter) -> (artifact id: '7b5d5683b0953da2089974ae3fbbd5f7') in 0.0224677 seconds
Number of updated asset objects reloaded before import = 0Number of asset objects unloaded after import = 0

========================================================================
Received Import Request.
  Time since last request: 0.000290 seconds.
  path: Packages/com.unity.collab-proxy/Editor/UI/ShowWindow.cs
  artifactKey: Guid(2bdca37e8ede38949a186765fa1eefc6) Importer(2089858483,b0f066a214c2f5e87bad3c948f4d605d)
Start importing Packages/com.unity.collab-proxy/Editor/UI/ShowWindow.cs using Guid(2bdca37e8ede38949a186765fa1eefc6) Importer(2089858483,b0f066a214c2f5e87bad3c948f4d605d) (ScriptedImporter) -> (artifact id: '96bcef84a81ce4ea8dd0fdca4afb998b') in 0.0208621 seconds
Number of updated asset objects reloaded before import = 0Number of asset objects unloaded after import = 0

========================================================================
Received Import Request.
  Time since last request: 0.000248 seconds.
  path: Packages/com.unity.collab-proxy/Editor/AssetMenu/Dialogs/CheckinDialogOperations.cs
  artifactKey: Guid(c44a2ac668da0a04d9e567739215b2eb) Importer(2089858483,b0f066a214c2f5e87bad3c948f4d605d)
Start importing Packages/com.unity.collab-proxy/Editor/AssetMenu/Dialogs/CheckinDialogOperations.cs using Guid(c44a2ac668da0a04d9e567739215b2eb) Importer(2089858483,b0f066a214c2f5e87bad3c948f4d605d) (ScriptedImporter) -> (artifact id: '79cb4d01f9cec83e75eb62409680c1e4') in 0.0233629 seconds
Number of updated asset objects reloaded before import = 0Number of asset objects unloaded after import = 0

========================================================================
Received Import Request.
  Time since last request: 0.000153 seconds.
  path: Packages/com.unity.collab-proxy/Editor/Assets/Images/ArrowCaretLeft@2x.png
  artifactKey: Guid(9e60047ccc6b8422193b170d51796ed2) Importer(2089858483,b0f066a214c2f5e87bad3c948f4d605d)
Start importing Packages/com.unity.collab-proxy/Editor/Assets/Images/ArrowCaretLeft@2x.png using Guid(9e60047ccc6b8422193b170d51796ed2) Importer(2089858483,b0f066a214c2f5e87bad3c948f4d605d) (ScriptedImporter) -> (artifact id: 'f3d2c416f18b5103a5bfad788ebbff42') in 0.0279649 seconds
Number of updated asset objects reloaded before import = 0Number of asset objects unloaded after import = 3

========================================================================
Received Import Request.
  Time since last request: 0.000027 seconds.
  path: Packages/com.unity.collab-proxy/Editor/Views/EnableSwitchAndShelveFeatureDialog.cs
  artifactKey: Guid(421fea03dd9d4ac089ca279ee87c573b) Importer(2089858483,b0f066a214c2f5e87bad3c948f4d605d)
Start importing Packages/com.unity.collab-proxy/Editor/Views/EnableSwitchAndShelveFeatureDialog.cs using Guid(421fea03dd9d4ac089ca279ee87c573b) Importer(2089858483,b0f066a214c2f5e87bad3c948f4d605d) (ScriptedImporter) -> (artifact id: 'a7553c587cf42449d08092c1a0d70613') in 0.0150332 seconds
Number of updated asset objects reloaded before import = 0Number of asset objects unloaded after import = 0

========================================================================
Received Import Request.
  Time since last request: 0.000198 seconds.
  path: Packages/com.unity.collab-proxy/Editor/UI/GetOverlayRect.cs
  artifactKey: Guid(e4830608cb1ca7f4289f521d7578de88) Importer(2089858483,b0f066a214c2f5e87bad3c948f4d605d)
Start importing Packages/com.unity.collab-proxy/Editor/UI/GetOverlayRect.cs using Guid(e4830608cb1ca7f4289f521d7578de88) Importer(2089858483,b0f066a214c2f5e87bad3c948f4d605d) (ScriptedImporter) -> (artifact id: '27a0c40e196799aefbc2ac9d84092a0e') in 0.0141415 seconds
Number of updated asset objects reloaded before import = 0Number of asset objects unloaded after import = 0

========================================================================
Received Import Request.
  Time since last request: 0.000324 seconds.
  path: Packages/com.unity.collab-proxy/Editor/_Deprecated/CollabPlugin.cs
  artifactKey: Guid(8b1d1407c22e5844698f18df6a9f1781) Importer(2089858483,b0f066a214c2f5e87bad3c948f4d605d)
Start importing Packages/com.unity.collab-proxy/Editor/_Deprecated/CollabPlugin.cs using Guid(8b1d1407c22e5844698f18df6a9f1781) Importer(2089858483,b0f066a214c2f5e87bad3c948f4d605d) (ScriptedImporter) -> (artifact id: '60c5265f8acd3671a4b752ff85e844f7') in 0.0160621 seconds
Number of updated asset objects reloaded before import = 0Number of asset objects unloaded after import = 0

========================================================================
Received Import Request.
  Time since last request: 2.367657 seconds.
  path: Packages/com.unity.collab-proxy/Editor/Assets/Images/d_exclusionrule@2x.png
  artifactKey: Guid(78de972b7bcb2424e8560a8c310a6d10) Importer(2089858483,b0f066a214c2f5e87bad3c948f4d605d)
Start importing Packages/com.unity.collab-proxy/Editor/Assets/Images/d_exclusionrule@2x.png using Guid(78de972b7bcb2424e8560a8c310a6d10) Importer(2089858483,b0f066a214c2f5e87bad3c948f4d605d) (ScriptedImporter) -> (artifact id: 'b1f01a8566e48ad83dd4b7acc5766c10') in 0.0235776 seconds
Number of updated asset objects reloaded before import = 0Number of asset objects unloaded after import = 3

========================================================================
Received Import Request.
  Time since last request: 0.000046 seconds.
  path: Packages/com.unity.collab-proxy/Editor/Assets/Images/d_inclusionrule.png
  artifactKey: Guid(05ba7199286b24c6ca7441e2c454f5c3) Importer(2089858483,b0f066a214c2f5e87bad3c948f4d605d)
Start importing Packages/com.unity.collab-proxy/Editor/Assets/Images/d_inclusionrule.png using Guid(05ba7199286b24c6ca7441e2c454f5c3) Importer(2089858483,b0f066a214c2f5e87bad3c948f4d605d) (ScriptedImporter) -> (artifact id: 'f506670171ac37f8c95caab161be7679') in 0.0243174 seconds
Number of updated asset objects reloaded before import = 0Number of asset objects unloaded after import = 3

========================================================================
Received Import Request.
  Time since last request: 0.000027 seconds.
  path: Packages/com.unity.collab-proxy/Editor/Assets/Images/d_iconaddedoverlay.png
  artifactKey: Guid(73d124bf77e463c45942d14136745d9f) Importer(2089858483,b0f066a214c2f5e87bad3c948f4d605d)
Start importing Packages/com.unity.collab-proxy/Editor/Assets/Images/d_iconaddedoverlay.png using Guid(73d124bf77e463c45942d14136745d9f) Importer(2089858483,b0f066a214c2f5e87bad3c948f4d605d) (ScriptedImporter) -> (artifact id: '9864cfc0e623c46979d716dfa1b2f688') in 0.0231995 seconds
Number of updated asset objects reloaded before import = 0Number of asset objects unloaded after import = 1

========================================================================
Received Import Request.
  Time since last request: 0.000092 seconds.
  path: Packages/com.unity.collab-proxy/Editor/Assets/Images/d_iconchangesets@2x.png
  artifactKey: Guid(b76c20add7d3d4f79afcbafeaa12e974) Importer(2089858483,b0f066a214c2f5e87bad3c948f4d605d)
Start importing Packages/com.unity.collab-proxy/Editor/Assets/Images/d_iconchangesets@2x.png using Guid(b76c20add7d3d4f79afcbafeaa12e974) Importer(2089858483,b0f066a214c2f5e87bad3c948f4d605d) (ScriptedImporter) -> (artifact id: '331ac4193124d870aa396493b10958f2') in 0.0306369 seconds
Number of updated asset objects reloaded before import = 0Number of asset objects unloaded after import = 3

========================================================================
Received Import Request.
  Time since last request: 0.000034 seconds.
  path: Packages/com.unity.collab-proxy/Editor/Assets/Images/d_iconpendingchangesview.png
  artifactKey: Guid(11d4f7dd8fc834c8e92cab84d5137828) Importer(2089858483,b0f066a214c2f5e87bad3c948f4d605d)
Start importing Packages/com.unity.collab-proxy/Editor/Assets/Images/d_iconpendingchangesview.png using Guid(11d4f7dd8fc834c8e92cab84d5137828) Importer(2089858483,b0f066a214c2f5e87bad3c948f4d605d) (ScriptedImporter) -> (artifact id: 'b4388030bd7119929942c757063740c5') in 0.0295576 seconds
Number of updated asset objects reloaded before import = 0Number of asset objects unloaded after import = 3

========================================================================
Received Import Request.
  Time since last request: 0.000033 seconds.
  path: Packages/com.unity.collab-proxy/Editor/Assets/Images/d_iconinviteusers.png
  artifactKey: Guid(3094096a150921c409ef35579f2ada0f) Importer(2089858483,b0f066a214c2f5e87bad3c948f4d605d)
Start importing Packages/com.unity.collab-proxy/Editor/Assets/Images/d_iconinviteusers.png using Guid(3094096a150921c409ef35579f2ada0f) Importer(2089858483,b0f066a214c2f5e87bad3c948f4d605d) (ScriptedImporter) -> (artifact id: '7d8ebd7a1e1994f47ce65a3b44cc93b8') in 0.0366805 seconds
Number of updated asset objects reloaded before import = 0Number of asset objects unloaded after import = 3

========================================================================
Received Import Request.
  Time since last request: 0.000034 seconds.
  path: Packages/com.unity.collab-proxy/Editor/Assets/Images/d_iconclouddriveview@2x.png
  artifactKey: Guid(59eedc7f076ac5749993ec0e94b87af3) Importer(2089858483,b0f066a214c2f5e87bad3c948f4d605d)
Start importing Packages/com.unity.collab-proxy/Editor/Assets/Images/d_iconclouddriveview@2x.png using Guid(59eedc7f076ac5749993ec0e94b87af3) Importer(2089858483,b0f066a214c2f5e87bad3c948f4d605d) (ScriptedImporter) -> (artifact id: 'e9ee7eeb723b6b6b949bf75e6c915348') in 0.0341048 seconds
Number of updated asset objects reloaded before import = 0Number of asset objects unloaded after import = 3

========================================================================
Received Import Request.
  Time since last request: 0.000051 seconds.
  path: Packages/com.unity.collab-proxy/Editor/Assets/Images/d_refresh@2x.png
  artifactKey: Guid(602b72d4617c3694aa94419fc1b68e04) Importer(2089858483,b0f066a214c2f5e87bad3c948f4d605d)
Start importing Packages/com.unity.collab-proxy/Editor/Assets/Images/d_refresh@2x.png using Guid(602b72d4617c3694aa94419fc1b68e04) Importer(2089858483,b0f066a214c2f5e87bad3c948f4d605d) (ScriptedImporter) -> (artifact id: '94fed4d2eb033fe652158dc607eead68') in 0.02855 seconds
Number of updated asset objects reloaded before import = 0Number of asset objects unloaded after import = 1

========================================================================
Received Import Request.
  Time since last request: 0.000174 seconds.
  path: Packages/com.unity.collab-proxy/Editor/Assets/Images/d_iconinfobellnotification.png
  artifactKey: Guid(f38e832edef3ab648bcc2ab5dfa2906d) Importer(2089858483,b0f066a214c2f5e87bad3c948f4d605d)
Start importing Packages/com.unity.collab-proxy/Editor/Assets/Images/d_iconinfobellnotification.png using Guid(f38e832edef3ab648bcc2ab5dfa2906d) Importer(2089858483,b0f066a214c2f5e87bad3c948f4d605d) (ScriptedImporter) -> (artifact id: '603d2ff11e9703d3e9fef3d210d9b062') in 0.0226876 seconds
Number of updated asset objects reloaded before import = 0Number of asset objects unloaded after import = 3

========================================================================
Received Import Request.
  Time since last request: 0.000030 seconds.
  path: Packages/com.unity.collab-proxy/Editor/Assets/Images/d_iconlabel.png
  artifactKey: Guid(e1e64e28e7631534d8408668bcb82502) Importer(2089858483,b0f066a214c2f5e87bad3c948f4d605d)
Start importing Packages/com.unity.collab-proxy/Editor/Assets/Images/d_iconlabel.png using Guid(e1e64e28e7631534d8408668bcb82502) Importer(2089858483,b0f066a214c2f5e87bad3c948f4d605d) (ScriptedImporter) -> (artifact id: '05f4505737f47d9cf16ded328b0a5388') in 0.0319146 seconds
Number of updated asset objects reloaded before import = 0Number of asset objects unloaded after import = 3

========================================================================
Received Import Request.
  Time since last request: 0.000031 seconds.
  path: Packages/com.unity.collab-proxy/Editor/Assets/Images/d_iconbranch@2x.png
  artifactKey: Guid(267a89f787a621e4290fbff7a5442750) Importer(2089858483,b0f066a214c2f5e87bad3c948f4d605d)
Start importing Packages/com.unity.collab-proxy/Editor/Assets/Images/d_iconbranch@2x.png using Guid(267a89f787a621e4290fbff7a5442750) Importer(2089858483,b0f066a214c2f5e87bad3c948f4d605d) (ScriptedImporter) -> (artifact id: '9d24660df13f189d4fb294c98d3f0132') in 0.0308268 seconds
Number of updated asset objects reloaded before import = 0Number of asset objects unloaded after import = 3

========================================================================
Received Import Request.
  Time since last request: 0.000034 seconds.
  path: Packages/com.unity.collab-proxy/Editor/Assets/Images/d_secondarytabclosehover.png
  artifactKey: Guid(6a9d211bea1bc4a429d86cbb2d0b0a3e) Importer(2089858483,b0f066a214c2f5e87bad3c948f4d605d)
Start importing Packages/com.unity.collab-proxy/Editor/Assets/Images/d_secondarytabclosehover.png using Guid(6a9d211bea1bc4a429d86cbb2d0b0a3e) Importer(2089858483,b0f066a214c2f5e87bad3c948f4d605d) (ScriptedImporter) -> (artifact id: '6a4b9f9c05ef438ae192ca13b7756973') in 0.0314599 seconds
Number of updated asset objects reloaded before import = 0Number of asset objects unloaded after import = 1

========================================================================
Received Import Request.
  Time since last request: 0.000157 seconds.
  path: Packages/com.unity.collab-proxy/Editor/Assets/Images/d_icondeletedremoteoverlay.png
  artifactKey: Guid(3de8a0634e55df8499c88204001cb0dd) Importer(2089858483,b0f066a214c2f5e87bad3c948f4d605d)
Start importing Packages/com.unity.collab-proxy/Editor/Assets/Images/d_icondeletedremoteoverlay.png using Guid(3de8a0634e55df8499c88204001cb0dd) Importer(2089858483,b0f066a214c2f5e87bad3c948f4d605d) (ScriptedImporter) -> (artifact id: 'ecfaf8118223b7dcb2f91ed09ef4bfd9') in 0.0308752 seconds
Number of updated asset objects reloaded before import = 0Number of asset objects unloaded after import = 1

========================================================================
Received Import Request.
  Time since last request: 0.000115 seconds.
  path: Packages/com.unity.collab-proxy/Editor/Assets/Images/d_iconlockedremoteoverlay.png
  artifactKey: Guid(1046ed65e6aaffb4391378f6d08d6c14) Importer(2089858483,b0f066a214c2f5e87bad3c948f4d605d)
Start importing Packages/com.unity.collab-proxy/Editor/Assets/Images/d_iconlockedremoteoverlay.png using Guid(1046ed65e6aaffb4391378f6d08d6c14) Importer(2089858483,b0f066a214c2f5e87bad3c948f4d605d) (ScriptedImporter) -> (artifact id: '981e9ac5b4bb007b55714fd70b424d70') in 0.0298985 seconds
Number of updated asset objects reloaded before import = 0Number of asset objects unloaded after import = 1

========================================================================
Received Import Request.
  Time since last request: 0.000185 seconds.
  path: Packages/com.unity.collab-proxy/Editor/Assets/Images/d_iconconflictedoverlay.png
  artifactKey: Guid(a892bcc7ae1871447926b3c44d158763) Importer(2089858483,b0f066a214c2f5e87bad3c948f4d605d)
Start importing Packages/com.unity.collab-proxy/Editor/Assets/Images/d_iconconflictedoverlay.png using Guid(a892bcc7ae1871447926b3c44d158763) Importer(2089858483,b0f066a214c2f5e87bad3c948f4d605d) (ScriptedImporter) -> (artifact id: 'b51e7a64f632a7e24186b519ac0f5633') in 0.030648 seconds
Number of updated asset objects reloaded before import = 0Number of asset objects unloaded after import = 1

========================================================================
Received Import Request.
  Time since last request: 0.000173 seconds.
  path: Packages/com.unity.collab-proxy/Editor/Assets/Images/d_iconplasticnotifyconflict@2x.png
  artifactKey: Guid(23743f0c0ed1e6546808a5d645c2a6a5) Importer(2089858483,b0f066a214c2f5e87bad3c948f4d605d)
Start importing Packages/com.unity.collab-proxy/Editor/Assets/Images/d_iconplasticnotifyconflict@2x.png using Guid(23743f0c0ed1e6546808a5d645c2a6a5) Importer(2089858483,b0f066a214c2f5e87bad3c948f4d605d) (ScriptedImporter) -> (artifact id: '3fd6edd21a3b9f0a03fe1d638628a521') in 0.030034 seconds
Number of updated asset objects reloaded before import = 0Number of asset objects unloaded after import = 1

========================================================================
Received Import Request.
  Time since last request: 0.000271 seconds.
  path: Packages/com.unity.collab-proxy/Editor/Assets/Images/hideversioncontrol@2x.png
  artifactKey: Guid(fbfdd7d489e0bd54f946ebc8e19db8bd) Importer(2089858483,b0f066a214c2f5e87bad3c948f4d605d)
Start importing Packages/com.unity.collab-proxy/Editor/Assets/Images/hideversioncontrol@2x.png using Guid(fbfdd7d489e0bd54f946ebc8e19db8bd) Importer(2089858483,b0f066a214c2f5e87bad3c948f4d605d) (ScriptedImporter) -> (artifact id: '5eae1369bf6286b9b36e3b55cf2ebec4') in 0.0282271 seconds
Number of updated asset objects reloaded before import = 0Number of asset objects unloaded after import = 3

========================================================================
Received Import Request.
  Time since last request: 0.000032 seconds.
  path: Packages/com.unity.collab-proxy/Editor/Assets/Images/d_iconplasticnotifyincoming@2x.png
  artifactKey: Guid(c5fc116b3271b5947808130b2212cd60) Importer(2089858483,b0f066a214c2f5e87bad3c948f4d605d)
Start importing Packages/com.unity.collab-proxy/Editor/Assets/Images/d_iconplasticnotifyincoming@2x.png using Guid(c5fc116b3271b5947808130b2212cd60) Importer(2089858483,b0f066a214c2f5e87bad3c948f4d605d) (ScriptedImporter) -> (artifact id: 'b6aff388804565cf1c46b08b14cf5837') in 0.0251677 seconds
Number of updated asset objects reloaded before import = 0Number of asset objects unloaded after import = 1

========================================================================
Received Import Request.
  Time since last request: 0.000222 seconds.
  path: Packages/com.unity.collab-proxy/Editor/Assets/Images/d_iconclosebutton@2x.png
  artifactKey: Guid(0525793900d728a42936791a8a6de63b) Importer(2089858483,b0f066a214c2f5e87bad3c948f4d605d)
Start importing Packages/com.unity.collab-proxy/Editor/Assets/Images/d_iconclosebutton@2x.png using Guid(0525793900d728a42936791a8a6de63b) Importer(2089858483,b0f066a214c2f5e87bad3c948f4d605d) (ScriptedImporter) -> (artifact id: 'cba08fcf09ee402503cb7ed7cf58ef55') in 0.0394693 seconds
Number of updated asset objects reloaded before import = 0Number of asset objects unloaded after import = 1

========================================================================
Received Import Request.
  Time since last request: 0.000195 seconds.
  path: Packages/com.unity.collab-proxy/Editor/Assets/Images/d_inclusionrule@2x.png
  artifactKey: Guid(bcc1ec3ffeb1c46f7abd19daa3e05f49) Importer(2089858483,b0f066a214c2f5e87bad3c948f4d605d)
Start importing Packages/com.unity.collab-proxy/Editor/Assets/Images/d_inclusionrule@2x.png using Guid(bcc1ec3ffeb1c46f7abd19daa3e05f49) Importer(2089858483,b0f066a214c2f5e87bad3c948f4d605d) (ScriptedImporter) -> (artifact id: '9e65453482433f70fad2f467da2b88f1') in 0.0307837 seconds
Number of updated asset objects reloaded before import = 0Number of asset objects unloaded after import = 3

========================================================================
Received Import Request.
  Time since last request: 0.000032 seconds.
  path: Packages/com.unity.collab-proxy/Editor/Assets/Images/d_iconcurrentbranch.png
  artifactKey: Guid(0a02e43184c7e9c4c9c59b601100b705) Importer(2089858483,b0f066a214c2f5e87bad3c948f4d605d)
Start importing Packages/com.unity.collab-proxy/Editor/Assets/Images/d_iconcurrentbranch.png using Guid(0a02e43184c7e9c4c9c59b601100b705) Importer(2089858483,b0f066a214c2f5e87bad3c948f4d605d) (ScriptedImporter) -> (artifact id: '0eecf0f4748a1189afc90f5cbe7815ca') in 0.0343954 seconds
Number of updated asset objects reloaded before import = 0Number of asset objects unloaded after import = 3

========================================================================
Received Import Request.
  Time since last request: 0.000043 seconds.
  path: Packages/com.unity.collab-proxy/Editor/Assets/Images/d_iconlabel@2x.png
  artifactKey: Guid(ce435fe40bff4da41aadc577ebfb27d7) Importer(2089858483,b0f066a214c2f5e87bad3c948f4d605d)
Start importing Packages/com.unity.collab-proxy/Editor/Assets/Images/d_iconlabel@2x.png using Guid(ce435fe40bff4da41aadc577ebfb27d7) Importer(2089858483,b0f066a214c2f5e87bad3c948f4d605d) (ScriptedImporter) -> (artifact id: '6c4a9effe223a9d7fc83debc7466fb1a') in 0.0401099 seconds
Number of updated asset objects reloaded before import = 0Number of asset objects unloaded after import = 3

========================================================================
Received Import Request.
  Time since last request: 0.000110 seconds.
  path: Packages/com.unity.collab-proxy/Editor/Assets/Images/d_step3@2x.png
  artifactKey: Guid(c9ed6d6ea2f9657409bfa068d4846139) Importer(2089858483,b0f066a214c2f5e87bad3c948f4d605d)
Start importing Packages/com.unity.collab-proxy/Editor/Assets/Images/d_step3@2x.png using Guid(c9ed6d6ea2f9657409bfa068d4846139) Importer(2089858483,b0f066a214c2f5e87bad3c948f4d605d) (ScriptedImporter) -> (artifact id: 'b8859909ea1525e057c6c22c0d720856') in 0.0329005 seconds
Number of updated asset objects reloaded before import = 0Number of asset objects unloaded after import = 1

========================================================================
Received Import Request.
  Time since last request: 0.000545 seconds.
  path: Packages/com.unity.collab-proxy/Editor/Assets/Images/d_iconemptygravatar.png
  artifactKey: Guid(9aebd705574f9e642aef1e5f59b3e4d8) Importer(2089858483,b0f066a214c2f5e87bad3c948f4d605d)
Start importing Packages/com.unity.collab-proxy/Editor/Assets/Images/d_iconemptygravatar.png using Guid(9aebd705574f9e642aef1e5f59b3e4d8) Importer(2089858483,b0f066a214c2f5e87bad3c948f4d605d) (ScriptedImporter) -> (artifact id: '557ef74cd1d5241899efb919e30496ab') in 0.03672 seconds
Number of updated asset objects reloaded before import = 0Number of asset objects unloaded after import = 1

========================================================================
Received Import Request.
  Time since last request: 0.000222 seconds.
  path: Packages/com.unity.collab-proxy/Editor/Assets/Images/d_iconconflicted.png
  artifactKey: Guid(881798b77426a8f47b533dcc4767e9e5) Importer(2089858483,b0f066a214c2f5e87bad3c948f4d605d)
Start importing Packages/com.unity.collab-proxy/Editor/Assets/Images/d_iconconflicted.png using Guid(881798b77426a8f47b533dcc4767e9e5) Importer(2089858483,b0f066a214c2f5e87bad3c948f4d605d) (ScriptedImporter) -> (artifact id: '8e75be42b05ed003be060c6be5027539') in 0.0380394 seconds
Number of updated asset objects reloaded before import = 0Number of asset objects unloaded after import = 1

========================================================================
Received Import Request.
  Time since last request: 0.000114 seconds.
  path: Packages/com.unity.collab-proxy/Editor/Assets/Images/d_iconshelve@2x.png
  artifactKey: Guid(9264df9de832d7f4bb90a1d0c31d8343) Importer(2089858483,b0f066a214c2f5e87bad3c948f4d605d)
Start importing Packages/com.unity.collab-proxy/Editor/Assets/Images/d_iconshelve@2x.png using Guid(9264df9de832d7f4bb90a1d0c31d8343) Importer(2089858483,b0f066a214c2f5e87bad3c948f4d605d) (ScriptedImporter) -> (artifact id: 'f38d2504a34218ef14178e57ff2f1dd4') in 0.0353107 seconds
Number of updated asset objects reloaded before import = 0Number of asset objects unloaded after import = 3

========================================================================
Received Import Request.
  Time since last request: 0.000033 seconds.
  path: Packages/com.unity.collab-proxy/Editor/Assets/Images/d_iconaddedlocal@2x.png
  artifactKey: Guid(02800fb9cff14da47a04572790384d8b) Importer(2089858483,b0f066a214c2f5e87bad3c948f4d605d)
Start importing Packages/com.unity.collab-proxy/Editor/Assets/Images/d_iconaddedlocal@2x.png using Guid(02800fb9cff14da47a04572790384d8b) Importer(2089858483,b0f066a214c2f5e87bad3c948f4d605d) (ScriptedImporter) -> (artifact id: 'e6ffb39958a17c24f02b351d491d6717') in 0.0248652 seconds
Number of updated asset objects reloaded before import = 0Number of asset objects unloaded after import = 1

========================================================================
Received Import Request.
  Time since last request: 0.000128 seconds.
  path: Packages/com.unity.collab-proxy/Editor/Assets/Images/d_iconlockedlocaloverlay@2x.png
  artifactKey: Guid(ae53a7884da90e94eb5dfeab594b746c) Importer(2089858483,b0f066a214c2f5e87bad3c948f4d605d)
Start importing Packages/com.unity.collab-proxy/Editor/Assets/Images/d_iconlockedlocaloverlay@2x.png using Guid(ae53a7884da90e94eb5dfeab594b746c) Importer(2089858483,b0f066a214c2f5e87bad3c948f4d605d) (ScriptedImporter) -> (artifact id: '375e71d3a6d877963b8eb10616691eab') in 0.0305193 seconds
Number of updated asset objects reloaded before import = 0Number of asset objects unloaded after import = 1

========================================================================
Received Import Request.
  Time since last request: 0.000101 seconds.
  path: Packages/com.unity.collab-proxy/Editor/Assets/Images/d_iconretainedoverlay@2x.png
  artifactKey: Guid(c34cd61ed96ff9a40a54e159467c5155) Importer(2089858483,b0f066a214c2f5e87bad3c948f4d605d)
Start importing Packages/com.unity.collab-proxy/Editor/Assets/Images/d_iconretainedoverlay@2x.png using Guid(c34cd61ed96ff9a40a54e159467c5155) Importer(2089858483,b0f066a214c2f5e87bad3c948f4d605d) (ScriptedImporter) -> (artifact id: '9eb3106a2681ca7310581ca609f5eebf') in 0.0285383 seconds
Number of updated asset objects reloaded before import = 0Number of asset objects unloaded after import = 3

========================================================================
Received Import Request.
  Time since last request: 0.000026 seconds.
  path: Packages/com.unity.collab-proxy/Editor/Assets/Images/d_iconplasticview@2x.png
  artifactKey: Guid(3168140d6f409d0448447f18568d9482) Importer(2089858483,b0f066a214c2f5e87bad3c948f4d605d)
Start importing Packages/com.unity.collab-proxy/Editor/Assets/Images/d_iconplasticview@2x.png using Guid(3168140d6f409d0448447f18568d9482) Importer(2089858483,b0f066a214c2f5e87bad3c948f4d605d) (ScriptedImporter) -> (artifact id: '76466e46efbe9661c17bf865854677f7') in 0.0271562 seconds
Number of updated asset objects reloaded before import = 0Number of asset objects unloaded after import = 1

========================================================================
Received Import Request.
  Time since last request: 0.000094 seconds.
  path: Packages/com.unity.collab-proxy/Editor/Assets/Images/d_iconoutofsync@2x.png
  artifactKey: Guid(f82dfc5fc3c5a8f4080a3550427019c8) Importer(2089858483,b0f066a214c2f5e87bad3c948f4d605d)
Start importing Packages/com.unity.collab-proxy/Editor/Assets/Images/d_iconoutofsync@2x.png using Guid(f82dfc5fc3c5a8f4080a3550427019c8) Importer(2089858483,b0f066a214c2f5e87bad3c948f4d605d) (ScriptedImporter) -> (artifact id: '4d3fb08889b186273915efcfb3bfbf06') in 0.0228449 seconds
Number of updated asset objects reloaded before import = 0Number of asset objects unloaded after import = 1

========================================================================
Received Import Request.
  Time since last request: 0.000131 seconds.
  path: Packages/com.unity.collab-proxy/Editor/Assets/Images/d_iconconflicted@2x.png
  artifactKey: Guid(65f0e363b74cf5845ab8c3fbc14f39ac) Importer(2089858483,b0f066a214c2f5e87bad3c948f4d605d)
Start importing Packages/com.unity.collab-proxy/Editor/Assets/Images/d_iconconflicted@2x.png using Guid(65f0e363b74cf5845ab8c3fbc14f39ac) Importer(2089858483,b0f066a214c2f5e87bad3c948f4d605d) (ScriptedImporter) -> (artifact id: 'f47754503bf8d011225a61a92b3ace84') in 0.034 seconds
Number of updated asset objects reloaded before import = 0Number of asset objects unloaded after import = 1

========================================================================
Received Import Request.
  Time since last request: 0.000171 seconds.
  path: Packages/com.unity.collab-proxy/Editor/Assets/Images/d_iconzoomout.png
  artifactKey: Guid(43735cb4df8a4aa49b379e83bd9d77b8) Importer(2089858483,b0f066a214c2f5e87bad3c948f4d605d)
Start importing Packages/com.unity.collab-proxy/Editor/Assets/Images/d_iconzoomout.png using Guid(43735cb4df8a4aa49b379e83bd9d77b8) Importer(2089858483,b0f066a214c2f5e87bad3c948f4d605d) (ScriptedImporter) -> (artifact id: '3dc9fc46b1379d6b747a8a98d9641efe') in 0.0282176 seconds
Number of updated asset objects reloaded before import = 0Number of asset objects unloaded after import = 3

========================================================================
Received Import Request.
  Time since last request: 0.000044 seconds.
  path: Packages/com.unity.collab-proxy/Editor/Assets/Images/exclusionrule@2x.png
  artifactKey: Guid(4c635bf514a064e8d9688218d937fe77) Importer(2089858483,b0f066a214c2f5e87bad3c948f4d605d)
Start importing Packages/com.unity.collab-proxy/Editor/Assets/Images/exclusionrule@2x.png using Guid(4c635bf514a064e8d9688218d937fe77) Importer(2089858483,b0f066a214c2f5e87bad3c948f4d605d) (ScriptedImporter) -> (artifact id: 'd06bed818d3a28761d51964d1d1be3d3') in 0.0273776 seconds
Number of updated asset objects reloaded before import = 0Number of asset objects unloaded after import = 3

========================================================================
Received Import Request.
  Time since last request: 0.000027 seconds.
  path: Packages/com.unity.collab-proxy/Editor/Assets/Images/iconbrex.png
  artifactKey: Guid(87480bc179519ff4da25283c61c2573b) Importer(2089858483,b0f066a214c2f5e87bad3c948f4d605d)
Start importing Packages/com.unity.collab-proxy/Editor/Assets/Images/iconbrex.png using Guid(87480bc179519ff4da25283c61c2573b) Importer(2089858483,b0f066a214c2f5e87bad3c948f4d605d) (ScriptedImporter) -> (artifact id: 'a226b5f4e31cb467a3b2fc7e02680063') in 0.0252365 seconds
Number of updated asset objects reloaded before import = 0Number of asset objects unloaded after import = 3

========================================================================
Received Import Request.
  Time since last request: 0.000029 seconds.
  path: Packages/com.unity.collab-proxy/Editor/Assets/Images/d_iconplasticnotifyconflict.png
  artifactKey: Guid(51582ae5ea51fa14996791a550f89473) Importer(2089858483,b0f066a214c2f5e87bad3c948f4d605d)
Start importing Packages/com.unity.collab-proxy/Editor/Assets/Images/d_iconplasticnotifyconflict.png using Guid(51582ae5ea51fa14996791a550f89473) Importer(2089858483,b0f066a214c2f5e87bad3c948f4d605d) (ScriptedImporter) -> (artifact id: 'e4de954886a57580f27141625d32a747') in 0.0295999 seconds
Number of updated asset objects reloaded before import = 0Number of asset objects unloaded after import = 1

========================================================================
Received Import Request.
  Time since last request: 0.000191 seconds.
  path: Packages/com.unity.collab-proxy/Editor/Assets/Images/d_iconmovedoverlay@2x.png
  artifactKey: Guid(e27bb56b83f03421880673ee2b951102) Importer(2089858483,b0f066a214c2f5e87bad3c948f4d605d)
Start importing Packages/com.unity.collab-proxy/Editor/Assets/Images/d_iconmovedoverlay@2x.png using Guid(e27bb56b83f03421880673ee2b951102) Importer(2089858483,b0f066a214c2f5e87bad3c948f4d605d) (ScriptedImporter) -> (artifact id: '3047f11bfc55fd1158322508d7768053') in 0.0300155 seconds
Number of updated asset objects reloaded before import = 0Number of asset objects unloaded after import = 3

========================================================================
Received Import Request.
  Time since last request: 1.754754 seconds.
  path: Packages/com.unity.collab-proxy/Editor/Assets/Images/iconconflictresolvedoverlay@2x.png
  artifactKey: Guid(309b1d5a294fd6c43ae9cf77656c1852) Importer(2089858483,b0f066a214c2f5e87bad3c948f4d605d)
Start importing Packages/com.unity.collab-proxy/Editor/Assets/Images/iconconflictresolvedoverlay@2x.png using Guid(309b1d5a294fd6c43ae9cf77656c1852) Importer(2089858483,b0f066a214c2f5e87bad3c948f4d605d) (ScriptedImporter) -> (artifact id: 'f779d62c46ff1a50d02c0bde81a4d830') in 0.0248111 seconds
Number of updated asset objects reloaded before import = 0Number of asset objects unloaded after import = 1

========================================================================
Received Import Request.
  Time since last request: 0.000121 seconds.
  path: Packages/com.unity.collab-proxy/Editor/Assets/Images/iconpendingchangesview@2x.png
  artifactKey: Guid(58f6d5934224b4bb0a67d67e45a6654b) Importer(2089858483,b0f066a214c2f5e87bad3c948f4d605d)
Start importing Packages/com.unity.collab-proxy/Editor/Assets/Images/iconpendingchangesview@2x.png using Guid(58f6d5934224b4bb0a67d67e45a6654b) Importer(2089858483,b0f066a214c2f5e87bad3c948f4d605d) (ScriptedImporter) -> (artifact id: 'bc71c9fd75e80229a02aceb836107fdd') in 0.0288764 seconds
Number of updated asset objects reloaded before import = 0Number of asset objects unloaded after import = 3

========================================================================
Received Import Request.
  Time since last request: 0.000034 seconds.
  path: Packages/com.unity.collab-proxy/Editor/Assets/Images/iconplasticnotifypendingchanges@2x.png
  artifactKey: Guid(eb1c900f0d4a3ee42a9a49630bf88a12) Importer(2089858483,b0f066a214c2f5e87bad3c948f4d605d)
Start importing Packages/com.unity.collab-proxy/Editor/Assets/Images/iconplasticnotifypendingchanges@2x.png using Guid(eb1c900f0d4a3ee42a9a49630bf88a12) Importer(2089858483,b0f066a214c2f5e87bad3c948f4d605d) (ScriptedImporter) -> (artifact id: 'ef4371334cbdc9df01757bf104ca50ae') in 0.0357607 seconds
Number of updated asset objects reloaded before import = 0Number of asset objects unloaded after import = 3

========================================================================
Received Import Request.
  Time since last request: 0.000117 seconds.
  path: Packages/com.unity.collab-proxy/Editor/Assets/Images/iconlockedremoteoverlay.png
  artifactKey: Guid(4cffcba66879d7a4a9da8554709e9825) Importer(2089858483,b0f066a214c2f5e87bad3c948f4d605d)
Start importing Packages/com.unity.collab-proxy/Editor/Assets/Images/iconlockedremoteoverlay.png using Guid(4cffcba66879d7a4a9da8554709e9825) Importer(2089858483,b0f066a214c2f5e87bad3c948f4d605d) (ScriptedImporter) -> (artifact id: '51618862a0bd297ba64d512e631fe24b') in 0.0271382 seconds
Number of updated asset objects reloaded before import = 0Number of asset objects unloaded after import = 3

========================================================================
Received Import Request.
  Time since last request: 0.000039 seconds.
  path: Packages/com.unity.collab-proxy/Editor/Assets/Images/iconlabel.png
  artifactKey: Guid(42540fa3b3cef1340bebdf077d0e2030) Importer(2089858483,b0f066a214c2f5e87bad3c948f4d605d)
Start importing Packages/com.unity.collab-proxy/Editor/Assets/Images/iconlabel.png using Guid(42540fa3b3cef1340bebdf077d0e2030) Importer(2089858483,b0f066a214c2f5e87bad3c948f4d605d) (ScriptedImporter) -> (artifact id: '167395c0ec846a1f3e03db46e6089128') in 0.023197 seconds
Number of updated asset objects reloaded before import = 0Number of asset objects unloaded after import = 3

========================================================================
Received Import Request.
  Time since last request: 0.000046 seconds.
  path: Packages/com.unity.collab-proxy/Editor/Assets/Styles/Base.uss
  artifactKey: Guid(bdf4f3d05dd541fa829ffa06bfbc8d0c) Importer(2089858483,b0f066a214c2f5e87bad3c948f4d605d)
Start importing Packages/com.unity.collab-proxy/Editor/Assets/Styles/Base.uss using Guid(bdf4f3d05dd541fa829ffa06bfbc8d0c) Importer(2089858483,b0f066a214c2f5e87bad3c948f4d605d) (ScriptedImporter) -> (artifact id: '492ede257c7f22c7fa59a06d8b41f149') in 0.0583586 seconds
Number of updated asset objects reloaded before import = 0Number of asset objects unloaded after import = 1

========================================================================
Received Import Request.
  Time since last request: 0.000191 seconds.
  path: Packages/com.unity.collab-proxy/Editor/Assets/Images/step3@2x.png
  artifactKey: Guid(36e6970b84831434a9eac79abd03700b) Importer(2089858483,b0f066a214c2f5e87bad3c948f4d605d)
Start importing Packages/com.unity.collab-proxy/Editor/Assets/Images/step3@2x.png using Guid(36e6970b84831434a9eac79abd03700b) Importer(2089858483,b0f066a214c2f5e87bad3c948f4d605d) (ScriptedImporter) -> (artifact id: 'f2f514aa0efde905278d401946b5348a') in 0.0264207 seconds
Number of updated asset objects reloaded before import = 0Number of asset objects unloaded after import = 1

========================================================================
Received Import Request.
  Time since last request: 0.000079 seconds.
  path: Packages/com.unity.collab-proxy/Editor/Assets/Images/secondarytabclosehover.png
  artifactKey: Guid(8fac55fff4ce5fa40a7b2efefc0e617a) Importer(2089858483,b0f066a214c2f5e87bad3c948f4d605d)
Start importing Packages/com.unity.collab-proxy/Editor/Assets/Images/secondarytabclosehover.png using Guid(8fac55fff4ce5fa40a7b2efefc0e617a) Importer(2089858483,b0f066a214c2f5e87bad3c948f4d605d) (ScriptedImporter) -> (artifact id: '8f471a34973283fe2f4d026eb0bb6a95') in 0.0276332 seconds
Number of updated asset objects reloaded before import = 0Number of asset objects unloaded after import = 1

========================================================================
Received Import Request.
  Time since last request: 0.000177 seconds.
  path: Packages/com.unity.collab-proxy/Editor/Assets/Images/iconlabel@2x.png
  artifactKey: Guid(c8396bd7e257d6b4b8d1d72fdb7a2684) Importer(2089858483,b0f066a214c2f5e87bad3c948f4d605d)
Start importing Packages/com.unity.collab-proxy/Editor/Assets/Images/iconlabel@2x.png using Guid(c8396bd7e257d6b4b8d1d72fdb7a2684) Importer(2089858483,b0f066a214c2f5e87bad3c948f4d605d) (ScriptedImporter) -> (artifact id: '93489ac8f0bea3e5d69a9b94f6ef36f5') in 0.024753 seconds
Number of updated asset objects reloaded before import = 0Number of asset objects unloaded after import = 3

========================================================================
Received Import Request.
  Time since last request: 0.000031 seconds.
  path: Packages/com.unity.collab-proxy/Editor/Assets/Images/iconlockretained.png
  artifactKey: Guid(bac66973cba57b842965eb95154fba7e) Importer(2089858483,b0f066a214c2f5e87bad3c948f4d605d)
Start importing Packages/com.unity.collab-proxy/Editor/Assets/Images/iconlockretained.png using Guid(bac66973cba57b842965eb95154fba7e) Importer(2089858483,b0f066a214c2f5e87bad3c948f4d605d) (ScriptedImporter) -> (artifact id: '4b762755ec42083803b7120da1d90244') in 0.0219507 seconds
Number of updated asset objects reloaded before import = 0Number of asset objects unloaded after import = 3

========================================================================
Received Import Request.
  Time since last request: 0.000031 seconds.
  path: Packages/com.unity.collab-proxy/Editor/Assets/Layouts/SignInWithEmailPanel.uxml
  artifactKey: Guid(0229db2477529f049aa3683cfba9d23b) Importer(2089858483,b0f066a214c2f5e87bad3c948f4d605d)
Start importing Packages/com.unity.collab-proxy/Editor/Assets/Layouts/SignInWithEmailPanel.uxml using Guid(0229db2477529f049aa3683cfba9d23b) Importer(2089858483,b0f066a214c2f5e87bad3c948f4d605d) (ScriptedImporter) -> (artifact id: '3d047782b64f51e7a4c0c85a3711126c') in 0.1103671 seconds
Number of updated asset objects reloaded before import = 0Number of asset objects unloaded after import = 2

========================================================================
Received Import Request.
  Time since last request: 0.000139 seconds.
  path: Packages/com.unity.collab-proxy/Editor/CloudDrive/CreateWorkspace/CollaboratorsListViewItem.cs
  artifactKey: Guid(a287a16eb8f0400e86cec102678ab7a5) Importer(2089858483,b0f066a214c2f5e87bad3c948f4d605d)
Start importing Packages/com.unity.collab-proxy/Editor/CloudDrive/CreateWorkspace/CollaboratorsListViewItem.cs using Guid(a287a16eb8f0400e86cec102678ab7a5) Importer(2089858483,b0f066a214c2f5e87bad3c948f4d605d) (ScriptedImporter) -> (artifact id: '944cdc3cd90c2b5308ad035369f8eff0') in 0.0151685 seconds
Number of updated asset objects reloaded before import = 0Number of asset objects unloaded after import = 0

========================================================================
Received Import Request.
  Time since last request: 0.000197 seconds.
  path: Packages/com.unity.collab-proxy/Editor/Assets/Images/iconignoredoverlay@2x.png
  artifactKey: Guid(fcbeb36f6ab89fb498ccbbc3bc2ef51c) Importer(2089858483,b0f066a214c2f5e87bad3c948f4d605d)
Start importing Packages/com.unity.collab-proxy/Editor/Assets/Images/iconignoredoverlay@2x.png using Guid(fcbeb36f6ab89fb498ccbbc3bc2ef51c) Importer(2089858483,b0f066a214c2f5e87bad3c948f4d605d) (ScriptedImporter) -> (artifact id: '9e6dffc6ab8188990014002823a31399') in 0.025035 seconds
Number of updated asset objects reloaded before import = 0Number of asset objects unloaded after import = 3

========================================================================
Received Import Request.
  Time since last request: 0.000027 seconds.
  path: Packages/com.unity.collab-proxy/Editor/AssetsUtils/Processor/UnityCloudProjectLinkMonitor.cs
  artifactKey: Guid(b77071fd36e946809b40d79e6ba9fe8a) Importer(2089858483,b0f066a214c2f5e87bad3c948f4d605d)
Start importing Packages/com.unity.collab-proxy/Editor/AssetsUtils/Processor/UnityCloudProjectLinkMonitor.cs using Guid(b77071fd36e946809b40d79e6ba9fe8a) Importer(2089858483,b0f066a214c2f5e87bad3c948f4d605d) (ScriptedImporter) -> (artifact id: '80e9d3752e5fb98b153b050035fa1556') in 0.0164682 seconds
Number of updated asset objects reloaded before import = 0Number of asset objects unloaded after import = 0

========================================================================
Received Import Request.
  Time since last request: 0.000178 seconds.
  path: Packages/com.unity.collab-proxy/Editor/Assets/Images/stepok@2x.png
  artifactKey: Guid(be340a165cb9c8d4cb50f1deeb51d4ea) Importer(2089858483,b0f066a214c2f5e87bad3c948f4d605d)
Start importing Packages/com.unity.collab-proxy/Editor/Assets/Images/stepok@2x.png using Guid(be340a165cb9c8d4cb50f1deeb51d4ea) Importer(2089858483,b0f066a214c2f5e87bad3c948f4d605d) (ScriptedImporter) -> (artifact id: '9d7b9765afd0b21cfbfdb848552d7d48') in 0.0265801 seconds
Number of updated asset objects reloaded before import = 0Number of asset objects unloaded after import = 1

========================================================================
Received Import Request.
  Time since last request: 0.000149 seconds.
  path: Packages/com.unity.collab-proxy/Editor/Assets/Images/iconmergelink.png
  artifactKey: Guid(120bf54dff785a0429b068b814e9c12a) Importer(2089858483,b0f066a214c2f5e87bad3c948f4d605d)
Start importing Packages/com.unity.collab-proxy/Editor/Assets/Images/iconmergelink.png using Guid(120bf54dff785a0429b068b814e9c12a) Importer(2089858483,b0f066a214c2f5e87bad3c948f4d605d) (ScriptedImporter) -> (artifact id: '63fb4c8ad29292cf06f21dc2758cba44') in 0.0250654 seconds
Number of updated asset objects reloaded before import = 0Number of asset objects unloaded after import = 1

========================================================================
Received Import Request.
  Time since last request: 0.000112 seconds.
  path: Packages/com.unity.collab-proxy/Editor/Assets/Layouts/WaitingSignInPanel.uxml
  artifactKey: Guid(913c727eecab25c489fa2adbad9c9ab8) Importer(2089858483,b0f066a214c2f5e87bad3c948f4d605d)
Start importing Packages/com.unity.collab-proxy/Editor/Assets/Layouts/WaitingSignInPanel.uxml using Guid(913c727eecab25c489fa2adbad9c9ab8) Importer(2089858483,b0f066a214c2f5e87bad3c948f4d605d) (ScriptedImporter) -> (artifact id: 'fc73a4e821d02c1b4249712368d5bdbb') in 0.0260046 seconds
Number of updated asset objects reloaded before import = 0Number of asset objects unloaded after import = 2

========================================================================
Received Import Request.
  Time since last request: 0.000031 seconds.
  path: Packages/com.unity.collab-proxy/Editor/CodeEditor/Document/IDocument.cs
  artifactKey: Guid(d170e6aba78146b09759f774ef27c7fd) Importer(2089858483,b0f066a214c2f5e87bad3c948f4d605d)
Start importing Packages/com.unity.collab-proxy/Editor/CodeEditor/Document/IDocument.cs using Guid(d170e6aba78146b09759f774ef27c7fd) Importer(2089858483,b0f066a214c2f5e87bad3c948f4d605d) (ScriptedImporter) -> (artifact id: 'c2f620069ea584c33d422ea35eeba895') in 0.019325 seconds
Number of updated asset objects reloaded before import = 0Number of asset objects unloaded after import = 0

========================================================================
Received Import Request.
  Time since last request: 0.000266 seconds.
  path: Packages/com.unity.collab-proxy/Editor/Assets/Styles/DownloadPlasticExeDialog.uss
  artifactKey: Guid(3073089003718474ab284d743790fbb2) Importer(2089858483,b0f066a214c2f5e87bad3c948f4d605d)
Start importing Packages/com.unity.collab-proxy/Editor/Assets/Styles/DownloadPlasticExeDialog.uss using Guid(3073089003718474ab284d743790fbb2) Importer(2089858483,b0f066a214c2f5e87bad3c948f4d605d) (ScriptedImporter) -> (artifact id: '3e45d6ff199fefe4803fae30b81dbb51') in 0.0246985 seconds
Number of updated asset objects reloaded before import = 0Number of asset objects unloaded after import = 2

========================================================================
Received Import Request.
  Time since last request: 0.000135 seconds.
  path: Packages/com.unity.collab-proxy/Editor/Assets/Images/iconplasticnotifyincoming@2x.png
  artifactKey: Guid(ae869fe6797f4454cbbf417d87ff637c) Importer(2089858483,b0f066a214c2f5e87bad3c948f4d605d)
Start importing Packages/com.unity.collab-proxy/Editor/Assets/Images/iconplasticnotifyincoming@2x.png using Guid(ae869fe6797f4454cbbf417d87ff637c) Importer(2089858483,b0f066a214c2f5e87bad3c948f4d605d) (ScriptedImporter) -> (artifact id: '2f70216f13d126665cf798888aba19e5') in 0.0278268 seconds
Number of updated asset objects reloaded before import = 0Number of asset objects unloaded after import = 1

========================================================================
Received Import Request.
  Time since last request: 0.000286 seconds.
  path: Packages/com.unity.collab-proxy/Editor/Assets/Images/iconoutofsync@2x.png
  artifactKey: Guid(d7094718bdac022428dd29244922d06b) Importer(2089858483,b0f066a214c2f5e87bad3c948f4d605d)
Start importing Packages/com.unity.collab-proxy/Editor/Assets/Images/iconoutofsync@2x.png using Guid(d7094718bdac022428dd29244922d06b) Importer(2089858483,b0f066a214c2f5e87bad3c948f4d605d) (ScriptedImporter) -> (artifact id: 'f61cff55154bbcf96a0ed77096ea79c7') in 0.0266994 seconds
Number of updated asset objects reloaded before import = 0Number of asset objects unloaded after import = 1

========================================================================
Received Import Request.
  Time since last request: 0.000123 seconds.
  path: Packages/com.unity.collab-proxy/Editor/Assets/Images/iconinviteusers@2x.png
  artifactKey: Guid(b43651fb085b38445ade3f9de3ab0636) Importer(2089858483,b0f066a214c2f5e87bad3c948f4d605d)
Start importing Packages/com.unity.collab-proxy/Editor/Assets/Images/iconinviteusers@2x.png using Guid(b43651fb085b38445ade3f9de3ab0636) Importer(2089858483,b0f066a214c2f5e87bad3c948f4d605d) (ScriptedImporter) -> (artifact id: 'b824bc2045b1741fd16e1c62fe3f8fe9') in 0.0299727 seconds
Number of updated asset objects reloaded before import = 0Number of asset objects unloaded after import = 3

========================================================================
Received Import Request.
  Time since last request: 0.000034 seconds.
  path: Packages/com.unity.collab-proxy/Editor/Assets/Images/icondeletedremote@2x.png
  artifactKey: Guid(70e3ce8ad01f39248a3ea97a35bcf238) Importer(2089858483,b0f066a214c2f5e87bad3c948f4d605d)
Start importing Packages/com.unity.collab-proxy/Editor/Assets/Images/icondeletedremote@2x.png using Guid(70e3ce8ad01f39248a3ea97a35bcf238) Importer(2089858483,b0f066a214c2f5e87bad3c948f4d605d) (ScriptedImporter) -> (artifact id: 'd0d218187a474d562ec272bcee2f1947') in 0.0229544 seconds
Number of updated asset objects reloaded before import = 0Number of asset objects unloaded after import = 1

========================================================================
Received Import Request.
  Time since last request: 0.000130 seconds.
  path: Packages/com.unity.collab-proxy/Editor/Assets/Images/refresh.png
  artifactKey: Guid(6f6a4c6bd7cdc654d9d91f7de72afcb6) Importer(2089858483,b0f066a214c2f5e87bad3c948f4d605d)
Start importing Packages/com.unity.collab-proxy/Editor/Assets/Images/refresh.png using Guid(6f6a4c6bd7cdc654d9d91f7de72afcb6) Importer(2089858483,b0f066a214c2f5e87bad3c948f4d605d) (ScriptedImporter) -> (artifact id: '66b1aed305bbb06a27f69ab309c1df31') in 0.0191836 seconds
Number of updated asset objects reloaded before import = 0Number of asset objects unloaded after import = 1

========================================================================
Received Import Request.
  Time since last request: 0.000211 seconds.
  path: Packages/com.unity.collab-proxy/Editor/Assets/Styles/OrganizationPanel.uss
  artifactKey: Guid(642639f75f2dfbd4ab01e6708b58f304) Importer(2089858483,b0f066a214c2f5e87bad3c948f4d605d)
Start importing Packages/com.unity.collab-proxy/Editor/Assets/Styles/OrganizationPanel.uss using Guid(642639f75f2dfbd4ab01e6708b58f304) Importer(2089858483,b0f066a214c2f5e87bad3c948f4d605d) (ScriptedImporter) -> (artifact id: 'bcad846ffe4f781df1f9900fcca8ad69') in 0.0200307 seconds
Number of updated asset objects reloaded before import = 0Number of asset objects unloaded after import = 2

========================================================================
Received Import Request.
  Time since last request: 0.000143 seconds.
  path: Packages/com.unity.collab-proxy/Editor/CloudDrive/ShareWorkspace/ShareWorkspaceDialog.cs
  artifactKey: Guid(dc2789440232fe940b427760def51c66) Importer(2089858483,b0f066a214c2f5e87bad3c948f4d605d)
Start importing Packages/com.unity.collab-proxy/Editor/CloudDrive/ShareWorkspace/ShareWorkspaceDialog.cs using Guid(dc2789440232fe940b427760def51c66) Importer(2089858483,b0f066a214c2f5e87bad3c948f4d605d) (ScriptedImporter) -> (artifact id: '5a11e6bea48f982da258d1fbcee02763') in 0.0172092 seconds
Number of updated asset objects reloaded before import = 0Number of asset objects unloaded after import = 0

========================================================================
Received Import Request.
  Time since last request: 0.000193 seconds.
  path: Packages/com.unity.collab-proxy/Editor/Assets/Images/iconshelve@2x.png
  artifactKey: Guid(695fbddd7238dc94c8f102d9191c2886) Importer(2089858483,b0f066a214c2f5e87bad3c948f4d605d)
Start importing Packages/com.unity.collab-proxy/Editor/Assets/Images/iconshelve@2x.png using Guid(695fbddd7238dc94c8f102d9191c2886) Importer(2089858483,b0f066a214c2f5e87bad3c948f4d605d) (ScriptedImporter) -> (artifact id: '4901011ce41c227e735c4ad2573c42d2') in 0.0243028 seconds
Number of updated asset objects reloaded before import = 0Number of asset objects unloaded after import = 3

========================================================================
Received Import Request.
  Time since last request: 0.000034 seconds.
  path: Packages/com.unity.collab-proxy/Editor/Assets/Images/iconplasticnotifyincoming.png
  artifactKey: Guid(1e6c9635b80f973488d8335a081c905f) Importer(2089858483,b0f066a214c2f5e87bad3c948f4d605d)
Start importing Packages/com.unity.collab-proxy/Editor/Assets/Images/iconplasticnotifyincoming.png using Guid(1e6c9635b80f973488d8335a081c905f) Importer(2089858483,b0f066a214c2f5e87bad3c948f4d605d) (ScriptedImporter) -> (artifact id: 'faf0771548d084e7ce73494d0bd8d99f') in 0.0273462 seconds
Number of updated asset objects reloaded before import = 0Number of asset objects unloaded after import = 1

========================================================================
Received Import Request.
  Time since last request: 0.000093 seconds.
  path: Packages/com.unity.collab-proxy/Editor/Assets/Images/iconinviteusers.png
  artifactKey: Guid(40e23f4f2fddc724db517c63f4d8990d) Importer(2089858483,b0f066a214c2f5e87bad3c948f4d605d)
Start importing Packages/com.unity.collab-proxy/Editor/Assets/Images/iconinviteusers.png using Guid(40e23f4f2fddc724db517c63f4d8990d) Importer(2089858483,b0f066a214c2f5e87bad3c948f4d605d) (ScriptedImporter) -> (artifact id: '147386959d3920a54e99eab72b61b19d') in 0.0217316 seconds
Number of updated asset objects reloaded before import = 0Number of asset objects unloaded after import = 3

========================================================================
Received Import Request.
  Time since last request: 0.000053 seconds.
  path: Packages/com.unity.collab-proxy/Editor/Assets/Images/iconoutofsyncoverlay@2x.png
  artifactKey: Guid(3728580c149181a44b359e89f6edacae) Importer(2089858483,b0f066a214c2f5e87bad3c948f4d605d)
Start importing Packages/com.unity.collab-proxy/Editor/Assets/Images/iconoutofsyncoverlay@2x.png using Guid(3728580c149181a44b359e89f6edacae) Importer(2089858483,b0f066a214c2f5e87bad3c948f4d605d) (ScriptedImporter) -> (artifact id: '17197abe7d6014d36669eaf5b2220b09') in 0.0248185 seconds
Number of updated asset objects reloaded before import = 0Number of asset objects unloaded after import = 1

========================================================================
Received Import Request.
  Time since last request: 0.000436 seconds.
  path: Packages/com.unity.collab-proxy/Editor/Assets/Layouts/ProgressControlsForDialogs.uxml
  artifactKey: Guid(feccc3dff22272744a267246ae760a73) Importer(2089858483,b0f066a214c2f5e87bad3c948f4d605d)
Start importing Packages/com.unity.collab-proxy/Editor/Assets/Layouts/ProgressControlsForDialogs.uxml using Guid(feccc3dff22272744a267246ae760a73) Importer(2089858483,b0f066a214c2f5e87bad3c948f4d605d) (ScriptedImporter) -> (artifact id: '52759fc9d5a5d0303be5c52213d01407') in 0.0220256 seconds
Number of updated asset objects reloaded before import = 0Number of asset objects unloaded after import = 2

========================================================================
Received Import Request.
  Time since last request: 0.000163 seconds.
  path: Packages/com.unity.collab-proxy/Editor/AssetsUtils/Processor/UVCSAssetPostprocessor.cs
  artifactKey: Guid(e9ffdef169b1cbb4e9910671a9ee83bc) Importer(2089858483,b0f066a214c2f5e87bad3c948f4d605d)
Start importing Packages/com.unity.collab-proxy/Editor/AssetsUtils/Processor/UVCSAssetPostprocessor.cs using Guid(e9ffdef169b1cbb4e9910671a9ee83bc) Importer(2089858483,b0f066a214c2f5e87bad3c948f4d605d) (ScriptedImporter) -> (artifact id: 'f4a0815266f7cb992c81508194a3cf2f') in 0.0157033 seconds
Number of updated asset objects reloaded before import = 0Number of asset objects unloaded after import = 0

========================================================================
Received Import Request.
  Time since last request: 0.000219 seconds.
  path: Packages/com.unity.collab-proxy/Editor/CodeEditor/Document/DocumentChangeEventArgs.cs
  artifactKey: Guid(eb0dcdae5773e44869a9ea2b87f7d8a1) Importer(2089858483,b0f066a214c2f5e87bad3c948f4d605d)
Start importing Packages/com.unity.collab-proxy/Editor/CodeEditor/Document/DocumentChangeEventArgs.cs using Guid(eb0dcdae5773e44869a9ea2b87f7d8a1) Importer(2089858483,b0f066a214c2f5e87bad3c948f4d605d) (ScriptedImporter) -> (artifact id: '1425ea366aab1f3ca852acc86179fa9b') in 0.0164589 seconds
Number of updated asset objects reloaded before import = 0Number of asset objects unloaded after import = 0

========================================================================
Received Import Request.
  Time since last request: 0.000162 seconds.
  path: Packages/com.unity.collab-proxy/Editor/Assets/Images/iconinfobellnotification.png
  artifactKey: Guid(ca9343b72095cb846be99d76d069dfc0) Importer(2089858483,b0f066a214c2f5e87bad3c948f4d605d)
Start importing Packages/com.unity.collab-proxy/Editor/Assets/Images/iconinfobellnotification.png using Guid(ca9343b72095cb846be99d76d069dfc0) Importer(2089858483,b0f066a214c2f5e87bad3c948f4d605d) (ScriptedImporter) -> (artifact id: '435eeed4a343d1593f9d9327b56fc976') in 0.020273 seconds
Number of updated asset objects reloaded before import = 0Number of asset objects unloaded after import = 3

========================================================================
Received Import Request.
  Time since last request: 0.000031 seconds.
  path: Packages/com.unity.collab-proxy/Editor/Assets/Images/iconincomingchangesview@2x.png
  artifactKey: Guid(b8263c2f8ead9485180cfeaa9bde0999) Importer(2089858483,b0f066a214c2f5e87bad3c948f4d605d)
Start importing Packages/com.unity.collab-proxy/Editor/Assets/Images/iconincomingchangesview@2x.png using Guid(b8263c2f8ead9485180cfeaa9bde0999) Importer(2089858483,b0f066a214c2f5e87bad3c948f4d605d) (ScriptedImporter) -> (artifact id: '9c799efd9d9b0a90ca9cea77befb7d30') in 0.023581 seconds
Number of updated asset objects reloaded before import = 0Number of asset objects unloaded after import = 3

========================================================================
Received Import Request.
  Time since last request: 0.000025 seconds.
  path: Packages/com.unity.collab-proxy/Editor/Assets/Images/iconincomingchangesview.png
  artifactKey: Guid(c677bcd9111fb4514aa1a56844e9006f) Importer(2089858483,b0f066a214c2f5e87bad3c948f4d605d)
Start importing Packages/com.unity.collab-proxy/Editor/Assets/Images/iconincomingchangesview.png using Guid(c677bcd9111fb4514aa1a56844e9006f) Importer(2089858483,b0f066a214c2f5e87bad3c948f4d605d) (ScriptedImporter) -> (artifact id: '1407dc1597779459a99db13648345d0a') in 0.0253442 seconds
Number of updated asset objects reloaded before import = 0Number of asset objects unloaded after import = 3

========================================================================
Received Import Request.
  Time since last request: 1.752117 seconds.
  path: Packages/com.unity.collab-proxy/Editor/CodeEditor/Document/TextSourceVersionProvider.cs
  artifactKey: Guid(17cae8c12182e4a88b5695b1b2eea5cd) Importer(2089858483,b0f066a214c2f5e87bad3c948f4d605d)
Start importing Packages/com.unity.collab-proxy/Editor/CodeEditor/Document/TextSourceVersionProvider.cs using Guid(17cae8c12182e4a88b5695b1b2eea5cd) Importer(2089858483,b0f066a214c2f5e87bad3c948f4d605d) (ScriptedImporter) -> (artifact id: 'd39601d7a25b97606d915e5ae41d36b1') in 0.0153824 seconds
Number of updated asset objects reloaded before import = 0Number of asset objects unloaded after import = 0

========================================================================
Received Import Request.
  Time since last request: 0.000147 seconds.
  path: Packages/com.unity.collab-proxy/Editor/Views/BranchExplorer/BranchExplorerFocusListener.cs
  artifactKey: Guid(02516f77f52743eeb912e608678868ef) Importer(2089858483,b0f066a214c2f5e87bad3c948f4d605d)
Start importing Packages/com.unity.collab-proxy/Editor/Views/BranchExplorer/BranchExplorerFocusListener.cs using Guid(02516f77f52743eeb912e608678868ef) Importer(2089858483,b0f066a214c2f5e87bad3c948f4d605d) (ScriptedImporter) -> (artifact id: '78210fbf06c0015cc37a1f8994d0e597') in 0.0112611 seconds
Number of updated asset objects reloaded before import = 0Number of asset objects unloaded after import = 0

========================================================================
Received Import Request.
  Time since last request: 0.000172 seconds.
  path: Packages/com.unity.collab-proxy/Editor/Views/Branch/BranchesListHeaderState.cs
  artifactKey: Guid(f4a41e458bcb22946bcfa6b165c90288) Importer(2089858483,b0f066a214c2f5e87bad3c948f4d605d)
Start importing Packages/com.unity.collab-proxy/Editor/Views/Branch/BranchesListHeaderState.cs using Guid(f4a41e458bcb22946bcfa6b165c90288) Importer(2089858483,b0f066a214c2f5e87bad3c948f4d605d) (ScriptedImporter) -> (artifact id: '27b1cfd560b01621bedf70faa068cad8') in 0.0175959 seconds
Number of updated asset objects reloaded before import = 0Number of asset objects unloaded after import = 0

========================================================================
Received Import Request.
  Time since last request: 0.000181 seconds.
  path: Packages/com.unity.collab-proxy/Editor/CodeEditor/Utils/PropertyChangedWeakEventManager.cs
  artifactKey: Guid(8e419520e9d6e49c8bae5052896fe460) Importer(2089858483,b0f066a214c2f5e87bad3c948f4d605d)
Start importing Packages/com.unity.collab-proxy/Editor/CodeEditor/Utils/PropertyChangedWeakEventManager.cs using Guid(8e419520e9d6e49c8bae5052896fe460) Importer(2089858483,b0f066a214c2f5e87bad3c948f4d605d) (ScriptedImporter) -> (artifact id: '1870aef918ee4beb45233174e5c26985') in 0.0187671 seconds
Number of updated asset objects reloaded before import = 0Number of asset objects unloaded after import = 0

========================================================================
Received Import Request.
  Time since last request: 0.000132 seconds.
  path: Packages/com.unity.collab-proxy/Editor/CodeEditor/Utils/IFreezable.cs
  artifactKey: Guid(036a88373b074a0cb5c99d4568e77563) Importer(2089858483,b0f066a214c2f5e87bad3c948f4d605d)
Start importing Packages/com.unity.collab-proxy/Editor/CodeEditor/Utils/IFreezable.cs using Guid(036a88373b074a0cb5c99d4568e77563) Importer(2089858483,b0f066a214c2f5e87bad3c948f4d605d) (ScriptedImporter) -> (artifact id: '150f1285597b1f929e87b287ce61e413') in 0.0203381 seconds
Number of updated asset objects reloaded before import = 0Number of asset objects unloaded after import = 0

========================================================================
Received Import Request.
  Time since last request: 0.000165 seconds.
  path: Packages/com.unity.collab-proxy/Editor/CodeEditor/Rendering/ColorizingTransformer.cs
  artifactKey: Guid(68d7cf500a1a483a91877267c234c1bc) Importer(2089858483,b0f066a214c2f5e87bad3c948f4d605d)
Start importing Packages/com.unity.collab-proxy/Editor/CodeEditor/Rendering/ColorizingTransformer.cs using Guid(68d7cf500a1a483a91877267c234c1bc) Importer(2089858483,b0f066a214c2f5e87bad3c948f4d605d) (ScriptedImporter) -> (artifact id: '2249725789f18581c6cc47712f6e580d') in 0.0191799 seconds
Number of updated asset objects reloaded before import = 0Number of asset objects unloaded after import = 0

========================================================================
Received Import Request.
  Time since last request: 0.000274 seconds.
  path: Packages/com.unity.collab-proxy/Editor/CodeEditor/Editing/TextSegmentReadOnlySectionProvider.cs
  artifactKey: Guid(c70164c20e48fc7478fd88c1613ac05a) Importer(2089858483,b0f066a214c2f5e87bad3c948f4d605d)
Start importing Packages/com.unity.collab-proxy/Editor/CodeEditor/Editing/TextSegmentReadOnlySectionProvider.cs using Guid(c70164c20e48fc7478fd88c1613ac05a) Importer(2089858483,b0f066a214c2f5e87bad3c948f4d605d) (ScriptedImporter) -> (artifact id: 'ab37e48cfc60d6ed5d663ca5203de7c5') in 0.0178241 seconds
Number of updated asset objects reloaded before import = 0Number of asset objects unloaded after import = 0

========================================================================
Received Import Request.
  Time since last request: 0.000193 seconds.
  path: Packages/com.unity.collab-proxy/Editor/CodeEditor/Rendering/ITextRunConstructionContext.cs
  artifactKey: Guid(51def9dc85f6426281d8d68f63b72425) Importer(2089858483,b0f066a214c2f5e87bad3c948f4d605d)
Start importing Packages/com.unity.collab-proxy/Editor/CodeEditor/Rendering/ITextRunConstructionContext.cs using Guid(51def9dc85f6426281d8d68f63b72425) Importer(2089858483,b0f066a214c2f5e87bad3c948f4d605d) (ScriptedImporter) -> (artifact id: 'e1549749b384608dd83a4eb94be49096') in 0.0194509 seconds
Number of updated asset objects reloaded before import = 0Number of asset objects unloaded after import = 0

========================================================================
Received Import Request.
  Time since last request: 0.000230 seconds.
  path: Packages/com.unity.collab-proxy/Editor/UI/Errors/ErrorsPanel.cs
  artifactKey: Guid(79a84f5f92624d57ae40a84a53bd9d24) Importer(2089858483,b0f066a214c2f5e87bad3c948f4d605d)
Start importing Packages/com.unity.collab-proxy/Editor/UI/Errors/ErrorsPanel.cs using Guid(79a84f5f92624d57ae40a84a53bd9d24) Importer(2089858483,b0f066a214c2f5e87bad3c948f4d605d) (ScriptedImporter) -> (artifact id: '01921943f2523ce0ba44a3e376371f55') in 0.0153591 seconds
Number of updated asset objects reloaded before import = 0Number of asset objects unloaded after import = 0

========================================================================
Received Import Request.
  Time since last request: 0.000137 seconds.
  path: Packages/com.unity.collab-proxy/Editor/CodeEditor/Utils/ImmutableStack.cs
  artifactKey: Guid(9f34ddd268be4f129abea2667eff4185) Importer(2089858483,b0f066a214c2f5e87bad3c948f4d605d)
Start importing Packages/com.unity.collab-proxy/Editor/CodeEditor/Utils/ImmutableStack.cs using Guid(9f34ddd268be4f129abea2667eff4185) Importer(2089858483,b0f066a214c2f5e87bad3c948f4d605d) (ScriptedImporter) -> (artifact id: '5ba0febe9a3e08bd74173be68f9f9fe6') in 0.0188819 seconds
Number of updated asset objects reloaded before import = 0Number of asset objects unloaded after import = 0

========================================================================
Received Import Request.
  Time since last request: 0.000177 seconds.
  path: Packages/com.unity.collab-proxy/Editor/Inspector/Properties/PropertiesViewer.cs
  artifactKey: Guid(89c8459035a34dab8b0141d4c4e3e3db) Importer(2089858483,b0f066a214c2f5e87bad3c948f4d605d)
Start importing Packages/com.unity.collab-proxy/Editor/Inspector/Properties/PropertiesViewer.cs using Guid(89c8459035a34dab8b0141d4c4e3e3db) Importer(2089858483,b0f066a214c2f5e87bad3c948f4d605d) (ScriptedImporter) -> (artifact id: '02db9e4ad6cfc8480659ca2ee52d37c9') in 0.0170513 seconds
Number of updated asset objects reloaded before import = 0Number of asset objects unloaded after import = 0

========================================================================
Received Import Request.
  Time since last request: 0.000253 seconds.
  path: Packages/com.unity.collab-proxy/Editor/CodeEditor/Editing/SelectionLayer.cs
  artifactKey: Guid(e474d6ad70f144ef80492c464c2e8d4c) Importer(2089858483,b0f066a214c2f5e87bad3c948f4d605d)
Start importing Packages/com.unity.collab-proxy/Editor/CodeEditor/Editing/SelectionLayer.cs using Guid(e474d6ad70f144ef80492c464c2e8d4c) Importer(2089858483,b0f066a214c2f5e87bad3c948f4d605d) (ScriptedImporter) -> (artifact id: '2a73cd30b095a7b7b7b001f7bb08edc1') in 0.0207952 seconds
Number of updated asset objects reloaded before import = 0Number of asset objects unloaded after import = 0

========================================================================
Received Import Request.
  Time since last request: 0.000211 seconds.
  path: Packages/com.unity.collab-proxy/Editor/Inspector/Properties/SelectedRepObjectInfoData.cs
  artifactKey: Guid(b6b94b53391e4873a684f61c6f109710) Importer(2089858483,b0f066a214c2f5e87bad3c948f4d605d)
Start importing Packages/com.unity.collab-proxy/Editor/Inspector/Properties/SelectedRepObjectInfoData.cs using Guid(b6b94b53391e4873a684f61c6f109710) Importer(2089858483,b0f066a214c2f5e87bad3c948f4d605d) (ScriptedImporter) -> (artifact id: 'b50434c71f62ab7b01004840a254b455') in 0.0159366 seconds
Number of updated asset objects reloaded before import = 0Number of asset objects unloaded after import = 0

========================================================================
Received Import Request.
  Time since last request: 0.000125 seconds.
  path: Packages/com.unity.collab-proxy/Editor/UI/UIElements/OverlayProgressControls.cs
  artifactKey: Guid(0288f47d0c1f4195b1fdf2c90407c9c3) Importer(2089858483,b0f066a214c2f5e87bad3c948f4d605d)
Start importing Packages/com.unity.collab-proxy/Editor/UI/UIElements/OverlayProgressControls.cs using Guid(0288f47d0c1f4195b1fdf2c90407c9c3) Importer(2089858483,b0f066a214c2f5e87bad3c948f4d605d) (ScriptedImporter) -> (artifact id: '46830b3dbbb68f811a28e09b49215b44') in 0.0179417 seconds
Number of updated asset objects reloaded before import = 0Number of asset objects unloaded after import = 0

========================================================================
Received Import Request.
  Time since last request: 0.000155 seconds.
  path: Packages/com.unity.collab-proxy/Editor/Views/Diff/DiffSelection.cs
  artifactKey: Guid(4ef5fb54cd29b40468eaf5a14e9845ed) Importer(2089858483,b0f066a214c2f5e87bad3c948f4d605d)
Start importing Packages/com.unity.collab-proxy/Editor/Views/Diff/DiffSelection.cs using Guid(4ef5fb54cd29b40468eaf5a14e9845ed) Importer(2089858483,b0f066a214c2f5e87bad3c948f4d605d) (ScriptedImporter) -> (artifact id: '3369537f29ef89f1acc77f990b3dcec8') in 0.0211881 seconds
Number of updated asset objects reloaded before import = 0Number of asset objects unloaded after import = 0

========================================================================
Received Import Request.
  Time since last request: 0.000197 seconds.
  path: Packages/com.unity.collab-proxy/Editor/UVCSToolbar/PopupWindow/PopupWindowDrawing.cs
  artifactKey: Guid(064a7a3d9b9b458f87abe1ec38227570) Importer(2089858483,b0f066a214c2f5e87bad3c948f4d605d)
Start importing Packages/com.unity.collab-proxy/Editor/UVCSToolbar/PopupWindow/PopupWindowDrawing.cs using Guid(064a7a3d9b9b458f87abe1ec38227570) Importer(2089858483,b0f066a214c2f5e87bad3c948f4d605d) (ScriptedImporter) -> (artifact id: 'e0765b9dff2a887a2670266116e50d94') in 0.019286 seconds
Number of updated asset objects reloaded before import = 0Number of asset objects unloaded after import = 0

========================================================================
Received Import Request.
  Time since last request: 0.000201 seconds.
  path: Packages/com.unity.collab-proxy/Editor/Views/BranchExplorer/FindReferenceChangeset.cs
  artifactKey: Guid(06643e3404d14375af98fc02b7314141) Importer(2089858483,b0f066a214c2f5e87bad3c948f4d605d)
Start importing Packages/com.unity.collab-proxy/Editor/Views/BranchExplorer/FindReferenceChangeset.cs using Guid(06643e3404d14375af98fc02b7314141) Importer(2089858483,b0f066a214c2f5e87bad3c948f4d605d) (ScriptedImporter) -> (artifact id: '722efb5c8b88d59b0be6d0731cdcf2be') in 0.0163696 seconds
Number of updated asset objects reloaded before import = 0Number of asset objects unloaded after import = 0

========================================================================
Received Import Request.
  Time since last request: 0.000222 seconds.
  path: Packages/com.unity.collab-proxy/Editor/CodeEditor/Editing/EditingCommands.cs
  artifactKey: Guid(2c0888ba8c8e4b2889752ee1eb9b3e9e) Importer(2089858483,b0f066a214c2f5e87bad3c948f4d605d)
Start importing Packages/com.unity.collab-proxy/Editor/CodeEditor/Editing/EditingCommands.cs using Guid(2c0888ba8c8e4b2889752ee1eb9b3e9e) Importer(2089858483,b0f066a214c2f5e87bad3c948f4d605d) (ScriptedImporter) -> (artifact id: '6f05f702c07721e5a1b2acd7e9e2695e') in 0.0179118 seconds
Number of updated asset objects reloaded before import = 0Number of asset objects unloaded after import = 0

========================================================================
Received Import Request.
  Time since last request: 0.000188 seconds.
  path: Packages/com.unity.collab-proxy/Editor/Views/History/HistoryListHeaderState.cs
  artifactKey: Guid(5b6e8a80709e2264eb383ef6b40e181f) Importer(2089858483,b0f066a214c2f5e87bad3c948f4d605d)
Start importing Packages/com.unity.collab-proxy/Editor/Views/History/HistoryListHeaderState.cs using Guid(5b6e8a80709e2264eb383ef6b40e181f) Importer(2089858483,b0f066a214c2f5e87bad3c948f4d605d) (ScriptedImporter) -> (artifact id: '9b773b401eb16cf02aeb46c46980652d') in 0.0170444 seconds
Number of updated asset objects reloaded before import = 0Number of asset objects unloaded after import = 0

========================================================================
Received Import Request.
  Time since last request: 0.000205 seconds.
  path: Packages/com.unity.collab-proxy/Editor/CodeEditor/Document/UndoOperationGroup.cs
  artifactKey: Guid(420fb70569c5a44e19076a23cf7a7cce) Importer(2089858483,b0f066a214c2f5e87bad3c948f4d605d)
Start importing Packages/com.unity.collab-proxy/Editor/CodeEditor/Document/UndoOperationGroup.cs using Guid(420fb70569c5a44e19076a23cf7a7cce) Importer(2089858483,b0f066a214c2f5e87bad3c948f4d605d) (ScriptedImporter) -> (artifact id: '339735f33dee5857146358fa40c257cb') in 0.015981 seconds
Number of updated asset objects reloaded before import = 0Number of asset objects unloaded after import = 0

========================================================================
Received Import Request.
  Time since last request: 0.000184 seconds.
  path: Packages/com.unity.collab-proxy/Editor/UI/Progress/DrawProgressForViews.cs
  artifactKey: Guid(ab0090fd6aa8c604a828244d4ba93c84) Importer(2089858483,b0f066a214c2f5e87bad3c948f4d605d)
Start importing Packages/com.unity.collab-proxy/Editor/UI/Progress/DrawProgressForViews.cs using Guid(ab0090fd6aa8c604a828244d4ba93c84) Importer(2089858483,b0f066a214c2f5e87bad3c948f4d605d) (ScriptedImporter) -> (artifact id: '039d2453055b89c72af2c0a08afeb7d9') in 0.0198817 seconds
Number of updated asset objects reloaded before import = 0Number of asset objects unloaded after import = 0

========================================================================
Received Import Request.
  Time since last request: 0.000674 seconds.
  path: Packages/com.unity.collab-proxy/Editor/Views/Changesets/ChangesetsTab.cs
  artifactKey: Guid(471badd5c87fb154885f11cdf1b49a00) Importer(2089858483,b0f066a214c2f5e87bad3c948f4d605d)
Start importing Packages/com.unity.collab-proxy/Editor/Views/Changesets/ChangesetsTab.cs using Guid(471badd5c87fb154885f11cdf1b49a00) Importer(2089858483,b0f066a214c2f5e87bad3c948f4d605d) (ScriptedImporter) -> (artifact id: 'ea98f3c5364fa3214c2a49e3a1092214') in 0.020957 seconds
Number of updated asset objects reloaded before import = 0Number of asset objects unloaded after import = 0

========================================================================
Received Import Request.
  Time since last request: 0.000301 seconds.
  path: Packages/com.unity.collab-proxy/Editor/Developer/UpdateReport/UpdateReportListView.cs
  artifactKey: Guid(e8bf7425cfbdd094da5dc809a5eaa8ff) Importer(2089858483,b0f066a214c2f5e87bad3c948f4d605d)
Start importing Packages/com.unity.collab-proxy/Editor/Developer/UpdateReport/UpdateReportListView.cs using Guid(e8bf7425cfbdd094da5dc809a5eaa8ff) Importer(2089858483,b0f066a214c2f5e87bad3c948f4d605d) (ScriptedImporter) -> (artifact id: '1f609dda518a997abedb14805a739df7') in 0.0206882 seconds
Number of updated asset objects reloaded before import = 0Number of asset objects unloaded after import = 0

========================================================================
Received Import Request.
  Time since last request: 0.000210 seconds.
  path: Packages/com.unity.collab-proxy/Editor/CodeEditor/Document/WeakLineTracker.cs
  artifactKey: Guid(5ace82b9e549646ee8414b4ac05f7a3c) Importer(2089858483,b0f066a214c2f5e87bad3c948f4d605d)
Start importing Packages/com.unity.collab-proxy/Editor/CodeEditor/Document/WeakLineTracker.cs using Guid(5ace82b9e549646ee8414b4ac05f7a3c) Importer(2089858483,b0f066a214c2f5e87bad3c948f4d605d) (ScriptedImporter) -> (artifact id: '148e7a186d549e70efaec6642920a10a') in 0.0200549 seconds
Number of updated asset objects reloaded before import = 0Number of asset objects unloaded after import = 0

========================================================================
Received Import Request.
  Time since last request: 0.000198 seconds.
  path: Packages/com.unity.collab-proxy/Editor/CodeEditor/Rendering/CurrentLineHightlightRenderer.cs
  artifactKey: Guid(a647d70b6a9d43e78f885cb45b2263b0) Importer(2089858483,b0f066a214c2f5e87bad3c948f4d605d)
Start importing Packages/com.unity.collab-proxy/Editor/CodeEditor/Rendering/CurrentLineHightlightRenderer.cs using Guid(a647d70b6a9d43e78f885cb45b2263b0) Importer(2089858483,b0f066a214c2f5e87bad3c948f4d605d) (ScriptedImporter) -> (artifact id: 'ac4e88175f31eef10b25db21d2d70e7b') in 0.024827 seconds
Number of updated asset objects reloaded before import = 0Number of asset objects unloaded after import = 0

========================================================================
Received Import Request.
  Time since last request: 0.000190 seconds.
  path: Packages/com.unity.collab-proxy/Editor/CodeEditor/Rendering/Layer.cs
  artifactKey: Guid(c46fba980ad348788e35c490b31b1330) Importer(2089858483,b0f066a214c2f5e87bad3c948f4d605d)
Start importing Packages/com.unity.collab-proxy/Editor/CodeEditor/Rendering/Layer.cs using Guid(c46fba980ad348788e35c490b31b1330) Importer(2089858483,b0f066a214c2f5e87bad3c948f4d605d) (ScriptedImporter) -> (artifact id: '79ee6f7ed9128b04c421fd66e9966381') in 0.0201969 seconds
Number of updated asset objects reloaded before import = 0Number of asset objects unloaded after import = 0

========================================================================
Received Import Request.
  Time since last request: 0.000125 seconds.
  path: Packages/com.unity.collab-proxy/Editor/Views/Attributes/AttributeDataDialog.cs
  artifactKey: Guid(a14bb815cfde49609ae0abed939d849b) Importer(2089858483,b0f066a214c2f5e87bad3c948f4d605d)
Start importing Packages/com.unity.collab-proxy/Editor/Views/Attributes/AttributeDataDialog.cs using Guid(a14bb815cfde49609ae0abed939d849b) Importer(2089858483,b0f066a214c2f5e87bad3c948f4d605d) (ScriptedImporter) -> (artifact id: '66baaa6677d52b233779e8d889b5b532') in 0.0196665 seconds
Number of updated asset objects reloaded before import = 0Number of asset objects unloaded after import = 0

========================================================================
Received Import Request.
  Time since last request: 0.001027 seconds.
  path: Packages/com.unity.collab-proxy/Editor/Views/Diff/ChangesetByChangesetDiffPanel.cs
  artifactKey: Guid(88f7d95ce0bbb004d8b7fb2d5c2b3a64) Importer(2089858483,b0f066a214c2f5e87bad3c948f4d605d)
Start importing Packages/com.unity.collab-proxy/Editor/Views/Diff/ChangesetByChangesetDiffPanel.cs using Guid(88f7d95ce0bbb004d8b7fb2d5c2b3a64) Importer(2089858483,b0f066a214c2f5e87bad3c948f4d605d) (ScriptedImporter) -> (artifact id: '326156558fceeaa5281e4b1713502265') in 0.017858 seconds
Number of updated asset objects reloaded before import = 0Number of asset objects unloaded after import = 0

========================================================================
Received Import Request.
  Time since last request: 0.000248 seconds.
  path: Packages/com.unity.collab-proxy/Editor/UI/Tree/PlasticTreeView.cs
  artifactKey: Guid(869a0fefec364e959e534cc842837d91) Importer(2089858483,b0f066a214c2f5e87bad3c948f4d605d)
Start importing Packages/com.unity.collab-proxy/Editor/UI/Tree/PlasticTreeView.cs using Guid(869a0fefec364e959e534cc842837d91) Importer(2089858483,b0f066a214c2f5e87bad3c948f4d605d) (ScriptedImporter) -> (artifact id: '03f129f77aea7bf15d3f58d00b911396') in 0.0177783 seconds
Number of updated asset objects reloaded before import = 0Number of asset objects unloaded after import = 0

========================================================================
Received Import Request.
  Time since last request: 0.000238 seconds.
  path: Packages/com.unity.collab-proxy/Editor/UI/UIElements/LoadingSpinner.cs
  artifactKey: Guid(4664c2d6dd034f04eb60d4190ee2ffb7) Importer(2089858483,b0f066a214c2f5e87bad3c948f4d605d)
Start importing Packages/com.unity.collab-proxy/Editor/UI/UIElements/LoadingSpinner.cs using Guid(4664c2d6dd034f04eb60d4190ee2ffb7) Importer(2089858483,b0f066a214c2f5e87bad3c948f4d605d) (ScriptedImporter) -> (artifact id: 'df5dd56b023c972bfe6bce23a193a735') in 0.0178439 seconds
Number of updated asset objects reloaded before import = 0Number of asset objects unloaded after import = 0

========================================================================
Received Import Request.
  Time since last request: 0.000200 seconds.
  path: Packages/com.unity.collab-proxy/Editor/CodeEditor/Utils/CharRope.cs
  artifactKey: Guid(5ee3d35631cb64c49a9cbb6083e3757c) Importer(2089858483,b0f066a214c2f5e87bad3c948f4d605d)
Start importing Packages/com.unity.collab-proxy/Editor/CodeEditor/Utils/CharRope.cs using Guid(5ee3d35631cb64c49a9cbb6083e3757c) Importer(2089858483,b0f066a214c2f5e87bad3c948f4d605d) (ScriptedImporter) -> (artifact id: '975ffdbccb714c96c7a57bb23f888908') in 0.0208284 seconds
Number of updated asset objects reloaded before import = 0Number of asset objects unloaded after import = 0

========================================================================
Received Import Request.
  Time since last request: 0.000230 seconds.
  path: Packages/com.unity.collab-proxy/Editor/Views/CreateWorkspace/DrawCreateWorkspaceView.cs
  artifactKey: Guid(788db2c7ca3c2804d912f447ffc19856) Importer(2089858483,b0f066a214c2f5e87bad3c948f4d605d)
Start importing Packages/com.unity.collab-proxy/Editor/Views/CreateWorkspace/DrawCreateWorkspaceView.cs using Guid(788db2c7ca3c2804d912f447ffc19856) Importer(2089858483,b0f066a214c2f5e87bad3c948f4d605d) (ScriptedImporter) -> (artifact id: 'f30cfb9ceb790ba8862b3cfe55986e5a') in 0.0234935 seconds
Number of updated asset objects reloaded before import = 0Number of asset objects unloaded after import = 0

========================================================================
Received Import Request.
  Time since last request: 0.000254 seconds.
  path: Packages/com.unity.collab-proxy/Editor/UI/Avatar/ApplyCircleMask.cs
  artifactKey: Guid(e76ce7703143a924b9c0693ee66ebee7) Importer(2089858483,b0f066a214c2f5e87bad3c948f4d605d)
Start importing Packages/com.unity.collab-proxy/Editor/UI/Avatar/ApplyCircleMask.cs using Guid(e76ce7703143a924b9c0693ee66ebee7) Importer(2089858483,b0f066a214c2f5e87bad3c948f4d605d) (ScriptedImporter) -> (artifact id: 'e3a6d7c95f1403e213ea2560b07922e3') in 0.0197879 seconds
Number of updated asset objects reloaded before import = 0Number of asset objects unloaded after import = 0

========================================================================
Received Import Request.
  Time since last request: 0.000214 seconds.
  path: Packages/com.unity.collab-proxy/Editor/CodeEditor/Rendering/TextParagraphProperties.cs
  artifactKey: Guid(2c47049c0f9b47c1840bda2ed3283ae7) Importer(2089858483,b0f066a214c2f5e87bad3c948f4d605d)
Start importing Packages/com.unity.collab-proxy/Editor/CodeEditor/Rendering/TextParagraphProperties.cs using Guid(2c47049c0f9b47c1840bda2ed3283ae7) Importer(2089858483,b0f066a214c2f5e87bad3c948f4d605d) (ScriptedImporter) -> (artifact id: 'adcf65062616e595ad8f0105456254fe') in 0.0197123 seconds
Number of updated asset objects reloaded before import = 0Number of asset objects unloaded after import = 0

========================================================================
Received Import Request.
  Time since last request: 0.000227 seconds.
  path: Packages/com.unity.collab-proxy/Editor/CodeEditor/Utils/IImmutableStack.cs
  artifactKey: Guid(3dce8f801e8649c8951ef1edd8c8df5c) Importer(2089858483,b0f066a214c2f5e87bad3c948f4d605d)
Start importing Packages/com.unity.collab-proxy/Editor/CodeEditor/Utils/IImmutableStack.cs using Guid(3dce8f801e8649c8951ef1edd8c8df5c) Importer(2089858483,b0f066a214c2f5e87bad3c948f4d605d) (ScriptedImporter) -> (artifact id: '98f66d96a29e193a3cc0039a77ff8986') in 0.0768333 seconds
Number of updated asset objects reloaded before import = 0Number of asset objects unloaded after import = 0

========================================================================
Received Import Request.
  Time since last request: 0.000280 seconds.
  path: Packages/com.unity.collab-proxy/Editor/UI/Tree/EmptyStatePanel.cs
  artifactKey: Guid(3787875fc84246d0a47d8c123d4ea5fc) Importer(2089858483,b0f066a214c2f5e87bad3c948f4d605d)
Start importing Packages/com.unity.collab-proxy/Editor/UI/Tree/EmptyStatePanel.cs using Guid(3787875fc84246d0a47d8c123d4ea5fc) Importer(2089858483,b0f066a214c2f5e87bad3c948f4d605d) (ScriptedImporter) -> (artifact id: '15862283f42c1fbd49d3218ce58bb87b') in 0.0330069 seconds
Number of updated asset objects reloaded before import = 0Number of asset objects unloaded after import = 0

========================================================================
Received Import Request.
  Time since last request: 0.000053 seconds.
  path: Packages/com.unity.collab-proxy/Editor/CodeEditor/Text/TextFormatter.cs
  artifactKey: Guid(6ff43a353ef749139882e055ebd32a3d) Importer(2089858483,b0f066a214c2f5e87bad3c948f4d605d)
Start importing Packages/com.unity.collab-proxy/Editor/CodeEditor/Text/TextFormatter.cs using Guid(6ff43a353ef749139882e055ebd32a3d) Importer(2089858483,b0f066a214c2f5e87bad3c948f4d605d) (ScriptedImporter) -> (artifact id: 'df1741ad7f474b2fdab216f6e57d80da') in 0.0203931 seconds
Number of updated asset objects reloaded before import = 0Number of asset objects unloaded after import = 0

========================================================================
Received Import Request.
  Time since last request: 0.000033 seconds.
  path: Packages/com.unity.collab-proxy/Editor/Views/BranchExplorer/SelectedObjectDataUpdater.cs
  artifactKey: Guid(401c6c6a56164529a2624d9467eb46ca) Importer(2089858483,b0f066a214c2f5e87bad3c948f4d605d)
Start importing Packages/com.unity.collab-proxy/Editor/Views/BranchExplorer/SelectedObjectDataUpdater.cs using Guid(401c6c6a56164529a2624d9467eb46ca) Importer(2089858483,b0f066a214c2f5e87bad3c948f4d605d) (ScriptedImporter) -> (artifact id: '0a0c88aa640d8ba6bac3d2164eb670ef') in 0.0215019 seconds
Number of updated asset objects reloaded before import = 0Number of asset objects unloaded after import = 0

========================================================================
Received Import Request.
  Time since last request: 0.000259 seconds.
  path: Packages/com.unity.collab-proxy/Editor/UI/UndoRedo/UndoRedoState.cs
  artifactKey: Guid(0e750291f98133747b5ebea5ce056f81) Importer(2089858483,b0f066a214c2f5e87bad3c948f4d605d)
Start importing Packages/com.unity.collab-proxy/Editor/UI/UndoRedo/UndoRedoState.cs using Guid(0e750291f98133747b5ebea5ce056f81) Importer(2089858483,b0f066a214c2f5e87bad3c948f4d605d) (ScriptedImporter) -> (artifact id: 'c1da2f1d6e056d766e12ec16826e51a0') in 0.0201179 seconds
Number of updated asset objects reloaded before import = 0Number of asset objects unloaded after import = 0

========================================================================
Received Import Request.
  Time since last request: 0.000288 seconds.
  path: Packages/com.unity.collab-proxy/Editor/Views/Branch/BranchesTab.cs
  artifactKey: Guid(2350e7d7f6d79024da24dea8f15a6881) Importer(2089858483,b0f066a214c2f5e87bad3c948f4d605d)
Start importing Packages/com.unity.collab-proxy/Editor/Views/Branch/BranchesTab.cs using Guid(2350e7d7f6d79024da24dea8f15a6881) Importer(2089858483,b0f066a214c2f5e87bad3c948f4d605d) (ScriptedImporter) -> (artifact id: '53e420622f183b354680eb9ee6a4f0d9') in 0.0212613 seconds
Number of updated asset objects reloaded before import = 0Number of asset objects unloaded after import = 0

========================================================================
Received Import Request.
  Time since last request: 0.000160 seconds.
  path: Packages/com.unity.collab-proxy/Editor/CodeEditor/Rendering/IBackgroundRenderer.cs
  artifactKey: Guid(999512b3c047453981fd61b8533ac1fd) Importer(2089858483,b0f066a214c2f5e87bad3c948f4d605d)
Start importing Packages/com.unity.collab-proxy/Editor/CodeEditor/Rendering/IBackgroundRenderer.cs using Guid(999512b3c047453981fd61b8533ac1fd) Importer(2089858483,b0f066a214c2f5e87bad3c948f4d605d) (ScriptedImporter) -> (artifact id: '49f405b5aacf92b878a4015c2216ba50') in 0.0176041 seconds
Number of updated asset objects reloaded before import = 0Number of asset objects unloaded after import = 0

========================================================================
Received Import Request.
  Time since last request: 0.000204 seconds.
  path: Packages/com.unity.collab-proxy/Editor/CodeEditor/Document/TextUtilities.cs
  artifactKey: Guid(ee168e8444b3b420eba9eff487b036ca) Importer(2089858483,b0f066a214c2f5e87bad3c948f4d605d)
Start importing Packages/com.unity.collab-proxy/Editor/CodeEditor/Document/TextUtilities.cs using Guid(ee168e8444b3b420eba9eff487b036ca) Importer(2089858483,b0f066a214c2f5e87bad3c948f4d605d) (ScriptedImporter) -> (artifact id: '1b10a08e1d001f308504fd6aa6888ced') in 0.0193252 seconds
Number of updated asset objects reloaded before import = 0Number of asset objects unloaded after import = 0

========================================================================
Received Import Request.
  Time since last request: 0.000221 seconds.
  path: Packages/com.unity.collab-proxy/Editor/CodeEditor/Editing/RectangleSelection.cs
  artifactKey: Guid(d7f4b39ab0334bd38d1a9f3ec0f60625) Importer(2089858483,b0f066a214c2f5e87bad3c948f4d605d)
Start importing Packages/com.unity.collab-proxy/Editor/CodeEditor/Editing/RectangleSelection.cs using Guid(d7f4b39ab0334bd38d1a9f3ec0f60625) Importer(2089858483,b0f066a214c2f5e87bad3c948f4d605d) (ScriptedImporter) -> (artifact id: '9cfedf2a79211f79cbb17be6aed2e572') in 0.0195143 seconds
Number of updated asset objects reloaded before import = 0Number of asset objects unloaded after import = 0

========================================================================
Received Import Request.
  Time since last request: 0.000263 seconds.
  path: Packages/com.unity.collab-proxy/Editor/Gluon/UpdateReport/UpdateReportDialog.cs
  artifactKey: Guid(7c0160d91d8eec24bbb43873243d2343) Importer(2089858483,b0f066a214c2f5e87bad3c948f4d605d)
Start importing Packages/com.unity.collab-proxy/Editor/Gluon/UpdateReport/UpdateReportDialog.cs using Guid(7c0160d91d8eec24bbb43873243d2343) Importer(2089858483,b0f066a214c2f5e87bad3c948f4d605d) (ScriptedImporter) -> (artifact id: '29250cfd027356579838b0d68a023a01') in 0.0201458 seconds
Number of updated asset objects reloaded before import = 0Number of asset objects unloaded after import = 0

========================================================================
Received Import Request.
  Time since last request: 0.000244 seconds.
  path: Packages/com.unity.collab-proxy/Editor/Diff/Text/ContentControl.cs
  artifactKey: Guid(2c80adc488044eddbad72e2e92f8bba2) Importer(2089858483,b0f066a214c2f5e87bad3c948f4d605d)
Start importing Packages/com.unity.collab-proxy/Editor/Diff/Text/ContentControl.cs using Guid(2c80adc488044eddbad72e2e92f8bba2) Importer(2089858483,b0f066a214c2f5e87bad3c948f4d605d) (ScriptedImporter) -> (artifact id: '53416a6561e8a3653f09cb267da223e2') in 0.0184642 seconds
Number of updated asset objects reloaded before import = 0Number of asset objects unloaded after import = 0

========================================================================
Received Import Request.
  Time since last request: 0.000130 seconds.
  path: Packages/com.unity.collab-proxy/Editor/Developer/UpdateReport/UpdateReportLineListViewItem.cs
  artifactKey: Guid(146c16184e337574f9f3baf6d467907a) Importer(2089858483,b0f066a214c2f5e87bad3c948f4d605d)
Start importing Packages/com.unity.collab-proxy/Editor/Developer/UpdateReport/UpdateReportLineListViewItem.cs using Guid(146c16184e337574f9f3baf6d467907a) Importer(2089858483,b0f066a214c2f5e87bad3c948f4d605d) (ScriptedImporter) -> (artifact id: '1d05ccc72709565d64aaf81f5f622142') in 0.0217617 seconds
Number of updated asset objects reloaded before import = 0Number of asset objects unloaded after import = 0

========================================================================
Received Import Request.
  Time since last request: 0.000248 seconds.
  path: Packages/com.unity.collab-proxy/Editor/Hub/Operations/OperationParams.cs
  artifactKey: Guid(7985a2b6ab3fac849929b1e2d51fe9cf) Importer(2089858483,b0f066a214c2f5e87bad3c948f4d605d)
Start importing Packages/com.unity.collab-proxy/Editor/Hub/Operations/OperationParams.cs using Guid(7985a2b6ab3fac849929b1e2d51fe9cf) Importer(2089858483,b0f066a214c2f5e87bad3c948f4d605d) (ScriptedImporter) -> (artifact id: 'c81a36cfd8b144c534866291101aee52') in 0.023409 seconds
Number of updated asset objects reloaded before import = 0Number of asset objects unloaded after import = 0

========================================================================
Received Import Request.
  Time since last request: 0.000288 seconds.
  path: Packages/com.unity.collab-proxy/Editor/CodeEditor/Editing/NoReadOnlySections.cs
  artifactKey: Guid(078b750ce38ab92439fffe8192aa866f) Importer(2089858483,b0f066a214c2f5e87bad3c948f4d605d)
Start importing Packages/com.unity.collab-proxy/Editor/CodeEditor/Editing/NoReadOnlySections.cs using Guid(078b750ce38ab92439fffe8192aa866f) Importer(2089858483,b0f066a214c2f5e87bad3c948f4d605d) (ScriptedImporter) -> (artifact id: '8a8116050d982ffb78a304364ba40287') in 0.0225184 seconds
Number of updated asset objects reloaded before import = 0Number of asset objects unloaded after import = 0

========================================================================
Received Import Request.
  Time since last request: 0.000227 seconds.
  path: Packages/com.unity.collab-proxy/Editor/CodeEditor/Utils/RopeNode.cs
  artifactKey: Guid(0641486b650184309b79f60e69b8a796) Importer(2089858483,b0f066a214c2f5e87bad3c948f4d605d)
Start importing Packages/com.unity.collab-proxy/Editor/CodeEditor/Utils/RopeNode.cs using Guid(0641486b650184309b79f60e69b8a796) Importer(2089858483,b0f066a214c2f5e87bad3c948f4d605d) (ScriptedImporter) -> (artifact id: 'e23559d917efe8ad7fc0141db5374917') in 0.0206252 seconds
Number of updated asset objects reloaded before import = 0Number of asset objects unloaded after import = 0

========================================================================
Received Import Request.
  Time since last request: 0.000221 seconds.
  path: Packages/com.unity.collab-proxy/Editor/Views/BranchExplorer/BrExSearchField.cs
  artifactKey: Guid(08501ac9dc864ac3998d286a2a36aaf2) Importer(2089858483,b0f066a214c2f5e87bad3c948f4d605d)
Start importing Packages/com.unity.collab-proxy/Editor/Views/BranchExplorer/BrExSearchField.cs using Guid(08501ac9dc864ac3998d286a2a36aaf2) Importer(2089858483,b0f066a214c2f5e87bad3c948f4d605d) (ScriptedImporter) -> (artifact id: 'c256207f919b5b4e4954d31c1dd98b24') in 0.0199192 seconds
Number of updated asset objects reloaded before import = 0Number of asset objects unloaded after import = 0

========================================================================
Received Import Request.
  Time since last request: 0.000202 seconds.
  path: Packages/com.unity.collab-proxy/Editor/Gluon/UpdateReport/UpdateReportListView.cs
  artifactKey: Guid(c5d431e8131b1d74897c1a18b5e76932) Importer(2089858483,b0f066a214c2f5e87bad3c948f4d605d)
Start importing Packages/com.unity.collab-proxy/Editor/Gluon/UpdateReport/UpdateReportListView.cs using Guid(c5d431e8131b1d74897c1a18b5e76932) Importer(2089858483,b0f066a214c2f5e87bad3c948f4d605d) (ScriptedImporter) -> (artifact id: 'cb79f2ef483e20dd38ea749e105920a0') in 0.0209714 seconds
Number of updated asset objects reloaded before import = 0Number of asset objects unloaded after import = 0

========================================================================
Received Import Request.
  Time since last request: 0.000170 seconds.
  path: Packages/com.unity.collab-proxy/Editor/UI/UIElements/UIElementsExtensions.cs
  artifactKey: Guid(daa34ff7d97bebd41866fd45e507c80e) Importer(2089858483,b0f066a214c2f5e87bad3c948f4d605d)
Start importing Packages/com.unity.collab-proxy/Editor/UI/UIElements/UIElementsExtensions.cs using Guid(daa34ff7d97bebd41866fd45e507c80e) Importer(2089858483,b0f066a214c2f5e87bad3c948f4d605d) (ScriptedImporter) -> (artifact id: '12eb8772aa5d811d2d6886f440c1674a') in 0.0197675 seconds
Number of updated asset objects reloaded before import = 0Number of asset objects unloaded after import = 0

========================================================================
Received Import Request.
  Time since last request: 0.000249 seconds.
  path: Packages/com.unity.collab-proxy/Editor/UI/UIElements/CursorExtensions.cs
  artifactKey: Guid(92adf24130b54e35b6b5830788e8150a) Importer(2089858483,b0f066a214c2f5e87bad3c948f4d605d)
Start importing Packages/com.unity.collab-proxy/Editor/UI/UIElements/CursorExtensions.cs using Guid(92adf24130b54e35b6b5830788e8150a) Importer(2089858483,b0f066a214c2f5e87bad3c948f4d605d) (ScriptedImporter) -> (artifact id: '7f7eb45c9568ec514eb7261f96813d49') in 0.0184272 seconds
Number of updated asset objects reloaded before import = 0Number of asset objects unloaded after import = 0

========================================================================
Received Import Request.
  Time since last request: 0.000056 seconds.
  path: Packages/com.unity.collab-proxy/Editor/CodeEditor/Rendering/VisualLine.cs
  artifactKey: Guid(53017b1654c74ad599aa144268eff7fc) Importer(2089858483,b0f066a214c2f5e87bad3c948f4d605d)
Start importing Packages/com.unity.collab-proxy/Editor/CodeEditor/Rendering/VisualLine.cs using Guid(53017b1654c74ad599aa144268eff7fc) Importer(2089858483,b0f066a214c2f5e87bad3c948f4d605d) (ScriptedImporter) -> (artifact id: 'ff28c976d0fc3142302981e8505d2e6e') in 0.0231833 seconds
Number of updated asset objects reloaded before import = 0Number of asset objects unloaded after import = 0

========================================================================
Received Import Request.
  Time since last request: 0.000120 seconds.
  path: Packages/com.unity.collab-proxy/Editor/CodeEditor/Utils/BusyManager.cs
  artifactKey: Guid(a2601a7e62a84d3e95fe8be6d25a7280) Importer(2089858483,b0f066a214c2f5e87bad3c948f4d605d)
Start importing Packages/com.unity.collab-proxy/Editor/CodeEditor/Utils/BusyManager.cs using Guid(a2601a7e62a84d3e95fe8be6d25a7280) Importer(2089858483,b0f066a214c2f5e87bad3c948f4d605d) (ScriptedImporter) -> (artifact id: '57919cc7f1334e571b785333a464bd52') in 0.0219578 seconds
Number of updated asset objects reloaded before import = 0Number of asset objects unloaded after import = 0

========================================================================
Received Import Request.
  Time since last request: 1.413885 seconds.
  path: Packages/com.unity.collab-proxy/Editor/Views/History/HistorySelection.cs
  artifactKey: Guid(9553f392d0be2a24daf3cad457d2c612) Importer(2089858483,b0f066a214c2f5e87bad3c948f4d605d)
Start importing Packages/com.unity.collab-proxy/Editor/Views/History/HistorySelection.cs using Guid(9553f392d0be2a24daf3cad457d2c612) Importer(2089858483,b0f066a214c2f5e87bad3c948f4d605d) (ScriptedImporter) -> (artifact id: 'e5ea207aa650b19a24eaab2f02468a69') in 0.019061 seconds
Number of updated asset objects reloaded before import = 0Number of asset objects unloaded after import = 0

========================================================================
Received Import Request.
  Time since last request: 0.000195 seconds.
  path: Packages/com.unity.collab-proxy/Lib/Editor/Localization/mergetool.es.txt
  artifactKey: Guid(98eabb8d06d1a43cfa8511535011b8f1) Importer(2089858483,b0f066a214c2f5e87bad3c948f4d605d)
Start importing Packages/com.unity.collab-proxy/Lib/Editor/Localization/mergetool.es.txt using Guid(98eabb8d06d1a43cfa8511535011b8f1) Importer(2089858483,b0f066a214c2f5e87bad3c948f4d605d) (ScriptedImporter) -> (artifact id: '992b513de5b493e1a882ac9f5cf91d3f') in 0.0170501 seconds
Number of updated asset objects reloaded before import = 0Number of asset objects unloaded after import = 1

========================================================================
Received Import Request.
  Time since last request: 0.000170 seconds.
  path: Packages/com.unity.collab-proxy/Editor/Views/Shelves/ShelvesSelection.cs
  artifactKey: Guid(e2ca16ee0b283be4f95ca8c96e549d3a) Importer(2089858483,b0f066a214c2f5e87bad3c948f4d605d)
Start importing Packages/com.unity.collab-proxy/Editor/Views/Shelves/ShelvesSelection.cs using Guid(e2ca16ee0b283be4f95ca8c96e549d3a) Importer(2089858483,b0f066a214c2f5e87bad3c948f4d605d) (ScriptedImporter) -> (artifact id: '7346a460779dfe2e51a1c7184fbd05a7') in 0.0204468 seconds
Number of updated asset objects reloaded before import = 0Number of asset objects unloaded after import = 0

========================================================================
Received Import Request.
  Time since last request: 0.000665 seconds.
  path: Packages/com.unity.collab-proxy/Lib/Editor/Localization/cm.ja.txt
  artifactKey: Guid(f779f51f389c34eb29cae3ae09ba0eb3) Importer(2089858483,b0f066a214c2f5e87bad3c948f4d605d)
Start importing Packages/com.unity.collab-proxy/Lib/Editor/Localization/cm.ja.txt using Guid(f779f51f389c34eb29cae3ae09ba0eb3) Importer(2089858483,b0f066a214c2f5e87bad3c948f4d605d) (ScriptedImporter) -> (artifact id: 'ac0e9809e46ef1d748376cf5031ffc8a') in 0.0178435 seconds
Number of updated asset objects reloaded before import = 0Number of asset objects unloaded after import = 1

========================================================================
Received Import Request.
  Time since last request: 0.000194 seconds.
  path: Packages/com.unity.collab-proxy/Editor/UVCSToolbar/PopupWindow/Operations/ToolbarOperationsShortcut.cs
  artifactKey: Guid(306e2c310ad3b7a4794346ffb0088c69) Importer(2089858483,b0f066a214c2f5e87bad3c948f4d605d)
Start importing Packages/com.unity.collab-proxy/Editor/UVCSToolbar/PopupWindow/Operations/ToolbarOperationsShortcut.cs using Guid(306e2c310ad3b7a4794346ffb0088c69) Importer(2089858483,b0f066a214c2f5e87bad3c948f4d605d) (ScriptedImporter) -> (artifact id: '9f41d3b6f814a873298972cb1f1349ec') in 0.0189831 seconds
Number of updated asset objects reloaded before import = 0Number of asset objects unloaded after import = 0

========================================================================
Received Import Request.
  Time since last request: 0.000179 seconds.
  path: Packages/com.unity.collab-proxy/Lib/Editor/TextMateSharp/TextMateSharpPlastic.dll
  artifactKey: Guid(a02d5bcca851549578b8930328f5384e) Importer(2089858483,b0f066a214c2f5e87bad3c948f4d605d)
Start importing Packages/com.unity.collab-proxy/Lib/Editor/TextMateSharp/TextMateSharpPlastic.dll using Guid(a02d5bcca851549578b8930328f5384e) Importer(2089858483,b0f066a214c2f5e87bad3c948f4d605d) (ScriptedImporter) -> (artifact id: 'bddaeb66cfcebe3fad0bb44d0e4bd2c3') in 0.0176447 seconds
Number of updated asset objects reloaded before import = 0Number of asset objects unloaded after import = 0

========================================================================
Received Import Request.
  Time since last request: 0.000230 seconds.
  path: Packages/com.unity.collab-proxy/Editor/UVCSToolbar/PopupWindow/Operations/ControlledPopupOperations.cs
  artifactKey: Guid(4acd46006c88d7844ac06086ca0b1481) Importer(2089858483,b0f066a214c2f5e87bad3c948f4d605d)
Start importing Packages/com.unity.collab-proxy/Editor/UVCSToolbar/PopupWindow/Operations/ControlledPopupOperations.cs using Guid(4acd46006c88d7844ac06086ca0b1481) Importer(2089858483,b0f066a214c2f5e87bad3c948f4d605d) (ScriptedImporter) -> (artifact id: '5e0ee00a1763b39fc3dac19dcf9e6247') in 0.0192221 seconds
Number of updated asset objects reloaded before import = 0Number of asset objects unloaded after import = 0

========================================================================
Received Import Request.
  Time since last request: 0.000032 seconds.
  path: Packages/com.unity.collab-proxy/Editor/Views/Welcome/WelcomeView.cs
  artifactKey: Guid(a9298a2c04dfc944bbc6ea156f4e2104) Importer(2089858483,b0f066a214c2f5e87bad3c948f4d605d)
Start importing Packages/com.unity.collab-proxy/Editor/Views/Welcome/WelcomeView.cs using Guid(a9298a2c04dfc944bbc6ea156f4e2104) Importer(2089858483,b0f066a214c2f5e87bad3c948f4d605d) (ScriptedImporter) -> (artifact id: 'b8a814908b491cc5a053fe18d3f3f4f8') in 0.0240843 seconds
Number of updated asset objects reloaded before import = 0Number of asset objects unloaded after import = 0

========================================================================
Received Import Request.
  Time since last request: 0.000160 seconds.
  path: Packages/com.unity.collab-proxy/Lib/Editor/Localization/mergetool.ko.txt
  artifactKey: Guid(d9ab4f4718d5d4ba19f63f47a03e8f06) Importer(2089858483,b0f066a214c2f5e87bad3c948f4d605d)
Start importing Packages/com.unity.collab-proxy/Lib/Editor/Localization/mergetool.ko.txt using Guid(d9ab4f4718d5d4ba19f63f47a03e8f06) Importer(2089858483,b0f066a214c2f5e87bad3c948f4d605d) (ScriptedImporter) -> (artifact id: '4fee787b6f666e014422ee7bdf178937') in 0.0200756 seconds
Number of updated asset objects reloaded before import = 0Number of asset objects unloaded after import = 1

========================================================================
Received Import Request.
  Time since last request: 0.000066 seconds.
  path: Packages/com.unity.collab-proxy/Editor/UVCSToolbar/PopupWindow/BranchesList/ErrorEmptyState.cs
  artifactKey: Guid(8e6494de947444dc9a132f39b8faa02c) Importer(2089858483,b0f066a214c2f5e87bad3c948f4d605d)
Start importing Packages/com.unity.collab-proxy/Editor/UVCSToolbar/PopupWindow/BranchesList/ErrorEmptyState.cs using Guid(8e6494de947444dc9a132f39b8faa02c) Importer(2089858483,b0f066a214c2f5e87bad3c948f4d605d) (ScriptedImporter) -> (artifact id: '3eb0f07c02e6eaacac7787616da39be2') in 0.0215446 seconds
Number of updated asset objects reloaded before import = 0Number of asset objects unloaded after import = 0

========================================================================
Received Import Request.
  Time since last request: 0.000185 seconds.
  path: Packages/com.unity.collab-proxy/Lib/Editor/Localization/clientcommon.en.txt
  artifactKey: Guid(f34c66cec4f114ab9abbf9a87dd1fc50) Importer(2089858483,b0f066a214c2f5e87bad3c948f4d605d)
Start importing Packages/com.unity.collab-proxy/Lib/Editor/Localization/clientcommon.en.txt using Guid(f34c66cec4f114ab9abbf9a87dd1fc50) Importer(2089858483,b0f066a214c2f5e87bad3c948f4d605d) (ScriptedImporter) -> (artifact id: 'af5f3fd9a068e1e8be580a938a4fecbd') in 0.0211583 seconds
Number of updated asset objects reloaded before import = 0Number of asset objects unloaded after import = 1

========================================================================
Received Import Request.
  Time since last request: 0.000267 seconds.
  path: Packages/com.unity.collab-proxy/Lib/Editor/Localization/workspaceserver.zh-Hant.txt
  artifactKey: Guid(706b0eaa51e6f4c278989cc67f6ff480) Importer(2089858483,b0f066a214c2f5e87bad3c948f4d605d)
Start importing Packages/com.unity.collab-proxy/Lib/Editor/Localization/workspaceserver.zh-Hant.txt using Guid(706b0eaa51e6f4c278989cc67f6ff480) Importer(2089858483,b0f066a214c2f5e87bad3c948f4d605d) (ScriptedImporter) -> (artifact id: 'd8df7c8760e8a5df80c1ef8e0a67cd56') in 0.0181492 seconds
Number of updated asset objects reloaded before import = 0Number of asset objects unloaded after import = 1

========================================================================
Received Import Request.
  Time since last request: 0.000439 seconds.
  path: Packages/com.unity.collab-proxy/Editor/Views/PendingChanges/CreatedChangesetEmptyStatePanel.cs
  artifactKey: Guid(ce1788184c108ec4d8cbad6b14c4dae6) Importer(2089858483,b0f066a214c2f5e87bad3c948f4d605d)
Start importing Packages/com.unity.collab-proxy/Editor/Views/PendingChanges/CreatedChangesetEmptyStatePanel.cs using Guid(ce1788184c108ec4d8cbad6b14c4dae6) Importer(2089858483,b0f066a214c2f5e87bad3c948f4d605d) (ScriptedImporter) -> (artifact id: '4829db57a484147cf7eb60c020e546de') in 0.0227073 seconds
Number of updated asset objects reloaded before import = 0Number of asset objects unloaded after import = 0

========================================================================
Received Import Request.
  Time since last request: 0.000197 seconds.
  path: Packages/com.unity.collab-proxy/Editor/Views/BranchExplorer/Menu/BranchExplorerLabelMenu.cs
  artifactKey: Guid(f90d4c194bf143c5a6ca86108b35d4c8) Importer(2089858483,b0f066a214c2f5e87bad3c948f4d605d)
Start importing Packages/com.unity.collab-proxy/Editor/Views/BranchExplorer/Menu/BranchExplorerLabelMenu.cs using Guid(f90d4c194bf143c5a6ca86108b35d4c8) Importer(2089858483,b0f066a214c2f5e87bad3c948f4d605d) (ScriptedImporter) -> (artifact id: 'e4c8da639c6cd42d735abe806c81ed9e') in 0.0216443 seconds
Number of updated asset objects reloaded before import = 0Number of asset objects unloaded after import = 0

========================================================================
Received Import Request.
  Time since last request: 0.000212 seconds.
  path: Packages/com.unity.collab-proxy/Editor/_Deprecated/WebApi/ChangesetFromCollabCommitResponse.cs
  artifactKey: Guid(118b64466f3c7c24e98e147660e2eb98) Importer(2089858483,b0f066a214c2f5e87bad3c948f4d605d)
Start importing Packages/com.unity.collab-proxy/Editor/_Deprecated/WebApi/ChangesetFromCollabCommitResponse.cs using Guid(118b64466f3c7c24e98e147660e2eb98) Importer(2089858483,b0f066a214c2f5e87bad3c948f4d605d) (ScriptedImporter) -> (artifact id: 'f33f12e59f680eb6aa3b782ed3b4589b') in 0.0172884 seconds
Number of updated asset objects reloaded before import = 0Number of asset objects unloaded after import = 0

========================================================================
Received Import Request.
  Time since last request: 0.000176 seconds.
  path: Packages/com.unity.collab-proxy/Editor/Views/Locks/LocksListHeaderState.cs
  artifactKey: Guid(200cab728add43369c716237d4f7b451) Importer(2089858483,b0f066a214c2f5e87bad3c948f4d605d)
Start importing Packages/com.unity.collab-proxy/Editor/Views/Locks/LocksListHeaderState.cs using Guid(200cab728add43369c716237d4f7b451) Importer(2089858483,b0f066a214c2f5e87bad3c948f4d605d) (ScriptedImporter) -> (artifact id: '291c4d1c7f939a4bffe386a32182397b') in 0.0212538 seconds
Number of updated asset objects reloaded before import = 0Number of asset objects unloaded after import = 0

========================================================================
Received Import Request.
  Time since last request: 0.000728 seconds.
  path: Packages/com.unity.collab-proxy/Editor/Views/PendingChanges/DrawCommentTextArea.cs
  artifactKey: Guid(23471c5c18843794fba363cb093b5a05) Importer(2089858483,b0f066a214c2f5e87bad3c948f4d605d)
Start importing Packages/com.unity.collab-proxy/Editor/Views/PendingChanges/DrawCommentTextArea.cs using Guid(23471c5c18843794fba363cb093b5a05) Importer(2089858483,b0f066a214c2f5e87bad3c948f4d605d) (ScriptedImporter) -> (artifact id: '3246c8f9c80137d84c53e9d43c21dbf2') in 0.0204531 seconds
Number of updated asset objects reloaded before import = 0Number of asset objects unloaded after import = 0

========================================================================
Received Import Request.
  Time since last request: 0.000036 seconds.
  path: Packages/com.unity.collab-proxy/Lib/Editor/Localization/i3.zh-Hant.txt
  artifactKey: Guid(3d9a394b78f3e4ba48aa868771edfcb4) Importer(2089858483,b0f066a214c2f5e87bad3c948f4d605d)
Start importing Packages/com.unity.collab-proxy/Lib/Editor/Localization/i3.zh-Hant.txt using Guid(3d9a394b78f3e4ba48aa868771edfcb4) Importer(2089858483,b0f066a214c2f5e87bad3c948f4d605d) (ScriptedImporter) -> (artifact id: 'd301e5d7e93290f14cc6ab8015520a94') in 0.0193372 seconds
Number of updated asset objects reloaded before import = 0Number of asset objects unloaded after import = 1

========================================================================
Received Import Request.
  Time since last request: 0.000106 seconds.
  path: Packages/com.unity.collab-proxy/Editor/Views/Welcome/GetInstallerTmpFileName.cs
  artifactKey: Guid(3e8b32f158e489044a2b257700530f05) Importer(2089858483,b0f066a214c2f5e87bad3c948f4d605d)
Start importing Packages/com.unity.collab-proxy/Editor/Views/Welcome/GetInstallerTmpFileName.cs using Guid(3e8b32f158e489044a2b257700530f05) Importer(2089858483,b0f066a214c2f5e87bad3c948f4d605d) (ScriptedImporter) -> (artifact id: '19443e3792f81672b7d58a072ddddb3c') in 0.0187288 seconds
Number of updated asset objects reloaded before import = 0Number of asset objects unloaded after import = 0

========================================================================
Received Import Request.
  Time since last request: 0.000171 seconds.
  path: Packages/com.unity.collab-proxy/Editor/Views/PendingChanges/CommentTextArea.cs
  artifactKey: Guid(9440337dae7b4ecebafa6249b257c940) Importer(2089858483,b0f066a214c2f5e87bad3c948f4d605d)
Start importing Packages/com.unity.collab-proxy/Editor/Views/PendingChanges/CommentTextArea.cs using Guid(9440337dae7b4ecebafa6249b257c940) Importer(2089858483,b0f066a214c2f5e87bad3c948f4d605d) (ScriptedImporter) -> (artifact id: 'd3003b5223b4da112e4c593d67adbba3') in 0.0198434 seconds
Number of updated asset objects reloaded before import = 0Number of asset objects unloaded after import = 0

========================================================================
Received Import Request.
  Time since last request: 0.000246 seconds.
  path: Packages/com.unity.collab-proxy/Editor/UI/UnityInternals/UnityEditor/SavedGUIState.cs
  artifactKey: Guid(6f5a38a89d734da9bcdfeffe252daed4) Importer(2089858483,b0f066a214c2f5e87bad3c948f4d605d)
Start importing Packages/com.unity.collab-proxy/Editor/UI/UnityInternals/UnityEditor/SavedGUIState.cs using Guid(6f5a38a89d734da9bcdfeffe252daed4) Importer(2089858483,b0f066a214c2f5e87bad3c948f4d605d) (ScriptedImporter) -> (artifact id: 'a645faf96a85f4534714cdeb7dce11c9') in 0.0213795 seconds
Number of updated asset objects reloaded before import = 0Number of asset objects unloaded after import = 0

========================================================================
Received Import Request.
  Time since last request: 0.000034 seconds.
  path: Packages/com.unity.collab-proxy/Editor/CloudDrive/Workspaces/DirectoryContent/DirectoryContentPanel.cs
  artifactKey: Guid(7f9122bc11da473eaa9082bf340c3047) Importer(2089858483,b0f066a214c2f5e87bad3c948f4d605d)
Start importing Packages/com.unity.collab-proxy/Editor/CloudDrive/Workspaces/DirectoryContent/DirectoryContentPanel.cs using Guid(7f9122bc11da473eaa9082bf340c3047) Importer(2089858483,b0f066a214c2f5e87bad3c948f4d605d) (ScriptedImporter) -> (artifact id: '5b373fb85cd0fa66947265e486a9c4b5') in 0.0250615 seconds
Number of updated asset objects reloaded before import = 0Number of asset objects unloaded after import = 0

========================================================================
Received Import Request.
  Time since last request: 0.000386 seconds.
  path: Packages/com.unity.collab-proxy/Editor/UI/UnityInternals/UnityEditor/EditorWindowExtensions.cs
  artifactKey: Guid(8cb6c3d9c38f4b67b0ae9dc6ebdfecff) Importer(2089858483,b0f066a214c2f5e87bad3c948f4d605d)
Start importing Packages/com.unity.collab-proxy/Editor/UI/UnityInternals/UnityEditor/EditorWindowExtensions.cs using Guid(8cb6c3d9c38f4b67b0ae9dc6ebdfecff) Importer(2089858483,b0f066a214c2f5e87bad3c948f4d605d) (ScriptedImporter) -> (artifact id: 'd382a6d64a201a7fb5537ac07f357538') in 0.0197176 seconds
Number of updated asset objects reloaded before import = 0Number of asset objects unloaded after import = 0

========================================================================
Received Import Request.
  Time since last request: 0.000034 seconds.
  path: Packages/com.unity.collab-proxy/Lib/Editor/Localization/commontypes.ja.txt
  artifactKey: Guid(74621c72e13ad47d88571eae06795323) Importer(2089858483,b0f066a214c2f5e87bad3c948f4d605d)
Start importing Packages/com.unity.collab-proxy/Lib/Editor/Localization/commontypes.ja.txt using Guid(74621c72e13ad47d88571eae06795323) Importer(2089858483,b0f066a214c2f5e87bad3c948f4d605d) (ScriptedImporter) -> (artifact id: '8bcb3990eca0d50097e8f02719c4d9c3') in 0.0197934 seconds
Number of updated asset objects reloaded before import = 0Number of asset objects unloaded after import = 1

========================================================================
Received Import Request.
  Time since last request: 0.000037 seconds.
  path: Packages/com.unity.collab-proxy/Editor/CodeEditor/Indentation/CSharp/IndentationReformatter.cs
  artifactKey: Guid(28b848f7720bc45fb8f8f4e51bddcfd5) Importer(2089858483,b0f066a214c2f5e87bad3c948f4d605d)
Start importing Packages/com.unity.collab-proxy/Editor/CodeEditor/Indentation/CSharp/IndentationReformatter.cs using Guid(28b848f7720bc45fb8f8f4e51bddcfd5) Importer(2089858483,b0f066a214c2f5e87bad3c948f4d605d) (ScriptedImporter) -> (artifact id: '43d135a724adc1536963f1d1ae5782d6') in 0.019877 seconds
Number of updated asset objects reloaded before import = 0Number of asset objects unloaded after import = 0

========================================================================
Received Import Request.
  Time since last request: 0.000251 seconds.
  path: Packages/com.unity.collab-proxy/Editor/_Deprecated/Settings/PlasticProjectSettingsProvider.cs
  artifactKey: Guid(d317dcbde3a2ce64dae19f49289c5285) Importer(2089858483,b0f066a214c2f5e87bad3c948f4d605d)
Start importing Packages/com.unity.collab-proxy/Editor/_Deprecated/Settings/PlasticProjectSettingsProvider.cs using Guid(d317dcbde3a2ce64dae19f49289c5285) Importer(2089858483,b0f066a214c2f5e87bad3c948f4d605d) (ScriptedImporter) -> (artifact id: '01c69eb0c4c300172c01b7c8b8d45eee') in 0.0195225 seconds
Number of updated asset objects reloaded before import = 0Number of asset objects unloaded after import = 0

========================================================================
Received Import Request.
  Time since last request: 0.000271 seconds.
  path: Packages/com.unity.collab-proxy/Lib/Editor/Localization/images.ko.txt
  artifactKey: Guid(68b2b40d7b2d24d4b8daab86e7c9be2d) Importer(2089858483,b0f066a214c2f5e87bad3c948f4d605d)
Start importing Packages/com.unity.collab-proxy/Lib/Editor/Localization/images.ko.txt using Guid(68b2b40d7b2d24d4b8daab86e7c9be2d) Importer(2089858483,b0f066a214c2f5e87bad3c948f4d605d) (ScriptedImporter) -> (artifact id: '6e49be8f15b46d2adbaa2348f7d9b49f') in 0.0175236 seconds
Number of updated asset objects reloaded before import = 0Number of asset objects unloaded after import = 1

========================================================================
Received Import Request.
  Time since last request: 0.000246 seconds.
  path: Packages/com.unity.collab-proxy/Editor/CodeEditor/Indentation/CSharp/DocumentAccessor.cs
  artifactKey: Guid(4b5d1e8d707974fa7a2ab46951e4afea) Importer(2089858483,b0f066a214c2f5e87bad3c948f4d605d)
Start importing Packages/com.unity.collab-proxy/Editor/CodeEditor/Indentation/CSharp/DocumentAccessor.cs using Guid(4b5d1e8d707974fa7a2ab46951e4afea) Importer(2089858483,b0f066a214c2f5e87bad3c948f4d605d) (ScriptedImporter) -> (artifact id: 'd21bac156b2885ec718584a97938d058') in 0.0187682 seconds
Number of updated asset objects reloaded before import = 0Number of asset objects unloaded after import = 0

========================================================================
Received Import Request.
  Time since last request: 0.000281 seconds.
  path: Packages/com.unity.collab-proxy/Lib/Editor/Localization/clientcommon.es.txt
  artifactKey: Guid(47d096025e0d84e8dbc9dd46f5f14838) Importer(2089858483,b0f066a214c2f5e87bad3c948f4d605d)
Start importing Packages/com.unity.collab-proxy/Lib/Editor/Localization/clientcommon.es.txt using Guid(47d096025e0d84e8dbc9dd46f5f14838) Importer(2089858483,b0f066a214c2f5e87bad3c948f4d605d) (ScriptedImporter) -> (artifact id: '8e9d8a3c67c28e343a1b3c36a9d8d58d') in 0.0195054 seconds
Number of updated asset objects reloaded before import = 0Number of asset objects unloaded after import = 1

========================================================================
Received Import Request.
  Time since last request: 0.000176 seconds.
  path: Packages/com.unity.collab-proxy/Lib/Editor/Localization/guihelp.es.txt
  artifactKey: Guid(f3a25560eb3f44acdb02ae58620e078c) Importer(2089858483,b0f066a214c2f5e87bad3c948f4d605d)
Start importing Packages/com.unity.collab-proxy/Lib/Editor/Localization/guihelp.es.txt using Guid(f3a25560eb3f44acdb02ae58620e078c) Importer(2089858483,b0f066a214c2f5e87bad3c948f4d605d) (ScriptedImporter) -> (artifact id: 'bf682881f08bf170e42e569ab9819168') in 0.019868 seconds
Number of updated asset objects reloaded before import = 0Number of asset objects unloaded after import = 1

========================================================================
Received Import Request.
  Time since last request: 0.000191 seconds.
  path: Packages/com.unity.collab-proxy/Lib/Editor/Localization/guihelp.en.txt
  artifactKey: Guid(aabb8de0f84df41678c030174a974cd0) Importer(2089858483,b0f066a214c2f5e87bad3c948f4d605d)
Start importing Packages/com.unity.collab-proxy/Lib/Editor/Localization/guihelp.en.txt using Guid(aabb8de0f84df41678c030174a974cd0) Importer(2089858483,b0f066a214c2f5e87bad3c948f4d605d) (ScriptedImporter) -> (artifact id: '657065b8c15ffd35a90c443ada87e544') in 0.0191626 seconds
Number of updated asset objects reloaded before import = 0Number of asset objects unloaded after import = 1

========================================================================
Received Import Request.
  Time since last request: 0.000209 seconds.
  path: Packages/com.unity.collab-proxy/Lib/Editor/Localization/i3.ko.txt
  artifactKey: Guid(9b3d12b563d0b49c1ae404d86f2476f3) Importer(2089858483,b0f066a214c2f5e87bad3c948f4d605d)
Start importing Packages/com.unity.collab-proxy/Lib/Editor/Localization/i3.ko.txt using Guid(9b3d12b563d0b49c1ae404d86f2476f3) Importer(2089858483,b0f066a214c2f5e87bad3c948f4d605d) (ScriptedImporter) -> (artifact id: '5f22cddb7478eb743fa125b348f3b17d') in 0.0183753 seconds
Number of updated asset objects reloaded before import = 0Number of asset objects unloaded after import = 1

========================================================================
Received Import Request.
  Time since last request: 0.000170 seconds.
  path: Packages/com.unity.collab-proxy/Lib/Editor/Localization/configurehelper.ja.txt
  artifactKey: Guid(473dfafa5c0044ee7b7932da67381c23) Importer(2089858483,b0f066a214c2f5e87bad3c948f4d605d)
Start importing Packages/com.unity.collab-proxy/Lib/Editor/Localization/configurehelper.ja.txt using Guid(473dfafa5c0044ee7b7932da67381c23) Importer(2089858483,b0f066a214c2f5e87bad3c948f4d605d) (ScriptedImporter) -> (artifact id: 'b3ba20a3217795e082064891339a2e77') in 0.0193454 seconds
Number of updated asset objects reloaded before import = 0Number of asset objects unloaded after import = 1

========================================================================
Received Import Request.
  Time since last request: 0.000130 seconds.
  path: Packages/com.unity.collab-proxy/Editor/CodeEditor/Indentation/CSharp/CSharpIndentationStrategy.cs
  artifactKey: Guid(14b3605f9aeca40c1b4f815f4fb0229f) Importer(2089858483,b0f066a214c2f5e87bad3c948f4d605d)
Start importing Packages/com.unity.collab-proxy/Editor/CodeEditor/Indentation/CSharp/CSharpIndentationStrategy.cs using Guid(14b3605f9aeca40c1b4f815f4fb0229f) Importer(2089858483,b0f066a214c2f5e87bad3c948f4d605d) (ScriptedImporter) -> (artifact id: 'b846a9d6b830d5856a4865185ecface4') in 0.0205263 seconds
Number of updated asset objects reloaded before import = 0Number of asset objects unloaded after import = 0

========================================================================
Received Import Request.
  Time since last request: 0.000243 seconds.
  path: Packages/com.unity.collab-proxy/Editor/CloudDrive/Workspaces/DirectoryContent/DrawItemNameBar.cs
  artifactKey: Guid(35caf055aec448e6bd68e33611eb916d) Importer(2089858483,b0f066a214c2f5e87bad3c948f4d605d)
Start importing Packages/com.unity.collab-proxy/Editor/CloudDrive/Workspaces/DirectoryContent/DrawItemNameBar.cs using Guid(35caf055aec448e6bd68e33611eb916d) Importer(2089858483,b0f066a214c2f5e87bad3c948f4d605d) (ScriptedImporter) -> (artifact id: 'b45fc3485bc5e39afef1acae0dff8321') in 0.0204603 seconds
Number of updated asset objects reloaded before import = 0Number of asset objects unloaded after import = 0

========================================================================
Received Import Request.
  Time since last request: 0.000289 seconds.
  path: Packages/com.unity.collab-proxy/Lib/Editor/Localization/cm.zh-Hans.txt
  artifactKey: Guid(2c0548b030b4443e1bba441773bbc14b) Importer(2089858483,b0f066a214c2f5e87bad3c948f4d605d)
Start importing Packages/com.unity.collab-proxy/Lib/Editor/Localization/cm.zh-Hans.txt using Guid(2c0548b030b4443e1bba441773bbc14b) Importer(2089858483,b0f066a214c2f5e87bad3c948f4d605d) (ScriptedImporter) -> (artifact id: 'd617e2517b27063b1e938f8de86b82b1') in 0.018197 seconds
Number of updated asset objects reloaded before import = 0Number of asset objects unloaded after import = 1

========================================================================
Received Import Request.
  Time since last request: 0.000170 seconds.
  path: Packages/com.unity.collab-proxy/Lib/Editor/Localization/images.zh-Hant.txt
  artifactKey: Guid(551a1f382ee9f495dab156563ea2a026) Importer(2089858483,b0f066a214c2f5e87bad3c948f4d605d)
Start importing Packages/com.unity.collab-proxy/Lib/Editor/Localization/images.zh-Hant.txt using Guid(551a1f382ee9f495dab156563ea2a026) Importer(2089858483,b0f066a214c2f5e87bad3c948f4d605d) (ScriptedImporter) -> (artifact id: '67d72bda44e0bc096c335d426d720333') in 0.0173653 seconds
Number of updated asset objects reloaded before import = 0Number of asset objects unloaded after import = 1

========================================================================
Received Import Request.
  Time since last request: 0.000174 seconds.
  path: Packages/com.unity.collab-proxy/Editor/Inspector/Properties/Label/LabelPropertiesPanel.cs
  artifactKey: Guid(9a10c8be3cfa470199e57ef38283bcfd) Importer(2089858483,b0f066a214c2f5e87bad3c948f4d605d)
Start importing Packages/com.unity.collab-proxy/Editor/Inspector/Properties/Label/LabelPropertiesPanel.cs using Guid(9a10c8be3cfa470199e57ef38283bcfd) Importer(2089858483,b0f066a214c2f5e87bad3c948f4d605d) (ScriptedImporter) -> (artifact id: 'c7d729eb18a4c4098ed41eda5829907b') in 0.0185786 seconds
Number of updated asset objects reloaded before import = 0Number of asset objects unloaded after import = 0

========================================================================
Received Import Request.
  Time since last request: 0.000220 seconds.
  path: Packages/com.unity.collab-proxy/Lib/Editor/Localization/xdiff.es.txt
  artifactKey: Guid(ec1212d5d510e4070be838d4f688aa3e) Importer(2089858483,b0f066a214c2f5e87bad3c948f4d605d)
Start importing Packages/com.unity.collab-proxy/Lib/Editor/Localization/xdiff.es.txt using Guid(ec1212d5d510e4070be838d4f688aa3e) Importer(2089858483,b0f066a214c2f5e87bad3c948f4d605d) (ScriptedImporter) -> (artifact id: '8496ddcbe5e5001121cd176b2a61183e') in 0.0177992 seconds
Number of updated asset objects reloaded before import = 0Number of asset objects unloaded after import = 1

========================================================================
Received Import Request.
  Time since last request: 0.000175 seconds.
  path: Packages/com.unity.collab-proxy/Lib/Editor/Localization/differences.ko.txt
  artifactKey: Guid(846a71cefa88440b1827812cb1fcf231) Importer(2089858483,b0f066a214c2f5e87bad3c948f4d605d)
Start importing Packages/com.unity.collab-proxy/Lib/Editor/Localization/differences.ko.txt using Guid(846a71cefa88440b1827812cb1fcf231) Importer(2089858483,b0f066a214c2f5e87bad3c948f4d605d) (ScriptedImporter) -> (artifact id: '7d4e191b591982db5d115869f9f9b21f') in 0.018839 seconds
Number of updated asset objects reloaded before import = 0Number of asset objects unloaded after import = 1

========================================================================
Received Import Request.
  Time since last request: 0.000222 seconds.
  path: Packages/com.unity.collab-proxy/Lib/Editor/Localization/basecommands.es.txt
  artifactKey: Guid(5b620c1ab90c8486aa98357a3d5aa245) Importer(2089858483,b0f066a214c2f5e87bad3c948f4d605d)
Start importing Packages/com.unity.collab-proxy/Lib/Editor/Localization/basecommands.es.txt using Guid(5b620c1ab90c8486aa98357a3d5aa245) Importer(2089858483,b0f066a214c2f5e87bad3c948f4d605d) (ScriptedImporter) -> (artifact id: '4b0be8e3b9d58cd82dea1c11f1f27677') in 0.0399911 seconds
Number of updated asset objects reloaded before import = 0Number of asset objects unloaded after import = 1

========================================================================
Received Import Request.
  Time since last request: 0.000813 seconds.
  path: Packages/com.unity.collab-proxy/Editor/CloudDrive/Workspaces/DirectoryContent/ItemsGridSelection.cs
  artifactKey: Guid(474f848599824c969ea9f3e5db753200) Importer(2089858483,b0f066a214c2f5e87bad3c948f4d605d)
Start importing Packages/com.unity.collab-proxy/Editor/CloudDrive/Workspaces/DirectoryContent/ItemsGridSelection.cs using Guid(474f848599824c969ea9f3e5db753200) Importer(2089858483,b0f066a214c2f5e87bad3c948f4d605d) (ScriptedImporter) -> (artifact id: 'a90d5eac96b304d8708f20995ccabe4b') in 0.095606 seconds
Number of updated asset objects reloaded before import = 0Number of asset objects unloaded after import = 0

========================================================================
Received Import Request.
  Time since last request: 0.000222 seconds.
  path: Packages/com.unity.collab-proxy/Lib/Editor/Localization/plastic-gui.es.txt
  artifactKey: Guid(570a0b5e54aa34d9098a77877ed47a22) Importer(2089858483,b0f066a214c2f5e87bad3c948f4d605d)
Start importing Packages/com.unity.collab-proxy/Lib/Editor/Localization/plastic-gui.es.txt using Guid(570a0b5e54aa34d9098a77877ed47a22) Importer(2089858483,b0f066a214c2f5e87bad3c948f4d605d) (ScriptedImporter) -> (artifact id: '9bdec7444e6d5b5f61e96ff069dccbcb') in 0.024472 seconds
Number of updated asset objects reloaded before import = 0Number of asset objects unloaded after import = 1

========================================================================
Received Import Request.
  Time since last request: 0.000059 seconds.
  path: Packages/com.unity.collab-proxy/Editor/Views/Locks/LocksViewMenu.cs
  artifactKey: Guid(0f34fdc6653d640839eaa1d2bc1bd538) Importer(2089858483,b0f066a214c2f5e87bad3c948f4d605d)
Start importing Packages/com.unity.collab-proxy/Editor/Views/Locks/LocksViewMenu.cs using Guid(0f34fdc6653d640839eaa1d2bc1bd538) Importer(2089858483,b0f066a214c2f5e87bad3c948f4d605d) (ScriptedImporter) -> (artifact id: 'c26a4bcc25a6b570a1d203569025e85a') in 0.0274023 seconds
Number of updated asset objects reloaded before import = 0Number of asset objects unloaded after import = 0

========================================================================
Received Import Request.
  Time since last request: 0.007088 seconds.
  path: Packages/com.unity.collab-proxy/Editor/_Deprecated/WebApi/IsCollabProjectMigratedResponse.cs
  artifactKey: Guid(b6aa72bc8240f514988bcccf4cf3cef5) Importer(2089858483,b0f066a214c2f5e87bad3c948f4d605d)
Start importing Packages/com.unity.collab-proxy/Editor/_Deprecated/WebApi/IsCollabProjectMigratedResponse.cs using Guid(b6aa72bc8240f514988bcccf4cf3cef5) Importer(2089858483,b0f066a214c2f5e87bad3c948f4d605d) (ScriptedImporter) -> (artifact id: '4ba4b007bf6ef564c169c2b773a0cee1') in 0.0225367 seconds
Number of updated asset objects reloaded before import = 0Number of asset objects unloaded after import = 0

========================================================================
Received Import Request.
  Time since last request: 0.000688 seconds.
  path: Packages/com.unity.collab-proxy/Editor/CloudDrive/Workspaces/Tree/CloudWorkspacesSelection.cs
  artifactKey: Guid(72b48557f4cf3d8438cbf59b123364ff) Importer(2089858483,b0f066a214c2f5e87bad3c948f4d605d)
Start importing Packages/com.unity.collab-proxy/Editor/CloudDrive/Workspaces/Tree/CloudWorkspacesSelection.cs using Guid(72b48557f4cf3d8438cbf59b123364ff) Importer(2089858483,b0f066a214c2f5e87bad3c948f4d605d) (ScriptedImporter) -> (artifact id: '9f9c150123b5fb174a1d7eacb2f1456e') in 0.0240957 seconds
Number of updated asset objects reloaded before import = 0Number of asset objects unloaded after import = 0

========================================================================
Received Import Request.
  Time since last request: 0.000172 seconds.
  path: Packages/com.unity.collab-proxy/Editor/Views/PendingChanges/PendingChangesMultiColumnHeader.cs
  artifactKey: Guid(e7b15873dbe9463cad67af4fac8e41ba) Importer(2089858483,b0f066a214c2f5e87bad3c948f4d605d)
Start importing Packages/com.unity.collab-proxy/Editor/Views/PendingChanges/PendingChangesMultiColumnHeader.cs using Guid(e7b15873dbe9463cad67af4fac8e41ba) Importer(2089858483,b0f066a214c2f5e87bad3c948f4d605d) (ScriptedImporter) -> (artifact id: 'abdc64da0ebe34d07a0580ef1d26140b') in 0.0187521 seconds
Number of updated asset objects reloaded before import = 0Number of asset objects unloaded after import = 0

========================================================================
Received Import Request.
  Time since last request: 0.000189 seconds.
  path: Packages/com.unity.collab-proxy/Lib/Editor/Localization/i3.ja.txt
  artifactKey: Guid(280760e27a27641a7aa1da01f6b57d1f) Importer(2089858483,b0f066a214c2f5e87bad3c948f4d605d)
Start importing Packages/com.unity.collab-proxy/Lib/Editor/Localization/i3.ja.txt using Guid(280760e27a27641a7aa1da01f6b57d1f) Importer(2089858483,b0f066a214c2f5e87bad3c948f4d605d) (ScriptedImporter) -> (artifact id: '4a11067b4e8e17aa5b7828badc9af546') in 0.0188358 seconds
Number of updated asset objects reloaded before import = 0Number of asset objects unloaded after import = 1

========================================================================
Received Import Request.
  Time since last request: 0.000096 seconds.
  path: Packages/com.unity.collab-proxy/Lib/Editor/Localization/clientcommon.ja.txt
  artifactKey: Guid(f04ab50f8452f4367be9271932ec2cd4) Importer(2089858483,b0f066a214c2f5e87bad3c948f4d605d)
Start importing Packages/com.unity.collab-proxy/Lib/Editor/Localization/clientcommon.ja.txt using Guid(f04ab50f8452f4367be9271932ec2cd4) Importer(2089858483,b0f066a214c2f5e87bad3c948f4d605d) (ScriptedImporter) -> (artifact id: '1bef21bb8e688eea11a6f5e592796dce') in 0.0218807 seconds
Number of updated asset objects reloaded before import = 0Number of asset objects unloaded after import = 1

========================================================================
Received Import Request.
  Time since last request: 0.000262 seconds.
  path: Packages/com.unity.collab-proxy/Editor/Views/Locks/LocksListView.cs
  artifactKey: Guid(4ad84899006a47b9b710662c93ec6448) Importer(2089858483,b0f066a214c2f5e87bad3c948f4d605d)
Start importing Packages/com.unity.collab-proxy/Editor/Views/Locks/LocksListView.cs using Guid(4ad84899006a47b9b710662c93ec6448) Importer(2089858483,b0f066a214c2f5e87bad3c948f4d605d) (ScriptedImporter) -> (artifact id: 'adebe6ec79fc63bf2ef5cdf8fe30c2da') in 0.0197379 seconds
Number of updated asset objects reloaded before import = 0Number of asset objects unloaded after import = 0

========================================================================
Received Import Request.
  Time since last request: 0.000238 seconds.
  path: Packages/com.unity.collab-proxy/Lib/Editor/Localization/cm-help.ko.txt
  artifactKey: Guid(9473a479453044236a9011090338b71c) Importer(2089858483,b0f066a214c2f5e87bad3c948f4d605d)
Start importing Packages/com.unity.collab-proxy/Lib/Editor/Localization/cm-help.ko.txt using Guid(9473a479453044236a9011090338b71c) Importer(2089858483,b0f066a214c2f5e87bad3c948f4d605d) (ScriptedImporter) -> (artifact id: '5cf2fd3b32de1032bc91cdaeaa846c51') in 0.0240823 seconds
Number of updated asset objects reloaded before import = 0Number of asset objects unloaded after import = 1

========================================================================
Received Import Request.
  Time since last request: 0.000137 seconds.
  path: Packages/com.unity.collab-proxy/Lib/Editor/Localization/images.es.txt
  artifactKey: Guid(b957b2a4b3ff04e9cb838bca1e5c5877) Importer(2089858483,b0f066a214c2f5e87bad3c948f4d605d)
Start importing Packages/com.unity.collab-proxy/Lib/Editor/Localization/images.es.txt using Guid(b957b2a4b3ff04e9cb838bca1e5c5877) Importer(2089858483,b0f066a214c2f5e87bad3c948f4d605d) (ScriptedImporter) -> (artifact id: '2b81c3a39a39e2b538f100333e5e9f22') in 0.0224173 seconds
Number of updated asset objects reloaded before import = 0Number of asset objects unloaded after import = 1

========================================================================
Received Import Request.
  Time since last request: 0.000811 seconds.
  path: Packages/com.unity.collab-proxy/Editor/UI/UnityInternals/UnityEditor/SplitterState.cs
  artifactKey: Guid(489341d280ec4f84966df11c8c6804d4) Importer(2089858483,b0f066a214c2f5e87bad3c948f4d605d)
Start importing Packages/com.unity.collab-proxy/Editor/UI/UnityInternals/UnityEditor/SplitterState.cs using Guid(489341d280ec4f84966df11c8c6804d4) Importer(2089858483,b0f066a214c2f5e87bad3c948f4d605d) (ScriptedImporter) -> (artifact id: '8df56a1e0a2da91d1e67be2ac4726a46') in 0.0224577 seconds
Number of updated asset objects reloaded before import = 0Number of asset objects unloaded after import = 0

========================================================================
Received Import Request.
  Time since last request: 0.000237 seconds.
  path: Packages/com.unity.collab-proxy/Editor/Views/BranchExplorer/Game/EasterEggDetector.cs
  artifactKey: Guid(ae954cba0516d43c5b81c92cdb63d0c3) Importer(2089858483,b0f066a214c2f5e87bad3c948f4d605d)
Start importing Packages/com.unity.collab-proxy/Editor/Views/BranchExplorer/Game/EasterEggDetector.cs using Guid(ae954cba0516d43c5b81c92cdb63d0c3) Importer(2089858483,b0f066a214c2f5e87bad3c948f4d605d) (ScriptedImporter) -> (artifact id: 'a27e10778dfae4b74e9b6ef80057983c') in 0.0229163 seconds
Number of updated asset objects reloaded before import = 0Number of asset objects unloaded after import = 0

========================================================================
Received Import Request.
  Time since last request: 0.000239 seconds.
  path: Packages/com.unity.collab-proxy/Editor/Views/Welcome/MacOSConfigWorkaround.cs
  artifactKey: Guid(bc1e10ffb13c5b548948d8c725368507) Importer(2089858483,b0f066a214c2f5e87bad3c948f4d605d)
Start importing Packages/com.unity.collab-proxy/Editor/Views/Welcome/MacOSConfigWorkaround.cs using Guid(bc1e10ffb13c5b548948d8c725368507) Importer(2089858483,b0f066a214c2f5e87bad3c948f4d605d) (ScriptedImporter) -> (artifact id: 'c4b42aead79ae9127e486cbf91c5f70e') in 0.0169312 seconds
Number of updated asset objects reloaded before import = 0Number of asset objects unloaded after import = 0

========================================================================
Received Import Request.
  Time since last request: 0.000330 seconds.
  path: Packages/com.unity.collab-proxy/Editor/Inspector/Properties/Branch/BranchPropertiesPanel.cs
  artifactKey: Guid(14b7fa9fffe443888cccb93957dea182) Importer(2089858483,b0f066a214c2f5e87bad3c948f4d605d)
Start importing Packages/com.unity.collab-proxy/Editor/Inspector/Properties/Branch/BranchPropertiesPanel.cs using Guid(14b7fa9fffe443888cccb93957dea182) Importer(2089858483,b0f066a214c2f5e87bad3c948f4d605d) (ScriptedImporter) -> (artifact id: '557bb9cbc64fed341541d3dd932450dd') in 0.0180161 seconds
Number of updated asset objects reloaded before import = 0Number of asset objects unloaded after import = 0

========================================================================
Received Import Request.
  Time since last request: 1.096583 seconds.
  path: Packages/com.unity.collab-proxy/Editor/Views/BranchExplorer/Virtualization/BrExConnectionRectangle.cs
  artifactKey: Guid(4b5c816a19cf4a868feca49d8cc1023a) Importer(2089858483,b0f066a214c2f5e87bad3c948f4d605d)
Start importing Packages/com.unity.collab-proxy/Editor/Views/BranchExplorer/Virtualization/BrExConnectionRectangle.cs using Guid(4b5c816a19cf4a868feca49d8cc1023a) Importer(2089858483,b0f066a214c2f5e87bad3c948f4d605d) (ScriptedImporter) -> (artifact id: '58a444a66d3fd33638e8e33f5f90e62d') in 0.0191295 seconds
Number of updated asset objects reloaded before import = 0Number of asset objects unloaded after import = 0

========================================================================
Received Import Request.
  Time since last request: 0.000230 seconds.
  path: Packages/com.unity.collab-proxy/Editor/Views/Merge/Gluon/ChangeTreeViewItem.cs
  artifactKey: Guid(d491adc3134c2ac4d9e3c61ed42a7ccd) Importer(2089858483,b0f066a214c2f5e87bad3c948f4d605d)
Start importing Packages/com.unity.collab-proxy/Editor/Views/Merge/Gluon/ChangeTreeViewItem.cs using Guid(d491adc3134c2ac4d9e3c61ed42a7ccd) Importer(2089858483,b0f066a214c2f5e87bad3c948f4d605d) (ScriptedImporter) -> (artifact id: '91ce39cf46aaac7ecbf8713193cfd869') in 0.0188648 seconds
Number of updated asset objects reloaded before import = 0Number of asset objects unloaded after import = 0

========================================================================
Received Import Request.
  Time since last request: 0.000176 seconds.
  path: Packages/com.unity.ugui/Runtime/InternalBridge/Unity.InternalAPIEngineBridge.004.asmdef
  artifactKey: Guid(43b111c4a445f446abd2c02e77750ff5) Importer(2089858483,b0f066a214c2f5e87bad3c948f4d605d)
Start importing Packages/com.unity.ugui/Runtime/InternalBridge/Unity.InternalAPIEngineBridge.004.asmdef using Guid(43b111c4a445f446abd2c02e77750ff5) Importer(2089858483,b0f066a214c2f5e87bad3c948f4d605d) (ScriptedImporter) -> (artifact id: 'd5e1401a2b934fed03ce0a841c1cb6d5') in 0.0225324 seconds
Number of updated asset objects reloaded before import = 0Number of asset objects unloaded after import = 1

========================================================================
Received Import Request.
  Time since last request: 0.000095 seconds.
  path: Packages/com.unity.ugui/Editor/Analytics/UGUIAnalytics.cs
  artifactKey: Guid(ff6d34f71e1a6af4290f9275ff94616c) Importer(2089858483,b0f066a214c2f5e87bad3c948f4d605d)
Start importing Packages/com.unity.ugui/Editor/Analytics/UGUIAnalytics.cs using Guid(ff6d34f71e1a6af4290f9275ff94616c) Importer(2089858483,b0f066a214c2f5e87bad3c948f4d605d) (ScriptedImporter) -> (artifact id: '0eac47200194dd86f4c940e4a6463af6') in 0.0188129 seconds
Number of updated asset objects reloaded before import = 0Number of asset objects unloaded after import = 0

========================================================================
Received Import Request.
  Time since last request: 0.000492 seconds.
  path: Packages/com.unity.collab-proxy/Editor/Views/BranchExplorer/Drawing/Shapes/ParentLinkShape.cs
  artifactKey: Guid(c24fdb91749740eea5515d6db87aafd9) Importer(2089858483,b0f066a214c2f5e87bad3c948f4d605d)
Start importing Packages/com.unity.collab-proxy/Editor/Views/BranchExplorer/Drawing/Shapes/ParentLinkShape.cs using Guid(c24fdb91749740eea5515d6db87aafd9) Importer(2089858483,b0f066a214c2f5e87bad3c948f4d605d) (ScriptedImporter) -> (artifact id: 'e9ac9315b3b1ef5f1e213153e46885d9') in 0.0232054 seconds
Number of updated asset objects reloaded before import = 0Number of asset objects unloaded after import = 0

========================================================================
Received Import Request.
  Time since last request: 0.000577 seconds.
  path: Packages/com.unity.ide.visualstudio/ValidationConfig.json
  artifactKey: Guid(a3f71b076c36a204a864f8c44142b3a9) Importer(2089858483,b0f066a214c2f5e87bad3c948f4d605d)
Start importing Packages/com.unity.ide.visualstudio/ValidationConfig.json using Guid(a3f71b076c36a204a864f8c44142b3a9) Importer(2089858483,b0f066a214c2f5e87bad3c948f4d605d) (ScriptedImporter) -> (artifact id: 'cee375d58ff38e0e441a3ca91f1954e9') in 0.0258886 seconds
Number of updated asset objects reloaded before import = 0Number of asset objects unloaded after import = 1

========================================================================
Received Import Request.
  Time since last request: 0.000125 seconds.
  path: Packages/com.unity.ide.visualstudio/Editor/Cli.cs
  artifactKey: Guid(f7b5530092b3a7646bdc7865f1f6ee94) Importer(2089858483,b0f066a214c2f5e87bad3c948f4d605d)
Start importing Packages/com.unity.ide.visualstudio/Editor/Cli.cs using Guid(f7b5530092b3a7646bdc7865f1f6ee94) Importer(2089858483,b0f066a214c2f5e87bad3c948f4d605d) (ScriptedImporter) -> (artifact id: '7b83653bd74616ce4f57c4a1814ceee7') in 0.0161041 seconds
Number of updated asset objects reloaded before import = 0Number of asset objects unloaded after import = 0

========================================================================
Received Import Request.
  Time since last request: 0.000242 seconds.
  path: Packages/com.unity.modules.imgui/package.ModuleCompilationTrigger
  artifactKey: Guid(be13c398521e3c1ad21fb9da30ab2ab6) Importer(2089858483,b0f066a214c2f5e87bad3c948f4d605d)
Start importing Packages/com.unity.modules.imgui/package.ModuleCompilationTrigger using Guid(be13c398521e3c1ad21fb9da30ab2ab6) Importer(2089858483,b0f066a214c2f5e87bad3c948f4d605d) (ScriptedImporter) -> (artifact id: '4b91f0f55100c0bd9aeb2a091d2ae750') in 0.0177218 seconds
Number of updated asset objects reloaded before import = 0Number of asset objects unloaded after import = 1

========================================================================
Received Import Request.
  Time since last request: 0.000160 seconds.
  path: Packages/com.unity.ugui/Runtime/TMP/TMPro_ExtensionMethods.cs
  artifactKey: Guid(77476292f9fa4905a787e6417853846b) Importer(2089858483,b0f066a214c2f5e87bad3c948f4d605d)
Start importing Packages/com.unity.ugui/Runtime/TMP/TMPro_ExtensionMethods.cs using Guid(77476292f9fa4905a787e6417853846b) Importer(2089858483,b0f066a214c2f5e87bad3c948f4d605d) (ScriptedImporter) -> (artifact id: '3e22524154319789e06ccb058502ead5') in 0.0224784 seconds
Number of updated asset objects reloaded before import = 0Number of asset objects unloaded after import = 0

========================================================================
Received Import Request.
  Time since last request: 0.000039 seconds.
  path: Packages/com.unity.ugui/Runtime/TMP/TMP_DynamicFontAssetUtilities.cs
  artifactKey: Guid(aaf9006568d76504f982305b517fb490) Importer(2089858483,b0f066a214c2f5e87bad3c948f4d605d)
Start importing Packages/com.unity.ugui/Runtime/TMP/TMP_DynamicFontAssetUtilities.cs using Guid(aaf9006568d76504f982305b517fb490) Importer(2089858483,b0f066a214c2f5e87bad3c948f4d605d) (ScriptedImporter) -> (artifact id: 'd352d5c079fc4826f15a82022aada156') in 0.0189175 seconds
Number of updated asset objects reloaded before import = 0Number of asset objects unloaded after import = 0

========================================================================
Received Import Request.
  Time since last request: 0.000076 seconds.
  path: Packages/com.unity.collab-proxy/Editor/Views/Merge/Developer/ChangeCategoryTreeViewItem.cs
  artifactKey: Guid(c408e05e88bc93c458a3195b15e9d625) Importer(2089858483,b0f066a214c2f5e87bad3c948f4d605d)
Start importing Packages/com.unity.collab-proxy/Editor/Views/Merge/Developer/ChangeCategoryTreeViewItem.cs using Guid(c408e05e88bc93c458a3195b15e9d625) Importer(2089858483,b0f066a214c2f5e87bad3c948f4d605d) (ScriptedImporter) -> (artifact id: 'ac0c5448f0771e0462f883c63af20831') in 0.0183029 seconds
Number of updated asset objects reloaded before import = 0Number of asset objects unloaded after import = 0

========================================================================
Received Import Request.
  Time since last request: 0.000190 seconds.
  path: Packages/com.unity.collab-proxy/Editor/Views/BranchExplorer/Drawing/Shapes/EllipticalArc.cs
  artifactKey: Guid(97d25960402b4e1e98351c7168ef189f) Importer(2089858483,b0f066a214c2f5e87bad3c948f4d605d)
Start importing Packages/com.unity.collab-proxy/Editor/Views/BranchExplorer/Drawing/Shapes/EllipticalArc.cs using Guid(97d25960402b4e1e98351c7168ef189f) Importer(2089858483,b0f066a214c2f5e87bad3c948f4d605d) (ScriptedImporter) -> (artifact id: '783513509ff481808b565144e97cdc92') in 0.0189168 seconds
Number of updated asset objects reloaded before import = 0Number of asset objects unloaded after import = 0

========================================================================
Received Import Request.
  Time since last request: 0.000643 seconds.
  path: Packages/com.unity.collab-proxy/Editor/Views/PendingChanges/PendingMergeLinks/MergeLinksListView.cs
  artifactKey: Guid(3ee6978573f6f410a9b799889ea0ad13) Importer(2089858483,b0f066a214c2f5e87bad3c948f4d605d)
Start importing Packages/com.unity.collab-proxy/Editor/Views/PendingChanges/PendingMergeLinks/MergeLinksListView.cs using Guid(3ee6978573f6f410a9b799889ea0ad13) Importer(2089858483,b0f066a214c2f5e87bad3c948f4d605d) (ScriptedImporter) -> (artifact id: '4ed5d92359bdce2037c79b9e3d8a1620') in 0.0194513 seconds
Number of updated asset objects reloaded before import = 0Number of asset objects unloaded after import = 0

========================================================================
Received Import Request.
  Time since last request: 0.000172 seconds.
  path: Packages/com.unity.ugui/Editor/TMP/TMPro_TexturePostProcessor.cs
  artifactKey: Guid(f4935fb862d54980b1bcbca942962642) Importer(2089858483,b0f066a214c2f5e87bad3c948f4d605d)
Start importing Packages/com.unity.ugui/Editor/TMP/TMPro_TexturePostProcessor.cs using Guid(f4935fb862d54980b1bcbca942962642) Importer(2089858483,b0f066a214c2f5e87bad3c948f4d605d) (ScriptedImporter) -> (artifact id: '72667681221b6b698a01659b938d7e64') in 0.0221207 seconds
Number of updated asset objects reloaded before import = 0Number of asset objects unloaded after import = 0

========================================================================
Received Import Request.
  Time since last request: 0.000030 seconds.
  path: Packages/com.unity.ugui/Runtime/TMP/TMP_SubMesh.cs
  artifactKey: Guid(07994bfe8b0e4adb97d706de5dea48d5) Importer(2089858483,b0f066a214c2f5e87bad3c948f4d605d)
Start importing Packages/com.unity.ugui/Runtime/TMP/TMP_SubMesh.cs using Guid(07994bfe8b0e4adb97d706de5dea48d5) Importer(2089858483,b0f066a214c2f5e87bad3c948f4d605d) (ScriptedImporter) -> (artifact id: '321272016ed72bd25aef859d8f0b5243') in 0.0218867 seconds
Number of updated asset objects reloaded before import = 0Number of asset objects unloaded after import = 0

========================================================================
Received Import Request.
  Time since last request: 0.000210 seconds.
  path: Packages/com.unity.ide.visualstudio/Editor/VisualStudioIntegration.cs
  artifactKey: Guid(48fcd6ebd5ce8fd4cbe931895233677d) Importer(2089858483,b0f066a214c2f5e87bad3c948f4d605d)
Start importing Packages/com.unity.ide.visualstudio/Editor/VisualStudioIntegration.cs using Guid(48fcd6ebd5ce8fd4cbe931895233677d) Importer(2089858483,b0f066a214c2f5e87bad3c948f4d605d) (ScriptedImporter) -> (artifact id: '545e324d47412b270ddfbc42ed330b21') in 0.0281887 seconds
Number of updated asset objects reloaded before import = 0Number of asset objects unloaded after import = 0

========================================================================
Received Import Request.
  Time since last request: 0.000264 seconds.
  path: Packages/com.unity.collab-proxy/Editor/Views/Merge/Developer/MergeOptionsDialog.cs
  artifactKey: Guid(48e3a3df6bca4ea4eadc40cb1540e43d) Importer(2089858483,b0f066a214c2f5e87bad3c948f4d605d)
Start importing Packages/com.unity.collab-proxy/Editor/Views/Merge/Developer/MergeOptionsDialog.cs using Guid(48e3a3df6bca4ea4eadc40cb1540e43d) Importer(2089858483,b0f066a214c2f5e87bad3c948f4d605d) (ScriptedImporter) -> (artifact id: '4c41613ae43b641c6a2cba26237570d6') in 0.0192174 seconds
Number of updated asset objects reloaded before import = 0Number of asset objects unloaded after import = 0

========================================================================
Received Import Request.
  Time since last request: 0.000149 seconds.
  path: Packages/com.unity.collab-proxy/Editor/Views/PendingChanges/Changelists/MoveToChangelistMenuBuilder.cs
  artifactKey: Guid(466ebd71b4a48b541be6d119d8140603) Importer(2089858483,b0f066a214c2f5e87bad3c948f4d605d)
Start importing Packages/com.unity.collab-proxy/Editor/Views/PendingChanges/Changelists/MoveToChangelistMenuBuilder.cs using Guid(466ebd71b4a48b541be6d119d8140603) Importer(2089858483,b0f066a214c2f5e87bad3c948f4d605d) (ScriptedImporter) -> (artifact id: 'ad03462d0d0caa5ad8610d04c6f863d0') in 0.0241603 seconds
Number of updated asset objects reloaded before import = 0Number of asset objects unloaded after import = 0

========================================================================
Received Import Request.
  Time since last request: 0.000590 seconds.
  path: Packages/com.unity.collab-proxy/Editor/Views/BranchExplorer/Drawing/Shapes/BranchCaptionShape.cs
  artifactKey: Guid(c02d2b10240a45b9a7a91666db0900bf) Importer(2089858483,b0f066a214c2f5e87bad3c948f4d605d)
Start importing Packages/com.unity.collab-proxy/Editor/Views/BranchExplorer/Drawing/Shapes/BranchCaptionShape.cs using Guid(c02d2b10240a45b9a7a91666db0900bf) Importer(2089858483,b0f066a214c2f5e87bad3c948f4d605d) (ScriptedImporter) -> (artifact id: '7e35fe4ba163e73a8cd1cde1c5cd1d2d') in 0.0615345 seconds
Number of updated asset objects reloaded before import = 0Number of asset objects unloaded after import = 0

========================================================================
Received Import Request.
  Time since last request: 0.000890 seconds.
  path: Packages/com.unity.ugui/Runtime/TMP/TMP_UpdateRegistery.cs
  artifactKey: Guid(a55fb7b4961a425381d1282fc424f966) Importer(2089858483,b0f066a214c2f5e87bad3c948f4d605d)
Start importing Packages/com.unity.ugui/Runtime/TMP/TMP_UpdateRegistery.cs using Guid(a55fb7b4961a425381d1282fc424f966) Importer(2089858483,b0f066a214c2f5e87bad3c948f4d605d) (ScriptedImporter) -> (artifact id: '739bed5b5ad730e435e494cfc9d1f5b2') in 0.024901 seconds
Number of updated asset objects reloaded before import = 0Number of asset objects unloaded after import = 0

========================================================================
Received Import Request.
  Time since last request: 0.000253 seconds.
  path: Packages/com.unity.collab-proxy/Editor/Views/BranchExplorer/Options/ConditionalFormat/RulePanel.cs
  artifactKey: Guid(d4d5b2255ed6f4900a3a67d870fc8f6f) Importer(2089858483,b0f066a214c2f5e87bad3c948f4d605d)
Start importing Packages/com.unity.collab-proxy/Editor/Views/BranchExplorer/Options/ConditionalFormat/RulePanel.cs using Guid(d4d5b2255ed6f4900a3a67d870fc8f6f) Importer(2089858483,b0f066a214c2f5e87bad3c948f4d605d) (ScriptedImporter) -> (artifact id: 'dca9d1b982d0d043b731d6b088ba6a8d') in 0.02452 seconds
Number of updated asset objects reloaded before import = 0Number of asset objects unloaded after import = 0

========================================================================
Received Import Request.
  Time since last request: 0.000463 seconds.
  path: Packages/com.unity.ugui/Runtime/TMP/TMP_ShaderUtilities.cs
  artifactKey: Guid(fea49a0730244a98bf1087f7ca9410a8) Importer(2089858483,b0f066a214c2f5e87bad3c948f4d605d)
Start importing Packages/com.unity.ugui/Runtime/TMP/TMP_ShaderUtilities.cs using Guid(fea49a0730244a98bf1087f7ca9410a8) Importer(2089858483,b0f066a214c2f5e87bad3c948f4d605d) (ScriptedImporter) -> (artifact id: '0c2bccebf3821e469ea6b688f64c0fbb') in 0.0280377 seconds
Number of updated asset objects reloaded before import = 0Number of asset objects unloaded after import = 0

========================================================================
Received Import Request.
  Time since last request: 0.000245 seconds.
  path: Packages/com.unity.ugui/Editor/TMP/TMP_SpriteAssetEditor.cs
  artifactKey: Guid(b09be1f217d34247af54863a2f5587e1) Importer(2089858483,b0f066a214c2f5e87bad3c948f4d605d)
Start importing Packages/com.unity.ugui/Editor/TMP/TMP_SpriteAssetEditor.cs using Guid(b09be1f217d34247af54863a2f5587e1) Importer(2089858483,b0f066a214c2f5e87bad3c948f4d605d) (ScriptedImporter) -> (artifact id: '2b2a5609609e104272db23751ac85f97') in 0.0242449 seconds
Number of updated asset objects reloaded before import = 0Number of asset objects unloaded after import = 0

========================================================================
Received Import Request.
  Time since last request: 0.000282 seconds.
  path: Packages/com.unity.ugui/Editor Resources/Textures/btn_AlignMiddle.psd
  artifactKey: Guid(41b96614b2e6494ba995ddcd252d11ae) Importer(2089858483,b0f066a214c2f5e87bad3c948f4d605d)
Start importing Packages/com.unity.ugui/Editor Resources/Textures/btn_AlignMiddle.psd using Guid(41b96614b2e6494ba995ddcd252d11ae) Importer(2089858483,b0f066a214c2f5e87bad3c948f4d605d) (ScriptedImporter) -> (artifact id: '0b8af71ea89662030dbb292da54b9b0e') in 0.0403879 seconds
Number of updated asset objects reloaded before import = 0Number of asset objects unloaded after import = 1

========================================================================
Received Import Request.
  Time since last request: 0.000871 seconds.
  path: Packages/com.unity.ugui/Editor Resources/Shaders/TMP_SDF Internal Editor.shader
  artifactKey: Guid(9c442dc870b456e48b615cd8add0e9ef) Importer(2089858483,b0f066a214c2f5e87bad3c948f4d605d)
Start importing Packages/com.unity.ugui/Editor Resources/Shaders/TMP_SDF Internal Editor.shader using Guid(9c442dc870b456e48b615cd8add0e9ef) Importer(2089858483,b0f066a214c2f5e87bad3c948f4d605d) (ScriptedImporter) -> (artifact id: '8acd151ae84da04188d28d0c65a4b4f5') in 0.0401789 seconds
Number of updated asset objects reloaded before import = 0Number of asset objects unloaded after import = 1

========================================================================
Received Import Request.
  Time since last request: 0.001948 seconds.
  path: Packages/com.unity.collab-proxy/Editor/Views/BranchExplorer/Drawing/Shapes/Connections/Degrees.cs
  artifactKey: Guid(339bb0bea15547279a13171ebf92c4e9) Importer(2089858483,b0f066a214c2f5e87bad3c948f4d605d)
Start importing Packages/com.unity.collab-proxy/Editor/Views/BranchExplorer/Drawing/Shapes/Connections/Degrees.cs using Guid(339bb0bea15547279a13171ebf92c4e9) Importer(2089858483,b0f066a214c2f5e87bad3c948f4d605d) (ScriptedImporter) -> (artifact id: '877b78ec47ef2f74e4c8e503dae13193') in 0.0239772 seconds
Number of updated asset objects reloaded before import = 0Number of asset objects unloaded after import = 0

========================================================================
Received Import Request.
  Time since last request: 0.000825 seconds.
  path: Packages/com.unity.ugui/Editor Resources/Textures/SectionHeader_Dark.psd
  artifactKey: Guid(fb5730e24283d0c489e5c7d0bee023d9) Importer(2089858483,b0f066a214c2f5e87bad3c948f4d605d)
Start importing Packages/com.unity.ugui/Editor Resources/Textures/SectionHeader_Dark.psd using Guid(fb5730e24283d0c489e5c7d0bee023d9) Importer(2089858483,b0f066a214c2f5e87bad3c948f4d605d) (ScriptedImporter) -> (artifact id: '42c82cc49d3643dfcb8a4fb3fe016cb2') in 0.0463927 seconds
Number of updated asset objects reloaded before import = 0Number of asset objects unloaded after import = 1

========================================================================
Received Import Request.
  Time since last request: 0.000112 seconds.
  path: Packages/com.unity.ugui/Editor Resources/Textures/btn_AlignRight.psd
  artifactKey: Guid(342a0f8aca7f4f0691338912faec0494) Importer(2089858483,b0f066a214c2f5e87bad3c948f4d605d)
Start importing Packages/com.unity.ugui/Editor Resources/Textures/btn_AlignRight.psd using Guid(342a0f8aca7f4f0691338912faec0494) Importer(2089858483,b0f066a214c2f5e87bad3c948f4d605d) (ScriptedImporter) -> (artifact id: '8f103b2e280669def57b8c9d1fd3a0d5') in 0.0363976 seconds
Number of updated asset objects reloaded before import = 0Number of asset objects unloaded after import = 1

========================================================================
Received Import Request.
  Time since last request: 0.000147 seconds.
  path: Packages/com.unity.collab-proxy/Editor/Views/BranchExplorer/Virtualization/QuadTree.cs
  artifactKey: Guid(f2d293552be94873903931c954e5e935) Importer(2089858483,b0f066a214c2f5e87bad3c948f4d605d)
Start importing Packages/com.unity.collab-proxy/Editor/Views/BranchExplorer/Virtualization/QuadTree.cs using Guid(f2d293552be94873903931c954e5e935) Importer(2089858483,b0f066a214c2f5e87bad3c948f4d605d) (ScriptedImporter) -> (artifact id: '500bc1bca9c2a123ecd26a1b482857b2') in 0.0283465 seconds
Number of updated asset objects reloaded before import = 0Number of asset objects unloaded after import = 0

========================================================================
Received Import Request.
  Time since last request: 0.000327 seconds.
  path: Packages/com.unity.ugui/Editor Resources/Textures/btn_AlignCapLine.psd
  artifactKey: Guid(0d9a36012a224080966c7b55896aa0f9) Importer(2089858483,b0f066a214c2f5e87bad3c948f4d605d)
Start importing Packages/com.unity.ugui/Editor Resources/Textures/btn_AlignCapLine.psd using Guid(0d9a36012a224080966c7b55896aa0f9) Importer(2089858483,b0f066a214c2f5e87bad3c948f4d605d) (ScriptedImporter) -> (artifact id: '5db3b4fe70294b035ce2098a6244685e') in 0.0353267 seconds
Number of updated asset objects reloaded before import = 0Number of asset objects unloaded after import = 1

========================================================================
Received Import Request.
  Time since last request: 0.000065 seconds.
  path: Packages/com.unity.collab-proxy/Editor/Views/PendingChanges/Dialogs/LaunchDependenciesDialog.cs
  artifactKey: Guid(3ccc9b689652f0b40b53c731af81f034) Importer(2089858483,b0f066a214c2f5e87bad3c948f4d605d)
Start importing Packages/com.unity.collab-proxy/Editor/Views/PendingChanges/Dialogs/LaunchDependenciesDialog.cs using Guid(3ccc9b689652f0b40b53c731af81f034) Importer(2089858483,b0f066a214c2f5e87bad3c948f4d605d) (ScriptedImporter) -> (artifact id: 'ba68a233d1670dd2aae228f39f130a49') in 0.027818 seconds
Number of updated asset objects reloaded before import = 0Number of asset objects unloaded after import = 0

========================================================================
Received Import Request.
  Time since last request: 0.000387 seconds.
  path: Packages/com.unity.ugui/Editor/TMP/TMP_SpriteAssetMenu.cs
  artifactKey: Guid(1048a87135154606808bf2030da32d18) Importer(2089858483,b0f066a214c2f5e87bad3c948f4d605d)
Start importing Packages/com.unity.ugui/Editor/TMP/TMP_SpriteAssetMenu.cs using Guid(1048a87135154606808bf2030da32d18) Importer(2089858483,b0f066a214c2f5e87bad3c948f4d605d) (ScriptedImporter) -> (artifact id: '2320ef894ae86636ce23590b404d9ee7') in 0.0198604 seconds
Number of updated asset objects reloaded before import = 0Number of asset objects unloaded after import = 0

========================================================================
Received Import Request.
  Time since last request: 0.000579 seconds.
  path: Packages/com.unity.ugui/Runtime/TMP/TMP_SpriteAsset.cs
  artifactKey: Guid(84a92b25f83d49b9bc132d206b370281) Importer(2089858483,b0f066a214c2f5e87bad3c948f4d605d)
Start importing Packages/com.unity.ugui/Runtime/TMP/TMP_SpriteAsset.cs using Guid(84a92b25f83d49b9bc132d206b370281) Importer(2089858483,b0f066a214c2f5e87bad3c948f4d605d) (ScriptedImporter) -> (artifact id: 'ece4fe08f193fbee96035f2b103ade05') in 0.0241591 seconds
Number of updated asset objects reloaded before import = 0Number of asset objects unloaded after import = 1

========================================================================
Received Import Request.
  Time since last request: 0.000058 seconds.
  path: Packages/com.unity.ugui/Editor Resources/Textures/btn_AlignTop_Light.psd
  artifactKey: Guid(ed041e68439749a69d0efa0e3d896c2e) Importer(2089858483,b0f066a214c2f5e87bad3c948f4d605d)
Start importing Packages/com.unity.ugui/Editor Resources/Textures/btn_AlignTop_Light.psd using Guid(ed041e68439749a69d0efa0e3d896c2e) Importer(2089858483,b0f066a214c2f5e87bad3c948f4d605d) (ScriptedImporter) -> (artifact id: 'bd45fb0d179ed66a43e39756251559c2') in 0.0318399 seconds
Number of updated asset objects reloaded before import = 0Number of asset objects unloaded after import = 1

========================================================================
Received Import Request.
  Time since last request: 0.000168 seconds.
  path: Packages/com.unity.collab-proxy/Editor/Views/BranchExplorer/Drawing/Shapes/Colors/BrExLineDashPatterns.cs
  artifactKey: Guid(9bce97fab0964d528edee0fae8663c95) Importer(2089858483,b0f066a214c2f5e87bad3c948f4d605d)
Start importing Packages/com.unity.collab-proxy/Editor/Views/BranchExplorer/Drawing/Shapes/Colors/BrExLineDashPatterns.cs using Guid(9bce97fab0964d528edee0fae8663c95) Importer(2089858483,b0f066a214c2f5e87bad3c948f4d605d) (ScriptedImporter) -> (artifact id: '7610d2383c1b7f89015accc5d6914c8c') in 0.0196978 seconds
Number of updated asset objects reloaded before import = 0Number of asset objects unloaded after import = 0

========================================================================
Received Import Request.
  Time since last request: 0.000046 seconds.
  path: Packages/com.unity.ugui/Editor Resources/Textures/btn_AlignBaseLine_Light.psd
  artifactKey: Guid(18775b51e3bd42299fd30bd036ea982f) Importer(2089858483,b0f066a214c2f5e87bad3c948f4d605d)
Start importing Packages/com.unity.ugui/Editor Resources/Textures/btn_AlignBaseLine_Light.psd using Guid(18775b51e3bd42299fd30bd036ea982f) Importer(2089858483,b0f066a214c2f5e87bad3c948f4d605d) (ScriptedImporter) -> (artifact id: 'c13f9a1a4a72e563418b516efa9b9a16') in 0.0306913 seconds
Number of updated asset objects reloaded before import = 0Number of asset objects unloaded after import = 1

========================================================================
Received Import Request.
  Time since last request: 0.000159 seconds.
  path: Packages/com.unity.ugui/Runtime/TMP/AssemblyInfo.cs
  artifactKey: Guid(1c147d10db452eb4b854a35f84472017) Importer(2089858483,b0f066a214c2f5e87bad3c948f4d605d)
Start importing Packages/com.unity.ugui/Runtime/TMP/AssemblyInfo.cs using Guid(1c147d10db452eb4b854a35f84472017) Importer(2089858483,b0f066a214c2f5e87bad3c948f4d605d) (ScriptedImporter) -> (artifact id: 'e2877018fc9998fab947ab303a1fd059') in 0.0217612 seconds
Number of updated asset objects reloaded before import = 0Number of asset objects unloaded after import = 0

========================================================================
Received Import Request.
  Time since last request: 0.000251 seconds.
  path: Packages/com.unity.collab-proxy/Editor/Views/BranchExplorer/Drawing/Shapes/ColumnShape.cs
  artifactKey: Guid(67042b0a735b4e9a9e1f047045048baa) Importer(2089858483,b0f066a214c2f5e87bad3c948f4d605d)
Start importing Packages/com.unity.collab-proxy/Editor/Views/BranchExplorer/Drawing/Shapes/ColumnShape.cs using Guid(67042b0a735b4e9a9e1f047045048baa) Importer(2089858483,b0f066a214c2f5e87bad3c948f4d605d) (ScriptedImporter) -> (artifact id: '14715db64575cf0f4074d90a75225d6b') in 0.0236632 seconds
Number of updated asset objects reloaded before import = 0Number of asset objects unloaded after import = 0

========================================================================
Received Import Request.
  Time since last request: 0.000258 seconds.
  path: Packages/com.unity.collab-proxy/Editor/Views/Merge/Developer/DirectoryConflicts/MergeViewDirectoryConflictMenu.cs
  artifactKey: Guid(4d2132ff97b487e4c9986528556871ed) Importer(2089858483,b0f066a214c2f5e87bad3c948f4d605d)
Start importing Packages/com.unity.collab-proxy/Editor/Views/Merge/Developer/DirectoryConflicts/MergeViewDirectoryConflictMenu.cs using Guid(4d2132ff97b487e4c9986528556871ed) Importer(2089858483,b0f066a214c2f5e87bad3c948f4d605d) (ScriptedImporter) -> (artifact id: '0b7b51ead287c94d2b4a149f9fb9a2ea') in 0.0194522 seconds
Number of updated asset objects reloaded before import = 0Number of asset objects unloaded after import = 0

========================================================================
Received Import Request.
  Time since last request: 0.000264 seconds.
  path: Packages/com.unity.modules.unitywebrequestaudio/package.json
  artifactKey: Guid(4b518b37798c97b0f860962cbf615533) Importer(2089858483,b0f066a214c2f5e87bad3c948f4d605d)
Start importing Packages/com.unity.modules.unitywebrequestaudio/package.json using Guid(4b518b37798c97b0f860962cbf615533) Importer(2089858483,b0f066a214c2f5e87bad3c948f4d605d) (ScriptedImporter) -> (artifact id: '5fb6904bf4c013697349fbc9f9f44cd5') in 0.0215066 seconds
Number of updated asset objects reloaded before import = 0Number of asset objects unloaded after import = 1

========================================================================
Received Import Request.
  Time since last request: 0.000212 seconds.
  path: Packages/com.unity.ugui/Editor/TMP/TMP_EditorPanelUI.cs
  artifactKey: Guid(21c0044a7f964773be90d197a78e4703) Importer(2089858483,b0f066a214c2f5e87bad3c948f4d605d)
Start importing Packages/com.unity.ugui/Editor/TMP/TMP_EditorPanelUI.cs using Guid(21c0044a7f964773be90d197a78e4703) Importer(2089858483,b0f066a214c2f5e87bad3c948f4d605d) (ScriptedImporter) -> (artifact id: '5e893bbd6cc944f583fc13a2a55c000d') in 0.023312 seconds
Number of updated asset objects reloaded before import = 0Number of asset objects unloaded after import = 0

========================================================================
Received Import Request.
  Time since last request: 0.000275 seconds.
  path: Packages/com.unity.ide.visualstudio/Editor/Messaging/Message.cs
  artifactKey: Guid(de1c9ea7b82c9904d9e5fba2ee70a998) Importer(2089858483,b0f066a214c2f5e87bad3c948f4d605d)
Start importing Packages/com.unity.ide.visualstudio/Editor/Messaging/Message.cs using Guid(de1c9ea7b82c9904d9e5fba2ee70a998) Importer(2089858483,b0f066a214c2f5e87bad3c948f4d605d) (ScriptedImporter) -> (artifact id: 'ebeed241ed00af115e66bf215c5be4a4') in 0.0191587 seconds
Number of updated asset objects reloaded before import = 0Number of asset objects unloaded after import = 0

========================================================================
Received Import Request.
  Time since last request: 0.000243 seconds.
  path: Packages/com.unity.ide.visualstudio/package.json
  artifactKey: Guid(656f74f6edaa396458412b9e3903d8cd) Importer(2089858483,b0f066a214c2f5e87bad3c948f4d605d)
Start importing Packages/com.unity.ide.visualstudio/package.json using Guid(656f74f6edaa396458412b9e3903d8cd) Importer(2089858483,b0f066a214c2f5e87bad3c948f4d605d) (ScriptedImporter) -> (artifact id: 'db24e87d14b234dbf22e41576b12afa2') in 0.0212011 seconds
Number of updated asset objects reloaded before import = 0Number of asset objects unloaded after import = 1

========================================================================
Received Import Request.
  Time since last request: 0.000176 seconds.
  path: Packages/com.unity.collab-proxy/Editor/Views/BranchExplorer/Virtualization/VirtualShapeFactory.cs
  artifactKey: Guid(be0d618f3c51404cb94628b6b6cdc8d7) Importer(2089858483,b0f066a214c2f5e87bad3c948f4d605d)
Start importing Packages/com.unity.collab-proxy/Editor/Views/BranchExplorer/Virtualization/VirtualShapeFactory.cs using Guid(be0d618f3c51404cb94628b6b6cdc8d7) Importer(2089858483,b0f066a214c2f5e87bad3c948f4d605d) (ScriptedImporter) -> (artifact id: 'a1cd3409f28fe6a9653bc488aec6c61b') in 0.0230645 seconds
Number of updated asset objects reloaded before import = 0Number of asset objects unloaded after import = 0

========================================================================
Received Import Request.
  Time since last request: 0.000165 seconds.
  path: Packages/com.unity.ugui/Editor/TMP/TMP_SerializedPropertyHolder.cs
  artifactKey: Guid(9c4a050f089abb04ebd4125e419f4548) Importer(2089858483,b0f066a214c2f5e87bad3c948f4d605d)
Start importing Packages/com.unity.ugui/Editor/TMP/TMP_SerializedPropertyHolder.cs using Guid(9c4a050f089abb04ebd4125e419f4548) Importer(2089858483,b0f066a214c2f5e87bad3c948f4d605d) (ScriptedImporter) -> (artifact id: '3eaaf27bac738f27aa380422f2b13d23') in 0.0220701 seconds
Number of updated asset objects reloaded before import = 0Number of asset objects unloaded after import = 0

========================================================================
Received Import Request.
  Time since last request: 0.000102 seconds.
  path: Packages/com.unity.ide.visualstudio/Editor/Testing/TestRunnerCallbacks.cs
  artifactKey: Guid(fae6007c1ac2cc744b2891fd4d279c96) Importer(2089858483,b0f066a214c2f5e87bad3c948f4d605d)
Start importing Packages/com.unity.ide.visualstudio/Editor/Testing/TestRunnerCallbacks.cs using Guid(fae6007c1ac2cc744b2891fd4d279c96) Importer(2089858483,b0f066a214c2f5e87bad3c948f4d605d) (ScriptedImporter) -> (artifact id: '781aad6cbbe5255d07c47bbb809c032e') in 0.0240598 seconds
Number of updated asset objects reloaded before import = 0Number of asset objects unloaded after import = 0

========================================================================
Received Import Request.
  Time since last request: 0.000300 seconds.
  path: Packages/com.unity.collab-proxy/Editor/Views/Merge/Developer/DirectoryConflicts/MoveAddMenu.cs
  artifactKey: Guid(3deb46ccbc8389f4cb34c6d0032db5a1) Importer(2089858483,b0f066a214c2f5e87bad3c948f4d605d)
Start importing Packages/com.unity.collab-proxy/Editor/Views/Merge/Developer/DirectoryConflicts/MoveAddMenu.cs using Guid(3deb46ccbc8389f4cb34c6d0032db5a1) Importer(2089858483,b0f066a214c2f5e87bad3c948f4d605d) (ScriptedImporter) -> (artifact id: '3639deb8255a741dcff3f08328a460ca') in 0.0329052 seconds
Number of updated asset objects reloaded before import = 0Number of asset objects unloaded after import = 0

========================================================================
Received Import Request.
  Time since last request: 0.000163 seconds.
  path: Packages/com.unity.collab-proxy/Lib/Editor/TextMateSharp/Onigwrap/libonigwrap/win-x86/libonigwrap.dll
  artifactKey: Guid(79b3e6b3ce8c544459dd8dfbe0231dd6) Importer(2089858483,b0f066a214c2f5e87bad3c948f4d605d)
Start importing Packages/com.unity.collab-proxy/Lib/Editor/TextMateSharp/Onigwrap/libonigwrap/win-x86/libonigwrap.dll using Guid(79b3e6b3ce8c544459dd8dfbe0231dd6) Importer(2089858483,b0f066a214c2f5e87bad3c948f4d605d) (ScriptedImporter) -> (artifact id: 'c2bc2451f03789e8135fe1f5fc88a566') in 0.0256896 seconds
Number of updated asset objects reloaded before import = 0Number of asset objects unloaded after import = 0

========================================================================
Received Import Request.
  Time since last request: 0.001359 seconds.
  path: Packages/com.unity.ugui/package.json
  artifactKey: Guid(319b8889f363f5947acf209c17a94149) Importer(2089858483,b0f066a214c2f5e87bad3c948f4d605d)
Start importing Packages/com.unity.ugui/package.json using Guid(319b8889f363f5947acf209c17a94149) Importer(2089858483,b0f066a214c2f5e87bad3c948f4d605d) (ScriptedImporter) -> (artifact id: '1aabdd29904b9cf64ad2d491c0a5828f') in 0.0285395 seconds
Number of updated asset objects reloaded before import = 0Number of asset objects unloaded after import = 1

========================================================================
Received Import Request.
  Time since last request: 0.000226 seconds.
  path: Packages/com.unity.ide.visualstudio/Editor/VisualStudioInstallation.cs
  artifactKey: Guid(bb86eea06f54fb24caa7046a8a764945) Importer(2089858483,b0f066a214c2f5e87bad3c948f4d605d)
Start importing Packages/com.unity.ide.visualstudio/Editor/VisualStudioInstallation.cs using Guid(bb86eea06f54fb24caa7046a8a764945) Importer(2089858483,b0f066a214c2f5e87bad3c948f4d605d) (ScriptedImporter) -> (artifact id: '0d1cd9fc62e11c40029c14cb83ec9178') in 0.0249458 seconds
Number of updated asset objects reloaded before import = 0Number of asset objects unloaded after import = 0

========================================================================
Received Import Request.
  Time since last request: 0.000035 seconds.
  path: Packages/com.unity.ugui/Editor/TMP/TMP_BitmapShaderGUI.cs
  artifactKey: Guid(806de5a9211448c8b65c8435ebb48dd4) Importer(2089858483,b0f066a214c2f5e87bad3c948f4d605d)
Start importing Packages/com.unity.ugui/Editor/TMP/TMP_BitmapShaderGUI.cs using Guid(806de5a9211448c8b65c8435ebb48dd4) Importer(2089858483,b0f066a214c2f5e87bad3c948f4d605d) (ScriptedImporter) -> (artifact id: 'c0007e86637f6763033dc2560f854fb3') in 0.026273 seconds
Number of updated asset objects reloaded before import = 0Number of asset objects unloaded after import = 0

========================================================================
Received Import Request.
  Time since last request: 0.000958 seconds.
  path: Packages/com.unity.collab-proxy/Editor/Views/Merge/Developer/MergeTab.cs
  artifactKey: Guid(4f04b21b06239da4f95a5a9753647440) Importer(2089858483,b0f066a214c2f5e87bad3c948f4d605d)
Start importing Packages/com.unity.collab-proxy/Editor/Views/Merge/Developer/MergeTab.cs using Guid(4f04b21b06239da4f95a5a9753647440) Importer(2089858483,b0f066a214c2f5e87bad3c948f4d605d) (ScriptedImporter) -> (artifact id: '5b316e9d46acf111f0f24d1e48ba3119') in 0.038229 seconds
Number of updated asset objects reloaded before import = 0Number of asset objects unloaded after import = 0

========================================================================
Received Import Request.
  Time since last request: 0.000549 seconds.
  path: Packages/com.unity.ide.visualstudio/Editor/Testing/TestRunnerApiListener.cs
  artifactKey: Guid(0b59b40c84c6a5348a188c16b17c7b40) Importer(2089858483,b0f066a214c2f5e87bad3c948f4d605d)
Start importing Packages/com.unity.ide.visualstudio/Editor/Testing/TestRunnerApiListener.cs using Guid(0b59b40c84c6a5348a188c16b17c7b40) Importer(2089858483,b0f066a214c2f5e87bad3c948f4d605d) (ScriptedImporter) -> (artifact id: '6a30c0718a5be57ac2be9b9b7520006b') in 0.0286635 seconds
Number of updated asset objects reloaded before import = 0Number of asset objects unloaded after import = 0

========================================================================
Received Import Request.
  Time since last request: 0.000149 seconds.
  path: Packages/com.unity.ugui/PackageConversionData.json
  artifactKey: Guid(05f5bfd584002f948982a1498890f9a9) Importer(2089858483,b0f066a214c2f5e87bad3c948f4d605d)
Start importing Packages/com.unity.ugui/PackageConversionData.json using Guid(05f5bfd584002f948982a1498890f9a9) Importer(2089858483,b0f066a214c2f5e87bad3c948f4d605d) (ScriptedImporter) -> (artifact id: '205ee06a6b054d256cb380f602215825') in 0.0249581 seconds
Number of updated asset objects reloaded before import = 0Number of asset objects unloaded after import = 1

========================================================================
Received Import Request.
  Time since last request: 0.000232 seconds.
  path: Packages/com.unity.ugui/Editor/TMP/TMP_ProjectTextSettings.cs
  artifactKey: Guid(0e751e877ed14d71a6b8e63ac54949cf) Importer(2089858483,b0f066a214c2f5e87bad3c948f4d605d)
Start importing Packages/com.unity.ugui/Editor/TMP/TMP_ProjectTextSettings.cs using Guid(0e751e877ed14d71a6b8e63ac54949cf) Importer(2089858483,b0f066a214c2f5e87bad3c948f4d605d) (ScriptedImporter) -> (artifact id: 'c611013d3242065bb1c8284bde2d7aff') in 0.0207869 seconds
Number of updated asset objects reloaded before import = 0Number of asset objects unloaded after import = 0

========================================================================
Received Import Request.
  Time since last request: 0.000280 seconds.
  path: Packages/com.unity.ugui/Editor/TMP/TMP_DropdownEditor.cs
  artifactKey: Guid(6dbcf248c987476181a37f01a1814975) Importer(2089858483,b0f066a214c2f5e87bad3c948f4d605d)
Start importing Packages/com.unity.ugui/Editor/TMP/TMP_DropdownEditor.cs using Guid(6dbcf248c987476181a37f01a1814975) Importer(2089858483,b0f066a214c2f5e87bad3c948f4d605d) (ScriptedImporter) -> (artifact id: '1d38fbd43d7c27e6f835f63225ad7b38') in 0.0226913 seconds
Number of updated asset objects reloaded before import = 0Number of asset objects unloaded after import = 0

========================================================================
Received Import Request.
  Time since last request: 0.000279 seconds.
  path: Packages/com.unity.ugui/Editor/TMP/Unity.TextMeshPro.Editor.asmdef
  artifactKey: Guid(6546d7765b4165b40850b3667f981c26) Importer(2089858483,b0f066a214c2f5e87bad3c948f4d605d)
Start importing Packages/com.unity.ugui/Editor/TMP/Unity.TextMeshPro.Editor.asmdef using Guid(6546d7765b4165b40850b3667f981c26) Importer(2089858483,b0f066a214c2f5e87bad3c948f4d605d) (ScriptedImporter) -> (artifact id: '451b709e0c68a7b9dbff33c871db12b7') in 0.0247238 seconds
Number of updated asset objects reloaded before import = 0Number of asset objects unloaded after import = 1

========================================================================
Received Import Request.
  Time since last request: 0.000092 seconds.
  path: Packages/com.unity.collab-proxy/Editor/Views/BranchExplorer/Drawing/Shapes/Connections/Ellipse.cs
  artifactKey: Guid(e953ea4cb7dc46e0866cb1b475c70072) Importer(2089858483,b0f066a214c2f5e87bad3c948f4d605d)
Start importing Packages/com.unity.collab-proxy/Editor/Views/BranchExplorer/Drawing/Shapes/Connections/Ellipse.cs using Guid(e953ea4cb7dc46e0866cb1b475c70072) Importer(2089858483,b0f066a214c2f5e87bad3c948f4d605d) (ScriptedImporter) -> (artifact id: '6add14662c92207de4046878a0d3091d') in 0.0189662 seconds
Number of updated asset objects reloaded before import = 0Number of asset objects unloaded after import = 0

========================================================================
Received Import Request.
  Time since last request: 0.000215 seconds.
  path: Packages/com.unity.collab-proxy/Editor/Views/Merge/Developer/DirectoryConflicts/DeleteMoveMenu.cs
  artifactKey: Guid(6dda1ef365cc6be4c90d328c331d643c) Importer(2089858483,b0f066a214c2f5e87bad3c948f4d605d)
Start importing Packages/com.unity.collab-proxy/Editor/Views/Merge/Developer/DirectoryConflicts/DeleteMoveMenu.cs using Guid(6dda1ef365cc6be4c90d328c331d643c) Importer(2089858483,b0f066a214c2f5e87bad3c948f4d605d) (ScriptedImporter) -> (artifact id: '87d1d14f2368652e3b3036dc6b16d2d8') in 0.0174718 seconds
Number of updated asset objects reloaded before import = 0Number of asset objects unloaded after import = 0

========================================================================
Received Import Request.
  Time since last request: 0.000190 seconds.
  path: Packages/com.unity.ide.visualstudio/Editor/FileUtility.cs
  artifactKey: Guid(6f1dc05fb6e7d3e4f89ae9ca482735be) Importer(2089858483,b0f066a214c2f5e87bad3c948f4d605d)
Start importing Packages/com.unity.ide.visualstudio/Editor/FileUtility.cs using Guid(6f1dc05fb6e7d3e4f89ae9ca482735be) Importer(2089858483,b0f066a214c2f5e87bad3c948f4d605d) (ScriptedImporter) -> (artifact id: '2086af1bab6e338410fffaab0e1479ff') in 0.018741 seconds
Number of updated asset objects reloaded before import = 0Number of asset objects unloaded after import = 0

========================================================================
Received Import Request.
  Time since last request: 0.001264 seconds.
  path: Packages/com.unity.collab-proxy/Editor/Views/Merge/Developer/DirectoryConflicts/MoveDeleteMenu.cs
  artifactKey: Guid(a2fb15c9d02b72e4598e450dab5fcd12) Importer(2089858483,b0f066a214c2f5e87bad3c948f4d605d)
Start importing Packages/com.unity.collab-proxy/Editor/Views/Merge/Developer/DirectoryConflicts/MoveDeleteMenu.cs using Guid(a2fb15c9d02b72e4598e450dab5fcd12) Importer(2089858483,b0f066a214c2f5e87bad3c948f4d605d) (ScriptedImporter) -> (artifact id: 'd63e3580f554928dc36443814bd09a1b') in 0.0239241 seconds
Number of updated asset objects reloaded before import = 0Number of asset objects unloaded after import = 0

========================================================================
Received Import Request.
  Time since last request: 0.000207 seconds.
  path: Packages/com.unity.ide.visualstudio/ThirdPartyNotices.md
  artifactKey: Guid(7809f42f64c877f4b90ac233e5ec2372) Importer(2089858483,b0f066a214c2f5e87bad3c948f4d605d)
Start importing Packages/com.unity.ide.visualstudio/ThirdPartyNotices.md using Guid(7809f42f64c877f4b90ac233e5ec2372) Importer(2089858483,b0f066a214c2f5e87bad3c948f4d605d) (ScriptedImporter) -> (artifact id: 'da5199aa5a40f2a4a8b859d443dff580') in 0.0196238 seconds
Number of updated asset objects reloaded before import = 0Number of asset objects unloaded after import = 1

========================================================================
Received Import Request.
  Time since last request: 0.000036 seconds.
  path: Packages/com.unity.ugui/Runtime/TMP/TMP_ListPool.cs
  artifactKey: Guid(28375447bcea455c9b51a6650b10c9d7) Importer(2089858483,b0f066a214c2f5e87bad3c948f4d605d)
Start importing Packages/com.unity.ugui/Runtime/TMP/TMP_ListPool.cs using Guid(28375447bcea455c9b51a6650b10c9d7) Importer(2089858483,b0f066a214c2f5e87bad3c948f4d605d) (ScriptedImporter) -> (artifact id: 'cb70672d614a49222987388dc17e7117') in 0.0221344 seconds
Number of updated asset objects reloaded before import = 0Number of asset objects unloaded after import = 0

========================================================================
Received Import Request.
  Time since last request: 0.000109 seconds.
  path: Packages/com.unity.ugui/Editor/TMP/TMP_EditorPanel.cs
  artifactKey: Guid(34f6695d37a94370a3697f6b068f5d5e) Importer(2089858483,b0f066a214c2f5e87bad3c948f4d605d)
Start importing Packages/com.unity.ugui/Editor/TMP/TMP_EditorPanel.cs using Guid(34f6695d37a94370a3697f6b068f5d5e) Importer(2089858483,b0f066a214c2f5e87bad3c948f4d605d) (ScriptedImporter) -> (artifact id: '5486171980159397ff7336299025a221') in 0.0212288 seconds
Number of updated asset objects reloaded before import = 0Number of asset objects unloaded after import = 0

========================================================================
Received Import Request.
  Time since last request: 0.000255 seconds.
  path: Packages/com.unity.collab-proxy/Editor/Views/Labels/Dialogs/RenameLabelDialog.cs
  artifactKey: Guid(31fe6c8e7de5e554b8d261d6870cde2b) Importer(2089858483,b0f066a214c2f5e87bad3c948f4d605d)
Start importing Packages/com.unity.collab-proxy/Editor/Views/Labels/Dialogs/RenameLabelDialog.cs using Guid(31fe6c8e7de5e554b8d261d6870cde2b) Importer(2089858483,b0f066a214c2f5e87bad3c948f4d605d) (ScriptedImporter) -> (artifact id: '6c9779eec0b13283549a86501b06a510') in 0.0222952 seconds
Number of updated asset objects reloaded before import = 0Number of asset objects unloaded after import = 0

========================================================================
Received Import Request.
  Time since last request: 0.000383 seconds.
  path: Packages/com.unity.collab-proxy/Editor/Views/BranchExplorer/Drawing/Shapes/MergeLinkShape.cs
  artifactKey: Guid(0b4508d282e94f37a6429cd6a3468e8e) Importer(2089858483,b0f066a214c2f5e87bad3c948f4d605d)
Start importing Packages/com.unity.collab-proxy/Editor/Views/BranchExplorer/Drawing/Shapes/MergeLinkShape.cs using Guid(0b4508d282e94f37a6429cd6a3468e8e) Importer(2089858483,b0f066a214c2f5e87bad3c948f4d605d) (ScriptedImporter) -> (artifact id: 'cf5ffbcf0bfb90dbc96b89538cee13d5') in 0.0244959 seconds
Number of updated asset objects reloaded before import = 0Number of asset objects unloaded after import = 0

========================================================================
Received Import Request.
  Time since last request: 0.000395 seconds.
  path: Packages/com.unity.ugui/Editor Resources/Gizmos/TMP - Sprite Asset Icon.psd
  artifactKey: Guid(ec7c645d93308c04d8840982af12101e) Importer(2089858483,b0f066a214c2f5e87bad3c948f4d605d)
Start importing Packages/com.unity.ugui/Editor Resources/Gizmos/TMP - Sprite Asset Icon.psd using Guid(ec7c645d93308c04d8840982af12101e) Importer(2089858483,b0f066a214c2f5e87bad3c948f4d605d) (ScriptedImporter) -> (artifact id: '2eeccd34cb23ff96b803029441783770') in 0.0338369 seconds
Number of updated asset objects reloaded before import = 0Number of asset objects unloaded after import = 1

========================================================================
Received Import Request.
  Time since last request: 0.000172 seconds.
  path: Packages/com.unity.ugui/Runtime/TMP/TMP_TextProcessingCommon.cs
  artifactKey: Guid(c8f647c4cc6a64e4ba36c171768ab9a7) Importer(2089858483,b0f066a214c2f5e87bad3c948f4d605d)
Start importing Packages/com.unity.ugui/Runtime/TMP/TMP_TextProcessingCommon.cs using Guid(c8f647c4cc6a64e4ba36c171768ab9a7) Importer(2089858483,b0f066a214c2f5e87bad3c948f4d605d) (ScriptedImporter) -> (artifact id: 'f03381e29011e69dccb038103503c8ea') in 0.0196361 seconds
Number of updated asset objects reloaded before import = 0Number of asset objects unloaded after import = 0

========================================================================
Received Import Request.
  Time since last request: 0.000740 seconds.
  path: Packages/com.unity.ugui/Editor/TMP/TMPro_CreateObjectMenu.cs
  artifactKey: Guid(7065397ff8184621aa3ca4f854491259) Importer(2089858483,b0f066a214c2f5e87bad3c948f4d605d)
Start importing Packages/com.unity.ugui/Editor/TMP/TMPro_CreateObjectMenu.cs using Guid(7065397ff8184621aa3ca4f854491259) Importer(2089858483,b0f066a214c2f5e87bad3c948f4d605d) (ScriptedImporter) -> (artifact id: '96bc7e53ecc617b2325155bf0181c430') in 0.0219981 seconds
Number of updated asset objects reloaded before import = 0Number of asset objects unloaded after import = 0

========================================================================
Received Import Request.
  Time since last request: 0.000236 seconds.
  path: Packages/com.unity.ugui/Runtime/TMP/TMP_PackageResourceImporter.cs
  artifactKey: Guid(cf1fe50a641faac4691bf49eb32ce333) Importer(2089858483,b0f066a214c2f5e87bad3c948f4d605d)
Start importing Packages/com.unity.ugui/Runtime/TMP/TMP_PackageResourceImporter.cs using Guid(cf1fe50a641faac4691bf49eb32ce333) Importer(2089858483,b0f066a214c2f5e87bad3c948f4d605d) (ScriptedImporter) -> (artifact id: '6d7d3dc385172b026d4903614a4fb5b5') in 0.023647 seconds
Number of updated asset objects reloaded before import = 0Number of asset objects unloaded after import = 0

========================================================================
Received Import Request.
  Time since last request: 0.000305 seconds.
  path: Packages/com.unity.collab-proxy/Lib/Editor/TextMateSharp/Onigwrap/libonigwrap/osx-x64/libonigwrap.dylib
  artifactKey: Guid(bcc68739b260546ed9b16442df16c953) Importer(2089858483,b0f066a214c2f5e87bad3c948f4d605d)
Start importing Packages/com.unity.collab-proxy/Lib/Editor/TextMateSharp/Onigwrap/libonigwrap/osx-x64/libonigwrap.dylib using Guid(bcc68739b260546ed9b16442df16c953) Importer(2089858483,b0f066a214c2f5e87bad3c948f4d605d) (ScriptedImporter) -> (artifact id: 'd092e2f938c3736fb614b9a5a8e7bbb4') in 0.0279241 seconds
Number of updated asset objects reloaded before import = 0Number of asset objects unloaded after import = 0

========================================================================
Received Import Request.
  Time since last request: 0.000270 seconds.
  path: Packages/com.unity.collab-proxy/Editor/Views/Merge/Developer/DirectoryConflicts/DivergentMoveMenu.cs
  artifactKey: Guid(0b53a404fdd93a8449b983861c7f0e88) Importer(2089858483,b0f066a214c2f5e87bad3c948f4d605d)
Start importing Packages/com.unity.collab-proxy/Editor/Views/Merge/Developer/DirectoryConflicts/DivergentMoveMenu.cs using Guid(0b53a404fdd93a8449b983861c7f0e88) Importer(2089858483,b0f066a214c2f5e87bad3c948f4d605d) (ScriptedImporter) -> (artifact id: '7c932a2c6216f68da40018173693718e') in 0.0212974 seconds
Number of updated asset objects reloaded before import = 0Number of asset objects unloaded after import = 0

========================================================================
Received Import Request.
  Time since last request: 0.000039 seconds.
  path: Packages/com.unity.collab-proxy/Editor/Views/PendingChanges/Dialogs/DependenciesDialog.cs
  artifactKey: Guid(c584c584ba20f4daea226141b9e55bd0) Importer(2089858483,b0f066a214c2f5e87bad3c948f4d605d)
Start importing Packages/com.unity.collab-proxy/Editor/Views/PendingChanges/Dialogs/DependenciesDialog.cs using Guid(c584c584ba20f4daea226141b9e55bd0) Importer(2089858483,b0f066a214c2f5e87bad3c948f4d605d) (ScriptedImporter) -> (artifact id: '108912aaf696a8c4a6deaeade86db5a2') in 0.0294026 seconds
Number of updated asset objects reloaded before import = 0Number of asset objects unloaded after import = 0

========================================================================
Received Import Request.
  Time since last request: 0.000074 seconds.
  path: Packages/com.unity.collab-proxy/Editor/Views/BranchExplorer/Drawing/Shapes/Connections/MergeLinkGeometry.cs
  artifactKey: Guid(1db38f8fca654faa9d306e57e639e4a1) Importer(2089858483,b0f066a214c2f5e87bad3c948f4d605d)
Start importing Packages/com.unity.collab-proxy/Editor/Views/BranchExplorer/Drawing/Shapes/Connections/MergeLinkGeometry.cs using Guid(1db38f8fca654faa9d306e57e639e4a1) Importer(2089858483,b0f066a214c2f5e87bad3c948f4d605d) (ScriptedImporter) -> (artifact id: '3c6e9fbadf27ea449dc3582f0d1d949b') in 0.0291445 seconds
Number of updated asset objects reloaded before import = 0Number of asset objects unloaded after import = 0

========================================================================
Received Import Request.
  Time since last request: 0.000545 seconds.
  path: Packages/com.unity.ugui/Editor/TMP/TMP_SubMeshUI_Editor.cs
  artifactKey: Guid(6b01141ed8f74d198965c86f25eb7040) Importer(2089858483,b0f066a214c2f5e87bad3c948f4d605d)
Start importing Packages/com.unity.ugui/Editor/TMP/TMP_SubMeshUI_Editor.cs using Guid(6b01141ed8f74d198965c86f25eb7040) Importer(2089858483,b0f066a214c2f5e87bad3c948f4d605d) (ScriptedImporter) -> (artifact id: '7dd5d94010051e8bb08ffb14030b11fa') in 0.0241505 seconds
Number of updated asset objects reloaded before import = 0Number of asset objects unloaded after import = 0

========================================================================
Received Import Request.
  Time since last request: 0.000293 seconds.
  path: Packages/com.unity.collab-proxy/Editor/Views/Merge/Gluon/IncomingChangesTab.cs
  artifactKey: Guid(9b917d42ad338ab4494088f574472998) Importer(2089858483,b0f066a214c2f5e87bad3c948f4d605d)
Start importing Packages/com.unity.collab-proxy/Editor/Views/Merge/Gluon/IncomingChangesTab.cs using Guid(9b917d42ad338ab4494088f574472998) Importer(2089858483,b0f066a214c2f5e87bad3c948f4d605d) (ScriptedImporter) -> (artifact id: 'f95ad7be3a90c22ec3951d8fe7e88ad5') in 0.0266088 seconds
Number of updated asset objects reloaded before import = 0Number of asset objects unloaded after import = 0

========================================================================
Received Import Request.
  Time since last request: 0.001022 seconds.
  path: Packages/com.unity.ide.visualstudio/Editor/com.unity.ide.visualstudio.asmdef
  artifactKey: Guid(b93f844d45cfcc44fa2b0eed5c9ec6bb) Importer(2089858483,b0f066a214c2f5e87bad3c948f4d605d)
Start importing Packages/com.unity.ide.visualstudio/Editor/com.unity.ide.visualstudio.asmdef using Guid(b93f844d45cfcc44fa2b0eed5c9ec6bb) Importer(2089858483,b0f066a214c2f5e87bad3c948f4d605d) (ScriptedImporter) -> (artifact id: '9042c19eccd8362243648784b9c966c0') in 0.0240374 seconds
Number of updated asset objects reloaded before import = 0Number of asset objects unloaded after import = 1

========================================================================
Received Import Request.
  Time since last request: 0.000032 seconds.
  path: Packages/com.unity.collab-proxy/Editor/Views/BranchExplorer/Drawing/Shapes/HomeGeometry.cs
  artifactKey: Guid(254497d6403494baa8cf3544ec92749d) Importer(2089858483,b0f066a214c2f5e87bad3c948f4d605d)
Start importing Packages/com.unity.collab-proxy/Editor/Views/BranchExplorer/Drawing/Shapes/HomeGeometry.cs using Guid(254497d6403494baa8cf3544ec92749d) Importer(2089858483,b0f066a214c2f5e87bad3c948f4d605d) (ScriptedImporter) -> (artifact id: '5fbf8a9e742a95c842afcf4f01b045e8') in 0.0223398 seconds
Number of updated asset objects reloaded before import = 0Number of asset objects unloaded after import = 0

========================================================================
Received Import Request.
  Time since last request: 0.000344 seconds.
  path: Packages/com.unity.ugui/Editor Resources/Textures/btn_AlignCenter_Light.psd
  artifactKey: Guid(6ace62d30f494c948b71d5594afce11d) Importer(2089858483,b0f066a214c2f5e87bad3c948f4d605d)
Start importing Packages/com.unity.ugui/Editor Resources/Textures/btn_AlignCenter_Light.psd using Guid(6ace62d30f494c948b71d5594afce11d) Importer(2089858483,b0f066a214c2f5e87bad3c948f4d605d) (ScriptedImporter) -> (artifact id: '9d93776c5dd7aa92f1dfee5549c0e07f') in 0.038927 seconds
Number of updated asset objects reloaded before import = 0Number of asset objects unloaded after import = 1

========================================================================
Received Import Request.
  Time since last request: 0.000051 seconds.
  path: Packages/com.unity.ugui/Runtime/TMP/TMP_Character.cs
  artifactKey: Guid(4ac5b6a65aaeb59478e3b78660e9f134) Importer(2089858483,b0f066a214c2f5e87bad3c948f4d605d)
Start importing Packages/com.unity.ugui/Runtime/TMP/TMP_Character.cs using Guid(4ac5b6a65aaeb59478e3b78660e9f134) Importer(2089858483,b0f066a214c2f5e87bad3c948f4d605d) (ScriptedImporter) -> (artifact id: '83262de037121344bb354f04977aff38') in 0.0224606 seconds
Number of updated asset objects reloaded before import = 0Number of asset objects unloaded after import = 0

========================================================================
Received Import Request.
  Time since last request: 0.000272 seconds.
  path: Packages/com.unity.ugui/Package Resources/TMP Examples & Extras.unitypackage
  artifactKey: Guid(bc00e25696e4132499f56528d3fed2e3) Importer(2089858483,b0f066a214c2f5e87bad3c948f4d605d)
Start importing Packages/com.unity.ugui/Package Resources/TMP Examples & Extras.unitypackage using Guid(bc00e25696e4132499f56528d3fed2e3) Importer(2089858483,b0f066a214c2f5e87bad3c948f4d605d) (ScriptedImporter) -> (artifact id: 'e1d5dcc9f4d3f456fbd8500a4c744d6d') in 0.0224861 seconds
Number of updated asset objects reloaded before import = 0Number of asset objects unloaded after import = 1

========================================================================
Received Import Request.
  Time since last request: 0.000031 seconds.
  path: Packages/com.unity.collab-proxy/Editor/Views/Merge/Developer/MergeTreeView.cs
  artifactKey: Guid(1e0aed0a10caba04583f2474f8279b27) Importer(2089858483,b0f066a214c2f5e87bad3c948f4d605d)
Start importing Packages/com.unity.collab-proxy/Editor/Views/Merge/Developer/MergeTreeView.cs using Guid(1e0aed0a10caba04583f2474f8279b27) Importer(2089858483,b0f066a214c2f5e87bad3c948f4d605d) (ScriptedImporter) -> (artifact id: '0027cfc3af45cf704a757358b0375d5a') in 0.0261224 seconds
Number of updated asset objects reloaded before import = 0Number of asset objects unloaded after import = 0

========================================================================
Received Import Request.
  Time since last request: 0.000301 seconds.
  path: Packages/com.unity.ide.visualstudio/Editor/ProjectGeneration/AssemblyNameProvider.cs
  artifactKey: Guid(57537f08f8e923f488e4aadabb831c9b) Importer(2089858483,b0f066a214c2f5e87bad3c948f4d605d)
Start importing Packages/com.unity.ide.visualstudio/Editor/ProjectGeneration/AssemblyNameProvider.cs using Guid(57537f08f8e923f488e4aadabb831c9b) Importer(2089858483,b0f066a214c2f5e87bad3c948f4d605d) (ScriptedImporter) -> (artifact id: '092ac710a248e8a29b0e43b1a133dcb0') in 0.0218014 seconds
Number of updated asset objects reloaded before import = 0Number of asset objects unloaded after import = 0

========================================================================
Received Import Request.
  Time since last request: 0.000220 seconds.
  path: Packages/com.unity.collab-proxy/Editor/Views/Merge/Gluon/UnityIncomingChangesTree.cs
  artifactKey: Guid(6fb9548ec1290b943b7beca241c81e7d) Importer(2089858483,b0f066a214c2f5e87bad3c948f4d605d)
Start importing Packages/com.unity.collab-proxy/Editor/Views/Merge/Gluon/UnityIncomingChangesTree.cs using Guid(6fb9548ec1290b943b7beca241c81e7d) Importer(2089858483,b0f066a214c2f5e87bad3c948f4d605d) (ScriptedImporter) -> (artifact id: '7290d206b0a412c4e4b848ac2282dac5') in 0.0239241 seconds
Number of updated asset objects reloaded before import = 0Number of asset objects unloaded after import = 0

========================================================================
Received Import Request.
  Time since last request: 0.000243 seconds.
  path: Packages/com.unity.ugui/Runtime/UGUI/UI/Core/StencilMaterial.cs
  artifactKey: Guid(69ae55f76840b2849ba56cfb53a17df0) Importer(2089858483,b0f066a214c2f5e87bad3c948f4d605d)
Start importing Packages/com.unity.ugui/Runtime/UGUI/UI/Core/StencilMaterial.cs using Guid(69ae55f76840b2849ba56cfb53a17df0) Importer(2089858483,b0f066a214c2f5e87bad3c948f4d605d) (ScriptedImporter) -> (artifact id: 'f2774e29b60ab8c746f4d0e10225bed5') in 0.0227069 seconds
Number of updated asset objects reloaded before import = 0Number of asset objects unloaded after import = 0

========================================================================
Received Import Request.
  Time since last request: 0.000232 seconds.
  path: Packages/com.unity.ugui/Runtime/UGUI/UI/Core/Button.cs
  artifactKey: Guid(4e29b1a8efbd4b44bb3f3716e73f07ff) Importer(2089858483,b0f066a214c2f5e87bad3c948f4d605d)
Start importing Packages/com.unity.ugui/Runtime/UGUI/UI/Core/Button.cs using Guid(4e29b1a8efbd4b44bb3f3716e73f07ff) Importer(2089858483,b0f066a214c2f5e87bad3c948f4d605d) (ScriptedImporter) -> (artifact id: 'ccb5761f8c5902fbb0ae43215657b189') in 0.0289368 seconds
Number of updated asset objects reloaded before import = 0Number of asset objects unloaded after import = 0

========================================================================
Received Import Request.
  Time since last request: 0.001225 seconds.
  path: Packages/com.unity.ugui/Tests/Runtime/UGUI/Image/TestableImage.cs
  artifactKey: Guid(9713795381722eb43b623dffba25d115) Importer(2089858483,b0f066a214c2f5e87bad3c948f4d605d)
Start importing Packages/com.unity.ugui/Tests/Runtime/UGUI/Image/TestableImage.cs using Guid(9713795381722eb43b623dffba25d115) Importer(2089858483,b0f066a214c2f5e87bad3c948f4d605d) (ScriptedImporter) -> (artifact id: '61e4f5d00823765568c55f662ca08d65') in 0.0272259 seconds
Number of updated asset objects reloaded before import = 0Number of asset objects unloaded after import = 0

========================================================================
Received Import Request.
  Time since last request: 0.000236 seconds.
  path: Packages/com.unity.test-framework/UnityEditor.TestRunner/TestRunnerWindowSettings.cs
  artifactKey: Guid(2b301b727225f1941974d69e61a55620) Importer(2089858483,b0f066a214c2f5e87bad3c948f4d605d)
Start importing Packages/com.unity.test-framework/UnityEditor.TestRunner/TestRunnerWindowSettings.cs using Guid(2b301b727225f1941974d69e61a55620) Importer(2089858483,b0f066a214c2f5e87bad3c948f4d605d) (ScriptedImporter) -> (artifact id: 'ab9bc0b58f12f923786409ad762cd718') in 0.0207831 seconds
Number of updated asset objects reloaded before import = 0Number of asset objects unloaded after import = 0

========================================================================
Received Import Request.
  Time since last request: 0.000245 seconds.
  path: Packages/com.unity.ugui/Tests/Runtime/UGUI/Canvas/RectangleContainsScreenPointTest.cs
  artifactKey: Guid(08a8587e5f07fb64f88a0cbe2ebe327e) Importer(2089858483,b0f066a214c2f5e87bad3c948f4d605d)
Start importing Packages/com.unity.ugui/Tests/Runtime/UGUI/Canvas/RectangleContainsScreenPointTest.cs using Guid(08a8587e5f07fb64f88a0cbe2ebe327e) Importer(2089858483,b0f066a214c2f5e87bad3c948f4d605d) (ScriptedImporter) -> (artifact id: 'e1a4f6126aac0beb1566e7533df0553a') in 0.019487 seconds
Number of updated asset objects reloaded before import = 0Number of asset objects unloaded after import = 0

========================================================================
Received Import Request.
  Time since last request: 0.000177 seconds.
  path: Packages/com.unity.ugui/Runtime/UGUI/UI/Core/DefaultControls.cs
  artifactKey: Guid(bf87e20fb5440ec498f441167b5291f8) Importer(2089858483,b0f066a214c2f5e87bad3c948f4d605d)
Start importing Packages/com.unity.ugui/Runtime/UGUI/UI/Core/DefaultControls.cs using Guid(bf87e20fb5440ec498f441167b5291f8) Importer(2089858483,b0f066a214c2f5e87bad3c948f4d605d) (ScriptedImporter) -> (artifact id: '3a330a3bab728be8cbf226dfd6a50e9f') in 0.019187 seconds
Number of updated asset objects reloaded before import = 0Number of asset objects unloaded after import = 0

========================================================================
Received Import Request.
  Time since last request: 0.000126 seconds.
  path: Packages/com.unity.ugui/Runtime/UGUI/UI/Core/Layout/LayoutElement.cs
  artifactKey: Guid(306cc8c2b49d7114eaa3623786fc2126) Importer(2089858483,b0f066a214c2f5e87bad3c948f4d605d)
Start importing Packages/com.unity.ugui/Runtime/UGUI/UI/Core/Layout/LayoutElement.cs using Guid(306cc8c2b49d7114eaa3623786fc2126) Importer(2089858483,b0f066a214c2f5e87bad3c948f4d605d) (ScriptedImporter) -> (artifact id: '3fdebe9a02a0c7e67a8e2cad87624bd0') in 0.0234567 seconds
Number of updated asset objects reloaded before import = 0Number of asset objects unloaded after import = 0

========================================================================
Received Import Request.
  Time since last request: 0.000568 seconds.
  path: Packages/com.unity.ugui/Tests/Runtime/UGUI/Canvas/CanvasResizeCorrectlyForRenderTexture.cs
  artifactKey: Guid(d4dbe29df1b294c4f8f0a2fb529d19fd) Importer(2089858483,b0f066a214c2f5e87bad3c948f4d605d)
Start importing Packages/com.unity.ugui/Tests/Runtime/UGUI/Canvas/CanvasResizeCorrectlyForRenderTexture.cs using Guid(d4dbe29df1b294c4f8f0a2fb529d19fd) Importer(2089858483,b0f066a214c2f5e87bad3c948f4d605d) (ScriptedImporter) -> (artifact id: '47b5d753c61263533b6a586b22488794') in 0.0293195 seconds
Number of updated asset objects reloaded before import = 0Number of asset objects unloaded after import = 0

========================================================================
Received Import Request.
  Time since last request: 0.000411 seconds.
  path: Packages/com.unity.ugui/Tests/Editor/UGUI/CanvasRenderer/ChangingHierarchyOfCanvasRenderer.cs
  artifactKey: Guid(c825bad77a42dd341a8f0a5ef9cd5f4c) Importer(2089858483,b0f066a214c2f5e87bad3c948f4d605d)
Start importing Packages/com.unity.ugui/Tests/Editor/UGUI/CanvasRenderer/ChangingHierarchyOfCanvasRenderer.cs using Guid(c825bad77a42dd341a8f0a5ef9cd5f4c) Importer(2089858483,b0f066a214c2f5e87bad3c948f4d605d) (ScriptedImporter) -> (artifact id: 'de364e7d0d78f692dfd370489e5d45e6') in 0.0241099 seconds
Number of updated asset objects reloaded before import = 0Number of asset objects unloaded after import = 0

========================================================================
Received Import Request.
  Time since last request: 0.000034 seconds.
  path: Packages/com.unity.test-framework/UnityEditor.TestRunner/CommandLineTest/ExecutionSettings.cs
  artifactKey: Guid(c3a75354f6ceac94ca15ca9d96593290) Importer(2089858483,b0f066a214c2f5e87bad3c948f4d605d)
Start importing Packages/com.unity.test-framework/UnityEditor.TestRunner/CommandLineTest/ExecutionSettings.cs using Guid(c3a75354f6ceac94ca15ca9d96593290) Importer(2089858483,b0f066a214c2f5e87bad3c948f4d605d) (ScriptedImporter) -> (artifact id: 'b889fc31d587e7e91fa78667c789d712') in 0.0261811 seconds
Number of updated asset objects reloaded before import = 0Number of asset objects unloaded after import = 0

========================================================================
Received Import Request.
  Time since last request: 0.000247 seconds.
  path: Packages/com.unity.ugui/Tests/Editor/UGUI/Canvas/RootCanvasTests.cs
  artifactKey: Guid(798968d841703b54bb9d08b1da6bc52f) Importer(2089858483,b0f066a214c2f5e87bad3c948f4d605d)
Start importing Packages/com.unity.ugui/Tests/Editor/UGUI/Canvas/RootCanvasTests.cs using Guid(798968d841703b54bb9d08b1da6bc52f) Importer(2089858483,b0f066a214c2f5e87bad3c948f4d605d) (ScriptedImporter) -> (artifact id: 'a44f4551a4ee88653da00fa8066af46c') in 0.0249819 seconds
Number of updated asset objects reloaded before import = 0Number of asset objects unloaded after import = 0

========================================================================
Received Import Request.
  Time since last request: 0.000200 seconds.
  path: Packages/com.unity.ugui/Runtime/UGUI/UI/Core/Layout/ILayoutElement.cs
  artifactKey: Guid(368d3a0498e78014da578aa5f45e2797) Importer(2089858483,b0f066a214c2f5e87bad3c948f4d605d)
Start importing Packages/com.unity.ugui/Runtime/UGUI/UI/Core/Layout/ILayoutElement.cs using Guid(368d3a0498e78014da578aa5f45e2797) Importer(2089858483,b0f066a214c2f5e87bad3c948f4d605d) (ScriptedImporter) -> (artifact id: '7a79643d4900132ee0a75ab5e085c9ae') in 0.0224453 seconds
Number of updated asset objects reloaded before import = 0Number of asset objects unloaded after import = 0

========================================================================
Received Import Request.
  Time since last request: 0.000315 seconds.
  path: Packages/com.unity.ugui/Runtime/UGUI/UI/Core/VertexModifiers/Outline.cs
  artifactKey: Guid(e19747de3f5aca642ab2be37e372fb86) Importer(2089858483,b0f066a214c2f5e87bad3c948f4d605d)
Start importing Packages/com.unity.ugui/Runtime/UGUI/UI/Core/VertexModifiers/Outline.cs using Guid(e19747de3f5aca642ab2be37e372fb86) Importer(2089858483,b0f066a214c2f5e87bad3c948f4d605d) (ScriptedImporter) -> (artifact id: '5c1567d98a874a602aa36ab42c5e167e') in 0.0311263 seconds
Number of updated asset objects reloaded before import = 0Number of asset objects unloaded after import = 0

========================================================================
Received Import Request.
  Time since last request: 0.000955 seconds.
  path: Packages/com.unity.test-framework/UnityEditor.TestRunner/TestBuildAssemblyFilter.cs
  artifactKey: Guid(3411e19edd44cfd46b548b058c3bc36c) Importer(2089858483,b0f066a214c2f5e87bad3c948f4d605d)
Start importing Packages/com.unity.test-framework/UnityEditor.TestRunner/TestBuildAssemblyFilter.cs using Guid(3411e19edd44cfd46b548b058c3bc36c) Importer(2089858483,b0f066a214c2f5e87bad3c948f4d605d) (ScriptedImporter) -> (artifact id: '3823680f29aa8460b0933247e8de2eaf') in 0.0309282 seconds
Number of updated asset objects reloaded before import = 0Number of asset objects unloaded after import = 0

========================================================================
Received Import Request.
  Time since last request: 0.000039 seconds.
  path: Packages/com.unity.ugui/Editor/UGUI/EventSystem/InputModuleComponentFactory.cs
  artifactKey: Guid(765f7aac6597fc444a90dac4294e929d) Importer(2089858483,b0f066a214c2f5e87bad3c948f4d605d)
Start importing Packages/com.unity.ugui/Editor/UGUI/EventSystem/InputModuleComponentFactory.cs using Guid(765f7aac6597fc444a90dac4294e929d) Importer(2089858483,b0f066a214c2f5e87bad3c948f4d605d) (ScriptedImporter) -> (artifact id: '0f324bea8369eaeb709b606abba86d6e') in 0.0320263 seconds
Number of updated asset objects reloaded before import = 0Number of asset objects unloaded after import = 0

========================================================================
Received Import Request.
  Time since last request: 0.000470 seconds.
  path: Packages/com.unity.ugui/Runtime/UGUI/UI/Core/CanvasUpdateRegistry.cs
  artifactKey: Guid(bfb788a43e03363419155b8af77da971) Importer(2089858483,b0f066a214c2f5e87bad3c948f4d605d)
Start importing Packages/com.unity.ugui/Runtime/UGUI/UI/Core/CanvasUpdateRegistry.cs using Guid(bfb788a43e03363419155b8af77da971) Importer(2089858483,b0f066a214c2f5e87bad3c948f4d605d) (ScriptedImporter) -> (artifact id: 'bc02731d29b62dc73fcaed5f7dff4b48') in 0.0315573 seconds
Number of updated asset objects reloaded before import = 0Number of asset objects unloaded after import = 0

========================================================================
Received Import Request.
  Time since last request: 0.000638 seconds.
  path: Packages/com.unity.ugui/Tests/Editor/UGUI/Canvas/CanvasWidthAssertionErrorWithRectTransform.cs
  artifactKey: Guid(4585b5feb801bdb44b0e5eafdd95a3be) Importer(2089858483,b0f066a214c2f5e87bad3c948f4d605d)
Start importing Packages/com.unity.ugui/Tests/Editor/UGUI/Canvas/CanvasWidthAssertionErrorWithRectTransform.cs using Guid(4585b5feb801bdb44b0e5eafdd95a3be) Importer(2089858483,b0f066a214c2f5e87bad3c948f4d605d) (ScriptedImporter) -> (artifact id: '3add8ac8c79e48504792dffd9c3db41f') in 0.0269181 seconds
Number of updated asset objects reloaded before import = 0Number of asset objects unloaded after import = 0

========================================================================
Received Import Request.
  Time since last request: 0.000565 seconds.
  path: Packages/com.unity.ugui/Tests/Editor/UGUI/Canvas/CanvasElementsMaintainValidPositionsWhenCameraOrthoSizeIsZero.cs
  artifactKey: Guid(35a0d10199de49f4db0128003bfd3bda) Importer(2089858483,b0f066a214c2f5e87bad3c948f4d605d)
Start importing Packages/com.unity.ugui/Tests/Editor/UGUI/Canvas/CanvasElementsMaintainValidPositionsWhenCameraOrthoSizeIsZero.cs using Guid(35a0d10199de49f4db0128003bfd3bda) Importer(2089858483,b0f066a214c2f5e87bad3c948f4d605d) (ScriptedImporter) -> (artifact id: 'efb7b2b9d47b2d017711c60ecfcb9194') in 0.0268122 seconds
Number of updated asset objects reloaded before import = 0Number of asset objects unloaded after import = 0

========================================================================
Received Import Request.
  Time since last request: 0.000265 seconds.
  path: Packages/com.unity.ugui/Runtime/UGUI/EventSystem/InputModules/StandaloneInputModule.cs
  artifactKey: Guid(4f231c4fb786f3946a6b90b886c48677) Importer(2089858483,b0f066a214c2f5e87bad3c948f4d605d)
Start importing Packages/com.unity.ugui/Runtime/UGUI/EventSystem/InputModules/StandaloneInputModule.cs using Guid(4f231c4fb786f3946a6b90b886c48677) Importer(2089858483,b0f066a214c2f5e87bad3c948f4d605d) (ScriptedImporter) -> (artifact id: '4b2a4645c994500b45f4e52b7bb978bd') in 0.0353464 seconds
Number of updated asset objects reloaded before import = 0Number of asset objects unloaded after import = 0

========================================================================
Received Import Request.
  Time since last request: 0.001898 seconds.
  path: Packages/com.unity.ugui/Editor/UGUI/UI/MenuOptions.cs
  artifactKey: Guid(f867743975592a743a3581ff042bcc25) Importer(2089858483,b0f066a214c2f5e87bad3c948f4d605d)
Start importing Packages/com.unity.ugui/Editor/UGUI/UI/MenuOptions.cs using Guid(f867743975592a743a3581ff042bcc25) Importer(2089858483,b0f066a214c2f5e87bad3c948f4d605d) (ScriptedImporter) -> (artifact id: '167f04c674e4acc99f60e7e909640ca2') in 0.0367188 seconds
Number of updated asset objects reloaded before import = 0Number of asset objects unloaded after import = 0

========================================================================
Received Import Request.
  Time since last request: 0.000538 seconds.
  path: Packages/com.unity.modules.screencapture/package.json
  artifactKey: Guid(80beef77cb19e713c7c2d481b65ed485) Importer(2089858483,b0f066a214c2f5e87bad3c948f4d605d)
Start importing Packages/com.unity.modules.screencapture/package.json using Guid(80beef77cb19e713c7c2d481b65ed485) Importer(2089858483,b0f066a214c2f5e87bad3c948f4d605d) (ScriptedImporter) -> (artifact id: 'c14dd852082a9171e8a9aff856457088') in 0.0298077 seconds
Number of updated asset objects reloaded before import = 0Number of asset objects unloaded after import = 1

========================================================================
Received Import Request.
  Time since last request: 0.000193 seconds.
  path: Packages/com.unity.ugui/Runtime/UGUI/EventSystem/RaycastResult.cs
  artifactKey: Guid(3550d8ec6f29ab34d895ae9a43d560c2) Importer(2089858483,b0f066a214c2f5e87bad3c948f4d605d)
Start importing Packages/com.unity.ugui/Runtime/UGUI/EventSystem/RaycastResult.cs using Guid(3550d8ec6f29ab34d895ae9a43d560c2) Importer(2089858483,b0f066a214c2f5e87bad3c948f4d605d) (ScriptedImporter) -> (artifact id: '0bb8ace5ff526ca78f429b01560bdf01') in 0.0238401 seconds
Number of updated asset objects reloaded before import = 0Number of asset objects unloaded after import = 0

========================================================================
Received Import Request.
  Time since last request: 0.000074 seconds.
  path: Packages/com.unity.test-framework/UnityEditor.TestRunner/CommandLineParser/CommandLineOption.cs
  artifactKey: Guid(a3529368f4cd0424a89aa51080a16b06) Importer(2089858483,b0f066a214c2f5e87bad3c948f4d605d)
Start importing Packages/com.unity.test-framework/UnityEditor.TestRunner/CommandLineParser/CommandLineOption.cs using Guid(a3529368f4cd0424a89aa51080a16b06) Importer(2089858483,b0f066a214c2f5e87bad3c948f4d605d) (ScriptedImporter) -> (artifact id: 'b6f8d99f2583019bee1d1c57727f4ee1') in 0.0296772 seconds
Number of updated asset objects reloaded before import = 0Number of asset objects unloaded after import = 0

========================================================================
Received Import Request.
  Time since last request: 0.000330 seconds.
  path: Packages/com.unity.test-framework/UnityEditor.TestRunner/Api/ITestAdaptor.cs
  artifactKey: Guid(85dd7af03f02aea4aae13a3945e3b313) Importer(2089858483,b0f066a214c2f5e87bad3c948f4d605d)
Start importing Packages/com.unity.test-framework/UnityEditor.TestRunner/Api/ITestAdaptor.cs using Guid(85dd7af03f02aea4aae13a3945e3b313) Importer(2089858483,b0f066a214c2f5e87bad3c948f4d605d) (ScriptedImporter) -> (artifact id: 'b6d0d565bfe4c66a57c29b08fcb10934') in 0.033877 seconds
Number of updated asset objects reloaded before import = 0Number of asset objects unloaded after import = 0

========================================================================
Received Import Request.
  Time since last request: 0.000405 seconds.
  path: Packages/com.unity.ugui/Runtime/UGUI/EventSystem/UIElements/UIToolkitInteroperabilityBridge.cs
  artifactKey: Guid(ba923e2b58fea044bb1f8839376a1118) Importer(2089858483,b0f066a214c2f5e87bad3c948f4d605d)
Start importing Packages/com.unity.ugui/Runtime/UGUI/EventSystem/UIElements/UIToolkitInteroperabilityBridge.cs using Guid(ba923e2b58fea044bb1f8839376a1118) Importer(2089858483,b0f066a214c2f5e87bad3c948f4d605d) (ScriptedImporter) -> (artifact id: '8b3e535f4895bbaba04f9afbd9d931f7') in 0.0304063 seconds
Number of updated asset objects reloaded before import = 0Number of asset objects unloaded after import = 0

========================================================================
Received Import Request.
  Time since last request: 0.000253 seconds.
  path: Packages/com.unity.test-framework/UnityEditor.TestRunner/Api/TestResultAdaptor.cs
  artifactKey: Guid(d061ada5d3169454daf54243390b5fdb) Importer(2089858483,b0f066a214c2f5e87bad3c948f4d605d)
Start importing Packages/com.unity.test-framework/UnityEditor.TestRunner/Api/TestResultAdaptor.cs using Guid(d061ada5d3169454daf54243390b5fdb) Importer(2089858483,b0f066a214c2f5e87bad3c948f4d605d) (ScriptedImporter) -> (artifact id: 'c8ed27b65fec385c10bf372795230acc') in 0.0283908 seconds
Number of updated asset objects reloaded before import = 0Number of asset objects unloaded after import = 0

========================================================================
Received Import Request.
  Time since last request: 0.000302 seconds.
  path: Packages/com.unity.ugui/Editor/UGUI/UI/CanvasScalerEditor.cs
  artifactKey: Guid(3bce033ee26244e419b3bb3bba95a37d) Importer(2089858483,b0f066a214c2f5e87bad3c948f4d605d)
Start importing Packages/com.unity.ugui/Editor/UGUI/UI/CanvasScalerEditor.cs using Guid(3bce033ee26244e419b3bb3bba95a37d) Importer(2089858483,b0f066a214c2f5e87bad3c948f4d605d) (ScriptedImporter) -> (artifact id: '552d07de60d07edac7071939bc566444') in 0.0283397 seconds
Number of updated asset objects reloaded before import = 0Number of asset objects unloaded after import = 0

========================================================================
Received Import Request.
  Time since last request: 0.000157 seconds.
  path: Packages/com.unity.ugui/Runtime/UGUI/UI/Core/Layout/GridLayoutGroup.cs
  artifactKey: Guid(8a8695521f0d02e499659fee002a26c2) Importer(2089858483,b0f066a214c2f5e87bad3c948f4d605d)
Start importing Packages/com.unity.ugui/Runtime/UGUI/UI/Core/Layout/GridLayoutGroup.cs using Guid(8a8695521f0d02e499659fee002a26c2) Importer(2089858483,b0f066a214c2f5e87bad3c948f4d605d) (ScriptedImporter) -> (artifact id: '3dc2b2d24e76bf691f9edabe9a869711') in 0.0214592 seconds
Number of updated asset objects reloaded before import = 0Number of asset objects unloaded after import = 0

========================================================================
Received Import Request.
  Time since last request: 0.000226 seconds.
  path: Packages/com.unity.ugui/Tests/Editor/TMP/TMP_EditorTests.cs
  artifactKey: Guid(592f7288ed0df2c4b884e2cd9baac023) Importer(2089858483,b0f066a214c2f5e87bad3c948f4d605d)
Start importing Packages/com.unity.ugui/Tests/Editor/TMP/TMP_EditorTests.cs using Guid(592f7288ed0df2c4b884e2cd9baac023) Importer(2089858483,b0f066a214c2f5e87bad3c948f4d605d) (ScriptedImporter) -> (artifact id: '1476473f91e02e05ab6548dd91394fac') in 0.017656 seconds
Number of updated asset objects reloaded before import = 0Number of asset objects unloaded after import = 0

========================================================================
Received Import Request.
  Time since last request: 0.000295 seconds.
  path: Packages/com.unity.test-framework/UnityEditor.TestRunner/CommandLineTest/IRunData.cs
  artifactKey: Guid(d56e34a052c646e39a3317c404303e5f) Importer(2089858483,b0f066a214c2f5e87bad3c948f4d605d)
Start importing Packages/com.unity.test-framework/UnityEditor.TestRunner/CommandLineTest/IRunData.cs using Guid(d56e34a052c646e39a3317c404303e5f) Importer(2089858483,b0f066a214c2f5e87bad3c948f4d605d) (ScriptedImporter) -> (artifact id: '1cadd5a2c14108bc04538a5ac03ea7c4') in 0.0206708 seconds
Number of updated asset objects reloaded before import = 0Number of asset objects unloaded after import = 0

========================================================================
Received Import Request.
  Time since last request: 0.000041 seconds.
  path: Packages/com.unity.ugui/Tests/Editor/UGUI/InputField/CharacterLimitValidation.cs
  artifactKey: Guid(4b8be68229770db4ea3c78ab0d854325) Importer(2089858483,b0f066a214c2f5e87bad3c948f4d605d)
Start importing Packages/com.unity.ugui/Tests/Editor/UGUI/InputField/CharacterLimitValidation.cs using Guid(4b8be68229770db4ea3c78ab0d854325) Importer(2089858483,b0f066a214c2f5e87bad3c948f4d605d) (ScriptedImporter) -> (artifact id: '3079390ae05a6c3e469eba1cb88dbfee') in 0.0201824 seconds
Number of updated asset objects reloaded before import = 0Number of asset objects unloaded after import = 0

========================================================================
Received Import Request.
  Time since last request: 0.000237 seconds.
  path: Packages/com.unity.ugui/Tests/Runtime/UGUI/UnityEngine.UI.Tests.asmdef
  artifactKey: Guid(e9745f6a32442194c8dc5a43e9ab86f9) Importer(2089858483,b0f066a214c2f5e87bad3c948f4d605d)
Start importing Packages/com.unity.ugui/Tests/Runtime/UGUI/UnityEngine.UI.Tests.asmdef using Guid(e9745f6a32442194c8dc5a43e9ab86f9) Importer(2089858483,b0f066a214c2f5e87bad3c948f4d605d) (ScriptedImporter) -> (artifact id: '0ea7f80453102bb6e8a51f72f1c055ec') in 0.0222424 seconds
Number of updated asset objects reloaded before import = 0Number of asset objects unloaded after import = 1

========================================================================
Received Import Request.
  Time since last request: 0.000186 seconds.
  path: Packages/com.unity.ugui/Runtime/UGUI/UI/Core/SpecializedCollections/IndexedSet.cs
  artifactKey: Guid(a8604e8f13b3be84b8bc0c1507d8f3f6) Importer(2089858483,b0f066a214c2f5e87bad3c948f4d605d)
Start importing Packages/com.unity.ugui/Runtime/UGUI/UI/Core/SpecializedCollections/IndexedSet.cs using Guid(a8604e8f13b3be84b8bc0c1507d8f3f6) Importer(2089858483,b0f066a214c2f5e87bad3c948f4d605d) (ScriptedImporter) -> (artifact id: '6934f5ceb02d367c733565057c5effc6') in 0.0216099 seconds
Number of updated asset objects reloaded before import = 0Number of asset objects unloaded after import = 0

========================================================================
Received Import Request.
  Time since last request: 0.000288 seconds.
  path: Packages/com.unity.ugui/Tests/Runtime/UGUI/Layout/LayoutGroupTests.cs
  artifactKey: Guid(30f2a9fda7b63b041a70443bae3e7c01) Importer(2089858483,b0f066a214c2f5e87bad3c948f4d605d)
Start importing Packages/com.unity.ugui/Tests/Runtime/UGUI/Layout/LayoutGroupTests.cs using Guid(30f2a9fda7b63b041a70443bae3e7c01) Importer(2089858483,b0f066a214c2f5e87bad3c948f4d605d) (ScriptedImporter) -> (artifact id: 'd9cd41df84a9cdf2490ad21e4616e7d7') in 0.019405 seconds
Number of updated asset objects reloaded before import = 0Number of asset objects unloaded after import = 0

========================================================================
Received Import Request.
  Time since last request: 0.000170 seconds.
  path: Packages/com.unity.test-framework/UnityEditor.TestRunner/Api/TestAdaptorFactory.cs
  artifactKey: Guid(d0663d520c26b7c48a4135599e66acf8) Importer(2089858483,b0f066a214c2f5e87bad3c948f4d605d)
Start importing Packages/com.unity.test-framework/UnityEditor.TestRunner/Api/TestAdaptorFactory.cs using Guid(d0663d520c26b7c48a4135599e66acf8) Importer(2089858483,b0f066a214c2f5e87bad3c948f4d605d) (ScriptedImporter) -> (artifact id: 'b8a4773c5a0104bf4259419cc3d132c2') in 0.0191398 seconds
Number of updated asset objects reloaded before import = 0Number of asset objects unloaded after import = 0

========================================================================
Received Import Request.
  Time since last request: 0.000464 seconds.
  path: Packages/com.unity.ugui/Editor/UGUI/UI/AspectRatioFitterEditor.cs
  artifactKey: Guid(b5f70efd2f7b286498ca6c00adbb4a13) Importer(2089858483,b0f066a214c2f5e87bad3c948f4d605d)
Start importing Packages/com.unity.ugui/Editor/UGUI/UI/AspectRatioFitterEditor.cs using Guid(b5f70efd2f7b286498ca6c00adbb4a13) Importer(2089858483,b0f066a214c2f5e87bad3c948f4d605d) (ScriptedImporter) -> (artifact id: '1b36b16ddc4e87b22b8f34af5b1804b9') in 0.0182368 seconds
Number of updated asset objects reloaded before import = 0Number of asset objects unloaded after import = 0

========================================================================
Received Import Request.
  Time since last request: 0.000213 seconds.
  path: Packages/com.unity.test-framework/UnityEditor.TestRunner/TestRunnerWindow.cs
  artifactKey: Guid(4dfcd3a631f61d248b7cc0b845d40345) Importer(2089858483,b0f066a214c2f5e87bad3c948f4d605d)
Start importing Packages/com.unity.test-framework/UnityEditor.TestRunner/TestRunnerWindow.cs using Guid(4dfcd3a631f61d248b7cc0b845d40345) Importer(2089858483,b0f066a214c2f5e87bad3c948f4d605d) (ScriptedImporter) -> (artifact id: '40e409efb36aeb5176307edde4159875') in 0.0252837 seconds
Number of updated asset objects reloaded before import = 0Number of asset objects unloaded after import = 0

========================================================================
Received Import Request.
  Time since last request: 0.000269 seconds.
  path: Packages/com.unity.modules.animation/package.json
  artifactKey: Guid(7ef8348b8ea834d7e1bc214b07f7fb87) Importer(2089858483,b0f066a214c2f5e87bad3c948f4d605d)
Start importing Packages/com.unity.modules.animation/package.json using Guid(7ef8348b8ea834d7e1bc214b07f7fb87) Importer(2089858483,b0f066a214c2f5e87bad3c948f4d605d) (ScriptedImporter) -> (artifact id: 'b5ec7065504afe0b09f2a6f462efaaa9') in 0.0372293 seconds
Number of updated asset objects reloaded before import = 0Number of asset objects unloaded after import = 1

========================================================================
Received Import Request.
  Time since last request: 0.000166 seconds.
  path: Packages/com.unity.ugui/Tests/Runtime/UGUI/Button/TestButton.cs
  artifactKey: Guid(4f5ed95515938d14189b094f8654d0bd) Importer(2089858483,b0f066a214c2f5e87bad3c948f4d605d)
Start importing Packages/com.unity.ugui/Tests/Runtime/UGUI/Button/TestButton.cs using Guid(4f5ed95515938d14189b094f8654d0bd) Importer(2089858483,b0f066a214c2f5e87bad3c948f4d605d) (ScriptedImporter) -> (artifact id: 'e7d978d39a9d3a31d0e18b65d8b41514') in 0.0339032 seconds
Number of updated asset objects reloaded before import = 0Number of asset objects unloaded after import = 0

========================================================================
Received Import Request.
  Time since last request: 0.003190 seconds.
  path: Packages/com.unity.ugui/Tests/Editor/UGUI/UnityEditor.UI.EditorTests.asmdef
  artifactKey: Guid(7c04f0dfa9243c04681a55d90d3ff3fc) Importer(2089858483,b0f066a214c2f5e87bad3c948f4d605d)
Start importing Packages/com.unity.ugui/Tests/Editor/UGUI/UnityEditor.UI.EditorTests.asmdef using Guid(7c04f0dfa9243c04681a55d90d3ff3fc) Importer(2089858483,b0f066a214c2f5e87bad3c948f4d605d) (ScriptedImporter) -> (artifact id: 'cd22a75eef600c00289877892d0088af') in 0.0383722 seconds
Number of updated asset objects reloaded before import = 0Number of asset objects unloaded after import = 1

========================================================================
Received Import Request.
  Time since last request: 0.000526 seconds.
  path: Packages/com.unity.ugui/Tests/Runtime/UGUI/Graphic/RawImageTest.cs
  artifactKey: Guid(acfa3573efc38c844be021fdaa8cf8a6) Importer(2089858483,b0f066a214c2f5e87bad3c948f4d605d)
Start importing Packages/com.unity.ugui/Tests/Runtime/UGUI/Graphic/RawImageTest.cs using Guid(acfa3573efc38c844be021fdaa8cf8a6) Importer(2089858483,b0f066a214c2f5e87bad3c948f4d605d) (ScriptedImporter) -> (artifact id: '83a03e42cdd0248efcf254aee33a0028') in 0.0516221 seconds
Number of updated asset objects reloaded before import = 0Number of asset objects unloaded after import = 0

========================================================================
Received Import Request.
  Time since last request: 0.001384 seconds.
  path: Packages/com.unity.ugui/Runtime/UGUI/UI/Core/Graphic.cs
  artifactKey: Guid(a6238e9452bfc704f82ff36791fe1a45) Importer(2089858483,b0f066a214c2f5e87bad3c948f4d605d)
Start importing Packages/com.unity.ugui/Runtime/UGUI/UI/Core/Graphic.cs using Guid(a6238e9452bfc704f82ff36791fe1a45) Importer(2089858483,b0f066a214c2f5e87bad3c948f4d605d) (ScriptedImporter) -> (artifact id: 'a303e850a2918578e16126170aecc3b2') in 0.0806446 seconds
Number of updated asset objects reloaded before import = 0Number of asset objects unloaded after import = 0

========================================================================
Received Import Request.
  Time since last request: 0.006201 seconds.
  path: Packages/com.unity.ugui/Editor/TMP/PropertyDrawers/TMP_MarkToMarkAdjustmentRecordPropertyDrawer.cs
  artifactKey: Guid(149e85704eb73624ba2d705408274f3e) Importer(2089858483,b0f066a214c2f5e87bad3c948f4d605d)
Start importing Packages/com.unity.ugui/Editor/TMP/PropertyDrawers/TMP_MarkToMarkAdjustmentRecordPropertyDrawer.cs using Guid(149e85704eb73624ba2d705408274f3e) Importer(2089858483,b0f066a214c2f5e87bad3c948f4d605d) (ScriptedImporter) -> (artifact id: 'fabb67746adb522ca03a8fd1b2a523ae') in 0.0613985 seconds
Number of updated asset objects reloaded before import = 0Number of asset objects unloaded after import = 0

========================================================================
Received Import Request.
  Time since last request: 0.000037 seconds.
  path: Packages/com.unity.ugui/Runtime/UGUI/EventSystem/EventData/PointerEventData.cs
  artifactKey: Guid(75df57ccb1e44c64085399277405e1ca) Importer(2089858483,b0f066a214c2f5e87bad3c948f4d605d)
Start importing Packages/com.unity.ugui/Runtime/UGUI/EventSystem/EventData/PointerEventData.cs using Guid(75df57ccb1e44c64085399277405e1ca) Importer(2089858483,b0f066a214c2f5e87bad3c948f4d605d) (ScriptedImporter) -> (artifact id: '05d6da43ce468f32c156c4d1ab55935d') in 0.0328525 seconds
Number of updated asset objects reloaded before import = 0Number of asset objects unloaded after import = 0

========================================================================
Received Import Request.
  Time since last request: 0.000456 seconds.
  path: Packages/com.unity.ugui/Runtime/UGUI/EventSystem/MoveDirection.cs
  artifactKey: Guid(4d2250412b81fe34abf39f246e274479) Importer(2089858483,b0f066a214c2f5e87bad3c948f4d605d)
Start importing Packages/com.unity.ugui/Runtime/UGUI/EventSystem/MoveDirection.cs using Guid(4d2250412b81fe34abf39f246e274479) Importer(2089858483,b0f066a214c2f5e87bad3c948f4d605d) (ScriptedImporter) -> (artifact id: '8c21d7e48943bfdd2983c4c6cc06b2a8') in 0.0457335 seconds
Number of updated asset objects reloaded before import = 0Number of asset objects unloaded after import = 0

========================================================================
Received Import Request.
  Time since last request: 0.001610 seconds.
  path: Packages/com.unity.test-framework/UnityEditor.TestRunner/Api/ITestRunnerApi.cs
  artifactKey: Guid(a7842a837a4b13e41ae16193db753418) Importer(2089858483,b0f066a214c2f5e87bad3c948f4d605d)
Start importing Packages/com.unity.test-framework/UnityEditor.TestRunner/Api/ITestRunnerApi.cs using Guid(a7842a837a4b13e41ae16193db753418) Importer(2089858483,b0f066a214c2f5e87bad3c948f4d605d) (ScriptedImporter) -> (artifact id: '322d4266a31c24c135f8c2803524d6f5') in 0.0458107 seconds
Number of updated asset objects reloaded before import = 0Number of asset objects unloaded after import = 0

========================================================================
Received Import Request.
  Time since last request: 0.001127 seconds.
  path: Packages/com.unity.ugui/Runtime/UGUI/UI/Core/Layout/LayoutGroup.cs
  artifactKey: Guid(cb7c939a806f03341b682c180dc13f08) Importer(2089858483,b0f066a214c2f5e87bad3c948f4d605d)
Start importing Packages/com.unity.ugui/Runtime/UGUI/UI/Core/Layout/LayoutGroup.cs using Guid(cb7c939a806f03341b682c180dc13f08) Importer(2089858483,b0f066a214c2f5e87bad3c948f4d605d) (ScriptedImporter) -> (artifact id: '9dc754b1b8aea08c7fa819206bc3ec98') in 0.0305182 seconds
Number of updated asset objects reloaded before import = 0Number of asset objects unloaded after import = 0

========================================================================
Received Import Request.
  Time since last request: 0.000363 seconds.
  path: Packages/com.unity.ugui/Runtime/UGUI/UI/Core/IMaskable.cs
  artifactKey: Guid(61a20120cddc53849bbc10fc805ffe3e) Importer(2089858483,b0f066a214c2f5e87bad3c948f4d605d)
Start importing Packages/com.unity.ugui/Runtime/UGUI/UI/Core/IMaskable.cs using Guid(61a20120cddc53849bbc10fc805ffe3e) Importer(2089858483,b0f066a214c2f5e87bad3c948f4d605d) (ScriptedImporter) -> (artifact id: 'f432b42e2f4d727642715bb753c53a5c') in 0.0324663 seconds
Number of updated asset objects reloaded before import = 0Number of asset objects unloaded after import = 0

========================================================================
Received Import Request.
  Time since last request: 0.000035 seconds.
  path: Packages/com.unity.ugui/Editor/UGUI/UI/LayoutPropertiesPreview.cs
  artifactKey: Guid(794f3951c48395848920fdb593a2ae38) Importer(2089858483,b0f066a214c2f5e87bad3c948f4d605d)
Start importing Packages/com.unity.ugui/Editor/UGUI/UI/LayoutPropertiesPreview.cs using Guid(794f3951c48395848920fdb593a2ae38) Importer(2089858483,b0f066a214c2f5e87bad3c948f4d605d) (ScriptedImporter) -> (artifact id: '929aaca46e9169e6c0e4dea56efc1058') in 0.0351149 seconds
Number of updated asset objects reloaded before import = 0Number of asset objects unloaded after import = 0

========================================================================
Received Import Request.
  Time since last request: 0.000430 seconds.
  path: Packages/com.unity.ugui/Runtime/UGUI/EventSystem/InputModules/BaseInputModule.cs
  artifactKey: Guid(1ea10891dd782154ca0fb67bce9e6f72) Importer(2089858483,b0f066a214c2f5e87bad3c948f4d605d)
Start importing Packages/com.unity.ugui/Runtime/UGUI/EventSystem/InputModules/BaseInputModule.cs using Guid(1ea10891dd782154ca0fb67bce9e6f72) Importer(2089858483,b0f066a214c2f5e87bad3c948f4d605d) (ScriptedImporter) -> (artifact id: 'd4000735eab1b47b0084ee9f0e52d42f') in 0.0300306 seconds
Number of updated asset objects reloaded before import = 0Number of asset objects unloaded after import = 0

========================================================================
Received Import Request.
  Time since last request: 0.000205 seconds.
  path: Packages/com.unity.ugui/Tests/Runtime/UGUI/Graphic/ToggleTestImageHook.cs
  artifactKey: Guid(5c004b1354944164fb076276c289afc1) Importer(2089858483,b0f066a214c2f5e87bad3c948f4d605d)
Start importing Packages/com.unity.ugui/Tests/Runtime/UGUI/Graphic/ToggleTestImageHook.cs using Guid(5c004b1354944164fb076276c289afc1) Importer(2089858483,b0f066a214c2f5e87bad3c948f4d605d) (ScriptedImporter) -> (artifact id: '66897b7dd19d356472ff73be34acb8a3') in 0.0194244 seconds
Number of updated asset objects reloaded before import = 0Number of asset objects unloaded after import = 0

========================================================================
Received Import Request.
  Time since last request: 0.000259 seconds.
  path: Packages/com.unity.ugui/Tests/Runtime/UGUI/Layout/GridLayoutGroupTests.cs
  artifactKey: Guid(b9eb962217e00bf4fbc734e109991fca) Importer(2089858483,b0f066a214c2f5e87bad3c948f4d605d)
Start importing Packages/com.unity.ugui/Tests/Runtime/UGUI/Layout/GridLayoutGroupTests.cs using Guid(b9eb962217e00bf4fbc734e109991fca) Importer(2089858483,b0f066a214c2f5e87bad3c948f4d605d) (ScriptedImporter) -> (artifact id: 'eb0ad56284164e165d608e5852307631') in 0.0289594 seconds
Number of updated asset objects reloaded before import = 0Number of asset objects unloaded after import = 0

========================================================================
Received Import Request.
  Time since last request: 0.000311 seconds.
  path: Packages/com.unity.ugui/Editor/UGUI/UI/PropertyDrawers/DropdownOptionListDrawer.cs
  artifactKey: Guid(1385bc74f3945c943be16ecbb1381063) Importer(2089858483,b0f066a214c2f5e87bad3c948f4d605d)
Start importing Packages/com.unity.ugui/Editor/UGUI/UI/PropertyDrawers/DropdownOptionListDrawer.cs using Guid(1385bc74f3945c943be16ecbb1381063) Importer(2089858483,b0f066a214c2f5e87bad3c948f4d605d) (ScriptedImporter) -> (artifact id: '8350410d20aa1b3621eaf64287015b26') in 0.0456927 seconds
Number of updated asset objects reloaded before import = 0Number of asset objects unloaded after import = 0

========================================================================
Received Import Request.
  Time since last request: 0.001140 seconds.
  path: Packages/com.unity.ugui/Editor/TMP/PropertyDrawers/LigatureSubstitutionRecordPropertyDrawer.cs
  artifactKey: Guid(7b6c2e51603686247afd5ab620c490e6) Importer(2089858483,b0f066a214c2f5e87bad3c948f4d605d)
Start importing Packages/com.unity.ugui/Editor/TMP/PropertyDrawers/LigatureSubstitutionRecordPropertyDrawer.cs using Guid(7b6c2e51603686247afd5ab620c490e6) Importer(2089858483,b0f066a214c2f5e87bad3c948f4d605d) (ScriptedImporter) -> (artifact id: '798d88bd025d3ec3c44fdab14fd9a12e') in 0.0291304 seconds
Number of updated asset objects reloaded before import = 0Number of asset objects unloaded after import = 0

========================================================================
Received Import Request.
  Time since last request: 0.000301 seconds.
  path: Packages/com.unity.ugui/Runtime/UGUI/UI/Core/ColorBlock.cs
  artifactKey: Guid(83088ba2132cbc940b7ca0c679a02b0d) Importer(2089858483,b0f066a214c2f5e87bad3c948f4d605d)
Start importing Packages/com.unity.ugui/Runtime/UGUI/UI/Core/ColorBlock.cs using Guid(83088ba2132cbc940b7ca0c679a02b0d) Importer(2089858483,b0f066a214c2f5e87bad3c948f4d605d) (ScriptedImporter) -> (artifact id: '44ed7d36920be9ab441d9056a7f90395') in 0.0190625 seconds
Number of updated asset objects reloaded before import = 0Number of asset objects unloaded after import = 0

========================================================================
Received Import Request.
  Time since last request: 0.000253 seconds.
  path: Packages/com.unity.ugui/Editor/TMP/PropertyDrawers/GlyphMetricsPropertyDrawer.cs
  artifactKey: Guid(e3882522a08b6f5459b4dea6f8791278) Importer(2089858483,b0f066a214c2f5e87bad3c948f4d605d)
Start importing Packages/com.unity.ugui/Editor/TMP/PropertyDrawers/GlyphMetricsPropertyDrawer.cs using Guid(e3882522a08b6f5459b4dea6f8791278) Importer(2089858483,b0f066a214c2f5e87bad3c948f4d605d) (ScriptedImporter) -> (artifact id: 'b6ed799fe126fcb9632af08c6bd50226') in 0.0255833 seconds
Number of updated asset objects reloaded before import = 0Number of asset objects unloaded after import = 0

========================================================================
Received Import Request.
  Time since last request: 0.000323 seconds.
  path: Packages/com.unity.ugui/Tests/Editor/UGUI/Dropdown/DropdownOptionsListDrawer.cs
  artifactKey: Guid(b180d0cec21671c45a32a9ce99bff2f5) Importer(2089858483,b0f066a214c2f5e87bad3c948f4d605d)
Start importing Packages/com.unity.ugui/Tests/Editor/UGUI/Dropdown/DropdownOptionsListDrawer.cs using Guid(b180d0cec21671c45a32a9ce99bff2f5) Importer(2089858483,b0f066a214c2f5e87bad3c948f4d605d) (ScriptedImporter) -> (artifact id: 'cdcbfd3ba827267fcdb1bd5a5f980a9b') in 0.0228907 seconds
Number of updated asset objects reloaded before import = 0Number of asset objects unloaded after import = 0

========================================================================
Received Import Request.
  Time since last request: 0.000256 seconds.
  path: Packages/com.unity.ugui/Runtime/UGUI/UI/Core/Scrollbar.cs
  artifactKey: Guid(2a4db7a114972834c8e4117be1d82ba3) Importer(2089858483,b0f066a214c2f5e87bad3c948f4d605d)
Start importing Packages/com.unity.ugui/Runtime/UGUI/UI/Core/Scrollbar.cs using Guid(2a4db7a114972834c8e4117be1d82ba3) Importer(2089858483,b0f066a214c2f5e87bad3c948f4d605d) (ScriptedImporter) -> (artifact id: 'c9e0284602ee5f6dc005110214321d70') in 0.0250985 seconds
Number of updated asset objects reloaded before import = 0Number of asset objects unloaded after import = 0

========================================================================
Received Import Request.
  Time since last request: 0.000328 seconds.
  path: Packages/com.unity.ugui/Runtime/UGUI/UI/Core/AnimationTriggers.cs
  artifactKey: Guid(c67ac6e40bbb6fe47a095b949b609ce0) Importer(2089858483,b0f066a214c2f5e87bad3c948f4d605d)
Start importing Packages/com.unity.ugui/Runtime/UGUI/UI/Core/AnimationTriggers.cs using Guid(c67ac6e40bbb6fe47a095b949b609ce0) Importer(2089858483,b0f066a214c2f5e87bad3c948f4d605d) (ScriptedImporter) -> (artifact id: 'f61227c89abe32c77a69a4194113615b') in 0.0233759 seconds
Number of updated asset objects reloaded before import = 0Number of asset objects unloaded after import = 0

========================================================================
Received Import Request.
  Time since last request: 0.000256 seconds.
  path: Packages/com.unity.test-framework/UnityEditor.TestRunner/GUI/TestAssets/ActiveFolderTemplateAssetCreator.cs
  artifactKey: Guid(f47c66e80010e4020b6803b930eb432c) Importer(2089858483,b0f066a214c2f5e87bad3c948f4d605d)
Start importing Packages/com.unity.test-framework/UnityEditor.TestRunner/GUI/TestAssets/ActiveFolderTemplateAssetCreator.cs using Guid(f47c66e80010e4020b6803b930eb432c) Importer(2089858483,b0f066a214c2f5e87bad3c948f4d605d) (ScriptedImporter) -> (artifact id: '01dc06e7dffc2032d3d2d52de238eb07') in 0.0253097 seconds
Number of updated asset objects reloaded before import = 0Number of asset objects unloaded after import = 0

========================================================================
Received Import Request.
  Time since last request: 0.000374 seconds.
  path: Packages/com.unity.multiplayer.center/Editor/MultiplayerCenterWindow/TabGroup.cs
  artifactKey: Guid(fdefed6b790f4373b0feb7d25854d8ac) Importer(2089858483,b0f066a214c2f5e87bad3c948f4d605d)
Start importing Packages/com.unity.multiplayer.center/Editor/MultiplayerCenterWindow/TabGroup.cs using Guid(fdefed6b790f4373b0feb7d25854d8ac) Importer(2089858483,b0f066a214c2f5e87bad3c948f4d605d) (ScriptedImporter) -> (artifact id: 'c455d90e99005ec3438872e86023cd2b') in 0.0202204 seconds
Number of updated asset objects reloaded before import = 0Number of asset objects unloaded after import = 0

========================================================================
Received Import Request.
  Time since last request: 0.000032 seconds.
  path: Packages/com.unity.test-framework/UnityEditor.TestRunner/UnityTestProtocol/Messages/ScreenSettingsMessage.cs
  artifactKey: Guid(3936a208997f4266b0b2d48aaca1e904) Importer(2089858483,b0f066a214c2f5e87bad3c948f4d605d)
Start importing Packages/com.unity.test-framework/UnityEditor.TestRunner/UnityTestProtocol/Messages/ScreenSettingsMessage.cs using Guid(3936a208997f4266b0b2d48aaca1e904) Importer(2089858483,b0f066a214c2f5e87bad3c948f4d605d) (ScriptedImporter) -> (artifact id: '7429228d945ace0f0bd0bf6ce1d9d89e') in 0.0239476 seconds
Number of updated asset objects reloaded before import = 0Number of asset objects unloaded after import = 0

========================================================================
Received Import Request.
  Time since last request: 0.000269 seconds.
  path: Packages/com.unity.test-framework/UnityEditor.TestRunner/GUI/Controls/SelectionDropDown.cs
  artifactKey: Guid(f8f9b43d4e034c2d997f4eb6a0d85a96) Importer(2089858483,b0f066a214c2f5e87bad3c948f4d605d)
Start importing Packages/com.unity.test-framework/UnityEditor.TestRunner/GUI/Controls/SelectionDropDown.cs using Guid(f8f9b43d4e034c2d997f4eb6a0d85a96) Importer(2089858483,b0f066a214c2f5e87bad3c948f4d605d) (ScriptedImporter) -> (artifact id: '8f93afdf62fc2fcdf171bd137d7d985c') in 0.026147 seconds
Number of updated asset objects reloaded before import = 0Number of asset objects unloaded after import = 0

========================================================================
Received Import Request.
  Time since last request: 0.000358 seconds.
  path: Packages/com.unity.test-framework/UnityEngine.TestRunner/NUnitExtensions/Attributes/UnityOneTimeTearDownAttribute.cs
  artifactKey: Guid(2a616b371596515498e05300b6598c6a) Importer(2089858483,b0f066a214c2f5e87bad3c948f4d605d)
Start importing Packages/com.unity.test-framework/UnityEngine.TestRunner/NUnitExtensions/Attributes/UnityOneTimeTearDownAttribute.cs using Guid(2a616b371596515498e05300b6598c6a) Importer(2089858483,b0f066a214c2f5e87bad3c948f4d605d) (ScriptedImporter) -> (artifact id: 'a6dd232831fd784c15d8fd2c2dbff05f') in 0.0242112 seconds
Number of updated asset objects reloaded before import = 0Number of asset objects unloaded after import = 0

========================================================================
Received Import Request.
  Time since last request: 0.000469 seconds.
  path: Packages/com.unity.test-framework/UnityEngine.TestRunner/NUnitExtensions/Commands/IgnoreTestCommand.cs
  artifactKey: Guid(e55eddf2afda488db58fb17f985fee99) Importer(2089858483,b0f066a214c2f5e87bad3c948f4d605d)
Start importing Packages/com.unity.test-framework/UnityEngine.TestRunner/NUnitExtensions/Commands/IgnoreTestCommand.cs using Guid(e55eddf2afda488db58fb17f985fee99) Importer(2089858483,b0f066a214c2f5e87bad3c948f4d605d) (ScriptedImporter) -> (artifact id: 'adfaa28936f3a23334be7e1f48c61898') in 0.0225979 seconds
Number of updated asset objects reloaded before import = 0Number of asset objects unloaded after import = 0

========================================================================
Received Import Request.
  Time since last request: 0.000188 seconds.
  path: Packages/com.unity.test-framework/UnityEditor.TestRunner/TestRun/Tasks/Scene/SaveModifiedSceneTask.cs
  artifactKey: Guid(881143a1a3652e343bdcc07166d6f6f6) Importer(2089858483,b0f066a214c2f5e87bad3c948f4d605d)
Start importing Packages/com.unity.test-framework/UnityEditor.TestRunner/TestRun/Tasks/Scene/SaveModifiedSceneTask.cs using Guid(881143a1a3652e343bdcc07166d6f6f6) Importer(2089858483,b0f066a214c2f5e87bad3c948f4d605d) (ScriptedImporter) -> (artifact id: '7fbb61c5017e10f1b37399c64e9250fe') in 0.0211324 seconds
Number of updated asset objects reloaded before import = 0Number of asset objects unloaded after import = 0

========================================================================
Received Import Request.
  Time since last request: 0.000266 seconds.
  path: Packages/com.unity.ide.vscode/CHANGELOG.md
  artifactKey: Guid(4ddcdc3816429494a8bea67e973875f7) Importer(2089858483,b0f066a214c2f5e87bad3c948f4d605d)
Start importing Packages/com.unity.ide.vscode/CHANGELOG.md using Guid(4ddcdc3816429494a8bea67e973875f7) Importer(2089858483,b0f066a214c2f5e87bad3c948f4d605d) (ScriptedImporter) -> (artifact id: 'd4510d316dd3d95596edf4b574375c3f') in 0.0227959 seconds
Number of updated asset objects reloaded before import = 0Number of asset objects unloaded after import = 1

========================================================================
Received Import Request.
  Time since last request: 0.000158 seconds.
  path: Packages/com.unity.test-framework/UnityEngine.TestRunner/NUnitExtensions/Commands/EnumerableSetUpTearDownCommand.cs
  artifactKey: Guid(dd85a35169d313840a0874aea1a28629) Importer(2089858483,b0f066a214c2f5e87bad3c948f4d605d)
Start importing Packages/com.unity.test-framework/UnityEngine.TestRunner/NUnitExtensions/Commands/EnumerableSetUpTearDownCommand.cs using Guid(dd85a35169d313840a0874aea1a28629) Importer(2089858483,b0f066a214c2f5e87bad3c948f4d605d) (ScriptedImporter) -> (artifact id: '2d2c1a39cd68a0c26110fd826fa1c57b') in 0.0203653 seconds
Number of updated asset objects reloaded before import = 0Number of asset objects unloaded after import = 0

========================================================================
Received Import Request.
  Time since last request: 0.000245 seconds.
  path: Packages/com.unity.test-framework/UnityEditor.TestRunner/GUI/GuiHelper.cs
  artifactKey: Guid(d0138170d24533e47b8e6c250c6d7fbc) Importer(2089858483,b0f066a214c2f5e87bad3c948f4d605d)
Start importing Packages/com.unity.test-framework/UnityEditor.TestRunner/GUI/GuiHelper.cs using Guid(d0138170d24533e47b8e6c250c6d7fbc) Importer(2089858483,b0f066a214c2f5e87bad3c948f4d605d) (ScriptedImporter) -> (artifact id: '3ff90cbdd787d4f97a46402da13e3c8e') in 0.0195626 seconds
Number of updated asset objects reloaded before import = 0Number of asset objects unloaded after import = 0

========================================================================
Received Import Request.
  Time since last request: 0.000039 seconds.
  path: Packages/com.unity.test-framework/UnityEditor.TestRunner/CommandLineTest/ResultsSavingCallbacks.cs
  artifactKey: Guid(ef563c5a6ecf64d4193dc144cb7d472a) Importer(2089858483,b0f066a214c2f5e87bad3c948f4d605d)
Start importing Packages/com.unity.test-framework/UnityEditor.TestRunner/CommandLineTest/ResultsSavingCallbacks.cs using Guid(ef563c5a6ecf64d4193dc144cb7d472a) Importer(2089858483,b0f066a214c2f5e87bad3c948f4d605d) (ScriptedImporter) -> (artifact id: '0d53800a5966b88d0722a1bf502709c0') in 0.0208582 seconds
Number of updated asset objects reloaded before import = 0Number of asset objects unloaded after import = 0

========================================================================
Received Import Request.
  Time since last request: 0.000182 seconds.
  path: Packages/com.unity.test-framework/UnityEditor.TestRunner/TestRun/Tasks/Platform/PlatformSpecificSuccessfulLaunchTask.cs
  artifactKey: Guid(31d26a10516a4ac7a9bfdcac13a6386e) Importer(2089858483,b0f066a214c2f5e87bad3c948f4d605d)
Start importing Packages/com.unity.test-framework/UnityEditor.TestRunner/TestRun/Tasks/Platform/PlatformSpecificSuccessfulLaunchTask.cs using Guid(31d26a10516a4ac7a9bfdcac13a6386e) Importer(2089858483,b0f066a214c2f5e87bad3c948f4d605d) (ScriptedImporter) -> (artifact id: 'ea82ddc033346db59b6e767067a8ec63') in 0.0225817 seconds
Number of updated asset objects reloaded before import = 0Number of asset objects unloaded after import = 0

========================================================================
Received Import Request.
  Time since last request: 0.000078 seconds.
  path: Packages/com.unity.multiplayer.center/Editor/Questionnaire/Questionnaire.questionnaire
  artifactKey: Guid(a659150180ae3489ba41c71780ba3779) Importer(2089858483,b0f066a214c2f5e87bad3c948f4d605d)
Start importing Packages/com.unity.multiplayer.center/Editor/Questionnaire/Questionnaire.questionnaire using Guid(a659150180ae3489ba41c71780ba3779) Importer(2089858483,b0f066a214c2f5e87bad3c948f4d605d) (ScriptedImporter) -> (artifact id: '05cd192355b3fafb9063f638ef7bfe3a') in 0.0219837 seconds
Number of updated asset objects reloaded before import = 0Number of asset objects unloaded after import = 1

========================================================================
Received Import Request.
  Time since last request: 0.000039 seconds.
  path: Packages/com.unity.multiplayer.center/Common/AnswerData.cs
  artifactKey: Guid(89b6d933e4994d0980f6b48dc2b8779c) Importer(2089858483,b0f066a214c2f5e87bad3c948f4d605d)
Start importing Packages/com.unity.multiplayer.center/Common/AnswerData.cs using Guid(89b6d933e4994d0980f6b48dc2b8779c) Importer(2089858483,b0f066a214c2f5e87bad3c948f4d605d) (ScriptedImporter) -> (artifact id: 'e803523653d4b6e1564c6902cfd3288f') in 0.0213396 seconds
Number of updated asset objects reloaded before import = 0Number of asset objects unloaded after import = 0

========================================================================
Received Import Request.
  Time since last request: 0.000470 seconds.
  path: Packages/com.unity.test-framework/UnityEditor.TestRunner/TestRun/Tasks/PostbuildCleanupTask.cs
  artifactKey: Guid(3b6931522502d68458016e3cadb89f1b) Importer(2089858483,b0f066a214c2f5e87bad3c948f4d605d)
Start importing Packages/com.unity.test-framework/UnityEditor.TestRunner/TestRun/Tasks/PostbuildCleanupTask.cs using Guid(3b6931522502d68458016e3cadb89f1b) Importer(2089858483,b0f066a214c2f5e87bad3c948f4d605d) (ScriptedImporter) -> (artifact id: '9bbd1e8d3b8bce6f7b34d298c8aaffd0') in 0.0247698 seconds
Number of updated asset objects reloaded before import = 0Number of asset objects unloaded after import = 0

========================================================================
Received Import Request.
  Time since last request: 0.000285 seconds.
  path: Packages/com.unity.test-framework/UnityEngine.TestRunner/Utils/ColorEqualityComparer.cs
  artifactKey: Guid(d6105bc8cf5ce544487daca4cbc62583) Importer(2089858483,b0f066a214c2f5e87bad3c948f4d605d)
Start importing Packages/com.unity.test-framework/UnityEngine.TestRunner/Utils/ColorEqualityComparer.cs using Guid(d6105bc8cf5ce544487daca4cbc62583) Importer(2089858483,b0f066a214c2f5e87bad3c948f4d605d) (ScriptedImporter) -> (artifact id: '41ca26684391d09abccb3ee5b3b1e64d') in 0.0207268 seconds
Number of updated asset objects reloaded before import = 0Number of asset objects unloaded after import = 0

========================================================================
Received Import Request.
  Time since last request: 0.000284 seconds.
  path: Packages/com.unity.test-framework/UnityEditor.TestRunner/TestLaunchers/PlayerLauncherTestRunSettings.cs
  artifactKey: Guid(c1cba6f3ed484514097080a3bb835958) Importer(2089858483,b0f066a214c2f5e87bad3c948f4d605d)
Start importing Packages/com.unity.test-framework/UnityEditor.TestRunner/TestLaunchers/PlayerLauncherTestRunSettings.cs using Guid(c1cba6f3ed484514097080a3bb835958) Importer(2089858483,b0f066a214c2f5e87bad3c948f4d605d) (ScriptedImporter) -> (artifact id: '90aac7f5723c9c042da6a95dfec054d5') in 0.0218127 seconds
Number of updated asset objects reloaded before import = 0Number of asset objects unloaded after import = 0

========================================================================
Received Import Request.
  Time since last request: 0.000214 seconds.
  path: Packages/com.unity.test-framework/UnityEditor.TestRunner/UnityTestProtocol/Messages/TestStartedMessage.cs
  artifactKey: Guid(bd3e81baa10021f4d877fa36382bab16) Importer(2089858483,b0f066a214c2f5e87bad3c948f4d605d)
Start importing Packages/com.unity.test-framework/UnityEditor.TestRunner/UnityTestProtocol/Messages/TestStartedMessage.cs using Guid(bd3e81baa10021f4d877fa36382bab16) Importer(2089858483,b0f066a214c2f5e87bad3c948f4d605d) (ScriptedImporter) -> (artifact id: '97f86a45d2a9c6f1db746c595ea427e6') in 0.0252004 seconds
Number of updated asset objects reloaded before import = 0Number of asset objects unloaded after import = 0

========================================================================
Received Import Request.
  Time since last request: 0.000277 seconds.
  path: Packages/com.unity.multiplayer.center/README.md
  artifactKey: Guid(c359bcaf4a0bc4040aac650bf14ec619) Importer(2089858483,b0f066a214c2f5e87bad3c948f4d605d)
Start importing Packages/com.unity.multiplayer.center/README.md using Guid(c359bcaf4a0bc4040aac650bf14ec619) Importer(2089858483,b0f066a214c2f5e87bad3c948f4d605d) (ScriptedImporter) -> (artifact id: 'dcdbe5230f340bd49721aa54cc3dbc5b') in 0.0202258 seconds
Number of updated asset objects reloaded before import = 0Number of asset objects unloaded after import = 1

========================================================================
Received Import Request.
  Time since last request: 0.000140 seconds.
  path: Packages/com.unity.test-framework/UnityEngine.TestRunner/NUnitExtensions/Commands/OuterUnityTestActionCommand.cs
  artifactKey: Guid(0d4fc309a0784294c8ab658b53b12320) Importer(2089858483,b0f066a214c2f5e87bad3c948f4d605d)
Start importing Packages/com.unity.test-framework/UnityEngine.TestRunner/NUnitExtensions/Commands/OuterUnityTestActionCommand.cs using Guid(0d4fc309a0784294c8ab658b53b12320) Importer(2089858483,b0f066a214c2f5e87bad3c948f4d605d) (ScriptedImporter) -> (artifact id: '6d8685d0069131ebfbf404156442820d') in 0.0248806 seconds
Number of updated asset objects reloaded before import = 0Number of asset objects unloaded after import = 0

========================================================================
Received Import Request.
  Time since last request: 0.000161 seconds.
  path: Packages/com.unity.test-framework/UnityEngine.TestRunner/Utils/AssemblyProvider/IAssemblyWrapper.cs
  artifactKey: Guid(1c5afe945b715e149a70113a4be7b32a) Importer(2089858483,b0f066a214c2f5e87bad3c948f4d605d)
Start importing Packages/com.unity.test-framework/UnityEngine.TestRunner/Utils/AssemblyProvider/IAssemblyWrapper.cs using Guid(1c5afe945b715e149a70113a4be7b32a) Importer(2089858483,b0f066a214c2f5e87bad3c948f4d605d) (ScriptedImporter) -> (artifact id: '4afeb05100727a119d44901bdde0e2bf') in 0.0206419 seconds
Number of updated asset objects reloaded before import = 0Number of asset objects unloaded after import = 0

========================================================================
Received Import Request.
  Time since last request: 0.000597 seconds.
  path: Packages/com.unity.test-framework/UnityEngine.TestRunner/NUnitExtensions/Attributes/EnumeratorHelper.cs
  artifactKey: Guid(ff0aad009559b814ffc27001341fc1c3) Importer(2089858483,b0f066a214c2f5e87bad3c948f4d605d)
Start importing Packages/com.unity.test-framework/UnityEngine.TestRunner/NUnitExtensions/Attributes/EnumeratorHelper.cs using Guid(ff0aad009559b814ffc27001341fc1c3) Importer(2089858483,b0f066a214c2f5e87bad3c948f4d605d) (ScriptedImporter) -> (artifact id: '8639722badfbaebc2befa5956d22b0bf') in 0.0245857 seconds
Number of updated asset objects reloaded before import = 0Number of asset objects unloaded after import = 0

========================================================================
Received Import Request.
  Time since last request: 0.000131 seconds.
  path: Packages/com.unity.multiplayer.center/Common/StyleConstants.cs
  artifactKey: Guid(50d5ff9fe4ab4477b7ea648da183e9d1) Importer(2089858483,b0f066a214c2f5e87bad3c948f4d605d)
Start importing Packages/com.unity.multiplayer.center/Common/StyleConstants.cs using Guid(50d5ff9fe4ab4477b7ea648da183e9d1) Importer(2089858483,b0f066a214c2f5e87bad3c948f4d605d) (ScriptedImporter) -> (artifact id: '6cd26899b4be7b2109da2ce595bd8223') in 0.0244569 seconds
Number of updated asset objects reloaded before import = 0Number of asset objects unloaded after import = 0

========================================================================
Received Import Request.
  Time since last request: 0.000309 seconds.
  path: Packages/com.unity.test-framework/UnityEngine.TestRunner/Assertions/InvalidSignatureException.cs
  artifactKey: Guid(9650d910fcaefb34cb45f121c1993892) Importer(2089858483,b0f066a214c2f5e87bad3c948f4d605d)
Start importing Packages/com.unity.test-framework/UnityEngine.TestRunner/Assertions/InvalidSignatureException.cs using Guid(9650d910fcaefb34cb45f121c1993892) Importer(2089858483,b0f066a214c2f5e87bad3c948f4d605d) (ScriptedImporter) -> (artifact id: '0c7f3b7429d895eac24f52fa1da9cafd') in 0.0226171 seconds
Number of updated asset objects reloaded before import = 0Number of asset objects unloaded after import = 0

========================================================================
Received Import Request.
  Time since last request: 0.000206 seconds.
  path: Packages/com.unity.test-framework/UnityEditor.TestRunner/TestRunner/Utils/IEditorAssembliesProxy.cs
  artifactKey: Guid(98808b11e78f6c84a841a6b4bc5a29d2) Importer(2089858483,b0f066a214c2f5e87bad3c948f4d605d)
Start importing Packages/com.unity.test-framework/UnityEditor.TestRunner/TestRunner/Utils/IEditorAssembliesProxy.cs using Guid(98808b11e78f6c84a841a6b4bc5a29d2) Importer(2089858483,b0f066a214c2f5e87bad3c948f4d605d) (ScriptedImporter) -> (artifact id: '3a961d3b77527bc385dfd3eb36444b39') in 0.0201413 seconds
Number of updated asset objects reloaded before import = 0Number of asset objects unloaded after import = 0

========================================================================
Received Import Request.
  Time since last request: 0.000206 seconds.
  path: Packages/com.unity.test-framework/UnityEngine.TestRunner/NUnitExtensions/ITestSuiteModifier.cs
  artifactKey: Guid(4c006cc4132f4e2d8b3e7208af3e208c) Importer(2089858483,b0f066a214c2f5e87bad3c948f4d605d)
Start importing Packages/com.unity.test-framework/UnityEngine.TestRunner/NUnitExtensions/ITestSuiteModifier.cs using Guid(4c006cc4132f4e2d8b3e7208af3e208c) Importer(2089858483,b0f066a214c2f5e87bad3c948f4d605d) (ScriptedImporter) -> (artifact id: '7497c32f19a5b0b1aae78d405d189ae9') in 0.0170415 seconds
Number of updated asset objects reloaded before import = 0Number of asset objects unloaded after import = 0

========================================================================
Received Import Request.
  Time since last request: 0.000255 seconds.
  path: Packages/com.unity.test-framework/UnityEngine.TestRunner/NUnitExtensions/Runner/CompositeWorkItem.cs
  artifactKey: Guid(110d5035a36a6a34580fb65bb40cd78f) Importer(2089858483,b0f066a214c2f5e87bad3c948f4d605d)
Start importing Packages/com.unity.test-framework/UnityEngine.TestRunner/NUnitExtensions/Runner/CompositeWorkItem.cs using Guid(110d5035a36a6a34580fb65bb40cd78f) Importer(2089858483,b0f066a214c2f5e87bad3c948f4d605d) (ScriptedImporter) -> (artifact id: 'ea28f5589ae45a97f95e11cc8cf4dadb') in 0.0179895 seconds
Number of updated asset objects reloaded before import = 0Number of asset objects unloaded after import = 0

========================================================================
Received Import Request.
  Time since last request: 0.000281 seconds.
  path: Packages/com.unity.test-framework/UnityEngine.TestRunner/NUnitExtensions/Runner/UnityWorkItemDataHolder.cs
  artifactKey: Guid(5b3e90046c38f1d4dad2e0d5a79e871c) Importer(2089858483,b0f066a214c2f5e87bad3c948f4d605d)
Start importing Packages/com.unity.test-framework/UnityEngine.TestRunner/NUnitExtensions/Runner/UnityWorkItemDataHolder.cs using Guid(5b3e90046c38f1d4dad2e0d5a79e871c) Importer(2089858483,b0f066a214c2f5e87bad3c948f4d605d) (ScriptedImporter) -> (artifact id: '48d9bdf392d8559a5ad485ee9d9ab842') in 0.0237527 seconds
Number of updated asset objects reloaded before import = 0Number of asset objects unloaded after import = 0

========================================================================
Received Import Request.
  Time since last request: 0.000124 seconds.
  path: Packages/com.unity.test-framework/UnityEngine.TestRunner/Assertions/LogScope/LogScope.cs
  artifactKey: Guid(4bbc17b35884fdf468e4b52ae4222882) Importer(2089858483,b0f066a214c2f5e87bad3c948f4d605d)
Start importing Packages/com.unity.test-framework/UnityEngine.TestRunner/Assertions/LogScope/LogScope.cs using Guid(4bbc17b35884fdf468e4b52ae4222882) Importer(2089858483,b0f066a214c2f5e87bad3c948f4d605d) (ScriptedImporter) -> (artifact id: '52ed9061ebabd767f75a4aca4c9a752a') in 0.0183319 seconds
Number of updated asset objects reloaded before import = 0Number of asset objects unloaded after import = 0

========================================================================
Received Import Request.
  Time since last request: 0.000199 seconds.
  path: Packages/com.unity.multiplayer.center/package.json
  artifactKey: Guid(df0857f6a11054383be91b1f8e1b5800) Importer(2089858483,b0f066a214c2f5e87bad3c948f4d605d)
Start importing Packages/com.unity.multiplayer.center/package.json using Guid(df0857f6a11054383be91b1f8e1b5800) Importer(2089858483,b0f066a214c2f5e87bad3c948f4d605d) (ScriptedImporter) -> (artifact id: '18eb5f2ccf32027a27d35228c2484a33') in 0.0194558 seconds
Number of updated asset objects reloaded before import = 0Number of asset objects unloaded after import = 1

========================================================================
Received Import Request.
  Time since last request: 0.000132 seconds.
  path: Packages/com.unity.test-framework/UnityEngine.TestRunner/UnityTestProtocol/MessageForRetryRepeat.cs
  artifactKey: Guid(1c15a1275ff24d1092facf3f75065ab6) Importer(2089858483,b0f066a214c2f5e87bad3c948f4d605d)
Start importing Packages/com.unity.test-framework/UnityEngine.TestRunner/UnityTestProtocol/MessageForRetryRepeat.cs using Guid(1c15a1275ff24d1092facf3f75065ab6) Importer(2089858483,b0f066a214c2f5e87bad3c948f4d605d) (ScriptedImporter) -> (artifact id: '4df136e7bd12d627e8e063e44a357a03') in 0.0266936 seconds
Number of updated asset objects reloaded before import = 0Number of asset objects unloaded after import = 0

========================================================================
Received Import Request.
  Time since last request: 0.000313 seconds.
  path: Packages/com.unity.test-framework/UnityEngine.TestRunner/Utils/AssemblyProvider/IAssemblyLoadProxy.cs
  artifactKey: Guid(12dfd4bdbb5c8e6419432fbc54ef25d9) Importer(2089858483,b0f066a214c2f5e87bad3c948f4d605d)
Start importing Packages/com.unity.test-framework/UnityEngine.TestRunner/Utils/AssemblyProvider/IAssemblyLoadProxy.cs using Guid(12dfd4bdbb5c8e6419432fbc54ef25d9) Importer(2089858483,b0f066a214c2f5e87bad3c948f4d605d) (ScriptedImporter) -> (artifact id: 'b3cdb9598b02c3c0befe8ae917459afc') in 0.0212478 seconds
Number of updated asset objects reloaded before import = 0Number of asset objects unloaded after import = 0

========================================================================
Received Import Request.
  Time since last request: 0.000260 seconds.
  path: Packages/com.unity.test-framework/UnityEngine.TestRunner/TestRunner/PlaymodeTestsControllerSettings.cs
  artifactKey: Guid(2799eb4c84e72e54092a292cf626936b) Importer(2089858483,b0f066a214c2f5e87bad3c948f4d605d)
Start importing Packages/com.unity.test-framework/UnityEngine.TestRunner/TestRunner/PlaymodeTestsControllerSettings.cs using Guid(2799eb4c84e72e54092a292cf626936b) Importer(2089858483,b0f066a214c2f5e87bad3c948f4d605d) (ScriptedImporter) -> (artifact id: '0dbaac9da13b89c82bb5b6f0c16ba23c') in 0.0219901 seconds
Number of updated asset objects reloaded before import = 0Number of asset objects unloaded after import = 0

========================================================================
Received Import Request.
  Time since last request: 0.000269 seconds.
  path: Packages/com.unity.test-framework/UnityEditor.TestRunner/TestRun/Tasks/UnlockReloadAssembliesTask.cs
  artifactKey: Guid(9729063e08c4a4e438070c8319aff5f5) Importer(2089858483,b0f066a214c2f5e87bad3c948f4d605d)
Start importing Packages/com.unity.test-framework/UnityEditor.TestRunner/TestRun/Tasks/UnlockReloadAssembliesTask.cs using Guid(9729063e08c4a4e438070c8319aff5f5) Importer(2089858483,b0f066a214c2f5e87bad3c948f4d605d) (ScriptedImporter) -> (artifact id: 'd798723bf8d99136d5febd9219299771') in 0.0183093 seconds
Number of updated asset objects reloaded before import = 0Number of asset objects unloaded after import = 0

========================================================================
Received Import Request.
  Time since last request: 0.000251 seconds.
  path: Packages/com.unity.test-framework/UnityEditor.TestRunner/TestRun/Tasks/Platform/PlatformSpecificSetupTask.cs
  artifactKey: Guid(49284fdc918b491aa9f4439e6cc59c9c) Importer(2089858483,b0f066a214c2f5e87bad3c948f4d605d)
Start importing Packages/com.unity.test-framework/UnityEditor.TestRunner/TestRun/Tasks/Platform/PlatformSpecificSetupTask.cs using Guid(49284fdc918b491aa9f4439e6cc59c9c) Importer(2089858483,b0f066a214c2f5e87bad3c948f4d605d) (ScriptedImporter) -> (artifact id: '8103e73368c1e430c21171ddafc60d48') in 0.0218789 seconds
Number of updated asset objects reloaded before import = 0Number of asset objects unloaded after import = 0

========================================================================
Received Import Request.
  Time since last request: 0.000233 seconds.
  path: Packages/com.unity.test-framework/UnityEditor.TestRunner/TestRunner/Utils/TestListCacheData.cs
  artifactKey: Guid(f1b6399349763114d9361bc6dfcd025b) Importer(2089858483,b0f066a214c2f5e87bad3c948f4d605d)
Start importing Packages/com.unity.test-framework/UnityEditor.TestRunner/TestRunner/Utils/TestListCacheData.cs using Guid(f1b6399349763114d9361bc6dfcd025b) Importer(2089858483,b0f066a214c2f5e87bad3c948f4d605d) (ScriptedImporter) -> (artifact id: '0a0e15b7403c97865b0c5e63c81b6bed') in 0.0193047 seconds
Number of updated asset objects reloaded before import = 0Number of asset objects unloaded after import = 0

========================================================================
Received Import Request.
  Time since last request: 0.000206 seconds.
  path: Packages/com.unity.test-framework/UnityEditor.TestRunner/TestRun/Tasks/Scene/CreateNewSceneTask.cs
  artifactKey: Guid(6dff66623000ef448ab68db41d803d95) Importer(2089858483,b0f066a214c2f5e87bad3c948f4d605d)
Start importing Packages/com.unity.test-framework/UnityEditor.TestRunner/TestRun/Tasks/Scene/CreateNewSceneTask.cs using Guid(6dff66623000ef448ab68db41d803d95) Importer(2089858483,b0f066a214c2f5e87bad3c948f4d605d) (ScriptedImporter) -> (artifact id: '858ef9c546d4245683827378fb8fd1e7') in 0.0206905 seconds
Number of updated asset objects reloaded before import = 0Number of asset objects unloaded after import = 0

========================================================================
Received Import Request.
  Time since last request: 0.000278 seconds.
  path: Packages/com.unity.test-framework/UnityEditor.TestRunner/TestRun/Tasks/EditModeRunTask.cs
  artifactKey: Guid(b4246555189b5ee43b4857220f9fd29b) Importer(2089858483,b0f066a214c2f5e87bad3c948f4d605d)
Start importing Packages/com.unity.test-framework/UnityEditor.TestRunner/TestRun/Tasks/EditModeRunTask.cs using Guid(b4246555189b5ee43b4857220f9fd29b) Importer(2089858483,b0f066a214c2f5e87bad3c948f4d605d) (ScriptedImporter) -> (artifact id: 'b3ea2a5cf263cf457ab2389ba619f475') in 0.0238342 seconds
Number of updated asset objects reloaded before import = 0Number of asset objects unloaded after import = 0

========================================================================
Received Import Request.
  Time since last request: 0.000538 seconds.
  path: Packages/com.unity.multiplayer.center/Editor/Questionnaire/Logic.cs
  artifactKey: Guid(d9beb5106d424f23902054f76d4b673d) Importer(2089858483,b0f066a214c2f5e87bad3c948f4d605d)
Start importing Packages/com.unity.multiplayer.center/Editor/Questionnaire/Logic.cs using Guid(d9beb5106d424f23902054f76d4b673d) Importer(2089858483,b0f066a214c2f5e87bad3c948f4d605d) (ScriptedImporter) -> (artifact id: 'a84393b167431be92d9ad3d5ddad4e05') in 0.0267991 seconds
Number of updated asset objects reloaded before import = 0Number of asset objects unloaded after import = 0

========================================================================
Received Import Request.
  Time since last request: 0.000221 seconds.
  path: Packages/com.unity.test-framework/UnityEngine.TestRunner/NUnitExtensions/Commands/TestActionCommand.cs
  artifactKey: Guid(2de8ba3b840049641897e0da7ce1d5cd) Importer(2089858483,b0f066a214c2f5e87bad3c948f4d605d)
Start importing Packages/com.unity.test-framework/UnityEngine.TestRunner/NUnitExtensions/Commands/TestActionCommand.cs using Guid(2de8ba3b840049641897e0da7ce1d5cd) Importer(2089858483,b0f066a214c2f5e87bad3c948f4d605d) (ScriptedImporter) -> (artifact id: '95ee2c3fe570fcf3c472d67b2514507c') in 0.0234706 seconds
Number of updated asset objects reloaded before import = 0Number of asset objects unloaded after import = 0

========================================================================
Received Import Request.
  Time since last request: 0.000159 seconds.
  path: Packages/com.unity.test-framework/UnityEditor.TestRunner/TestRunner/Callbacks/WindowResultUpdater.cs
  artifactKey: Guid(6d468ee3657be7a43a2ef2178ec14239) Importer(2089858483,b0f066a214c2f5e87bad3c948f4d605d)
Start importing Packages/com.unity.test-framework/UnityEditor.TestRunner/TestRunner/Callbacks/WindowResultUpdater.cs using Guid(6d468ee3657be7a43a2ef2178ec14239) Importer(2089858483,b0f066a214c2f5e87bad3c948f4d605d) (ScriptedImporter) -> (artifact id: 'ba8333867c78f755d523de2ffdb1e025') in 0.0235035 seconds
Number of updated asset objects reloaded before import = 0Number of asset objects unloaded after import = 0

========================================================================
Received Import Request.
  Time since last request: 0.000414 seconds.
  path: Packages/com.unity.test-framework/UnityEditor.TestRunner/CommandLineTest/LogSavingCallbacks.cs
  artifactKey: Guid(8d20eedbe40f0ce41a4c4f633f225de8) Importer(2089858483,b0f066a214c2f5e87bad3c948f4d605d)
Start importing Packages/com.unity.test-framework/UnityEditor.TestRunner/CommandLineTest/LogSavingCallbacks.cs using Guid(8d20eedbe40f0ce41a4c4f633f225de8) Importer(2089858483,b0f066a214c2f5e87bad3c948f4d605d) (ScriptedImporter) -> (artifact id: '8e916c703001f7e70db98bcbfbdc1d7d') in 0.0229538 seconds
Number of updated asset objects reloaded before import = 0Number of asset objects unloaded after import = 0

========================================================================
Received Import Request.
  Time since last request: 0.000065 seconds.
  path: Packages/com.unity.test-framework/UnityEngine.TestRunner/Utils/Vector2ComparerWithEqualsOperator.cs
  artifactKey: Guid(65701ebe8bada6b4785e9c7afe7f5bee) Importer(2089858483,b0f066a214c2f5e87bad3c948f4d605d)
Start importing Packages/com.unity.test-framework/UnityEngine.TestRunner/Utils/Vector2ComparerWithEqualsOperator.cs using Guid(65701ebe8bada6b4785e9c7afe7f5bee) Importer(2089858483,b0f066a214c2f5e87bad3c948f4d605d) (ScriptedImporter) -> (artifact id: '1b22cf0e91565c281e9033ce784b91fd') in 0.0193358 seconds
Number of updated asset objects reloaded before import = 0Number of asset objects unloaded after import = 0

========================================================================
Received Import Request.
  Time since last request: 0.000313 seconds.
  path: Packages/com.unity.test-framework/UnityEditor.TestRunner/TestRun/Tasks/FileCleanupVerifierTaskBase.cs
  artifactKey: Guid(ad7bb166069f8414e9ad26606b305e66) Importer(2089858483,b0f066a214c2f5e87bad3c948f4d605d)
Start importing Packages/com.unity.test-framework/UnityEditor.TestRunner/TestRun/Tasks/FileCleanupVerifierTaskBase.cs using Guid(ad7bb166069f8414e9ad26606b305e66) Importer(2089858483,b0f066a214c2f5e87bad3c948f4d605d) (ScriptedImporter) -> (artifact id: 'd841fac7521ce3e0f1e3b4bb1c79a21f') in 0.0221117 seconds
Number of updated asset objects reloaded before import = 0Number of asset objects unloaded after import = 0

========================================================================
Received Import Request.
  Time since last request: 0.000227 seconds.
  path: Packages/com.unity.test-framework/UnityEngine.TestRunner/NUnitExtensions/Runner/FailCommand.cs
  artifactKey: Guid(68e5dc8bfd5d72647a93b7f2e1da831a) Importer(2089858483,b0f066a214c2f5e87bad3c948f4d605d)
Start importing Packages/com.unity.test-framework/UnityEngine.TestRunner/NUnitExtensions/Runner/FailCommand.cs using Guid(68e5dc8bfd5d72647a93b7f2e1da831a) Importer(2089858483,b0f066a214c2f5e87bad3c948f4d605d) (ScriptedImporter) -> (artifact id: 'fa70dc0b949f4c98287428b90477eb49') in 0.0261061 seconds
Number of updated asset objects reloaded before import = 0Number of asset objects unloaded after import = 0

========================================================================
Received Import Request.
  Time since last request: 0.000251 seconds.
  path: Packages/com.unity.test-framework/UnityEditor.TestRunner/UnityTestProtocol/UtpMessageReporter.cs
  artifactKey: Guid(ebcc5f899d9277642868aeda9a17cbaf) Importer(2089858483,b0f066a214c2f5e87bad3c948f4d605d)
Start importing Packages/com.unity.test-framework/UnityEditor.TestRunner/UnityTestProtocol/UtpMessageReporter.cs using Guid(ebcc5f899d9277642868aeda9a17cbaf) Importer(2089858483,b0f066a214c2f5e87bad3c948f4d605d) (ScriptedImporter) -> (artifact id: '16dd5114be96d864abe6b233c1a349fd') in 0.0226942 seconds
Number of updated asset objects reloaded before import = 0Number of asset objects unloaded after import = 0

========================================================================
Received Import Request.
  Time since last request: 0.000166 seconds.
  path: Packages/com.unity.test-framework/UnityEngine.TestRunner/NUnitExtensions/Filters/CategoryFilterExtended.cs
  artifactKey: Guid(ebeedaa04bb53e24ba2e7fb6745e3fd3) Importer(2089858483,b0f066a214c2f5e87bad3c948f4d605d)
Start importing Packages/com.unity.test-framework/UnityEngine.TestRunner/NUnitExtensions/Filters/CategoryFilterExtended.cs using Guid(ebeedaa04bb53e24ba2e7fb6745e3fd3) Importer(2089858483,b0f066a214c2f5e87bad3c948f4d605d) (ScriptedImporter) -> (artifact id: '3412d7028334af6e25ac9bfe937229c0') in 0.0235059 seconds
Number of updated asset objects reloaded before import = 0Number of asset objects unloaded after import = 0

========================================================================
Received Import Request.
  Time since last request: 0.000233 seconds.
  path: Packages/com.unity.multiplayer.center/Editor/MultiplayerCenterWindow/RecommendationTabView.cs
  artifactKey: Guid(052c764978664486a9c04518899ddf57) Importer(2089858483,b0f066a214c2f5e87bad3c948f4d605d)
Start importing Packages/com.unity.multiplayer.center/Editor/MultiplayerCenterWindow/RecommendationTabView.cs using Guid(052c764978664486a9c04518899ddf57) Importer(2089858483,b0f066a214c2f5e87bad3c948f4d605d) (ScriptedImporter) -> (artifact id: '0c00f0757f8e5040f3be96070b0d0e0a') in 0.0268167 seconds
Number of updated asset objects reloaded before import = 0Number of asset objects unloaded after import = 0

========================================================================
Received Import Request.
  Time since last request: 0.000060 seconds.
  path: Packages/com.unity.test-framework/UnityEngine.TestRunner/Assertions/UnexpectedLogMessageException.cs
  artifactKey: Guid(5b2eeca598284bd4abb4a15c30df1576) Importer(2089858483,b0f066a214c2f5e87bad3c948f4d605d)
Start importing Packages/com.unity.test-framework/UnityEngine.TestRunner/Assertions/UnexpectedLogMessageException.cs using Guid(5b2eeca598284bd4abb4a15c30df1576) Importer(2089858483,b0f066a214c2f5e87bad3c948f4d605d) (ScriptedImporter) -> (artifact id: '1b61a290391423306b6cb8064840da7e') in 0.0299439 seconds
Number of updated asset objects reloaded before import = 0Number of asset objects unloaded after import = 0

========================================================================
Received Import Request.
  Time since last request: 0.000335 seconds.
  path: Packages/com.unity.multiplayer.center/Editor/MultiplayerCenterWindow/RecommendationViewBottomBar.cs
  artifactKey: Guid(d1084186a4004823abee9b87c8ddf198) Importer(2089858483,b0f066a214c2f5e87bad3c948f4d605d)
Start importing Packages/com.unity.multiplayer.center/Editor/MultiplayerCenterWindow/RecommendationViewBottomBar.cs using Guid(d1084186a4004823abee9b87c8ddf198) Importer(2089858483,b0f066a214c2f5e87bad3c948f4d605d) (ScriptedImporter) -> (artifact id: '2682dfe47bb98a81a635478f1691141f') in 0.0234844 seconds
Number of updated asset objects reloaded before import = 0Number of asset objects unloaded after import = 0

========================================================================
Received Import Request.
  Time since last request: 0.000256 seconds.
  path: Packages/com.unity.test-framework/UnityEngine.TestRunner/Utils/TestRunCallbackAttribute.cs
  artifactKey: Guid(76b3a3296de548f48b0c3d088fb4b490) Importer(2089858483,b0f066a214c2f5e87bad3c948f4d605d)
Start importing Packages/com.unity.test-framework/UnityEngine.TestRunner/Utils/TestRunCallbackAttribute.cs using Guid(76b3a3296de548f48b0c3d088fb4b490) Importer(2089858483,b0f066a214c2f5e87bad3c948f4d605d) (ScriptedImporter) -> (artifact id: '38f12334cdde5ce1b4f8e77a1b51e5f9') in 0.0331428 seconds
Number of updated asset objects reloaded before import = 0Number of asset objects unloaded after import = 0

========================================================================
Received Import Request.
  Time since last request: 0.000273 seconds.
  path: Packages/com.unity.test-framework/UnityEditor.TestRunner/TestRunner/Messages/WaitForDomainReload.cs
  artifactKey: Guid(5df3c21c5237c994db89660fbdfee07d) Importer(2089858483,b0f066a214c2f5e87bad3c948f4d605d)
Start importing Packages/com.unity.test-framework/UnityEditor.TestRunner/TestRunner/Messages/WaitForDomainReload.cs using Guid(5df3c21c5237c994db89660fbdfee07d) Importer(2089858483,b0f066a214c2f5e87bad3c948f4d605d) (ScriptedImporter) -> (artifact id: '2ca12516d9d8d9036bccf69c11265047') in 0.0232707 seconds
Number of updated asset objects reloaded before import = 0Number of asset objects unloaded after import = 0

========================================================================
Received Import Request.
  Time since last request: 0.000322 seconds.
  path: Packages/com.unity.test-framework/UnityEngine.TestRunner/NUnitExtensions/IAsyncTestAssemblyBuilder.cs
  artifactKey: Guid(c3aa5c3d59b94854e843f10b75b3ad63) Importer(2089858483,b0f066a214c2f5e87bad3c948f4d605d)
Start importing Packages/com.unity.test-framework/UnityEngine.TestRunner/NUnitExtensions/IAsyncTestAssemblyBuilder.cs using Guid(c3aa5c3d59b94854e843f10b75b3ad63) Importer(2089858483,b0f066a214c2f5e87bad3c948f4d605d) (ScriptedImporter) -> (artifact id: '93343a9bbd2d9decdffe2b5c8cce89da') in 0.0237507 seconds
Number of updated asset objects reloaded before import = 0Number of asset objects unloaded after import = 0

========================================================================
Received Import Request.
  Time since last request: 0.000317 seconds.
  path: Packages/com.unity.test-framework/UnityEditor.TestRunner/TestRunner/Utils/TestListJob.cs
  artifactKey: Guid(dec9066d4afefe444be0dad3f137730d) Importer(2089858483,b0f066a214c2f5e87bad3c948f4d605d)
Start importing Packages/com.unity.test-framework/UnityEditor.TestRunner/TestRunner/Utils/TestListJob.cs using Guid(dec9066d4afefe444be0dad3f137730d) Importer(2089858483,b0f066a214c2f5e87bad3c948f4d605d) (ScriptedImporter) -> (artifact id: '4b0bc1c3ea16b18d1773bd814125e3dc') in 0.0256331 seconds
Number of updated asset objects reloaded before import = 0Number of asset objects unloaded after import = 0

========================================================================
Received Import Request.
  Time since last request: 0.000478 seconds.
  path: Packages/com.unity.multiplayer.center/Editor/Analytics/OnboardingSectionAnalyticsProvider.cs
  artifactKey: Guid(e9faa4a7023c43c5805642250c703f48) Importer(2089858483,b0f066a214c2f5e87bad3c948f4d605d)
Start importing Packages/com.unity.multiplayer.center/Editor/Analytics/OnboardingSectionAnalyticsProvider.cs using Guid(e9faa4a7023c43c5805642250c703f48) Importer(2089858483,b0f066a214c2f5e87bad3c948f4d605d) (ScriptedImporter) -> (artifact id: '20212766324e83c2aa9354d61b6c2bdc') in 0.0243585 seconds
Number of updated asset objects reloaded before import = 0Number of asset objects unloaded after import = 0

========================================================================
Received Import Request.
  Time since last request: 0.000108 seconds.
  path: Packages/com.unity.test-framework/UnityEditor.TestRunner/TestLaunchers/PlayerLauncher.cs
  artifactKey: Guid(d973fc1524e4d724081553934c55958c) Importer(2089858483,b0f066a214c2f5e87bad3c948f4d605d)
Start importing Packages/com.unity.test-framework/UnityEditor.TestRunner/TestLaunchers/PlayerLauncher.cs using Guid(d973fc1524e4d724081553934c55958c) Importer(2089858483,b0f066a214c2f5e87bad3c948f4d605d) (ScriptedImporter) -> (artifact id: '3a5fc511df5cb33678ef665af1416cd5') in 0.0293738 seconds
Number of updated asset objects reloaded before import = 0Number of asset objects unloaded after import = 0

========================================================================
Received Import Request.
  Time since last request: 0.000243 seconds.
  path: Packages/com.unity.test-framework/UnityEditor.TestRunner/TestRun/Tasks/Events/RegisterTestRunCallbackEventsTask.cs
  artifactKey: Guid(d9b3520efe42f4ee887f8b99b7e1deae) Importer(2089858483,b0f066a214c2f5e87bad3c948f4d605d)
Start importing Packages/com.unity.test-framework/UnityEditor.TestRunner/TestRun/Tasks/Events/RegisterTestRunCallbackEventsTask.cs using Guid(d9b3520efe42f4ee887f8b99b7e1deae) Importer(2089858483,b0f066a214c2f5e87bad3c948f4d605d) (ScriptedImporter) -> (artifact id: 'f9c68df03fef99163eb6cadecaea7bea') in 0.0187042 seconds
Number of updated asset objects reloaded before import = 0Number of asset objects unloaded after import = 0

========================================================================
Received Import Request.
  Time since last request: 0.000233 seconds.
  path: Packages/com.unity.test-framework/UnityEditor.TestRunner/GUI/AssetsDatabaseHelper.cs
  artifactKey: Guid(740b3785866edda4b8d1e1a05570a5f8) Importer(2089858483,b0f066a214c2f5e87bad3c948f4d605d)
Start importing Packages/com.unity.test-framework/UnityEditor.TestRunner/GUI/AssetsDatabaseHelper.cs using Guid(740b3785866edda4b8d1e1a05570a5f8) Importer(2089858483,b0f066a214c2f5e87bad3c948f4d605d) (ScriptedImporter) -> (artifact id: '420afd2fe26febba5927a368d04643e5') in 0.0178023 seconds
Number of updated asset objects reloaded before import = 0Number of asset objects unloaded after import = 0

========================================================================
Received Import Request.
  Time since last request: 0.000227 seconds.
  path: Packages/com.unity.test-framework/UnityEditor.TestRunner/CommandLineTest/TestStarter.cs
  artifactKey: Guid(4d616d1a494edd144b262cf6cd5e5fda) Importer(2089858483,b0f066a214c2f5e87bad3c948f4d605d)
Start importing Packages/com.unity.test-framework/UnityEditor.TestRunner/CommandLineTest/TestStarter.cs using Guid(4d616d1a494edd144b262cf6cd5e5fda) Importer(2089858483,b0f066a214c2f5e87bad3c948f4d605d) (ScriptedImporter) -> (artifact id: 'd0e273e2a1dd8e0052e8baffba1d9e51') in 0.0237918 seconds
Number of updated asset objects reloaded before import = 0Number of asset objects unloaded after import = 0

========================================================================
Received Import Request.
  Time since last request: 0.000040 seconds.
  path: Packages/com.unity.test-framework/UnityEngine.TestRunner/NUnitExtensions/Commands/RepeatCommand.cs
  artifactKey: Guid(851f94140ec64b7db846948429a87f01) Importer(2089858483,b0f066a214c2f5e87bad3c948f4d605d)
Start importing Packages/com.unity.test-framework/UnityEngine.TestRunner/NUnitExtensions/Commands/RepeatCommand.cs using Guid(851f94140ec64b7db846948429a87f01) Importer(2089858483,b0f066a214c2f5e87bad3c948f4d605d) (ScriptedImporter) -> (artifact id: '5a6b0e09c9905ac7247a1ba2540241a2') in 0.0188504 seconds
Number of updated asset objects reloaded before import = 0Number of asset objects unloaded after import = 0

========================================================================
Received Import Request.
  Time since last request: 0.000261 seconds.
  path: Packages/com.unity.modules.umbra/package.ModuleCompilationTrigger
  artifactKey: Guid(1b6246f2248883964991eac9e9b4817c) Importer(2089858483,b0f066a214c2f5e87bad3c948f4d605d)
Start importing Packages/com.unity.modules.umbra/package.ModuleCompilationTrigger using Guid(1b6246f2248883964991eac9e9b4817c) Importer(2089858483,b0f066a214c2f5e87bad3c948f4d605d) (ScriptedImporter) -> (artifact id: 'af41e9136be084df49585e4157e77d97') in 0.016952 seconds
Number of updated asset objects reloaded before import = 0Number of asset objects unloaded after import = 1

========================================================================
Received Import Request.
  Time since last request: 0.000356 seconds.
  path: Packages/com.unity.test-framework/UnityEngine.TestRunner/NUnitExtensions/Runner/UnityLogCheckDelegatingCommand.cs
  artifactKey: Guid(48230e4e90fb4d14a9d56bddea898413) Importer(2089858483,b0f066a214c2f5e87bad3c948f4d605d)
Start importing Packages/com.unity.test-framework/UnityEngine.TestRunner/NUnitExtensions/Runner/UnityLogCheckDelegatingCommand.cs using Guid(48230e4e90fb4d14a9d56bddea898413) Importer(2089858483,b0f066a214c2f5e87bad3c948f4d605d) (ScriptedImporter) -> (artifact id: '37aab86bf7c2da6a091d1ba67b64bb88') in 0.0183061 seconds
Number of updated asset objects reloaded before import = 0Number of asset objects unloaded after import = 0

========================================================================
Received Import Request.
  Time since last request: 0.000209 seconds.
  path: Packages/com.unity.test-framework/UnityEditor.TestRunner/TestRun/Tasks/InitializeTestProgressTask.cs
  artifactKey: Guid(83d2df796f82ab847a190a706f00d6eb) Importer(2089858483,b0f066a214c2f5e87bad3c948f4d605d)
Start importing Packages/com.unity.test-framework/UnityEditor.TestRunner/TestRun/Tasks/InitializeTestProgressTask.cs using Guid(83d2df796f82ab847a190a706f00d6eb) Importer(2089858483,b0f066a214c2f5e87bad3c948f4d605d) (ScriptedImporter) -> (artifact id: '2f767be6f56fccf0ae77a67596426c12') in 0.0175453 seconds
Number of updated asset objects reloaded before import = 0Number of asset objects unloaded after import = 0

========================================================================
Received Import Request.
  Time since last request: 0.000477 seconds.
  path: Packages/com.unity.test-framework/UnityEditor.TestRunner/GUI/TestRunnerResult.cs
  artifactKey: Guid(a04a45bbed9e1714f9902fc9443669b9) Importer(2089858483,b0f066a214c2f5e87bad3c948f4d605d)
Start importing Packages/com.unity.test-framework/UnityEditor.TestRunner/GUI/TestRunnerResult.cs using Guid(a04a45bbed9e1714f9902fc9443669b9) Importer(2089858483,b0f066a214c2f5e87bad3c948f4d605d) (ScriptedImporter) -> (artifact id: '2b95eccd37a068340a04be51db5564ed') in 0.0184661 seconds
Number of updated asset objects reloaded before import = 0Number of asset objects unloaded after import = 0

========================================================================
Received Import Request.
  Time since last request: 0.000173 seconds.
  path: Packages/com.unity.test-framework/UnityEditor.TestRunner/TestRun/Data/TaskMode.cs
  artifactKey: Guid(06e624de88cb4a808350b63994eb39ed) Importer(2089858483,b0f066a214c2f5e87bad3c948f4d605d)
Start importing Packages/com.unity.test-framework/UnityEditor.TestRunner/TestRun/Data/TaskMode.cs using Guid(06e624de88cb4a808350b63994eb39ed) Importer(2089858483,b0f066a214c2f5e87bad3c948f4d605d) (ScriptedImporter) -> (artifact id: '5b9385c203b7eb32fa04f0d41e75b06c') in 0.0171466 seconds
Number of updated asset objects reloaded before import = 0Number of asset objects unloaded after import = 0

========================================================================
Received Import Request.
  Time since last request: 0.000191 seconds.
  path: Packages/com.unity.multiplayer.center/Editor/MultiplayerCenterWindow/UI/Icons/ClientHosted@2x.png
  artifactKey: Guid(c7a38e6eccbfc49778cb8b77f594a971) Importer(2089858483,b0f066a214c2f5e87bad3c948f4d605d)
Start importing Packages/com.unity.multiplayer.center/Editor/MultiplayerCenterWindow/UI/Icons/ClientHosted@2x.png using Guid(c7a38e6eccbfc49778cb8b77f594a971) Importer(2089858483,b0f066a214c2f5e87bad3c948f4d605d) (ScriptedImporter) -> (artifact id: '7758b09f91d560566418162f36bad9f4') in 0.0255728 seconds
Number of updated asset objects reloaded before import = 0Number of asset objects unloaded after import = 1

========================================================================
Received Import Request.
  Time since last request: 0.000534 seconds.
  path: Packages/com.unity.timeline/Editor/Animation/AnimationClipActions.cs
  artifactKey: Guid(bf22284ca28e7ef4490033b61e9b52cd) Importer(2089858483,b0f066a214c2f5e87bad3c948f4d605d)
Start importing Packages/com.unity.timeline/Editor/Animation/AnimationClipActions.cs using Guid(bf22284ca28e7ef4490033b61e9b52cd) Importer(2089858483,b0f066a214c2f5e87bad3c948f4d605d) (ScriptedImporter) -> (artifact id: '688006eb83bb9819371048d23f52ba6e') in 0.020546 seconds
Number of updated asset objects reloaded before import = 0Number of asset objects unloaded after import = 0

========================================================================
Received Import Request.
  Time since last request: 0.000162 seconds.
  path: Packages/com.unity.timeline/Editor/treeview/AnimationTrackKeyDataSource.cs
  artifactKey: Guid(a0b56195e00682b4594dfaeef9d5fa78) Importer(2089858483,b0f066a214c2f5e87bad3c948f4d605d)
Start importing Packages/com.unity.timeline/Editor/treeview/AnimationTrackKeyDataSource.cs using Guid(a0b56195e00682b4594dfaeef9d5fa78) Importer(2089858483,b0f066a214c2f5e87bad3c948f4d605d) (ScriptedImporter) -> (artifact id: '781cc32ae988c76de9a540d48ad20d8e') in 0.0210036 seconds
Number of updated asset objects reloaded before import = 0Number of asset objects unloaded after import = 0

========================================================================
Received Import Request.
  Time since last request: 0.000238 seconds.
  path: Packages/com.unity.multiplayer.center/Editor/MultiplayerCenterWindow/UI/Icons/d_Package.png
  artifactKey: Guid(525a6cca8dd9a4d28875a8fe824710d9) Importer(2089858483,b0f066a214c2f5e87bad3c948f4d605d)
Start importing Packages/com.unity.multiplayer.center/Editor/MultiplayerCenterWindow/UI/Icons/d_Package.png using Guid(525a6cca8dd9a4d28875a8fe824710d9) Importer(2089858483,b0f066a214c2f5e87bad3c948f4d605d) (ScriptedImporter) -> (artifact id: '2deb5df1c58dcad2f54417f5c214b5f0') in 0.0284345 seconds
Number of updated asset objects reloaded before import = 0Number of asset objects unloaded after import = 1

========================================================================
Received Import Request.
  Time since last request: 0.000127 seconds.
  path: Packages/com.unity.timeline/Editor/inspectors/AnimationTrackInspector.cs
  artifactKey: Guid(edc553b1b3c8a25438b62783410b26ae) Importer(2089858483,b0f066a214c2f5e87bad3c948f4d605d)
Start importing Packages/com.unity.timeline/Editor/inspectors/AnimationTrackInspector.cs using Guid(edc553b1b3c8a25438b62783410b26ae) Importer(2089858483,b0f066a214c2f5e87bad3c948f4d605d) (ScriptedImporter) -> (artifact id: '571952dd430470615ddf78b7c605b4cf') in 0.0175368 seconds
Number of updated asset objects reloaded before import = 0Number of asset objects unloaded after import = 0

========================================================================
Received Import Request.
  Time since last request: 0.000409 seconds.
  path: Packages/com.unity.timeline/Editor/Utilities/ControlPlayableUtility.cs
  artifactKey: Guid(e801faa3b0dd2478dbe801a2441b679e) Importer(2089858483,b0f066a214c2f5e87bad3c948f4d605d)
Start importing Packages/com.unity.timeline/Editor/Utilities/ControlPlayableUtility.cs using Guid(e801faa3b0dd2478dbe801a2441b679e) Importer(2089858483,b0f066a214c2f5e87bad3c948f4d605d) (ScriptedImporter) -> (artifact id: '68d09a1d720ff0914813014edeb95d0d') in 0.0203743 seconds
Number of updated asset objects reloaded before import = 0Number of asset objects unloaded after import = 0

========================================================================
Received Import Request.
  Time since last request: 0.000242 seconds.
  path: Packages/com.unity.modules.video/package.json
  artifactKey: Guid(96d14b71b907bb52333b2886e665aba6) Importer(2089858483,b0f066a214c2f5e87bad3c948f4d605d)
Start importing Packages/com.unity.modules.video/package.json using Guid(96d14b71b907bb52333b2886e665aba6) Importer(2089858483,b0f066a214c2f5e87bad3c948f4d605d) (ScriptedImporter) -> (artifact id: 'cc21c0cd500f93a9a751cfdd22e351b3') in 0.0226713 seconds
Number of updated asset objects reloaded before import = 0Number of asset objects unloaded after import = 1

========================================================================
Received Import Request.
  Time since last request: 0.000639 seconds.
  path: Packages/com.unity.multiplayer.center/Editor/MultiplayerCenterWindow/UI/RecommendationView/PackageSelectionView.cs
  artifactKey: Guid(5262b119dc3e4259a40e6d93c8ea1048) Importer(2089858483,b0f066a214c2f5e87bad3c948f4d605d)
Start importing Packages/com.unity.multiplayer.center/Editor/MultiplayerCenterWindow/UI/RecommendationView/PackageSelectionView.cs using Guid(5262b119dc3e4259a40e6d93c8ea1048) Importer(2089858483,b0f066a214c2f5e87bad3c948f4d605d) (ScriptedImporter) -> (artifact id: '2eb980b9604d12f417ea0f0423463e07') in 0.0253951 seconds
Number of updated asset objects reloaded before import = 0Number of asset objects unloaded after import = 0

========================================================================
Received Import Request.
  Time since last request: 0.000341 seconds.
  path: Packages/com.unity.multiplayer.center/Editor/MultiplayerCenterWindow/UI/Icons/CloudCode.png
  artifactKey: Guid(ad1d29f4654194951a3c8bf507914d05) Importer(2089858483,b0f066a214c2f5e87bad3c948f4d605d)
Start importing Packages/com.unity.multiplayer.center/Editor/MultiplayerCenterWindow/UI/Icons/CloudCode.png using Guid(ad1d29f4654194951a3c8bf507914d05) Importer(2089858483,b0f066a214c2f5e87bad3c948f4d605d) (ScriptedImporter) -> (artifact id: 'af847d2920dffd97b4b81b40d8de4de0') in 0.0308828 seconds
Number of updated asset objects reloaded before import = 0Number of asset objects unloaded after import = 1

========================================================================
Received Import Request.
  Time since last request: 0.000233 seconds.
  path: Packages/com.unity.timeline/Editor/Signals/Styles.cs
  artifactKey: Guid(685f63932bebd0c4db02ee14845191e2) Importer(2089858483,b0f066a214c2f5e87bad3c948f4d605d)
Start importing Packages/com.unity.timeline/Editor/Signals/Styles.cs using Guid(685f63932bebd0c4db02ee14845191e2) Importer(2089858483,b0f066a214c2f5e87bad3c948f4d605d) (ScriptedImporter) -> (artifact id: 'cc0c12e8344a150c7802792a7493ed83') in 0.0183536 seconds
Number of updated asset objects reloaded before import = 0Number of asset objects unloaded after import = 0

========================================================================
Received Import Request.
  Time since last request: 0.000195 seconds.
  path: Packages/com.unity.timeline/Editor/Items/ClipItem.cs
  artifactKey: Guid(d143f3edd0494bc4c98a421bd59564fa) Importer(2089858483,b0f066a214c2f5e87bad3c948f4d605d)
Start importing Packages/com.unity.timeline/Editor/Items/ClipItem.cs using Guid(d143f3edd0494bc4c98a421bd59564fa) Importer(2089858483,b0f066a214c2f5e87bad3c948f4d605d) (ScriptedImporter) -> (artifact id: 'fde266e8c8d808cd0452296748894bbd') in 0.0180661 seconds
Number of updated asset objects reloaded before import = 0Number of asset objects unloaded after import = 0

========================================================================
Received Import Request.
  Time since last request: 0.000160 seconds.
  path: Packages/com.unity.multiplayer.center/Editor/MultiplayerCenterWindow/UI/Icons/PackageInstalled@2x.png
  artifactKey: Guid(0423146d9f51c4563a0f2a8200b6cd38) Importer(2089858483,b0f066a214c2f5e87bad3c948f4d605d)
Start importing Packages/com.unity.multiplayer.center/Editor/MultiplayerCenterWindow/UI/Icons/PackageInstalled@2x.png using Guid(0423146d9f51c4563a0f2a8200b6cd38) Importer(2089858483,b0f066a214c2f5e87bad3c948f4d605d) (ScriptedImporter) -> (artifact id: '2e7288d7d0f41eea11f880c96fefcef9') in 0.0225238 seconds
Number of updated asset objects reloaded before import = 0Number of asset objects unloaded after import = 1

========================================================================
Received Import Request.
  Time since last request: 0.000032 seconds.
  path: Packages/com.unity.timeline/Editor/Localization/Localization.cs
  artifactKey: Guid(52d9cbed2cc0d4faab5168848d1f2e37) Importer(2089858483,b0f066a214c2f5e87bad3c948f4d605d)
Start importing Packages/com.unity.timeline/Editor/Localization/Localization.cs using Guid(52d9cbed2cc0d4faab5168848d1f2e37) Importer(2089858483,b0f066a214c2f5e87bad3c948f4d605d) (ScriptedImporter) -> (artifact id: 'c54eec9c819ec0e7010fd3187716b9e1') in 0.0214762 seconds
Number of updated asset objects reloaded before import = 0Number of asset objects unloaded after import = 0

========================================================================
Received Import Request.
  Time since last request: 0.000107 seconds.
  path: Packages/com.unity.ext.nunit/README.md
  artifactKey: Guid(5da62a0c1c5218c4aa16b74546a7822d) Importer(2089858483,b0f066a214c2f5e87bad3c948f4d605d)
Start importing Packages/com.unity.ext.nunit/README.md using Guid(5da62a0c1c5218c4aa16b74546a7822d) Importer(2089858483,b0f066a214c2f5e87bad3c948f4d605d) (ScriptedImporter) -> (artifact id: '98b53b6cfa76b2d4b1dcfbfa2be1b1a8') in 0.0197652 seconds
Number of updated asset objects reloaded before import = 0Number of asset objects unloaded after import = 1

========================================================================
Received Import Request.
  Time since last request: 0.000056 seconds.
  path: Packages/com.unity.timeline/Editor/Samples/SampleDependencyImporter.cs
  artifactKey: Guid(6acc614d8b9423d4db1b43e745ecba5b) Importer(2089858483,b0f066a214c2f5e87bad3c948f4d605d)
Start importing Packages/com.unity.timeline/Editor/Samples/SampleDependencyImporter.cs using Guid(6acc614d8b9423d4db1b43e745ecba5b) Importer(2089858483,b0f066a214c2f5e87bad3c948f4d605d) (ScriptedImporter) -> (artifact id: '684151361148611539fe24f66f5c29b2') in 0.0222286 seconds
Number of updated asset objects reloaded before import = 0Number of asset objects unloaded after import = 0

========================================================================
Received Import Request.
  Time since last request: 0.000195 seconds.
  path: Packages/com.unity.multiplayer.center/Tests/Editor/AnalyticsUtilsTests.cs
  artifactKey: Guid(c2c1cf24bea5410ea530b2c8a875b293) Importer(2089858483,b0f066a214c2f5e87bad3c948f4d605d)
Start importing Packages/com.unity.multiplayer.center/Tests/Editor/AnalyticsUtilsTests.cs using Guid(c2c1cf24bea5410ea530b2c8a875b293) Importer(2089858483,b0f066a214c2f5e87bad3c948f4d605d) (ScriptedImporter) -> (artifact id: 'be16c5a5fe3c2c48e78d854862cdbb46') in 0.0180109 seconds
Number of updated asset objects reloaded before import = 0Number of asset objects unloaded after import = 0

========================================================================
Received Import Request.
  Time since last request: 0.000202 seconds.
  path: Packages/com.unity.multiplayer.center/Editor/MultiplayerCenterWindow/UI/ViewUtils.cs
  artifactKey: Guid(0d9328c739784454ad03d404f395a0ab) Importer(2089858483,b0f066a214c2f5e87bad3c948f4d605d)
Start importing Packages/com.unity.multiplayer.center/Editor/MultiplayerCenterWindow/UI/ViewUtils.cs using Guid(0d9328c739784454ad03d404f395a0ab) Importer(2089858483,b0f066a214c2f5e87bad3c948f4d605d) (ScriptedImporter) -> (artifact id: '48fe648720032b475abc31a57201519f') in 0.0194823 seconds
Number of updated asset objects reloaded before import = 0Number of asset objects unloaded after import = 0

========================================================================
Received Import Request.
  Time since last request: 0.000732 seconds.
  path: Packages/com.unity.multiplayer.center/Tests/Editor/ExpectedPresetRecommendations.cs
  artifactKey: Guid(8110dd6ddbc04e58b50978562ce0c00a) Importer(2089858483,b0f066a214c2f5e87bad3c948f4d605d)
Start importing Packages/com.unity.multiplayer.center/Tests/Editor/ExpectedPresetRecommendations.cs using Guid(8110dd6ddbc04e58b50978562ce0c00a) Importer(2089858483,b0f066a214c2f5e87bad3c948f4d605d) (ScriptedImporter) -> (artifact id: 'ea6b16a02ea6eebee012bf83f66e5fcf') in 0.0287037 seconds
Number of updated asset objects reloaded before import = 0Number of asset objects unloaded after import = 0

========================================================================
Received Import Request.
  Time since last request: 0.000197 seconds.
  path: Packages/com.unity.timeline/Editor/State/SequencePath.cs
  artifactKey: Guid(d1207768d96c479488b6b81f3483e0c1) Importer(2089858483,b0f066a214c2f5e87bad3c948f4d605d)
Start importing Packages/com.unity.timeline/Editor/State/SequencePath.cs using Guid(d1207768d96c479488b6b81f3483e0c1) Importer(2089858483,b0f066a214c2f5e87bad3c948f4d605d) (ScriptedImporter) -> (artifact id: 'b11f4d3846bcc53a0abd54a6038aae8f') in 0.0264383 seconds
Number of updated asset objects reloaded before import = 0Number of asset objects unloaded after import = 0

========================================================================
Received Import Request.
  Time since last request: 0.000198 seconds.
  path: Packages/com.unity.timeline/Editor/Actions/Invoker.cs
  artifactKey: Guid(0c379d496c819c14b8b5377d7830a59a) Importer(2089858483,b0f066a214c2f5e87bad3c948f4d605d)
Start importing Packages/com.unity.timeline/Editor/Actions/Invoker.cs using Guid(0c379d496c819c14b8b5377d7830a59a) Importer(2089858483,b0f066a214c2f5e87bad3c948f4d605d) (ScriptedImporter) -> (artifact id: '1a4bf7b4f9131647163f0153d0e784b4') in 0.0648695 seconds
Number of updated asset objects reloaded before import = 0Number of asset objects unloaded after import = 0

========================================================================
Received Import Request.
  Time since last request: 0.018985 seconds.
  path: Packages/com.unity.timeline/Editor/Animation/AnimationClipCurveCache.cs
  artifactKey: Guid(07a967d2fca95324f8922df8394a5655) Importer(2089858483,b0f066a214c2f5e87bad3c948f4d605d)
Start importing Packages/com.unity.timeline/Editor/Animation/AnimationClipCurveCache.cs using Guid(07a967d2fca95324f8922df8394a5655) Importer(2089858483,b0f066a214c2f5e87bad3c948f4d605d) (ScriptedImporter) -> (artifact id: 'b7c00128856813120424f1a011a07981') in 0.152137 seconds
Number of updated asset objects reloaded before import = 0Number of asset objects unloaded after import = 0

========================================================================
Received Import Request.
  Time since last request: 0.002040 seconds.
  path: Packages/com.unity.multiplayer.center/Tests/Editor/UserVisibleTextTests.cs
  artifactKey: Guid(c3d3226643b94888b02e25de0a9de55f) Importer(2089858483,b0f066a214c2f5e87bad3c948f4d605d)
Start importing Packages/com.unity.multiplayer.center/Tests/Editor/UserVisibleTextTests.cs using Guid(c3d3226643b94888b02e25de0a9de55f) Importer(2089858483,b0f066a214c2f5e87bad3c948f4d605d) (ScriptedImporter) -> (artifact id: '94c89df6253fac540cdad7d9b09b2dc3') in 0.0420137 seconds
Number of updated asset objects reloaded before import = 0Number of asset objects unloaded after import = 0

========================================================================
Received Import Request.
  Time since last request: 0.001040 seconds.
  path: Packages/com.unity.test-framework/UnityEditor.TestRunner/GUI/TestListTreeView/TestListTreeViewGUI.cs
  artifactKey: Guid(52c907c81459f324497af504b84fd557) Importer(2089858483,b0f066a214c2f5e87bad3c948f4d605d)
Start importing Packages/com.unity.test-framework/UnityEditor.TestRunner/GUI/TestListTreeView/TestListTreeViewGUI.cs using Guid(52c907c81459f324497af504b84fd557) Importer(2089858483,b0f066a214c2f5e87bad3c948f4d605d) (ScriptedImporter) -> (artifact id: '26e5a2c9bfa9d72fb6fab7734b03615e') in 0.0460849 seconds
Number of updated asset objects reloaded before import = 0Number of asset objects unloaded after import = 0

========================================================================
Received Import Request.
  Time since last request: 0.000117 seconds.
  path: Packages/com.unity.test-framework/UnityEngine.TestRunner/Utils/StacktraceFilter.cs
  artifactKey: Guid(fc748d99f1f0d484a811a566fc7915ec) Importer(2089858483,b0f066a214c2f5e87bad3c948f4d605d)
Start importing Packages/com.unity.test-framework/UnityEngine.TestRunner/Utils/StacktraceFilter.cs using Guid(fc748d99f1f0d484a811a566fc7915ec) Importer(2089858483,b0f066a214c2f5e87bad3c948f4d605d) (ScriptedImporter) -> (artifact id: 'b7f1253cb863ef538c37f38346a37845') in 0.0402422 seconds
Number of updated asset objects reloaded before import = 0Number of asset objects unloaded after import = 0

========================================================================
Received Import Request.
  Time since last request: 0.000692 seconds.
  path: Packages/com.unity.test-framework/UnityEditor.TestRunner/UnityTestProtocol/Data/QualitySettings.cs
  artifactKey: Guid(efce3ac61ba34d3590656de761a677e3) Importer(2089858483,b0f066a214c2f5e87bad3c948f4d605d)
Start importing Packages/com.unity.test-framework/UnityEditor.TestRunner/UnityTestProtocol/Data/QualitySettings.cs using Guid(efce3ac61ba34d3590656de761a677e3) Importer(2089858483,b0f066a214c2f5e87bad3c948f4d605d) (ScriptedImporter) -> (artifact id: '2317dc79d7328d7396013f0e1ba46af1') in 0.0394321 seconds
Number of updated asset objects reloaded before import = 0Number of asset objects unloaded after import = 0

========================================================================
Received Import Request.
  Time since last request: 0.000365 seconds.
  path: Packages/com.unity.test-framework/UnityEditor.TestRunner/TestRunner/Utils/EditorLoadedTestAssemblyProvider.cs
  artifactKey: Guid(033c884ba52437d49bc55935939ef1c6) Importer(2089858483,b0f066a214c2f5e87bad3c948f4d605d)
Start importing Packages/com.unity.test-framework/UnityEditor.TestRunner/TestRunner/Utils/EditorLoadedTestAssemblyProvider.cs using Guid(033c884ba52437d49bc55935939ef1c6) Importer(2089858483,b0f066a214c2f5e87bad3c948f4d605d) (ScriptedImporter) -> (artifact id: 'b729c2a7c4275dcc09825e215158e842') in 0.0649829 seconds
Number of updated asset objects reloaded before import = 0Number of asset objects unloaded after import = 0

========================================================================
Received Import Request.
  Time since last request: 0.001223 seconds.
  path: Packages/com.unity.timeline/Editor/Recording/TrackAssetRecordingExtensions.cs
  artifactKey: Guid(49f1d2c7420db4444b011955726d0046) Importer(2089858483,b0f066a214c2f5e87bad3c948f4d605d)
Start importing Packages/com.unity.timeline/Editor/Recording/TrackAssetRecordingExtensions.cs using Guid(49f1d2c7420db4444b011955726d0046) Importer(2089858483,b0f066a214c2f5e87bad3c948f4d605d) (ScriptedImporter) -> (artifact id: 'e4faa596535242e156a2bdff5c2bb7f7') in 0.0500311 seconds
Number of updated asset objects reloaded before import = 0Number of asset objects unloaded after import = 0

========================================================================
Received Import Request.
  Time since last request: 0.000358 seconds.
  path: Packages/com.unity.multiplayer.center/Editor/Recommendations/RecommenderSystem.cs
  artifactKey: Guid(a1c995459c0d418c88dd274e04840c5d) Importer(2089858483,b0f066a214c2f5e87bad3c948f4d605d)
Start importing Packages/com.unity.multiplayer.center/Editor/Recommendations/RecommenderSystem.cs using Guid(a1c995459c0d418c88dd274e04840c5d) Importer(2089858483,b0f066a214c2f5e87bad3c948f4d605d) (ScriptedImporter) -> (artifact id: '91462d583390520992f042282ac8fd7e') in 0.0287625 seconds
Number of updated asset objects reloaded before import = 0Number of asset objects unloaded after import = 0

========================================================================
Received Import Request.
  Time since last request: 0.000320 seconds.
  path: Packages/com.unity.test-framework/UnityEditor.TestRunner/TestRun/Tasks/CleanupConstructDelegatorTask.cs
  artifactKey: Guid(a155fee568ce42a4b561ee3a27d88532) Importer(2089858483,b0f066a214c2f5e87bad3c948f4d605d)
Start importing Packages/com.unity.test-framework/UnityEditor.TestRunner/TestRun/Tasks/CleanupConstructDelegatorTask.cs using Guid(a155fee568ce42a4b561ee3a27d88532) Importer(2089858483,b0f066a214c2f5e87bad3c948f4d605d) (ScriptedImporter) -> (artifact id: '1d1c4fe189ba9f0cd1cee44864a128c1') in 0.0324634 seconds
Number of updated asset objects reloaded before import = 0Number of asset objects unloaded after import = 0

========================================================================
Received Import Request.
  Time since last request: 0.000317 seconds.
  path: Packages/com.unity.test-framework/UnityEngine.TestRunner/Utils/TestMode.cs
  artifactKey: Guid(d1bd8de22dbd64d6ea3e35a46217cb9b) Importer(2089858483,b0f066a214c2f5e87bad3c948f4d605d)
Start importing Packages/com.unity.test-framework/UnityEngine.TestRunner/Utils/TestMode.cs using Guid(d1bd8de22dbd64d6ea3e35a46217cb9b) Importer(2089858483,b0f066a214c2f5e87bad3c948f4d605d) (ScriptedImporter) -> (artifact id: 'b3b29a74cc5b0444d3db82acd07f688a') in 0.0326576 seconds
Number of updated asset objects reloaded before import = 0Number of asset objects unloaded after import = 0

========================================================================
Received Import Request.
  Time since last request: 0.000513 seconds.
  path: Packages/com.unity.timeline/DocCodeExamples/TimelineAttributesExamples.cs
  artifactKey: Guid(5724bf63aa724f5586275b3153a02a01) Importer(2089858483,b0f066a214c2f5e87bad3c948f4d605d)
Start importing Packages/com.unity.timeline/DocCodeExamples/TimelineAttributesExamples.cs using Guid(5724bf63aa724f5586275b3153a02a01) Importer(2089858483,b0f066a214c2f5e87bad3c948f4d605d) (ScriptedImporter) -> (artifact id: '4bab77986377530c5564ae6b74915294') in 0.0380268 seconds
Number of updated asset objects reloaded before import = 0Number of asset objects unloaded after import = 0

========================================================================
Received Import Request.
  Time since last request: 0.000039 seconds.
  path: Packages/com.unity.multiplayer.center/CHANGELOG.md
  artifactKey: Guid(3bbd27b3dd7be4a74aeab8da6b0af5cc) Importer(2089858483,b0f066a214c2f5e87bad3c948f4d605d)
Start importing Packages/com.unity.multiplayer.center/CHANGELOG.md using Guid(3bbd27b3dd7be4a74aeab8da6b0af5cc) Importer(2089858483,b0f066a214c2f5e87bad3c948f4d605d) (ScriptedImporter) -> (artifact id: '171db4293508c538b983547ad22030c8') in 0.031091 seconds
Number of updated asset objects reloaded before import = 0Number of asset objects unloaded after import = 1

========================================================================
Received Import Request.
  Time since last request: 0.000048 seconds.
  path: Packages/com.unity.timeline/Editor/inspectors/FrameRateDrawer.cs
  artifactKey: Guid(6c503dbc4e0a4e9db2d004409138d5cc) Importer(2089858483,b0f066a214c2f5e87bad3c948f4d605d)
Start importing Packages/com.unity.timeline/Editor/inspectors/FrameRateDrawer.cs using Guid(6c503dbc4e0a4e9db2d004409138d5cc) Importer(2089858483,b0f066a214c2f5e87bad3c948f4d605d) (ScriptedImporter) -> (artifact id: 'cea843ecabc993bc4fadfc4f6db1639d') in 0.0480825 seconds
Number of updated asset objects reloaded before import = 0Number of asset objects unloaded after import = 0

========================================================================
Received Import Request.
  Time since last request: 0.001799 seconds.
  path: Packages/com.unity.ugui/Runtime/UGUI/UI/Core/Text.cs
  artifactKey: Guid(5f7201a12d95ffc409449d95f23cf332) Importer(2089858483,b0f066a214c2f5e87bad3c948f4d605d)
Start importing Packages/com.unity.ugui/Runtime/UGUI/UI/Core/Text.cs using Guid(5f7201a12d95ffc409449d95f23cf332) Importer(2089858483,b0f066a214c2f5e87bad3c948f4d605d) (ScriptedImporter) -> (artifact id: '576d3e2f31c52207fdfa224ef4f2daae') in 0.0539886 seconds
Number of updated asset objects reloaded before import = 0Number of asset objects unloaded after import = 0

========================================================================
Received Import Request.
  Time since last request: 0.000044 seconds.
  path: Packages/com.unity.test-framework/UnityEditor.TestRunner/TestRun/TestRunCanceledException.cs
  artifactKey: Guid(1d45b9d3cf85bee4f99c1492fca8438a) Importer(2089858483,b0f066a214c2f5e87bad3c948f4d605d)
Start importing Packages/com.unity.test-framework/UnityEditor.TestRunner/TestRun/TestRunCanceledException.cs using Guid(1d45b9d3cf85bee4f99c1492fca8438a) Importer(2089858483,b0f066a214c2f5e87bad3c948f4d605d) (ScriptedImporter) -> (artifact id: 'f8f473887cc0ccf5c71af5daf4d15134') in 0.0937357 seconds
Number of updated asset objects reloaded before import = 0Number of asset objects unloaded after import = 0

========================================================================
Received Import Request.
  Time since last request: 0.000232 seconds.
  path: Packages/com.unity.timeline/Editor/Manipulators/Move/MovingItems.cs
  artifactKey: Guid(81a142c61a4e14d46bb21b02548ad24d) Importer(2089858483,b0f066a214c2f5e87bad3c948f4d605d)
Start importing Packages/com.unity.timeline/Editor/Manipulators/Move/MovingItems.cs using Guid(81a142c61a4e14d46bb21b02548ad24d) Importer(2089858483,b0f066a214c2f5e87bad3c948f4d605d) (ScriptedImporter) -> (artifact id: 'a33b2a7cf24aeb076a408e513558fc04') in 0.0302362 seconds
Number of updated asset objects reloaded before import = 0Number of asset objects unloaded after import = 0

========================================================================
Received Import Request.
  Time since last request: 0.000038 seconds.
  path: Packages/com.unity.timeline/Runtime/Animation/ICurvesOwner.cs
  artifactKey: Guid(89b31ff5ca0a5eb4797ac65d43949807) Importer(2089858483,b0f066a214c2f5e87bad3c948f4d605d)
Start importing Packages/com.unity.timeline/Runtime/Animation/ICurvesOwner.cs using Guid(89b31ff5ca0a5eb4797ac65d43949807) Importer(2089858483,b0f066a214c2f5e87bad3c948f4d605d) (ScriptedImporter) -> (artifact id: '0c1df00caf93fcc2443f700ae8443736') in 0.0331903 seconds
Number of updated asset objects reloaded before import = 0Number of asset objects unloaded after import = 0

========================================================================
Received Import Request.
  Time since last request: 0.000179 seconds.
  path: Packages/com.unity.timeline/Editor/Manipulators/Sequence/TrackZoom.cs
  artifactKey: Guid(6e7c80eefe2def5459e0b486b3ab96e2) Importer(2089858483,b0f066a214c2f5e87bad3c948f4d605d)
Start importing Packages/com.unity.timeline/Editor/Manipulators/Sequence/TrackZoom.cs using Guid(6e7c80eefe2def5459e0b486b3ab96e2) Importer(2089858483,b0f066a214c2f5e87bad3c948f4d605d) (ScriptedImporter) -> (artifact id: '11fd561e73667f4e6a39bf8c26f257d8') in 0.0254021 seconds
Number of updated asset objects reloaded before import = 0Number of asset objects unloaded after import = 0

========================================================================
Received Import Request.
  Time since last request: 0.000357 seconds.
  path: Packages/com.unity.timeline/Runtime/Playables/ParticleControlPlayable.cs
  artifactKey: Guid(f603edd7163537f44927ad2808147a25) Importer(2089858483,b0f066a214c2f5e87bad3c948f4d605d)
Start importing Packages/com.unity.timeline/Runtime/Playables/ParticleControlPlayable.cs using Guid(f603edd7163537f44927ad2808147a25) Importer(2089858483,b0f066a214c2f5e87bad3c948f4d605d) (ScriptedImporter) -> (artifact id: '2bd964383b20b4fe5f75751ea1335434') in 0.0283545 seconds
Number of updated asset objects reloaded before import = 0Number of asset objects unloaded after import = 0

========================================================================
Received Import Request.
  Time since last request: 0.000085 seconds.
  path: Packages/com.unity.timeline/Runtime/Playables/DirectorControlPlayable.cs
  artifactKey: Guid(be156cc527d606b4aaac403e9843186e) Importer(2089858483,b0f066a214c2f5e87bad3c948f4d605d)
Start importing Packages/com.unity.timeline/Runtime/Playables/DirectorControlPlayable.cs using Guid(be156cc527d606b4aaac403e9843186e) Importer(2089858483,b0f066a214c2f5e87bad3c948f4d605d) (ScriptedImporter) -> (artifact id: '541671ce1cf40c13a1ebb4bb729ad156') in 0.0363093 seconds
Number of updated asset objects reloaded before import = 0Number of asset objects unloaded after import = 0

========================================================================
Received Import Request.
  Time since last request: 0.000187 seconds.
  path: Packages/com.unity.timeline/Editor/inspectors/ClipInspector/ClipInspectorCurveEditor.cs
  artifactKey: Guid(d3d14fa8f6934e14d92e37279e40e89b) Importer(2089858483,b0f066a214c2f5e87bad3c948f4d605d)
Start importing Packages/com.unity.timeline/Editor/inspectors/ClipInspector/ClipInspectorCurveEditor.cs using Guid(d3d14fa8f6934e14d92e37279e40e89b) Importer(2089858483,b0f066a214c2f5e87bad3c948f4d605d) (ScriptedImporter) -> (artifact id: '62101131f2ed2f3785bdae07c665b1be') in 0.0241848 seconds
Number of updated asset objects reloaded before import = 0Number of asset objects unloaded after import = 0

========================================================================
Received Import Request.
  Time since last request: 0.000068 seconds.
  path: Packages/com.unity.timeline/Editor/Manipulators/Move/MoveItemModeMix.cs
  artifactKey: Guid(a2a8aecb05814e644abbb070fbd91156) Importer(2089858483,b0f066a214c2f5e87bad3c948f4d605d)
Start importing Packages/com.unity.timeline/Editor/Manipulators/Move/MoveItemModeMix.cs using Guid(a2a8aecb05814e644abbb070fbd91156) Importer(2089858483,b0f066a214c2f5e87bad3c948f4d605d) (ScriptedImporter) -> (artifact id: 'f6dc7c3dd07316abdd4acfbeb9b50fe4') in 0.0317198 seconds
Number of updated asset objects reloaded before import = 0Number of asset objects unloaded after import = 0

========================================================================
Received Import Request.
  Time since last request: 0.000156 seconds.
  path: Packages/com.unity.timeline/Runtime/Events/MarkerTrack.cs
  artifactKey: Guid(2a16748d9461eae46a725db9776d5390) Importer(2089858483,b0f066a214c2f5e87bad3c948f4d605d)
Start importing Packages/com.unity.timeline/Runtime/Events/MarkerTrack.cs using Guid(2a16748d9461eae46a725db9776d5390) Importer(2089858483,b0f066a214c2f5e87bad3c948f4d605d) (ScriptedImporter) -> (artifact id: '2e7f6aa83935be3a228a6a3bbf985688') in 0.0330307 seconds
Number of updated asset objects reloaded before import = 0Number of asset objects unloaded after import = 0

========================================================================
Received Import Request.
  Time since last request: 0.000037 seconds.
  path: Packages/com.unity.timeline/Editor/Window/TimelineNavigator.cs
  artifactKey: Guid(c756627eb1aed7a40bd8ba981a07ede5) Importer(2089858483,b0f066a214c2f5e87bad3c948f4d605d)
Start importing Packages/com.unity.timeline/Editor/Window/TimelineNavigator.cs using Guid(c756627eb1aed7a40bd8ba981a07ede5) Importer(2089858483,b0f066a214c2f5e87bad3c948f4d605d) (ScriptedImporter) -> (artifact id: 'da13d10fd7da78ba0ae15f39c0b0f8ae') in 0.0266359 seconds
Number of updated asset objects reloaded before import = 0Number of asset objects unloaded after import = 0

========================================================================
Received Import Request.
  Time since last request: 0.000265 seconds.
  path: Packages/com.unity.timeline/Editor/Window/PlaybackScroller.cs
  artifactKey: Guid(98545765d7a2b614b921715928035ee2) Importer(2089858483,b0f066a214c2f5e87bad3c948f4d605d)
Start importing Packages/com.unity.timeline/Editor/Window/PlaybackScroller.cs using Guid(98545765d7a2b614b921715928035ee2) Importer(2089858483,b0f066a214c2f5e87bad3c948f4d605d) (ScriptedImporter) -> (artifact id: '2cfab15a6fe532e8880eae77cd12a57a') in 0.0234931 seconds
Number of updated asset objects reloaded before import = 0Number of asset objects unloaded after import = 0

========================================================================
Received Import Request.
  Time since last request: 0.000246 seconds.
  path: Packages/com.unity.timeline/Editor/Manipulators/Move/MoveItemModeRipple.cs
  artifactKey: Guid(eebde5009793ce948bf5d4c4435b89b9) Importer(2089858483,b0f066a214c2f5e87bad3c948f4d605d)
Start importing Packages/com.unity.timeline/Editor/Manipulators/Move/MoveItemModeRipple.cs using Guid(eebde5009793ce948bf5d4c4435b89b9) Importer(2089858483,b0f066a214c2f5e87bad3c948f4d605d) (ScriptedImporter) -> (artifact id: '7c624679f8b42acaa5ebc2341deaf931') in 0.0332703 seconds
Number of updated asset objects reloaded before import = 0Number of asset objects unloaded after import = 0

========================================================================
Received Import Request.
  Time since last request: 0.000215 seconds.
  path: Packages/com.unity.timeline/Runtime/Scripting/PlayableTrack.cs
  artifactKey: Guid(82cd92ffc29383742932b27ca414c80f) Importer(2089858483,b0f066a214c2f5e87bad3c948f4d605d)
Start importing Packages/com.unity.timeline/Runtime/Scripting/PlayableTrack.cs using Guid(82cd92ffc29383742932b27ca414c80f) Importer(2089858483,b0f066a214c2f5e87bad3c948f4d605d) (ScriptedImporter) -> (artifact id: '3f0d9c54875f506cec8e686ee8a674f5') in 0.0254954 seconds
Number of updated asset objects reloaded before import = 0Number of asset objects unloaded after import = 0

========================================================================
Received Import Request.
  Time since last request: 0.001696 seconds.
  path: Packages/com.unity.timeline/Runtime/AssetUpgrade/AnimationPlayableAssetUpgrade.cs
  artifactKey: Guid(6773203120b27984d9a8572fa3564f03) Importer(2089858483,b0f066a214c2f5e87bad3c948f4d605d)
Start importing Packages/com.unity.timeline/Runtime/AssetUpgrade/AnimationPlayableAssetUpgrade.cs using Guid(6773203120b27984d9a8572fa3564f03) Importer(2089858483,b0f066a214c2f5e87bad3c948f4d605d) (ScriptedImporter) -> (artifact id: '66fccff10fdfef9b3cbf48eea8822cbe') in 0.0296635 seconds
Number of updated asset objects reloaded before import = 0Number of asset objects unloaded after import = 0

========================================================================
Received Import Request.
  Time since last request: 0.000111 seconds.
  path: Packages/com.unity.timeline/Runtime/Evaluation/IntervalTree.cs
  artifactKey: Guid(8f74c99a65464bb4b86ccb314ee95a7f) Importer(2089858483,b0f066a214c2f5e87bad3c948f4d605d)
Start importing Packages/com.unity.timeline/Runtime/Evaluation/IntervalTree.cs using Guid(8f74c99a65464bb4b86ccb314ee95a7f) Importer(2089858483,b0f066a214c2f5e87bad3c948f4d605d) (ScriptedImporter) -> (artifact id: 'ab329ee7d99c4b522a6b4144979de69d') in 0.0252693 seconds
Number of updated asset objects reloaded before import = 0Number of asset objects unloaded after import = 0

========================================================================
Received Import Request.
  Time since last request: 0.000242 seconds.
  path: Packages/com.unity.ugui/Editor/UGUI/EventSystem/EventSystemEditor.cs
  artifactKey: Guid(6f72aa6eab9392548b9e9d92eb6b2ef8) Importer(2089858483,b0f066a214c2f5e87bad3c948f4d605d)
Start importing Packages/com.unity.ugui/Editor/UGUI/EventSystem/EventSystemEditor.cs using Guid(6f72aa6eab9392548b9e9d92eb6b2ef8) Importer(2089858483,b0f066a214c2f5e87bad3c948f4d605d) (ScriptedImporter) -> (artifact id: '4d1a7f0443f232e68968518e5ec0df1c') in 0.0311709 seconds
Number of updated asset objects reloaded before import = 0Number of asset objects unloaded after import = 0

========================================================================
Received Import Request.
  Time since last request: 0.000193 seconds.
  path: Packages/com.unity.ugui/Editor/TMP/PropertyDrawers/TMP_PropertyDrawerUtilities.cs
  artifactKey: Guid(371a2245f9a9ff344997fec3609bf73e) Importer(2089858483,b0f066a214c2f5e87bad3c948f4d605d)
Start importing Packages/com.unity.ugui/Editor/TMP/PropertyDrawers/TMP_PropertyDrawerUtilities.cs using Guid(371a2245f9a9ff344997fec3609bf73e) Importer(2089858483,b0f066a214c2f5e87bad3c948f4d605d) (ScriptedImporter) -> (artifact id: '9a58fb39a51eece648a8e8f5185c8226') in 0.035085 seconds
Number of updated asset objects reloaded before import = 0Number of asset objects unloaded after import = 0

========================================================================
Received Import Request.
  Time since last request: 0.000146 seconds.
  path: Packages/com.unity.test-framework/UnityEditor.TestRunner/TestSettings/ITestSettings.cs
  artifactKey: Guid(83eda34b7da01e04aa894f268158b0c0) Importer(2089858483,b0f066a214c2f5e87bad3c948f4d605d)
Start importing Packages/com.unity.test-framework/UnityEditor.TestRunner/TestSettings/ITestSettings.cs using Guid(83eda34b7da01e04aa894f268158b0c0) Importer(2089858483,b0f066a214c2f5e87bad3c948f4d605d) (ScriptedImporter) -> (artifact id: '4fcb9dc5f0d582cee48929af8944a79f') in 0.0309536 seconds
Number of updated asset objects reloaded before import = 0Number of asset objects unloaded after import = 0

========================================================================
Received Import Request.
  Time since last request: 0.000035 seconds.
  path: Packages/com.unity.test-framework/UnityEngine.TestRunner/TestRunner/RemoteHelpers/RemoteTestResultDataFactory.cs
  artifactKey: Guid(826b6becaef90fb458eedebe4c2f3664) Importer(2089858483,b0f066a214c2f5e87bad3c948f4d605d)
Start importing Packages/com.unity.test-framework/UnityEngine.TestRunner/TestRunner/RemoteHelpers/RemoteTestResultDataFactory.cs using Guid(826b6becaef90fb458eedebe4c2f3664) Importer(2089858483,b0f066a214c2f5e87bad3c948f4d605d) (ScriptedImporter) -> (artifact id: 'e05911ed33becfe7d84a91e184600a6b') in 0.0273274 seconds
Number of updated asset objects reloaded before import = 0Number of asset objects unloaded after import = 0

========================================================================
Received Import Request.
  Time since last request: 0.000196 seconds.
  path: Packages/com.unity.ugui/Tests/Runtime/UGUI/Dropdown/DropdownTests.cs
  artifactKey: Guid(358a618bc6bd9354d81cc206fd2ed80e) Importer(2089858483,b0f066a214c2f5e87bad3c948f4d605d)
Start importing Packages/com.unity.ugui/Tests/Runtime/UGUI/Dropdown/DropdownTests.cs using Guid(358a618bc6bd9354d81cc206fd2ed80e) Importer(2089858483,b0f066a214c2f5e87bad3c948f4d605d) (ScriptedImporter) -> (artifact id: 'ae8d26cf76af35af8570083e78dde172') in 0.0224339 seconds
Number of updated asset objects reloaded before import = 0Number of asset objects unloaded after import = 0

========================================================================
Received Import Request.
  Time since last request: 0.000297 seconds.
  path: Packages/com.unity.timeline/Editor/Utilities/Graphics.cs
  artifactKey: Guid(4545bb65ccebf8040ac212d5792979b5) Importer(2089858483,b0f066a214c2f5e87bad3c948f4d605d)
Start importing Packages/com.unity.timeline/Editor/Utilities/Graphics.cs using Guid(4545bb65ccebf8040ac212d5792979b5) Importer(2089858483,b0f066a214c2f5e87bad3c948f4d605d) (ScriptedImporter) -> (artifact id: 'b1546d2f440cd4ff271928b091afd5d9') in 0.0230476 seconds
Number of updated asset objects reloaded before import = 0Number of asset objects unloaded after import = 0

========================================================================
Received Import Request.
  Time since last request: 0.000369 seconds.
  path: Packages/com.unity.timeline/Editor/Window/TimelineWindow_PreviewPlayMode.cs
  artifactKey: Guid(5c9c9f62af2efb948a1974650039e2db) Importer(2089858483,b0f066a214c2f5e87bad3c948f4d605d)
Start importing Packages/com.unity.timeline/Editor/Window/TimelineWindow_PreviewPlayMode.cs using Guid(5c9c9f62af2efb948a1974650039e2db) Importer(2089858483,b0f066a214c2f5e87bad3c948f4d605d) (ScriptedImporter) -> (artifact id: '0c0ed70b12a2a8f17b7b4083687a96f8') in 0.0225758 seconds
Number of updated asset objects reloaded before import = 0Number of asset objects unloaded after import = 0

========================================================================
Received Import Request.
  Time since last request: 0.000109 seconds.
  path: Packages/com.unity.test-framework/UnityEditor.TestRunner/Api/ITestRunSettings.cs
  artifactKey: Guid(2ae2ce6274819484fa8747a28cebdf3a) Importer(2089858483,b0f066a214c2f5e87bad3c948f4d605d)
Start importing Packages/com.unity.test-framework/UnityEditor.TestRunner/Api/ITestRunSettings.cs using Guid(2ae2ce6274819484fa8747a28cebdf3a) Importer(2089858483,b0f066a214c2f5e87bad3c948f4d605d) (ScriptedImporter) -> (artifact id: '70b886f7357d60686e73a910ac58e4d7') in 0.0276411 seconds
Number of updated asset objects reloaded before import = 0Number of asset objects unloaded after import = 0

========================================================================
Received Import Request.
  Time since last request: 0.001059 seconds.
  path: Packages/com.unity.ugui/Tests/Runtime/UGUI/Canvas/NestedCanvasMaintainsCorrectSize.cs
  artifactKey: Guid(be07f70ee67e6d74e851a9333719bbb6) Importer(2089858483,b0f066a214c2f5e87bad3c948f4d605d)
Start importing Packages/com.unity.ugui/Tests/Runtime/UGUI/Canvas/NestedCanvasMaintainsCorrectSize.cs using Guid(be07f70ee67e6d74e851a9333719bbb6) Importer(2089858483,b0f066a214c2f5e87bad3c948f4d605d) (ScriptedImporter) -> (artifact id: '63ddfe122ca4e16959de1b57ba13cbd8') in 0.025584 seconds
Number of updated asset objects reloaded before import = 0Number of asset objects unloaded after import = 0

========================================================================
Received Import Request.
  Time since last request: 0.000293 seconds.
  path: Packages/com.unity.multiplayer.center/Editor/Analytics/MultiplayerCenterAnalyticsFactory.cs
  artifactKey: Guid(8bce0b24c28e45d884acfcf49a3b8945) Importer(2089858483,b0f066a214c2f5e87bad3c948f4d605d)
Start importing Packages/com.unity.multiplayer.center/Editor/Analytics/MultiplayerCenterAnalyticsFactory.cs using Guid(8bce0b24c28e45d884acfcf49a3b8945) Importer(2089858483,b0f066a214c2f5e87bad3c948f4d605d) (ScriptedImporter) -> (artifact id: 'ab90812e27c0f2502de31c0e749dace3') in 0.0198917 seconds
Number of updated asset objects reloaded before import = 0Number of asset objects unloaded after import = 0

========================================================================
Received Import Request.
  Time since last request: 0.000220 seconds.
  path: Packages/com.unity.timeline/Editor/inspectors/EditorClip.cs
  artifactKey: Guid(197c1114eb793d24c8ef31120a134e88) Importer(2089858483,b0f066a214c2f5e87bad3c948f4d605d)
Start importing Packages/com.unity.timeline/Editor/inspectors/EditorClip.cs using Guid(197c1114eb793d24c8ef31120a134e88) Importer(2089858483,b0f066a214c2f5e87bad3c948f4d605d) (ScriptedImporter) -> (artifact id: '158cdde0c6729ff9438b847093210be9') in 0.0203394 seconds
Number of updated asset objects reloaded before import = 0Number of asset objects unloaded after import = 0

========================================================================
Received Import Request.
  Time since last request: 0.000296 seconds.
  path: Packages/com.unity.ugui/Editor/UGUI/Properties/AssemblyInfo.cs
  artifactKey: Guid(d51458b261e0ecc4a98904e53924dc1c) Importer(2089858483,b0f066a214c2f5e87bad3c948f4d605d)
Start importing Packages/com.unity.ugui/Editor/UGUI/Properties/AssemblyInfo.cs using Guid(d51458b261e0ecc4a98904e53924dc1c) Importer(2089858483,b0f066a214c2f5e87bad3c948f4d605d) (ScriptedImporter) -> (artifact id: '3ae385ebef81f2827770f7047cc50c3d') in 0.0215885 seconds
Number of updated asset objects reloaded before import = 0Number of asset objects unloaded after import = 0

========================================================================
Received Import Request.
  Time since last request: 0.000400 seconds.
  path: Packages/com.unity.test-framework/UnityEngine.TestRunner/NUnitExtensions/Commands/BeforeAfterTestCommandBase.cs
  artifactKey: Guid(cbbca1d8a0434be4bbc7f165523763ac) Importer(2089858483,b0f066a214c2f5e87bad3c948f4d605d)
Start importing Packages/com.unity.test-framework/UnityEngine.TestRunner/NUnitExtensions/Commands/BeforeAfterTestCommandBase.cs using Guid(cbbca1d8a0434be4bbc7f165523763ac) Importer(2089858483,b0f066a214c2f5e87bad3c948f4d605d) (ScriptedImporter) -> (artifact id: '365fc0988cb9a897b8c401a2be36df5d') in 0.0235077 seconds
Number of updated asset objects reloaded before import = 0Number of asset objects unloaded after import = 0

========================================================================
Received Import Request.
  Time since last request: 0.000034 seconds.
  path: Packages/com.unity.ugui/Tests/Runtime/UGUI/InputField/TouchInputFieldTests.cs
  artifactKey: Guid(e89ff5e7c669f70409de18c9948164d4) Importer(2089858483,b0f066a214c2f5e87bad3c948f4d605d)
Start importing Packages/com.unity.ugui/Tests/Runtime/UGUI/InputField/TouchInputFieldTests.cs using Guid(e89ff5e7c669f70409de18c9948164d4) Importer(2089858483,b0f066a214c2f5e87bad3c948f4d605d) (ScriptedImporter) -> (artifact id: 'd3e15da222f90b3570c7c85ed8138319') in 0.0284387 seconds
Number of updated asset objects reloaded before import = 0Number of asset objects unloaded after import = 0

========================================================================
Received Import Request.
  Time since last request: 0.000222 seconds.
  path: Packages/com.unity.ide.vscode/Editor/ProjectGeneration/ProjectGeneration.cs
  artifactKey: Guid(97d6c87381e3e51488b49f5891490b70) Importer(2089858483,b0f066a214c2f5e87bad3c948f4d605d)
Start importing Packages/com.unity.ide.vscode/Editor/ProjectGeneration/ProjectGeneration.cs using Guid(97d6c87381e3e51488b49f5891490b70) Importer(2089858483,b0f066a214c2f5e87bad3c948f4d605d) (ScriptedImporter) -> (artifact id: '1c8f8c8b8176ba7aabbc4fffdff77790') in 0.0214442 seconds
Number of updated asset objects reloaded before import = 0Number of asset objects unloaded after import = 0

========================================================================
Received Import Request.
  Time since last request: 0.000155 seconds.
  path: Packages/com.unity.test-framework/UnityEngine.TestRunner/NUnitExtensions/Runner/TestCommandBuilder.cs
  artifactKey: Guid(f40df9c8cf926b241b093a37028d8815) Importer(2089858483,b0f066a214c2f5e87bad3c948f4d605d)
Start importing Packages/com.unity.test-framework/UnityEngine.TestRunner/NUnitExtensions/Runner/TestCommandBuilder.cs using Guid(f40df9c8cf926b241b093a37028d8815) Importer(2089858483,b0f066a214c2f5e87bad3c948f4d605d) (ScriptedImporter) -> (artifact id: '6b995b15ec885aa4d2aef44b711902ea') in 0.0387982 seconds
Number of updated asset objects reloaded before import = 0Number of asset objects unloaded after import = 0

========================================================================
Received Import Request.
  Time since last request: 0.000669 seconds.
  path: Packages/com.unity.ugui/Runtime/UGUI/UI/Core/RectMask2D.cs
  artifactKey: Guid(3312d7739989d2b4e91e6319e9a96d76) Importer(2089858483,b0f066a214c2f5e87bad3c948f4d605d)
Start importing Packages/com.unity.ugui/Runtime/UGUI/UI/Core/RectMask2D.cs using Guid(3312d7739989d2b4e91e6319e9a96d76) Importer(2089858483,b0f066a214c2f5e87bad3c948f4d605d) (ScriptedImporter) -> (artifact id: '7dca34132ea3bc9648f4423703e15e58') in 0.0261797 seconds
Number of updated asset objects reloaded before import = 0Number of asset objects unloaded after import = 0

========================================================================
Received Import Request.
  Time since last request: 0.000242 seconds.
  path: Packages/com.unity.multiplayer.center/Editor/MultiplayerCenterWindow/UI/Icons/DedicatedServer@2x.png
  artifactKey: Guid(38b78df4a34c94fa6a52c90239606ff1) Importer(2089858483,b0f066a214c2f5e87bad3c948f4d605d)
Start importing Packages/com.unity.multiplayer.center/Editor/MultiplayerCenterWindow/UI/Icons/DedicatedServer@2x.png using Guid(38b78df4a34c94fa6a52c90239606ff1) Importer(2089858483,b0f066a214c2f5e87bad3c948f4d605d) (ScriptedImporter) -> (artifact id: '56e545a9e5d4ad00f4f90c4df7ca5135') in 0.0311472 seconds
Number of updated asset objects reloaded before import = 0Number of asset objects unloaded after import = 1

========================================================================
Received Import Request.
  Time since last request: 0.000209 seconds.
  path: Packages/com.unity.timeline/Editor/Window/TimelineWindow_Gui.cs
  artifactKey: Guid(a956e5803e95df349bd35832492d4014) Importer(2089858483,b0f066a214c2f5e87bad3c948f4d605d)
Start importing Packages/com.unity.timeline/Editor/Window/TimelineWindow_Gui.cs using Guid(a956e5803e95df349bd35832492d4014) Importer(2089858483,b0f066a214c2f5e87bad3c948f4d605d) (ScriptedImporter) -> (artifact id: '948570f96d4b4958d7fa5f0c662e1377') in 0.0221352 seconds
Number of updated asset objects reloaded before import = 0Number of asset objects unloaded after import = 0

========================================================================
Received Import Request.
  Time since last request: 0.000643 seconds.
  path: Packages/com.unity.timeline/Runtime/Utilities/TimelineClipExtensions.cs
  artifactKey: Guid(7a02f7efcd3e4f3baa0079e620bddbd7) Importer(2089858483,b0f066a214c2f5e87bad3c948f4d605d)
Start importing Packages/com.unity.timeline/Runtime/Utilities/TimelineClipExtensions.cs using Guid(7a02f7efcd3e4f3baa0079e620bddbd7) Importer(2089858483,b0f066a214c2f5e87bad3c948f4d605d) (ScriptedImporter) -> (artifact id: '980dc1a56fa75137977e9689a0a3d04b') in 0.021306 seconds
Number of updated asset objects reloaded before import = 0Number of asset objects unloaded after import = 0

========================================================================
Received Import Request.
  Time since last request: 0.000039 seconds.
  path: Packages/com.unity.test-framework/UnityEditor.TestRunner/TestRunner/Utils/EditorAssemblyWrapper.cs
  artifactKey: Guid(20cdb37e6fea6d946bbb84d2c923db85) Importer(2089858483,b0f066a214c2f5e87bad3c948f4d605d)
Start importing Packages/com.unity.test-framework/UnityEditor.TestRunner/TestRunner/Utils/EditorAssemblyWrapper.cs using Guid(20cdb37e6fea6d946bbb84d2c923db85) Importer(2089858483,b0f066a214c2f5e87bad3c948f4d605d) (ScriptedImporter) -> (artifact id: 'bf1b1139e86738dbfd03829cdec311e7') in 0.0346931 seconds
Number of updated asset objects reloaded before import = 0Number of asset objects unloaded after import = 0

========================================================================
Received Import Request.
  Time since last request: 0.003010 seconds.
  path: Packages/com.unity.modules.ui/package.json
  artifactKey: Guid(bfd567a3d1631a761bca9e99fa53d86d) Importer(2089858483,b0f066a214c2f5e87bad3c948f4d605d)
Start importing Packages/com.unity.modules.ui/package.json using Guid(bfd567a3d1631a761bca9e99fa53d86d) Importer(2089858483,b0f066a214c2f5e87bad3c948f4d605d) (ScriptedImporter) -> (artifact id: 'b0a12313e39cb1a01a63db57ccd47fc6') in 0.0258606 seconds
Number of updated asset objects reloaded before import = 0Number of asset objects unloaded after import = 1

========================================================================
Received Import Request.
  Time since last request: 0.000220 seconds.
  path: Packages/com.unity.timeline/Editor/StyleSheets/Images/Icons/d_TrackLockButtonEnabled.png
  artifactKey: Guid(e8aa120f1b4731e43a2dd31eb70bbbe2) Importer(2089858483,b0f066a214c2f5e87bad3c948f4d605d)
Start importing Packages/com.unity.timeline/Editor/StyleSheets/Images/Icons/d_TrackLockButtonEnabled.png using Guid(e8aa120f1b4731e43a2dd31eb70bbbe2) Importer(2089858483,b0f066a214c2f5e87bad3c948f4d605d) (ScriptedImporter) -> (artifact id: 'e44af77c58a2965ca98eb689b86c2397') in 0.0441738 seconds
Number of updated asset objects reloaded before import = 0Number of asset objects unloaded after import = 1

========================================================================
Received Import Request.
  Time since last request: 0.000293 seconds.
  path: Packages/com.unity.timeline/Editor/StyleSheets/Images/Icons/TimelineClipBG.png
  artifactKey: Guid(d44fc8b11425e0043aa7c20a301ce707) Importer(2089858483,b0f066a214c2f5e87bad3c948f4d605d)
Start importing Packages/com.unity.timeline/Editor/StyleSheets/Images/Icons/TimelineClipBG.png using Guid(d44fc8b11425e0043aa7c20a301ce707) Importer(2089858483,b0f066a214c2f5e87bad3c948f4d605d) (ScriptedImporter) -> (artifact id: 'e7d281fc3a23f663cac2150ca3de31e9') in 0.2288086 seconds
Number of updated asset objects reloaded before import = 0Number of asset objects unloaded after import = 1

========================================================================
Received Import Request.
  Time since last request: 0.000489 seconds.
  path: Packages/com.unity.timeline/Editor/treeview/Drawers/AnimationTrackDrawer.cs
  artifactKey: Guid(cb281723220c9964094e6c52e0ece792) Importer(2089858483,b0f066a214c2f5e87bad3c948f4d605d)
Start importing Packages/com.unity.timeline/Editor/treeview/Drawers/AnimationTrackDrawer.cs using Guid(cb281723220c9964094e6c52e0ece792) Importer(2089858483,b0f066a214c2f5e87bad3c948f4d605d) (ScriptedImporter) -> (artifact id: '7bb70b6fcb562f0f06295ae01a10b10f') in 0.0422881 seconds
Number of updated asset objects reloaded before import = 0Number of asset objects unloaded after import = 0

========================================================================
Received Import Request.
  Time since last request: 0.000402 seconds.
  path: Packages/com.unity.timeline/Editor/treeview/Drawers/TrackItemsDrawer.cs
  artifactKey: Guid(c7137daaeb11e8647bf1ade9b7e9aa97) Importer(2089858483,b0f066a214c2f5e87bad3c948f4d605d)
Start importing Packages/com.unity.timeline/Editor/treeview/Drawers/TrackItemsDrawer.cs using Guid(c7137daaeb11e8647bf1ade9b7e9aa97) Importer(2089858483,b0f066a214c2f5e87bad3c948f4d605d) (ScriptedImporter) -> (artifact id: '8e899b845f15d8185fd40e6df64eff77') in 0.0462677 seconds
Number of updated asset objects reloaded before import = 0Number of asset objects unloaded after import = 0

========================================================================
Received Import Request.
  Time since last request: 0.000320 seconds.
  path: Packages/com.unity.timeline/Editor/StyleSheets/Images/Icons/TimelineCollapseMarkerButtonEnabled.png
  artifactKey: Guid(0367ce1ebbbb18940b79eed63a0315d5) Importer(2089858483,b0f066a214c2f5e87bad3c948f4d605d)
Start importing Packages/com.unity.timeline/Editor/StyleSheets/Images/Icons/TimelineCollapseMarkerButtonEnabled.png using Guid(0367ce1ebbbb18940b79eed63a0315d5) Importer(2089858483,b0f066a214c2f5e87bad3c948f4d605d) (ScriptedImporter) -> (artifact id: '29e62af785bc6d8ba9ac065bb0d275df') in 0.0344293 seconds
Number of updated asset objects reloaded before import = 0Number of asset objects unloaded after import = 1

========================================================================
Received Import Request.
  Time since last request: 0.000030 seconds.
  path: Packages/com.unity.timeline/Editor/Utilities/Scopes/GUIMixedValueScope.cs
  artifactKey: Guid(d59cefc45e3c31d4a90563364e7258fa) Importer(2089858483,b0f066a214c2f5e87bad3c948f4d605d)
Start importing Packages/com.unity.timeline/Editor/Utilities/Scopes/GUIMixedValueScope.cs using Guid(d59cefc45e3c31d4a90563364e7258fa) Importer(2089858483,b0f066a214c2f5e87bad3c948f4d605d) (ScriptedImporter) -> (artifact id: '0cd416702b33a911068163e539096289') in 0.0280354 seconds
Number of updated asset objects reloaded before import = 0Number of asset objects unloaded after import = 0

========================================================================
Received Import Request.
  Time since last request: 0.000268 seconds.
  path: Packages/com.unity.timeline/Editor/StyleSheets/Images/DarkSkin/TimelineContinue.png
  artifactKey: Guid(f747f9cdf03f2ff418fe728a77e8cbef) Importer(2089858483,b0f066a214c2f5e87bad3c948f4d605d)
Start importing Packages/com.unity.timeline/Editor/StyleSheets/Images/DarkSkin/TimelineContinue.png using Guid(f747f9cdf03f2ff418fe728a77e8cbef) Importer(2089858483,b0f066a214c2f5e87bad3c948f4d605d) (ScriptedImporter) -> (artifact id: '78c1a0b86433048222b88dee329216ac') in 0.0425153 seconds
Number of updated asset objects reloaded before import = 0Number of asset objects unloaded after import = 1

========================================================================
Received Import Request.
  Time since last request: 0.000079 seconds.
  path: Packages/com.unity.timeline/Editor/StyleSheets/Images/Icons/d_TrackRecordButtonEnabled.png
  artifactKey: Guid(0e5ba0f04df278944a8f5a62f64f5aa6) Importer(2089858483,b0f066a214c2f5e87bad3c948f4d605d)
Start importing Packages/com.unity.timeline/Editor/StyleSheets/Images/Icons/d_TrackRecordButtonEnabled.png using Guid(0e5ba0f04df278944a8f5a62f64f5aa6) Importer(2089858483,b0f066a214c2f5e87bad3c948f4d605d) (ScriptedImporter) -> (artifact id: 'f33ada66a4d337e61d1e85e7255e7807') in 0.0426158 seconds
Number of updated asset objects reloaded before import = 0Number of asset objects unloaded after import = 1

========================================================================
Received Import Request.
  Time since last request: 0.000049 seconds.
  path: Packages/com.unity.timeline/Editor/StyleSheets/Images/Icons/TrackLockButtonEnabled@2x.png
  artifactKey: Guid(b8c531b4e51e4994a81837c4e9b0d649) Importer(2089858483,b0f066a214c2f5e87bad3c948f4d605d)
Start importing Packages/com.unity.timeline/Editor/StyleSheets/Images/Icons/TrackLockButtonEnabled@2x.png using Guid(b8c531b4e51e4994a81837c4e9b0d649) Importer(2089858483,b0f066a214c2f5e87bad3c948f4d605d) (ScriptedImporter) -> (artifact id: 'fa2cb179d033a19870977a52044a72cf') in 0.1117839 seconds
Number of updated asset objects reloaded before import = 0Number of asset objects unloaded after import = 1

========================================================================
Received Import Request.
  Time since last request: 0.000282 seconds.
  path: Packages/com.unity.timeline/Editor/StyleSheets/Images/Icons/d_TimelineEditModeMixON.png
  artifactKey: Guid(7c681ffb5a436684fa3e98a9b66775c0) Importer(2089858483,b0f066a214c2f5e87bad3c948f4d605d)
Start importing Packages/com.unity.timeline/Editor/StyleSheets/Images/Icons/d_TimelineEditModeMixON.png using Guid(7c681ffb5a436684fa3e98a9b66775c0) Importer(2089858483,b0f066a214c2f5e87bad3c948f4d605d) (ScriptedImporter) -> (artifact id: 'fb1d08fa31ca082b669efd208d67b832') in 0.0403293 seconds
Number of updated asset objects reloaded before import = 0Number of asset objects unloaded after import = 1

========================================================================
Received Import Request.
  Time since last request: 0.000210 seconds.
  path: Packages/com.unity.timeline/Editor/StyleSheets/Images/Icons/d_TrackRecordButtonDisabled@2x.png
  artifactKey: Guid(db15c78579dee4a4db85f392634c8ecc) Importer(2089858483,b0f066a214c2f5e87bad3c948f4d605d)
Start importing Packages/com.unity.timeline/Editor/StyleSheets/Images/Icons/d_TrackRecordButtonDisabled@2x.png using Guid(db15c78579dee4a4db85f392634c8ecc) Importer(2089858483,b0f066a214c2f5e87bad3c948f4d605d) (ScriptedImporter) -> (artifact id: 'de2de839740b9d63fd2fb4718c801802') in 0.2312393 seconds
Number of updated asset objects reloaded before import = 0Number of asset objects unloaded after import = 1

========================================================================
Received Import Request.
  Time since last request: 0.000171 seconds.
  path: Packages/com.unity.timeline/Editor/StyleSheets/Images/Icons/TrackMarkerButtonDisabled@2x.png
  artifactKey: Guid(193dae938a3136440b693b45a2494737) Importer(2089858483,b0f066a214c2f5e87bad3c948f4d605d)
Start importing Packages/com.unity.timeline/Editor/StyleSheets/Images/Icons/TrackMarkerButtonDisabled@2x.png using Guid(193dae938a3136440b693b45a2494737) Importer(2089858483,b0f066a214c2f5e87bad3c948f4d605d) (ScriptedImporter) -> (artifact id: 'e6cd4bcf0ab9f1e2e82adc56e6c8904c') in 0.1090145 seconds
Number of updated asset objects reloaded before import = 0Number of asset objects unloaded after import = 1

========================================================================
Received Import Request.
  Time since last request: 0.000027 seconds.
  path: Packages/com.unity.timeline/Editor/StyleSheets/Images/LightSkin/TimelineContinue.png
  artifactKey: Guid(61c21f74972ba8246b3ea400a9231841) Importer(2089858483,b0f066a214c2f5e87bad3c948f4d605d)
Start importing Packages/com.unity.timeline/Editor/StyleSheets/Images/LightSkin/TimelineContinue.png using Guid(61c21f74972ba8246b3ea400a9231841) Importer(2089858483,b0f066a214c2f5e87bad3c948f4d605d) (ScriptedImporter) -> (artifact id: '96aa4c68073c7d3fa1b2fa2c096191d0') in 0.0845859 seconds
Number of updated asset objects reloaded before import = 0Number of asset objects unloaded after import = 1

========================================================================
Received Import Request.
  Time since last request: 0.000273 seconds.
  path: Packages/com.unity.timeline/Editor/StyleSheets/Images/LightSkin/TimelineSignalSelected.png
  artifactKey: Guid(1a7852b1b33b816498b6af1e739f5995) Importer(2089858483,b0f066a214c2f5e87bad3c948f4d605d)
Start importing Packages/com.unity.timeline/Editor/StyleSheets/Images/LightSkin/TimelineSignalSelected.png using Guid(1a7852b1b33b816498b6af1e739f5995) Importer(2089858483,b0f066a214c2f5e87bad3c948f4d605d) (ScriptedImporter) -> (artifact id: '2413650ba3371110c07e9f9c6087a423') in 0.0637828 seconds
Number of updated asset objects reloaded before import = 0Number of asset objects unloaded after import = 1

========================================================================
Received Import Request.
  Time since last request: 0.000931 seconds.
  path: Packages/com.unity.timeline/Editor/StyleSheets/Images/Icons/TrackMarkerButtonDisabled.png
  artifactKey: Guid(33a52b41b4de5874ca7da1da32067e39) Importer(2089858483,b0f066a214c2f5e87bad3c948f4d605d)
Start importing Packages/com.unity.timeline/Editor/StyleSheets/Images/Icons/TrackMarkerButtonDisabled.png using Guid(33a52b41b4de5874ca7da1da32067e39) Importer(2089858483,b0f066a214c2f5e87bad3c948f4d605d) (ScriptedImporter) -> (artifact id: '490f46eda1bf7ecf181920982a19ca42') in 0.0626006 seconds
Number of updated asset objects reloaded before import = 0Number of asset objects unloaded after import = 1

========================================================================
Received Import Request.
  Time since last request: 0.000034 seconds.
  path: Packages/com.unity.timeline/Editor/StyleSheets/Images/LightSkin/TimelineInfiniteTrackNoShadow.png
  artifactKey: Guid(69ff79f863a32ad44a9497d4896d9d1c) Importer(2089858483,b0f066a214c2f5e87bad3c948f4d605d)
Start importing Packages/com.unity.timeline/Editor/StyleSheets/Images/LightSkin/TimelineInfiniteTrackNoShadow.png using Guid(69ff79f863a32ad44a9497d4896d9d1c) Importer(2089858483,b0f066a214c2f5e87bad3c948f4d605d) (ScriptedImporter) -> (artifact id: '479abffc7ae3a26edd58cd48431d2d02') in 0.0489241 seconds
Number of updated asset objects reloaded before import = 0Number of asset objects unloaded after import = 1

========================================================================
Received Import Request.
  Time since last request: 0.000029 seconds.
  path: Packages/com.unity.timeline/Editor/Utilities/Scopes/IndentLevelScope.cs
  artifactKey: Guid(e42e3f559ace4a5dbae7d6d3d2e5e7b0) Importer(2089858483,b0f066a214c2f5e87bad3c948f4d605d)
Start importing Packages/com.unity.timeline/Editor/Utilities/Scopes/IndentLevelScope.cs using Guid(e42e3f559ace4a5dbae7d6d3d2e5e7b0) Importer(2089858483,b0f066a214c2f5e87bad3c948f4d605d) (ScriptedImporter) -> (artifact id: '2eb80d13aaf0096f1a135f05e46f8ed2') in 0.0275213 seconds
Number of updated asset objects reloaded before import = 0Number of asset objects unloaded after import = 0

========================================================================
Received Import Request.
  Time since last request: 0.000358 seconds.
  path: Packages/com.unity.timeline/Editor/StyleSheets/Images/Icons/TrackAvatarButtonEnabled.png
  artifactKey: Guid(4bf6507f1346b2746a35384f6a5fd5f9) Importer(2089858483,b0f066a214c2f5e87bad3c948f4d605d)
Start importing Packages/com.unity.timeline/Editor/StyleSheets/Images/Icons/TrackAvatarButtonEnabled.png using Guid(4bf6507f1346b2746a35384f6a5fd5f9) Importer(2089858483,b0f066a214c2f5e87bad3c948f4d605d) (ScriptedImporter) -> (artifact id: '1e90895bdc70a8d5413733e9cf707e8c') in 0.0369412 seconds
Number of updated asset objects reloaded before import = 0Number of asset objects unloaded after import = 1

========================================================================
Received Import Request.
  Time since last request: 0.000252 seconds.
  path: Packages/com.unity.timeline/Editor/StyleSheets/Images/LightSkin/TimelineSignalCollapsed.png
  artifactKey: Guid(a88fa20ed164bbe4da6bf533f94a3113) Importer(2089858483,b0f066a214c2f5e87bad3c948f4d605d)
Start importing Packages/com.unity.timeline/Editor/StyleSheets/Images/LightSkin/TimelineSignalCollapsed.png using Guid(a88fa20ed164bbe4da6bf533f94a3113) Importer(2089858483,b0f066a214c2f5e87bad3c948f4d605d) (ScriptedImporter) -> (artifact id: '9ab1a8677f829a584b63a1dbae7f925f') in 0.0519688 seconds
Number of updated asset objects reloaded before import = 0Number of asset objects unloaded after import = 1

========================================================================
Received Import Request.
  Time since last request: 0.001664 seconds.
  path: Packages/com.unity.timeline/Editor/StyleSheets/Images/Shared/TimelineSwatch.png
  artifactKey: Guid(e50018fd67fc156459e4014bdad3f5f6) Importer(2089858483,b0f066a214c2f5e87bad3c948f4d605d)
Start importing Packages/com.unity.timeline/Editor/StyleSheets/Images/Shared/TimelineSwatch.png using Guid(e50018fd67fc156459e4014bdad3f5f6) Importer(2089858483,b0f066a214c2f5e87bad3c948f4d605d) (ScriptedImporter) -> (artifact id: '00be400fe572cc07a07881c097f43899') in 0.034761 seconds
Number of updated asset objects reloaded before import = 0Number of asset objects unloaded after import = 1

========================================================================
Received Import Request.
  Time since last request: 0.000248 seconds.
  path: Packages/com.unity.timeline/Editor/StyleSheets/Images/Icons/d_TrackLockButtonDisabled.png
  artifactKey: Guid(52ee3ba2abc3da14a95cdf64d32ae0ae) Importer(2089858483,b0f066a214c2f5e87bad3c948f4d605d)
Start importing Packages/com.unity.timeline/Editor/StyleSheets/Images/Icons/d_TrackLockButtonDisabled.png using Guid(52ee3ba2abc3da14a95cdf64d32ae0ae) Importer(2089858483,b0f066a214c2f5e87bad3c948f4d605d) (ScriptedImporter) -> (artifact id: 'c668b2338c930d1b361c146a6b7bd75f') in 0.0426713 seconds
Number of updated asset objects reloaded before import = 0Number of asset objects unloaded after import = 1

========================================================================
Received Import Request.
  Time since last request: 0.000102 seconds.
  path: Packages/com.unity.ide.vscode/Editor/ProjectGeneration/AssemblyNameProvider.cs
  artifactKey: Guid(1d93ffb668978f7488211a331977b73b) Importer(2089858483,b0f066a214c2f5e87bad3c948f4d605d)
Start importing Packages/com.unity.ide.vscode/Editor/ProjectGeneration/AssemblyNameProvider.cs using Guid(1d93ffb668978f7488211a331977b73b) Importer(2089858483,b0f066a214c2f5e87bad3c948f4d605d) (ScriptedImporter) -> (artifact id: 'a9c57c813a7d765aa883614374c20ae3') in 0.0322499 seconds
Number of updated asset objects reloaded before import = 0Number of asset objects unloaded after import = 0

========================================================================
Received Import Request.
  Time since last request: 0.000296 seconds.
  path: Packages/com.unity.timeline/Editor/Utilities/ObjectExtension.cs
  artifactKey: Guid(4722a1362908a1843ab03a055c5c3fa0) Importer(2089858483,b0f066a214c2f5e87bad3c948f4d605d)
Start importing Packages/com.unity.timeline/Editor/Utilities/ObjectExtension.cs using Guid(4722a1362908a1843ab03a055c5c3fa0) Importer(2089858483,b0f066a214c2f5e87bad3c948f4d605d) (ScriptedImporter) -> (artifact id: '81788dfa222f06d20152779824d6f88a') in 0.0384212 seconds
Number of updated asset objects reloaded before import = 0Number of asset objects unloaded after import = 0

========================================================================
Received Import Request.
  Time since last request: 0.000238 seconds.
  path: Packages/com.unity.test-framework/UnityEditor.TestRunner/GUI/UITestRunnerFilter.cs
  artifactKey: Guid(8069e1fc631e461ababf11f19a9c0df3) Importer(2089858483,b0f066a214c2f5e87bad3c948f4d605d)
Start importing Packages/com.unity.test-framework/UnityEditor.TestRunner/GUI/UITestRunnerFilter.cs using Guid(8069e1fc631e461ababf11f19a9c0df3) Importer(2089858483,b0f066a214c2f5e87bad3c948f4d605d) (ScriptedImporter) -> (artifact id: '6f68378590a2e273801a49e61603be3f') in 0.0226363 seconds
Number of updated asset objects reloaded before import = 0Number of asset objects unloaded after import = 0

========================================================================
Received Import Request.
  Time since last request: 0.000135 seconds.
  path: Packages/com.unity.timeline/Editor/Window/TimelineWindow_Duration.cs
  artifactKey: Guid(5b3bd7a976306c9449ba84e0591e8a0f) Importer(2089858483,b0f066a214c2f5e87bad3c948f4d605d)
Start importing Packages/com.unity.timeline/Editor/Window/TimelineWindow_Duration.cs using Guid(5b3bd7a976306c9449ba84e0591e8a0f) Importer(2089858483,b0f066a214c2f5e87bad3c948f4d605d) (ScriptedImporter) -> (artifact id: '2cf426958d3a2dc411d0984714ecf8fb') in 0.0270786 seconds
Number of updated asset objects reloaded before import = 0Number of asset objects unloaded after import = 0

========================================================================
Received Import Request.
  Time since last request: 0.000445 seconds.
  path: Packages/com.unity.timeline/Editor/StyleSheets/Images/Shared/TimelineConnector.png
  artifactKey: Guid(a04f1625bf500f64e97445265dfbcc93) Importer(2089858483,b0f066a214c2f5e87bad3c948f4d605d)
Start importing Packages/com.unity.timeline/Editor/StyleSheets/Images/Shared/TimelineConnector.png using Guid(a04f1625bf500f64e97445265dfbcc93) Importer(2089858483,b0f066a214c2f5e87bad3c948f4d605d) (ScriptedImporter) -> (artifact id: '59b3c4be37e3f17145a170ea4de6de54') in 0.0525922 seconds
Number of updated asset objects reloaded before import = 0Number of asset objects unloaded after import = 1

========================================================================
Received Import Request.
  Time since last request: 0.000092 seconds.
  path: Packages/com.unity.test-framework/UnityEditor.TestRunner/TestRunner/EditModeRunner.cs
  artifactKey: Guid(c9219e99d466b7741a057132d1994f35) Importer(2089858483,b0f066a214c2f5e87bad3c948f4d605d)
Start importing Packages/com.unity.test-framework/UnityEditor.TestRunner/TestRunner/EditModeRunner.cs using Guid(c9219e99d466b7741a057132d1994f35) Importer(2089858483,b0f066a214c2f5e87bad3c948f4d605d) (ScriptedImporter) -> (artifact id: '0a42ff0b79fa64c0c146538cb99fc78c') in 0.0820492 seconds
Number of updated asset objects reloaded before import = 0Number of asset objects unloaded after import = 0

========================================================================
Received Import Request.
  Time since last request: 0.000286 seconds.
  path: Packages/com.unity.ai.navigation/Editor/ConversionSystem/EditorStyles.cs
  artifactKey: Guid(8c0c4a4a1781441ff8c5f9585d5a3462) Importer(2089858483,b0f066a214c2f5e87bad3c948f4d605d)
Start importing Packages/com.unity.ai.navigation/Editor/ConversionSystem/EditorStyles.cs using Guid(8c0c4a4a1781441ff8c5f9585d5a3462) Importer(2089858483,b0f066a214c2f5e87bad3c948f4d605d) (ScriptedImporter) -> (artifact id: 'c5c2f783eb308ecd62c63360ac3538ba') in 0.0206496 seconds
Number of updated asset objects reloaded before import = 0Number of asset objects unloaded after import = 0

========================================================================
Received Import Request.
  Time since last request: 0.000345 seconds.
  path: Packages/com.unity.ai.navigation/EditorResources/Overlay/d_NavigationOverlay.png
  artifactKey: Guid(6a986a181c9bc6043b057a3d15edbaad) Importer(2089858483,b0f066a214c2f5e87bad3c948f4d605d)
Start importing Packages/com.unity.ai.navigation/EditorResources/Overlay/d_NavigationOverlay.png using Guid(6a986a181c9bc6043b057a3d15edbaad) Importer(2089858483,b0f066a214c2f5e87bad3c948f4d605d) (ScriptedImporter) -> (artifact id: 'ce7580bda6bc0cc0591af87e239a9070') in 0.0391638 seconds
Number of updated asset objects reloaded before import = 0Number of asset objects unloaded after import = 1

========================================================================
Received Import Request.
  Time since last request: 0.000294 seconds.
  path: Packages/com.unity.ai.navigation/EditorResources/d_NavigationWindowIcon.asset
  artifactKey: Guid(df6a6289992d3406cb4cad0c522e4adf) Importer(2089858483,b0f066a214c2f5e87bad3c948f4d605d)
Start importing Packages/com.unity.ai.navigation/EditorResources/d_NavigationWindowIcon.asset using Guid(df6a6289992d3406cb4cad0c522e4adf) Importer(2089858483,b0f066a214c2f5e87bad3c948f4d605d) (ScriptedImporter) -> (artifact id: '68f462356cbddad47e2c11410554ebbc') in 0.03428 seconds
Number of updated asset objects reloaded before import = 0Number of asset objects unloaded after import = 1

========================================================================
Received Import Request.
  Time since last request: 0.000790 seconds.
  path: Packages/com.unity.ai.navigation/EditorResources/Overlay/d_NavigationOverlay On@64.png
  artifactKey: Guid(b3cd430fb0ffe164fa829262bb9e1d4b) Importer(2089858483,b0f066a214c2f5e87bad3c948f4d605d)
Start importing Packages/com.unity.ai.navigation/EditorResources/Overlay/d_NavigationOverlay On@64.png using Guid(b3cd430fb0ffe164fa829262bb9e1d4b) Importer(2089858483,b0f066a214c2f5e87bad3c948f4d605d) (ScriptedImporter) -> (artifact id: 'a1d3f4fcc88826876b65088c0a576202') in 0.0399566 seconds
Number of updated asset objects reloaded before import = 0Number of asset objects unloaded after import = 1

========================================================================
Received Import Request.
  Time since last request: 0.000376 seconds.
  path: Packages/com.unity.ai.navigation/Editor/Unity.AI.Navigation.Editor.asmdef
  artifactKey: Guid(86c9d8e67265f41469be06142c397d17) Importer(2089858483,b0f066a214c2f5e87bad3c948f4d605d)
Start importing Packages/com.unity.ai.navigation/Editor/Unity.AI.Navigation.Editor.asmdef using Guid(86c9d8e67265f41469be06142c397d17) Importer(2089858483,b0f066a214c2f5e87bad3c948f4d605d) (ScriptedImporter) -> (artifact id: '405ee6b7381b95e5f4062a7f8b2571ca') in 0.0243716 seconds
Number of updated asset objects reloaded before import = 0Number of asset objects unloaded after import = 1

========================================================================
Received Import Request.
  Time since last request: 0.000270 seconds.
  path: Packages/com.unity.ai.navigation/Editor/Updater/AssemblyInfo.cs
  artifactKey: Guid(ebc7acf85aca94da2a3cc5c2f5236c45) Importer(2089858483,b0f066a214c2f5e87bad3c948f4d605d)
Start importing Packages/com.unity.ai.navigation/Editor/Updater/AssemblyInfo.cs using Guid(ebc7acf85aca94da2a3cc5c2f5236c45) Importer(2089858483,b0f066a214c2f5e87bad3c948f4d605d) (ScriptedImporter) -> (artifact id: '1233fe1294acb0d77110f92cd8faed9c') in 0.0274137 seconds
Number of updated asset objects reloaded before import = 0Number of asset objects unloaded after import = 0

========================================================================
Received Import Request.
  Time since last request: 0.000097 seconds.
  path: Packages/com.unity.ai.navigation/Editor/ConversionSystem/converter_widget.uss
  artifactKey: Guid(63cb84b97408b4d25a6925daccffcd22) Importer(2089858483,b0f066a214c2f5e87bad3c948f4d605d)
Start importing Packages/com.unity.ai.navigation/Editor/ConversionSystem/converter_widget.uss using Guid(63cb84b97408b4d25a6925daccffcd22) Importer(2089858483,b0f066a214c2f5e87bad3c948f4d605d) (ScriptedImporter) -> (artifact id: '923c15d93d5582741eb4f0a516808828') in 0.032903 seconds
Number of updated asset objects reloaded before import = 0Number of asset objects unloaded after import = 1

========================================================================
Received Import Request.
  Time since last request: 0.000146 seconds.
  path: Packages/com.unity.ai.navigation/Editor/ConversionSystem/converter_editor.uss
  artifactKey: Guid(3eb99c80b411349188e1e5167887ac6c) Importer(2089858483,b0f066a214c2f5e87bad3c948f4d605d)
Start importing Packages/com.unity.ai.navigation/Editor/ConversionSystem/converter_editor.uss using Guid(3eb99c80b411349188e1e5167887ac6c) Importer(2089858483,b0f066a214c2f5e87bad3c948f4d605d) (ScriptedImporter) -> (artifact id: '36ee5ead188afdd698a98dfe35ed811e') in 0.04488 seconds
Number of updated asset objects reloaded before import = 0Number of asset objects unloaded after import = 1

========================================================================
Received Import Request.
  Time since last request: 0.000383 seconds.
  path: Packages/com.unity.ugui/Runtime/TMP/TMP_FontAsset.cs
  artifactKey: Guid(71c1514a6bd24e1e882cebbe1904ce04) Importer(2089858483,b0f066a214c2f5e87bad3c948f4d605d)
Start importing Packages/com.unity.ugui/Runtime/TMP/TMP_FontAsset.cs using Guid(71c1514a6bd24e1e882cebbe1904ce04) Importer(2089858483,b0f066a214c2f5e87bad3c948f4d605d) (ScriptedImporter) -> (artifact id: '70d3cb850f1ff23abf0412afd29a9e62') in 0.0409651 seconds
Number of updated asset objects reloaded before import = 0Number of asset objects unloaded after import = 1

========================================================================
Received Import Request.
  Time since last request: 0.000041 seconds.
  path: Packages/com.unity.timeline/Editor/treeview/TrackGui/TimelineTrackBaseGUI.cs
  artifactKey: Guid(d6b75424ba2b73c4eb3182b08dbd71ce) Importer(2089858483,b0f066a214c2f5e87bad3c948f4d605d)
Start importing Packages/com.unity.timeline/Editor/treeview/TrackGui/TimelineTrackBaseGUI.cs using Guid(d6b75424ba2b73c4eb3182b08dbd71ce) Importer(2089858483,b0f066a214c2f5e87bad3c948f4d605d) (ScriptedImporter) -> (artifact id: '6c3f41943d8b18ebf341d99e32e879bb') in 0.0314181 seconds
Number of updated asset objects reloaded before import = 0Number of asset objects unloaded after import = 0

========================================================================
Received Import Request.
  Time since last request: 0.000399 seconds.
  path: Packages/com.unity.timeline/Editor/StyleSheets/Images/Icons/d_TimelineEditModeRippleON.png
  artifactKey: Guid(67a774c4384aa6c488128e2851b18ced) Importer(2089858483,b0f066a214c2f5e87bad3c948f4d605d)
Start importing Packages/com.unity.timeline/Editor/StyleSheets/Images/Icons/d_TimelineEditModeRippleON.png using Guid(67a774c4384aa6c488128e2851b18ced) Importer(2089858483,b0f066a214c2f5e87bad3c948f4d605d) (ScriptedImporter) -> (artifact id: '9fc3f4f2f38bb13e04368bcf25181412') in 0.0596633 seconds
Number of updated asset objects reloaded before import = 0Number of asset objects unloaded after import = 1

========================================================================
Received Import Request.
  Time since last request: 0.000079 seconds.
  path: Packages/com.unity.ugui/Runtime/UGUI/UI/Core/Slider.cs
  artifactKey: Guid(67db9e8f0e2ae9c40bc1e2b64352a6b4) Importer(2089858483,b0f066a214c2f5e87bad3c948f4d605d)
Start importing Packages/com.unity.ugui/Runtime/UGUI/UI/Core/Slider.cs using Guid(67db9e8f0e2ae9c40bc1e2b64352a6b4) Importer(2089858483,b0f066a214c2f5e87bad3c948f4d605d) (ScriptedImporter) -> (artifact id: '142b8a7325b2262c9909ca6b7a7e4ade') in 0.0506273 seconds
Number of updated asset objects reloaded before import = 0Number of asset objects unloaded after import = 0

========================================================================
Received Import Request.
  Time since last request: 0.000358 seconds.
  path: Packages/com.unity.ugui/Tests/Runtime/UGUI/Layout/VerticalLayoutGroupTests.cs
  artifactKey: Guid(8a4b6301a5afaec4cb87d21383ceb0b3) Importer(2089858483,b0f066a214c2f5e87bad3c948f4d605d)
Start importing Packages/com.unity.ugui/Tests/Runtime/UGUI/Layout/VerticalLayoutGroupTests.cs using Guid(8a4b6301a5afaec4cb87d21383ceb0b3) Importer(2089858483,b0f066a214c2f5e87bad3c948f4d605d) (ScriptedImporter) -> (artifact id: '16e3d853a050ebc9cc231bb454659fe2') in 0.0400652 seconds
Number of updated asset objects reloaded before import = 0Number of asset objects unloaded after import = 0

========================================================================
Received Import Request.
  Time since last request: 0.001381 seconds.
  path: Packages/com.unity.timeline/Runtime/Audio/AudioMixerProperties.cs
  artifactKey: Guid(d8c4a920f001ca64680ed6fdb52d1753) Importer(2089858483,b0f066a214c2f5e87bad3c948f4d605d)
Start importing Packages/com.unity.timeline/Runtime/Audio/AudioMixerProperties.cs using Guid(d8c4a920f001ca64680ed6fdb52d1753) Importer(2089858483,b0f066a214c2f5e87bad3c948f4d605d) (ScriptedImporter) -> (artifact id: 'de7b0f4d5f47eed938cfd935d6479010') in 0.0276973 seconds
Number of updated asset objects reloaded before import = 0Number of asset objects unloaded after import = 0

========================================================================
Received Import Request.
  Time since last request: 0.000034 seconds.
  path: Packages/com.unity.timeline/Runtime/Control/ControlTrack.cs
  artifactKey: Guid(15e0374501f39d54eb30235764636e0e) Importer(2089858483,b0f066a214c2f5e87bad3c948f4d605d)
Start importing Packages/com.unity.timeline/Runtime/Control/ControlTrack.cs using Guid(15e0374501f39d54eb30235764636e0e) Importer(2089858483,b0f066a214c2f5e87bad3c948f4d605d) (ScriptedImporter) -> (artifact id: '366d87281f4751ce6b847cfe0349f058') in 0.0284469 seconds
Number of updated asset objects reloaded before import = 0Number of asset objects unloaded after import = 0

========================================================================
Received Import Request.
  Time since last request: 0.000186 seconds.
  path: Packages/com.unity.timeline/Editor/StyleSheets/Images/DarkSkin/TimelinePlayRange.png
  artifactKey: Guid(43eeff8a446b32242a4fb1a5c1bd7b8e) Importer(2089858483,b0f066a214c2f5e87bad3c948f4d605d)
Start importing Packages/com.unity.timeline/Editor/StyleSheets/Images/DarkSkin/TimelinePlayRange.png using Guid(43eeff8a446b32242a4fb1a5c1bd7b8e) Importer(2089858483,b0f066a214c2f5e87bad3c948f4d605d) (ScriptedImporter) -> (artifact id: 'c0f0f61dccbb5bde66f044f5d0f40ebe') in 0.0409419 seconds
Number of updated asset objects reloaded before import = 0Number of asset objects unloaded after import = 1

========================================================================
Received Import Request.
  Time since last request: 0.000032 seconds.
  path: Packages/com.unity.timeline/Editor/StyleSheets/Images/Icons/TrackLockButtonEnabled.png
  artifactKey: Guid(cf575301f1e76c4478de0e77db15eba0) Importer(2089858483,b0f066a214c2f5e87bad3c948f4d605d)
Start importing Packages/com.unity.timeline/Editor/StyleSheets/Images/Icons/TrackLockButtonEnabled.png using Guid(cf575301f1e76c4478de0e77db15eba0) Importer(2089858483,b0f066a214c2f5e87bad3c948f4d605d) (ScriptedImporter) -> (artifact id: '1cbcd93998328a5da4d9d6db1682ed69') in 0.0386669 seconds
Number of updated asset objects reloaded before import = 0Number of asset objects unloaded after import = 1

========================================================================
Received Import Request.
  Time since last request: 0.000120 seconds.
  path: Packages/com.unity.ai.navigation/EditorResources/Overlay/NavigationOverlay On@16.png
  artifactKey: Guid(1c89fbe185cd30b4584ab3d5476807eb) Importer(2089858483,b0f066a214c2f5e87bad3c948f4d605d)
Start importing Packages/com.unity.ai.navigation/EditorResources/Overlay/NavigationOverlay On@16.png using Guid(1c89fbe185cd30b4584ab3d5476807eb) Importer(2089858483,b0f066a214c2f5e87bad3c948f4d605d) (ScriptedImporter) -> (artifact id: '6bf69c53a1e61d5667f3b2be09982be8') in 0.0313333 seconds
Number of updated asset objects reloaded before import = 0Number of asset objects unloaded after import = 1

========================================================================
Received Import Request.
  Time since last request: 0.000032 seconds.
  path: Packages/com.unity.ide.rider/Rider/Editor/ProjectGeneration/SolutionGuidGenerator.cs
  artifactKey: Guid(3e4e7fdc19414089a0fb43e43b1bdae1) Importer(2089858483,b0f066a214c2f5e87bad3c948f4d605d)
Start importing Packages/com.unity.ide.rider/Rider/Editor/ProjectGeneration/SolutionGuidGenerator.cs using Guid(3e4e7fdc19414089a0fb43e43b1bdae1) Importer(2089858483,b0f066a214c2f5e87bad3c948f4d605d) (ScriptedImporter) -> (artifact id: 'e73511ddb17a2396609fe40ee744cd2c') in 0.0221023 seconds
Number of updated asset objects reloaded before import = 0Number of asset objects unloaded after import = 0

========================================================================
Received Import Request.
  Time since last request: 0.000291 seconds.
  path: Packages/com.unity.ide.rider/Rider/Editor/Util/LibcNativeInterop.cs
  artifactKey: Guid(071c17858dc6c47ada7b2a1f1ded5402) Importer(2089858483,b0f066a214c2f5e87bad3c948f4d605d)
Start importing Packages/com.unity.ide.rider/Rider/Editor/Util/LibcNativeInterop.cs using Guid(071c17858dc6c47ada7b2a1f1ded5402) Importer(2089858483,b0f066a214c2f5e87bad3c948f4d605d) (ScriptedImporter) -> (artifact id: '93ad38f162ef158cf4d857a317d22d79') in 0.0240015 seconds
Number of updated asset objects reloaded before import = 0Number of asset objects unloaded after import = 0

========================================================================
Received Import Request.
  Time since last request: 0.000208 seconds.
  path: Packages/com.unity.ide.rider/Rider/Editor/JetBrains.Rider.PathLocator.dll
  artifactKey: Guid(ea3ec41b33345cd4f9298a51abdaa198) Importer(2089858483,b0f066a214c2f5e87bad3c948f4d605d)
Start importing Packages/com.unity.ide.rider/Rider/Editor/JetBrains.Rider.PathLocator.dll using Guid(ea3ec41b33345cd4f9298a51abdaa198) Importer(2089858483,b0f066a214c2f5e87bad3c948f4d605d) (ScriptedImporter) -> (artifact id: '43283171ac862eecbe856c2816c1dc07') in 0.0263265 seconds
Number of updated asset objects reloaded before import = 0Number of asset objects unloaded after import = 0

========================================================================
Received Import Request.
  Time since last request: 0.000298 seconds.
  path: Packages/com.unity.ide.rider/package.json
  artifactKey: Guid(66c95bb3c74257f41bae2622511dc02d) Importer(2089858483,b0f066a214c2f5e87bad3c948f4d605d)
Start importing Packages/com.unity.ide.rider/package.json using Guid(66c95bb3c74257f41bae2622511dc02d) Importer(2089858483,b0f066a214c2f5e87bad3c948f4d605d) (ScriptedImporter) -> (artifact id: '3de2c7bc9dc1336212cd4de5956fb880') in 0.0270231 seconds
Number of updated asset objects reloaded before import = 0Number of asset objects unloaded after import = 1

========================================================================
Received Import Request.
  Time since last request: 0.000064 seconds.
  path: Packages/com.unity.ai.navigation/EditorResources/Overlay/NavigationOverlay On@2x.png
  artifactKey: Guid(334589c596cc053418f700189f91111c) Importer(2089858483,b0f066a214c2f5e87bad3c948f4d605d)
Start importing Packages/com.unity.ai.navigation/EditorResources/Overlay/NavigationOverlay On@2x.png using Guid(334589c596cc053418f700189f91111c) Importer(2089858483,b0f066a214c2f5e87bad3c948f4d605d) (ScriptedImporter) -> (artifact id: 'ef343bbc7c90decd8043cdfae35c22c1') in 0.0312802 seconds
Number of updated asset objects reloaded before import = 0Number of asset objects unloaded after import = 1

========================================================================
Received Import Request.
  Time since last request: 0.000597 seconds.
  path: Packages/com.unity.ide.rider/CHANGELOG.md
  artifactKey: Guid(8645aa9c3c74fb34ba9499e14fb332b5) Importer(2089858483,b0f066a214c2f5e87bad3c948f4d605d)
Start importing Packages/com.unity.ide.rider/CHANGELOG.md using Guid(8645aa9c3c74fb34ba9499e14fb332b5) Importer(2089858483,b0f066a214c2f5e87bad3c948f4d605d) (ScriptedImporter) -> (artifact id: '799d40d5ade38d725d2793438a3b5de3') in 0.0203417 seconds
Number of updated asset objects reloaded before import = 0Number of asset objects unloaded after import = 1

========================================================================
Received Import Request.
  Time since last request: 0.000510 seconds.
  path: Packages/com.unity.ide.rider/Rider/Editor/Util/CommandLineParser.cs
  artifactKey: Guid(154ace4bd16de9f4e84052ac257786d6) Importer(2089858483,b0f066a214c2f5e87bad3c948f4d605d)
Start importing Packages/com.unity.ide.rider/Rider/Editor/Util/CommandLineParser.cs using Guid(154ace4bd16de9f4e84052ac257786d6) Importer(2089858483,b0f066a214c2f5e87bad3c948f4d605d) (ScriptedImporter) -> (artifact id: '32bec686217700931e9b59c5fb638512') in 0.0215915 seconds
Number of updated asset objects reloaded before import = 0Number of asset objects unloaded after import = 0

========================================================================
Received Import Request.
  Time since last request: 0.000286 seconds.
  path: Packages/com.unity.ide.rider/Rider/Editor/ProjectGeneration/AssemblyNameProvider.cs
  artifactKey: Guid(56c8c6e437b14f8e9a91e9832c11bc1a) Importer(2089858483,b0f066a214c2f5e87bad3c948f4d605d)
Start importing Packages/com.unity.ide.rider/Rider/Editor/ProjectGeneration/AssemblyNameProvider.cs using Guid(56c8c6e437b14f8e9a91e9832c11bc1a) Importer(2089858483,b0f066a214c2f5e87bad3c948f4d605d) (ScriptedImporter) -> (artifact id: 'de870fb85aa46a15cdd1e9f1ffd4955c') in 0.0181702 seconds
Number of updated asset objects reloaded before import = 0Number of asset objects unloaded after import = 0

========================================================================
Received Import Request.
  Time since last request: 0.000103 seconds.
  path: Packages/com.unity.ai.navigation/EditorResources/Overlay/d_NavigationOverlay@32.png
  artifactKey: Guid(6f3c566cd9f63c9408d201ea50b51444) Importer(2089858483,b0f066a214c2f5e87bad3c948f4d605d)
Start importing Packages/com.unity.ai.navigation/EditorResources/Overlay/d_NavigationOverlay@32.png using Guid(6f3c566cd9f63c9408d201ea50b51444) Importer(2089858483,b0f066a214c2f5e87bad3c948f4d605d) (ScriptedImporter) -> (artifact id: '1536e7c39962cb606c1e6f5de72ec4fc') in 0.0261396 seconds
Number of updated asset objects reloaded before import = 0Number of asset objects unloaded after import = 1

========================================================================
Received Import Request.
  Time since last request: 0.000175 seconds.
  path: Packages/com.unity.ide.rider/Rider/Editor/com.unity.ide.rider.asmdef
  artifactKey: Guid(d528c8c98d269ca44a06cd9624a03945) Importer(2089858483,b0f066a214c2f5e87bad3c948f4d605d)
Start importing Packages/com.unity.ide.rider/Rider/Editor/com.unity.ide.rider.asmdef using Guid(d528c8c98d269ca44a06cd9624a03945) Importer(2089858483,b0f066a214c2f5e87bad3c948f4d605d) (ScriptedImporter) -> (artifact id: 'a555dc815e291cea017768b93b7c0e26') in 0.0206441 seconds
Number of updated asset objects reloaded before import = 0Number of asset objects unloaded after import = 1

========================================================================
Received Import Request.
  Time since last request: 0.000207 seconds.
  path: Packages/com.unity.timeline/Editor/Utilities/DisplayNameHelper.cs
  artifactKey: Guid(7fc2147e42d71644aad0eaf9a3526249) Importer(2089858483,b0f066a214c2f5e87bad3c948f4d605d)
Start importing Packages/com.unity.timeline/Editor/Utilities/DisplayNameHelper.cs using Guid(7fc2147e42d71644aad0eaf9a3526249) Importer(2089858483,b0f066a214c2f5e87bad3c948f4d605d) (ScriptedImporter) -> (artifact id: 'c1063bc8a56e3f5e643e30408a76dcfc') in 0.0208488 seconds
Number of updated asset objects reloaded before import = 0Number of asset objects unloaded after import = 0

========================================================================
Received Import Request.
  Time since last request: 0.000132 seconds.
  path: Packages/com.unity.timeline/Editor/Animation/ClipCurveEditor.cs
  artifactKey: Guid(d49b2ed20045e034f9cdf6a6d95e6183) Importer(2089858483,b0f066a214c2f5e87bad3c948f4d605d)
Start importing Packages/com.unity.timeline/Editor/Animation/ClipCurveEditor.cs using Guid(d49b2ed20045e034f9cdf6a6d95e6183) Importer(2089858483,b0f066a214c2f5e87bad3c948f4d605d) (ScriptedImporter) -> (artifact id: '855e4d56f727a1f7d5569ac270994899') in 0.0204797 seconds
Number of updated asset objects reloaded before import = 0Number of asset objects unloaded after import = 0

========================================================================
Received Import Request.
  Time since last request: 0.000312 seconds.
  path: Packages/com.unity.ext.nunit/package.json
  artifactKey: Guid(8143d3a8390f2c64685e3bc272bd9e90) Importer(2089858483,b0f066a214c2f5e87bad3c948f4d605d)
Start importing Packages/com.unity.ext.nunit/package.json using Guid(8143d3a8390f2c64685e3bc272bd9e90) Importer(2089858483,b0f066a214c2f5e87bad3c948f4d605d) (ScriptedImporter) -> (artifact id: '5c5b75a2bba8ff3bf0298965573afcdf') in 0.0180813 seconds
Number of updated asset objects reloaded before import = 0Number of asset objects unloaded after import = 1

========================================================================
Received Import Request.
  Time since last request: 0.000151 seconds.
  path: Packages/com.unity.timeline/Editor/Actions/TimelineAction.cs
  artifactKey: Guid(38eaad816666dfb428c3f123a09413c6) Importer(2089858483,b0f066a214c2f5e87bad3c948f4d605d)
Start importing Packages/com.unity.timeline/Editor/Actions/TimelineAction.cs using Guid(38eaad816666dfb428c3f123a09413c6) Importer(2089858483,b0f066a214c2f5e87bad3c948f4d605d) (ScriptedImporter) -> (artifact id: 'ef1964e3bf0e19c50ec41a4cc3fa9eea') in 0.0195957 seconds
Number of updated asset objects reloaded before import = 0Number of asset objects unloaded after import = 0

========================================================================
Received Import Request.
  Time since last request: 0.000141 seconds.
  path: Packages/com.unity.timeline/Editor/Window/TimelineWindow_TimeCursor.cs
  artifactKey: Guid(e763a90581e2d8143bc9a0e384ce6f0f) Importer(2089858483,b0f066a214c2f5e87bad3c948f4d605d)
Start importing Packages/com.unity.timeline/Editor/Window/TimelineWindow_TimeCursor.cs using Guid(e763a90581e2d8143bc9a0e384ce6f0f) Importer(2089858483,b0f066a214c2f5e87bad3c948f4d605d) (ScriptedImporter) -> (artifact id: 'aaf979d3c14b5b13b1e27e0a0fa4bac1') in 0.0166763 seconds
Number of updated asset objects reloaded before import = 0Number of asset objects unloaded after import = 0

========================================================================
Received Import Request.
  Time since last request: 0.000491 seconds.
  path: Packages/com.unity.timeline/Editor/treeview/TrackGui/InlineCurveEditor.cs
  artifactKey: Guid(1e96b886242ab404db69df796f7cd9b0) Importer(2089858483,b0f066a214c2f5e87bad3c948f4d605d)
Start importing Packages/com.unity.timeline/Editor/treeview/TrackGui/InlineCurveEditor.cs using Guid(1e96b886242ab404db69df796f7cd9b0) Importer(2089858483,b0f066a214c2f5e87bad3c948f4d605d) (ScriptedImporter) -> (artifact id: '40df879d6a13ee94954d395359c3b717') in 0.0208751 seconds
Number of updated asset objects reloaded before import = 0Number of asset objects unloaded after import = 0

========================================================================
Received Import Request.
  Time since last request: 0.000249 seconds.
  path: Packages/com.unity.ide.rider/Rider/Editor/ProjectGeneration/GUIDProvider.cs
  artifactKey: Guid(8cfde1a59fb35574189691a9de1df93b) Importer(2089858483,b0f066a214c2f5e87bad3c948f4d605d)
Start importing Packages/com.unity.ide.rider/Rider/Editor/ProjectGeneration/GUIDProvider.cs using Guid(8cfde1a59fb35574189691a9de1df93b) Importer(2089858483,b0f066a214c2f5e87bad3c948f4d605d) (ScriptedImporter) -> (artifact id: '7210d2a880223d7e1a256606746e30f9') in 0.0194018 seconds
Number of updated asset objects reloaded before import = 0Number of asset objects unloaded after import = 0

========================================================================
Received Import Request.
  Time since last request: 0.000116 seconds.
  path: Packages/com.unity.timeline/Editor/Items/ITimelineItem.cs
  artifactKey: Guid(2c87ec8c97244cd47945ec90a99abe35) Importer(2089858483,b0f066a214c2f5e87bad3c948f4d605d)
Start importing Packages/com.unity.timeline/Editor/Items/ITimelineItem.cs using Guid(2c87ec8c97244cd47945ec90a99abe35) Importer(2089858483,b0f066a214c2f5e87bad3c948f4d605d) (ScriptedImporter) -> (artifact id: 'b8dd3924769f9d2d7803dafaf0be2ee3') in 0.018911 seconds
Number of updated asset objects reloaded before import = 0Number of asset objects unloaded after import = 0

========================================================================
Received Import Request.
  Time since last request: 0.000299 seconds.
  path: Packages/com.unity.timeline/Editor/Manipulators/Move/IMoveItemMode.cs
  artifactKey: Guid(3ff3d24ea34f9f74cb138e435f5f491e) Importer(2089858483,b0f066a214c2f5e87bad3c948f4d605d)
Start importing Packages/com.unity.timeline/Editor/Manipulators/Move/IMoveItemMode.cs using Guid(3ff3d24ea34f9f74cb138e435f5f491e) Importer(2089858483,b0f066a214c2f5e87bad3c948f4d605d) (ScriptedImporter) -> (artifact id: '45201da01f7c550dcae5db04ae02a516') in 0.0228487 seconds
Number of updated asset objects reloaded before import = 0Number of asset objects unloaded after import = 0

========================================================================
Received Import Request.
  Time since last request: 0.000260 seconds.
  path: Packages/com.unity.timeline/Editor/treeview/TimelineClipUnion.cs
  artifactKey: Guid(dc99dfeec967f2644b25dd6bace59b7e) Importer(2089858483,b0f066a214c2f5e87bad3c948f4d605d)
Start importing Packages/com.unity.timeline/Editor/treeview/TimelineClipUnion.cs using Guid(dc99dfeec967f2644b25dd6bace59b7e) Importer(2089858483,b0f066a214c2f5e87bad3c948f4d605d) (ScriptedImporter) -> (artifact id: 'a6e845340c83b68eae5a7de53cd9c4f8') in 0.0397634 seconds
Number of updated asset objects reloaded before import = 0Number of asset objects unloaded after import = 0

========================================================================
Received Import Request.
  Time since last request: 0.000605 seconds.
  path: Packages/com.unity.timeline/Editor/inspectors/AnimationPlayableAssetInspector.cs
  artifactKey: Guid(f7852b99951997645ae7adaac5f0b083) Importer(2089858483,b0f066a214c2f5e87bad3c948f4d605d)
Start importing Packages/com.unity.timeline/Editor/inspectors/AnimationPlayableAssetInspector.cs using Guid(f7852b99951997645ae7adaac5f0b083) Importer(2089858483,b0f066a214c2f5e87bad3c948f4d605d) (ScriptedImporter) -> (artifact id: 'bc468d6b9fe4d38ffd0f41e9500b5bbf') in 0.0436599 seconds
Number of updated asset objects reloaded before import = 0Number of asset objects unloaded after import = 0

========================================================================
Received Import Request.
  Time since last request: 0.001323 seconds.
  path: Packages/com.unity.modules.physics2d/package.ModuleCompilationTrigger
  artifactKey: Guid(fe6a6957b37b61417b457a1e0541791d) Importer(2089858483,b0f066a214c2f5e87bad3c948f4d605d)
Start importing Packages/com.unity.modules.physics2d/package.ModuleCompilationTrigger using Guid(fe6a6957b37b61417b457a1e0541791d) Importer(2089858483,b0f066a214c2f5e87bad3c948f4d605d) (ScriptedImporter) -> (artifact id: '73de9fba277a923c1aab4372f2497750') in 0.0961991 seconds
Number of updated asset objects reloaded before import = 0Number of asset objects unloaded after import = 1

========================================================================
Received Import Request.
  Time since last request: 0.008465 seconds.
  path: Packages/com.unity.modules.accessibility/package.json
  artifactKey: Guid(43674d438e19b89d7fe6af07234f3252) Importer(2089858483,b0f066a214c2f5e87bad3c948f4d605d)
Start importing Packages/com.unity.modules.accessibility/package.json using Guid(43674d438e19b89d7fe6af07234f3252) Importer(2089858483,b0f066a214c2f5e87bad3c948f4d605d) (ScriptedImporter) -> (artifact id: 'bb5cb7a0a94ea40cde09d3dcb9832066') in 0.0391334 seconds
Number of updated asset objects reloaded before import = 0Number of asset objects unloaded after import = 1

========================================================================
Received Import Request.
  Time since last request: 0.000133 seconds.
  path: Packages/com.unity.modules.terrain/package.json
  artifactKey: Guid(6d56244f8c39a851975d3c0bd432c66f) Importer(2089858483,b0f066a214c2f5e87bad3c948f4d605d)
Start importing Packages/com.unity.modules.terrain/package.json using Guid(6d56244f8c39a851975d3c0bd432c66f) Importer(2089858483,b0f066a214c2f5e87bad3c948f4d605d) (ScriptedImporter) -> (artifact id: '46ec806af16e2c50245b032671254677') in 0.033403 seconds
Number of updated asset objects reloaded before import = 0Number of asset objects unloaded after import = 1

========================================================================
Received Import Request.
  Time since last request: 0.000162 seconds.
  path: Packages/com.unity.timeline/Editor/Manipulators/Sequence/RectangleTool.cs
  artifactKey: Guid(24a7ce8b48db53747a4e8abbda77eac4) Importer(2089858483,b0f066a214c2f5e87bad3c948f4d605d)
Start importing Packages/com.unity.timeline/Editor/Manipulators/Sequence/RectangleTool.cs using Guid(24a7ce8b48db53747a4e8abbda77eac4) Importer(2089858483,b0f066a214c2f5e87bad3c948f4d605d) (ScriptedImporter) -> (artifact id: '1770e06f2151523c065e7f6ce819787a') in 0.0334045 seconds
Number of updated asset objects reloaded before import = 0Number of asset objects unloaded after import = 0

========================================================================
Received Import Request.
  Time since last request: 0.000305 seconds.
  path: Packages/com.unity.timeline/Editor/Actions/ClipAction.cs
  artifactKey: Guid(fa130a47ff26ad84f867961fc32334af) Importer(2089858483,b0f066a214c2f5e87bad3c948f4d605d)
Start importing Packages/com.unity.timeline/Editor/Actions/ClipAction.cs using Guid(fa130a47ff26ad84f867961fc32334af) Importer(2089858483,b0f066a214c2f5e87bad3c948f4d605d) (ScriptedImporter) -> (artifact id: '4c3af9e4405e3c4585d4fb24760ceebf') in 0.0442166 seconds
Number of updated asset objects reloaded before import = 0Number of asset objects unloaded after import = 0

========================================================================
Received Import Request.
  Time since last request: 0.000589 seconds.
  path: Packages/com.unity.timeline/Editor/Utilities/TimeReferenceUtility.cs
  artifactKey: Guid(f6bb32665bcc91b41a7177fd6af08ad6) Importer(2089858483,b0f066a214c2f5e87bad3c948f4d605d)
Start importing Packages/com.unity.timeline/Editor/Utilities/TimeReferenceUtility.cs using Guid(f6bb32665bcc91b41a7177fd6af08ad6) Importer(2089858483,b0f066a214c2f5e87bad3c948f4d605d) (ScriptedImporter) -> (artifact id: 'dbf4a4c96019580fd23f8f0dae4fb33c') in 0.0332466 seconds
Number of updated asset objects reloaded before import = 0Number of asset objects unloaded after import = 0

========================================================================
Received Import Request.
  Time since last request: 0.000834 seconds.
  path: Packages/com.unity.multiplayer.center/Editor/MultiplayerCenterWindow/UI/Icons/NoNetcode.png
  artifactKey: Guid(1daed49eec0f94f7ebb36dfef6159884) Importer(2089858483,b0f066a214c2f5e87bad3c948f4d605d)
Start importing Packages/com.unity.multiplayer.center/Editor/MultiplayerCenterWindow/UI/Icons/NoNetcode.png using Guid(1daed49eec0f94f7ebb36dfef6159884) Importer(2089858483,b0f066a214c2f5e87bad3c948f4d605d) (ScriptedImporter) -> (artifact id: '051b50ba68fe06cbac81fdec95c7a202') in 0.0441907 seconds
Number of updated asset objects reloaded before import = 0Number of asset objects unloaded after import = 1

========================================================================
Received Import Request.
  Time since last request: 0.000091 seconds.
  path: Packages/com.unity.timeline/Editor/Manipulators/Move/MoveItemHandler.cs
  artifactKey: Guid(f6bd368ab00d75c459e2582e017191e6) Importer(2089858483,b0f066a214c2f5e87bad3c948f4d605d)
Start importing Packages/com.unity.timeline/Editor/Manipulators/Move/MoveItemHandler.cs using Guid(f6bd368ab00d75c459e2582e017191e6) Importer(2089858483,b0f066a214c2f5e87bad3c948f4d605d) (ScriptedImporter) -> (artifact id: '0feb7e70163ef089583de09181d71e45') in 0.0274539 seconds
Number of updated asset objects reloaded before import = 0Number of asset objects unloaded after import = 0

========================================================================
Received Import Request.
  Time since last request: 0.000130 seconds.
  path: Packages/com.unity.modules.vehicles/package.ModuleCompilationTrigger
  artifactKey: Guid(e5c46c19ce0ce2e0103aa6f82df1043a) Importer(2089858483,b0f066a214c2f5e87bad3c948f4d605d)
Start importing Packages/com.unity.modules.vehicles/package.ModuleCompilationTrigger using Guid(e5c46c19ce0ce2e0103aa6f82df1043a) Importer(2089858483,b0f066a214c2f5e87bad3c948f4d605d) (ScriptedImporter) -> (artifact id: '3ae2a2a0e798035d8f9f9687f1fefb75') in 0.0483874 seconds
Number of updated asset objects reloaded before import = 0Number of asset objects unloaded after import = 1

========================================================================
Received Import Request.
  Time since last request: 0.002067 seconds.
  path: Packages/com.unity.timeline/Runtime/Utilities/AnimationPreviewUtilities.cs
  artifactKey: Guid(01da6c5b7c781174d818662ce6f39b8b) Importer(2089858483,b0f066a214c2f5e87bad3c948f4d605d)
Start importing Packages/com.unity.timeline/Runtime/Utilities/AnimationPreviewUtilities.cs using Guid(01da6c5b7c781174d818662ce6f39b8b) Importer(2089858483,b0f066a214c2f5e87bad3c948f4d605d) (ScriptedImporter) -> (artifact id: '60ccd6e3004873fb395e9176d54e0d72') in 0.0421327 seconds
Number of updated asset objects reloaded before import = 0Number of asset objects unloaded after import = 0

========================================================================
Received Import Request.
  Time since last request: 0.000100 seconds.
  path: Packages/com.unity.timeline/Editor/Utilities/Scopes/HorizontalScope.cs
  artifactKey: Guid(75e3737506434a75b1f7901d8883ad47) Importer(2089858483,b0f066a214c2f5e87bad3c948f4d605d)
Start importing Packages/com.unity.timeline/Editor/Utilities/Scopes/HorizontalScope.cs using Guid(75e3737506434a75b1f7901d8883ad47) Importer(2089858483,b0f066a214c2f5e87bad3c948f4d605d) (ScriptedImporter) -> (artifact id: 'fd9b0420cc4f97191c2b55b51788aa26') in 0.0234919 seconds
Number of updated asset objects reloaded before import = 0Number of asset objects unloaded after import = 0

========================================================================
Received Import Request.
  Time since last request: 0.001355 seconds.
  path: Packages/com.unity.modules.imageconversion/package.ModuleCompilationTrigger
  artifactKey: Guid(830a36a23cf3ab1e61fa47940a6dc35e) Importer(2089858483,b0f066a214c2f5e87bad3c948f4d605d)
Start importing Packages/com.unity.modules.imageconversion/package.ModuleCompilationTrigger using Guid(830a36a23cf3ab1e61fa47940a6dc35e) Importer(2089858483,b0f066a214c2f5e87bad3c948f4d605d) (ScriptedImporter) -> (artifact id: '32ecc209a5a446d864e103c284d8525d') in 0.0459734 seconds
Number of updated asset objects reloaded before import = 0Number of asset objects unloaded after import = 1

========================================================================
Received Import Request.
  Time since last request: 0.002552 seconds.
  path: Packages/com.unity.ext.nunit/CHANGELOG.md
  artifactKey: Guid(f49bbe06ffa5ae24abe32abdab430c24) Importer(2089858483,b0f066a214c2f5e87bad3c948f4d605d)
Start importing Packages/com.unity.ext.nunit/CHANGELOG.md using Guid(f49bbe06ffa5ae24abe32abdab430c24) Importer(2089858483,b0f066a214c2f5e87bad3c948f4d605d) (ScriptedImporter) -> (artifact id: '11117bd5ccb1a859fccc38395f824d47') in 0.0317487 seconds
Number of updated asset objects reloaded before import = 0Number of asset objects unloaded after import = 1

========================================================================
Received Import Request.
  Time since last request: 0.000199 seconds.
  path: Packages/com.unity.timeline/Editor/Undo/UndoScope.cs
  artifactKey: Guid(ef85e74dfd3749279eff9e7fbfbaf3f8) Importer(2089858483,b0f066a214c2f5e87bad3c948f4d605d)
Start importing Packages/com.unity.timeline/Editor/Undo/UndoScope.cs using Guid(ef85e74dfd3749279eff9e7fbfbaf3f8) Importer(2089858483,b0f066a214c2f5e87bad3c948f4d605d) (ScriptedImporter) -> (artifact id: 'c0a4de88cb1c06eeb5dcb632a0a1e865') in 0.0248616 seconds
Number of updated asset objects reloaded before import = 0Number of asset objects unloaded after import = 0

========================================================================
Received Import Request.
  Time since last request: 0.000220 seconds.
  path: Packages/com.unity.timeline/Editor/Window/ViewModel/TimelineWindowViewPrefs.cs
  artifactKey: Guid(105515c1653548242b4fe973c0f375f7) Importer(2089858483,b0f066a214c2f5e87bad3c948f4d605d)
Start importing Packages/com.unity.timeline/Editor/Window/ViewModel/TimelineWindowViewPrefs.cs using Guid(105515c1653548242b4fe973c0f375f7) Importer(2089858483,b0f066a214c2f5e87bad3c948f4d605d) (ScriptedImporter) -> (artifact id: 'b996f4d84e4a4b1ddcc28d551f9fc882') in 0.022387 seconds
Number of updated asset objects reloaded before import = 0Number of asset objects unloaded after import = 0

========================================================================
Received Import Request.
  Time since last request: 0.000079 seconds.
  path: Packages/com.unity.timeline/Editor/Manipulators/TimeIndicator.cs
  artifactKey: Guid(1d446e57147ca9b4183edfbbfa9bf206) Importer(2089858483,b0f066a214c2f5e87bad3c948f4d605d)
Start importing Packages/com.unity.timeline/Editor/Manipulators/TimeIndicator.cs using Guid(1d446e57147ca9b4183edfbbfa9bf206) Importer(2089858483,b0f066a214c2f5e87bad3c948f4d605d) (ScriptedImporter) -> (artifact id: '309d30c067c64d3fb0fc65900186437a') in 0.0190187 seconds
Number of updated asset objects reloaded before import = 0Number of asset objects unloaded after import = 0

========================================================================
Received Import Request.
  Time since last request: 0.000337 seconds.
  path: Packages/com.unity.timeline/Editor/Utilities/BreadcrumbDrawer.cs
  artifactKey: Guid(526f285e8d4fb8140b4cdfeb9102d8cb) Importer(2089858483,b0f066a214c2f5e87bad3c948f4d605d)
Start importing Packages/com.unity.timeline/Editor/Utilities/BreadcrumbDrawer.cs using Guid(526f285e8d4fb8140b4cdfeb9102d8cb) Importer(2089858483,b0f066a214c2f5e87bad3c948f4d605d) (ScriptedImporter) -> (artifact id: 'bef4a9c0eadb43938bfc121d694bf8db') in 0.0174798 seconds
Number of updated asset objects reloaded before import = 0Number of asset objects unloaded after import = 0

========================================================================
Received Import Request.
  Time since last request: 0.000333 seconds.
  path: Packages/com.unity.multiplayer.center/Tests/Runtime/PlaceholderTest.cs
  artifactKey: Guid(7456ea4ba2dcd48d3909b82e610f2048) Importer(2089858483,b0f066a214c2f5e87bad3c948f4d605d)
Start importing Packages/com.unity.multiplayer.center/Tests/Runtime/PlaceholderTest.cs using Guid(7456ea4ba2dcd48d3909b82e610f2048) Importer(2089858483,b0f066a214c2f5e87bad3c948f4d605d) (ScriptedImporter) -> (artifact id: '4146e8066853c8cc345aaedcd8f9ecc8') in 0.0182969 seconds
Number of updated asset objects reloaded before import = 0Number of asset objects unloaded after import = 0

========================================================================
Received Import Request.
  Time since last request: 0.000237 seconds.
  path: Packages/com.unity.timeline/Editor/treeview/Drawers/Layers/ClipsLayer.cs
  artifactKey: Guid(a809a4b50addbf44b9023b5e7f9fd4d2) Importer(2089858483,b0f066a214c2f5e87bad3c948f4d605d)
Start importing Packages/com.unity.timeline/Editor/treeview/Drawers/Layers/ClipsLayer.cs using Guid(a809a4b50addbf44b9023b5e7f9fd4d2) Importer(2089858483,b0f066a214c2f5e87bad3c948f4d605d) (ScriptedImporter) -> (artifact id: '21fba8c920830d4ea3925d3b0e0e036a') in 0.0206875 seconds
Number of updated asset objects reloaded before import = 0Number of asset objects unloaded after import = 0

========================================================================
Received Import Request.
  Time since last request: 0.000030 seconds.
  path: Packages/com.unity.timeline/Editor/Actions/TrackActions.cs
  artifactKey: Guid(fda82b5ca7a4c5f40b497c4f5f4bd950) Importer(2089858483,b0f066a214c2f5e87bad3c948f4d605d)
Start importing Packages/com.unity.timeline/Editor/Actions/TrackActions.cs using Guid(fda82b5ca7a4c5f40b497c4f5f4bd950) Importer(2089858483,b0f066a214c2f5e87bad3c948f4d605d) (ScriptedImporter) -> (artifact id: 'eb7bc7b1a77f5aa05884ad06dc88a7b7') in 0.0286642 seconds
Number of updated asset objects reloaded before import = 0Number of asset objects unloaded after import = 0

========================================================================
Received Import Request.
  Time since last request: 0.000047 seconds.
  path: Packages/com.unity.timeline/Editor/DirectorStyles.cs
  artifactKey: Guid(d7b5b883d3aae8d479647d5ae6182974) Importer(2089858483,b0f066a214c2f5e87bad3c948f4d605d)
Start importing Packages/com.unity.timeline/Editor/DirectorStyles.cs using Guid(d7b5b883d3aae8d479647d5ae6182974) Importer(2089858483,b0f066a214c2f5e87bad3c948f4d605d) (ScriptedImporter) -> (artifact id: '79e75c421d99b8f5969ffe94513f98a9') in 0.0682411 seconds
Number of updated asset objects reloaded before import = 0Number of asset objects unloaded after import = 0

========================================================================
Received Import Request.
  Time since last request: 0.000061 seconds.
  path: Packages/com.unity.timeline/Editor/Utilities/FileUtility.cs
  artifactKey: Guid(0303d12aca9843d3bd68adf722d9c9fd) Importer(2089858483,b0f066a214c2f5e87bad3c948f4d605d)
Start importing Packages/com.unity.timeline/Editor/Utilities/FileUtility.cs using Guid(0303d12aca9843d3bd68adf722d9c9fd) Importer(2089858483,b0f066a214c2f5e87bad3c948f4d605d) (ScriptedImporter) -> (artifact id: '9f742258a91c16630671e30e6e925188') in 0.0732017 seconds
Number of updated asset objects reloaded before import = 0Number of asset objects unloaded after import = 0

========================================================================
Received Import Request.
  Time since last request: 0.000203 seconds.
  path: Packages/com.unity.ai.navigation/EditorResources/Overlay/NavigationOverlay@32.png
  artifactKey: Guid(f9a2f623ba32a844da6de770f5ccf17f) Importer(2089858483,b0f066a214c2f5e87bad3c948f4d605d)
Start importing Packages/com.unity.ai.navigation/EditorResources/Overlay/NavigationOverlay@32.png using Guid(f9a2f623ba32a844da6de770f5ccf17f) Importer(2089858483,b0f066a214c2f5e87bad3c948f4d605d) (ScriptedImporter) -> (artifact id: '846307b78fa98d239cb050a2d9829876') in 0.0759578 seconds
Number of updated asset objects reloaded before import = 0Number of asset objects unloaded after import = 1

========================================================================
Received Import Request.
  Time since last request: 0.001056 seconds.
  path: Packages/com.unity.timeline/Editor/Extensions/AnimatedParameterExtensions.cs
  artifactKey: Guid(7d3aa106cfe752241997b3759bf80163) Importer(2089858483,b0f066a214c2f5e87bad3c948f4d605d)
Start importing Packages/com.unity.timeline/Editor/Extensions/AnimatedParameterExtensions.cs using Guid(7d3aa106cfe752241997b3759bf80163) Importer(2089858483,b0f066a214c2f5e87bad3c948f4d605d) (ScriptedImporter) -> (artifact id: '0d20e255a2ccf65e1abb72ae47b1e5c6') in 0.0782344 seconds
Number of updated asset objects reloaded before import = 0Number of asset objects unloaded after import = 0

========================================================================
Received Import Request.
  Time since last request: 0.000046 seconds.
  path: Packages/com.unity.timeline/Editor/StyleSheets/Images/Icons/TimelineEditModeReplaceOFF.png
  artifactKey: Guid(09ae14686a02d484ab41e76fd1efba14) Importer(2089858483,b0f066a214c2f5e87bad3c948f4d605d)
Start importing Packages/com.unity.timeline/Editor/StyleSheets/Images/Icons/TimelineEditModeReplaceOFF.png using Guid(09ae14686a02d484ab41e76fd1efba14) Importer(2089858483,b0f066a214c2f5e87bad3c948f4d605d) (ScriptedImporter) -> (artifact id: '74350b2612f91a167eadf840f4eb6b11') in 0.0657662 seconds
Number of updated asset objects reloaded before import = 0Number of asset objects unloaded after import = 1

========================================================================
Received Import Request.
  Time since last request: 0.000045 seconds.
  path: Packages/com.unity.timeline/Editor/inspectors/IInspectorChangeHandler.cs
  artifactKey: Guid(3b41db653d2547dca9eb5c43b6c5aeb0) Importer(2089858483,b0f066a214c2f5e87bad3c948f4d605d)
Start importing Packages/com.unity.timeline/Editor/inspectors/IInspectorChangeHandler.cs using Guid(3b41db653d2547dca9eb5c43b6c5aeb0) Importer(2089858483,b0f066a214c2f5e87bad3c948f4d605d) (ScriptedImporter) -> (artifact id: '4bca1b39e46093b56af0d55c1200c136') in 0.0222563 seconds
Number of updated asset objects reloaded before import = 0Number of asset objects unloaded after import = 0

========================================================================
Received Import Request.
  Time since last request: 0.000212 seconds.
  path: Packages/com.unity.timeline/Editor/StyleSheets/Images/DarkSkin/TimelineTimeCursor.png
  artifactKey: Guid(3b9e9b3d9ade166499e7a17109ca73bf) Importer(2089858483,b0f066a214c2f5e87bad3c948f4d605d)
Start importing Packages/com.unity.timeline/Editor/StyleSheets/Images/DarkSkin/TimelineTimeCursor.png using Guid(3b9e9b3d9ade166499e7a17109ca73bf) Importer(2089858483,b0f066a214c2f5e87bad3c948f4d605d) (ScriptedImporter) -> (artifact id: '68306d3c8ffd6dd26f6a88ae3f11d945') in 0.0660428 seconds
Number of updated asset objects reloaded before import = 0Number of asset objects unloaded after import = 1

========================================================================
Received Import Request.
  Time since last request: 0.000078 seconds.
  path: Packages/com.unity.timeline/Editor/Utilities/StyleNormalColorOverride.cs
  artifactKey: Guid(2bd3ca1fde4b154448ef972b0f9d292e) Importer(2089858483,b0f066a214c2f5e87bad3c948f4d605d)
Start importing Packages/com.unity.timeline/Editor/Utilities/StyleNormalColorOverride.cs using Guid(2bd3ca1fde4b154448ef972b0f9d292e) Importer(2089858483,b0f066a214c2f5e87bad3c948f4d605d) (ScriptedImporter) -> (artifact id: 'bbf649279b408097eb8c03e47975bc41') in 0.0246935 seconds
Number of updated asset objects reloaded before import = 0Number of asset objects unloaded after import = 0

========================================================================
Received Import Request.
  Time since last request: 0.000072 seconds.
  path: Packages/com.unity.timeline/Editor/treeview/ItemGui/TimelineItemGUI.cs
  artifactKey: Guid(6f515f8ecd3b6a546b90abaae2553f99) Importer(2089858483,b0f066a214c2f5e87bad3c948f4d605d)
Start importing Packages/com.unity.timeline/Editor/treeview/ItemGui/TimelineItemGUI.cs using Guid(6f515f8ecd3b6a546b90abaae2553f99) Importer(2089858483,b0f066a214c2f5e87bad3c948f4d605d) (ScriptedImporter) -> (artifact id: 'c445b4b45b9eb84424abb26009b789db') in 0.0565527 seconds
Number of updated asset objects reloaded before import = 0Number of asset objects unloaded after import = 0

========================================================================
Received Import Request.
  Time since last request: 0.001837 seconds.
  path: Packages/com.unity.timeline/Editor/treeview/ItemGui/TimelineMarkerClusterGUI.cs
  artifactKey: Guid(2c03ae9aa36a4fd44a983831f44654be) Importer(2089858483,b0f066a214c2f5e87bad3c948f4d605d)
Start importing Packages/com.unity.timeline/Editor/treeview/ItemGui/TimelineMarkerClusterGUI.cs using Guid(2c03ae9aa36a4fd44a983831f44654be) Importer(2089858483,b0f066a214c2f5e87bad3c948f4d605d) (ScriptedImporter) -> (artifact id: 'b1e35e1895f473e9476d23ce011904b3') in 0.0408215 seconds
Number of updated asset objects reloaded before import = 0Number of asset objects unloaded after import = 0

========================================================================
Received Import Request.
  Time since last request: 0.000374 seconds.
  path: Packages/com.unity.ai.navigation/Editor/ConversionSystem/ConverterItemDescriptor.cs
  artifactKey: Guid(3f72db493d3cd4e03ae748a6cd15534d) Importer(2089858483,b0f066a214c2f5e87bad3c948f4d605d)
Start importing Packages/com.unity.ai.navigation/Editor/ConversionSystem/ConverterItemDescriptor.cs using Guid(3f72db493d3cd4e03ae748a6cd15534d) Importer(2089858483,b0f066a214c2f5e87bad3c948f4d605d) (ScriptedImporter) -> (artifact id: '5e6e171b36d9f03bb7d662971cafa84d') in 0.0361557 seconds
Number of updated asset objects reloaded before import = 0Number of asset objects unloaded after import = 0

========================================================================
Received Import Request.
  Time since last request: 0.000338 seconds.
  path: Packages/com.unity.timeline/Editor/TimelineSelection.cs
  artifactKey: Guid(65b045927b3948f43afb31234936c6aa) Importer(2089858483,b0f066a214c2f5e87bad3c948f4d605d)
Start importing Packages/com.unity.timeline/Editor/TimelineSelection.cs using Guid(65b045927b3948f43afb31234936c6aa) Importer(2089858483,b0f066a214c2f5e87bad3c948f4d605d) (ScriptedImporter) -> (artifact id: 'c7f498e92dcc74f8362c362f45b97f6a') in 0.0474472 seconds
Number of updated asset objects reloaded before import = 0Number of asset objects unloaded after import = 0

========================================================================
Received Import Request.
  Time since last request: 0.000199 seconds.
  path: Packages/com.unity.timeline/Editor/Trackhead.cs
  artifactKey: Guid(22899211c24eeb248b22704499dd108f) Importer(2089858483,b0f066a214c2f5e87bad3c948f4d605d)
Start importing Packages/com.unity.timeline/Editor/Trackhead.cs using Guid(22899211c24eeb248b22704499dd108f) Importer(2089858483,b0f066a214c2f5e87bad3c948f4d605d) (ScriptedImporter) -> (artifact id: '3c0baf95c4d6bafbbb477128ab412c9b') in 0.0604421 seconds
Number of updated asset objects reloaded before import = 0Number of asset objects unloaded after import = 0

========================================================================
Received Import Request.
  Time since last request: 0.000238 seconds.
  path: Packages/com.unity.multiplayer.center/Tests/Editor/RecommendationTests.cs
  artifactKey: Guid(0efb92c924574ec59b71b9185a6ed8fb) Importer(2089858483,b0f066a214c2f5e87bad3c948f4d605d)
Start importing Packages/com.unity.multiplayer.center/Tests/Editor/RecommendationTests.cs using Guid(0efb92c924574ec59b71b9185a6ed8fb) Importer(2089858483,b0f066a214c2f5e87bad3c948f4d605d) (ScriptedImporter) -> (artifact id: '3542539b5fb5c515a5f28cc8b7304db3') in 0.0652204 seconds
Number of updated asset objects reloaded before import = 0Number of asset objects unloaded after import = 0

========================================================================
Received Import Request.
  Time since last request: 0.000277 seconds.
  path: Packages/com.unity.timeline/Editor/StyleSheets/Images/Icons/d_TrackRecordButtonDisabled.png
  artifactKey: Guid(9c6daec86666cbb4b9e558b839a103db) Importer(2089858483,b0f066a214c2f5e87bad3c948f4d605d)
Start importing Packages/com.unity.timeline/Editor/StyleSheets/Images/Icons/d_TrackRecordButtonDisabled.png using Guid(9c6daec86666cbb4b9e558b839a103db) Importer(2089858483,b0f066a214c2f5e87bad3c948f4d605d) (ScriptedImporter) -> (artifact id: 'd96a2cde4612c444c0e6834959d7669f') in 0.1121469 seconds
Number of updated asset objects reloaded before import = 0Number of asset objects unloaded after import = 1

========================================================================
Received Import Request.
  Time since last request: 0.000035 seconds.
  path: Packages/com.unity.multiplayer.center/Tests/Editor/RecommenderSystemTests.cs
  artifactKey: Guid(284da2a38ea043d69e1a38fd8a22bec9) Importer(2089858483,b0f066a214c2f5e87bad3c948f4d605d)
Start importing Packages/com.unity.multiplayer.center/Tests/Editor/RecommenderSystemTests.cs using Guid(284da2a38ea043d69e1a38fd8a22bec9) Importer(2089858483,b0f066a214c2f5e87bad3c948f4d605d) (ScriptedImporter) -> (artifact id: '857074dfa333d7d18e7842d7f5032c43') in 0.0555786 seconds
Number of updated asset objects reloaded before import = 0Number of asset objects unloaded after import = 0

========================================================================
Received Import Request.
  Time since last request: 0.000525 seconds.
  path: Packages/com.unity.multiplayer.center/Editor/MultiplayerCenterWindow/UI/Icons/CustomNetcode.png
  artifactKey: Guid(dce12af736e0a4a1ba35d6424f897dc9) Importer(2089858483,b0f066a214c2f5e87bad3c948f4d605d)
Start importing Packages/com.unity.multiplayer.center/Editor/MultiplayerCenterWindow/UI/Icons/CustomNetcode.png using Guid(dce12af736e0a4a1ba35d6424f897dc9) Importer(2089858483,b0f066a214c2f5e87bad3c948f4d605d) (ScriptedImporter) -> (artifact id: 'ea0057cc961739e63ac438f7083574a0') in 0.0548174 seconds
Number of updated asset objects reloaded before import = 0Number of asset objects unloaded after import = 1

========================================================================
Received Import Request.
  Time since last request: 0.000118 seconds.
  path: Packages/com.unity.timeline/Runtime/TrackAsset.cs
  artifactKey: Guid(3ad53269c7421084ab67f804591994e0) Importer(2089858483,b0f066a214c2f5e87bad3c948f4d605d)
Start importing Packages/com.unity.timeline/Runtime/TrackAsset.cs using Guid(3ad53269c7421084ab67f804591994e0) Importer(2089858483,b0f066a214c2f5e87bad3c948f4d605d) (ScriptedImporter) -> (artifact id: '621c22c4c7f92b07a8b419a5bae5f485') in 0.0444107 seconds
Number of updated asset objects reloaded before import = 0Number of asset objects unloaded after import = 0

========================================================================
Received Import Request.
  Time since last request: 0.000355 seconds.
  path: Packages/com.unity.timeline/Editor/Manipulators/AddDelete/AddDeleteItemModeMix.cs
  artifactKey: Guid(41e14f40b915ca743a3dffd18ffc65ab) Importer(2089858483,b0f066a214c2f5e87bad3c948f4d605d)
Start importing Packages/com.unity.timeline/Editor/Manipulators/AddDelete/AddDeleteItemModeMix.cs using Guid(41e14f40b915ca743a3dffd18ffc65ab) Importer(2089858483,b0f066a214c2f5e87bad3c948f4d605d) (ScriptedImporter) -> (artifact id: '3a8cd6d52dcc6a1ef7f1b4f1621e01e5') in 0.052147 seconds
Number of updated asset objects reloaded before import = 0Number of asset objects unloaded after import = 0

========================================================================
Received Import Request.
  Time since last request: 0.000499 seconds.
  path: Packages/com.unity.modules.ai/package.json
  artifactKey: Guid(f0f13f2ab3d6d13cfc6e4656824bfca8) Importer(2089858483,b0f066a214c2f5e87bad3c948f4d605d)
Start importing Packages/com.unity.modules.ai/package.json using Guid(f0f13f2ab3d6d13cfc6e4656824bfca8) Importer(2089858483,b0f066a214c2f5e87bad3c948f4d605d) (ScriptedImporter) -> (artifact id: 'b0511fcf6c7c4ec046d44748c51c69fb') in 0.0206248 seconds
Number of updated asset objects reloaded before import = 0Number of asset objects unloaded after import = 1

========================================================================
Received Import Request.
  Time since last request: 0.000146 seconds.
  path: Packages/com.unity.timeline/Editor/StyleSheets/Images/LightSkin/TimelineStartPlayback.png
  artifactKey: Guid(824c4beb0ca6c934bbc7a26919302236) Importer(2089858483,b0f066a214c2f5e87bad3c948f4d605d)
Start importing Packages/com.unity.timeline/Editor/StyleSheets/Images/LightSkin/TimelineStartPlayback.png using Guid(824c4beb0ca6c934bbc7a26919302236) Importer(2089858483,b0f066a214c2f5e87bad3c948f4d605d) (ScriptedImporter) -> (artifact id: 'b9fc607b5fc7ea6ea3b0ada2d7932fb9') in 0.0321857 seconds
Number of updated asset objects reloaded before import = 0Number of asset objects unloaded after import = 1

========================================================================
Received Import Request.
  Time since last request: 0.000182 seconds.
  path: Packages/com.unity.timeline/Editor/Playables/ControlPlayableInspector.cs
  artifactKey: Guid(f65646ef159c91441bff704a5f7f419b) Importer(2089858483,b0f066a214c2f5e87bad3c948f4d605d)
Start importing Packages/com.unity.timeline/Editor/Playables/ControlPlayableInspector.cs using Guid(f65646ef159c91441bff704a5f7f419b) Importer(2089858483,b0f066a214c2f5e87bad3c948f4d605d) (ScriptedImporter) -> (artifact id: '726c4d5a66cf3b039feb2537cd8c747a') in 0.0291916 seconds
Number of updated asset objects reloaded before import = 0Number of asset objects unloaded after import = 0

========================================================================
Received Import Request.
  Time since last request: 0.000166 seconds.
  path: Packages/com.unity.ide.rider/Rider/Editor/Util/FileSystemUtil.cs
  artifactKey: Guid(bdbd564a9fdad0b738e76d030cad1204) Importer(2089858483,b0f066a214c2f5e87bad3c948f4d605d)
Start importing Packages/com.unity.ide.rider/Rider/Editor/Util/FileSystemUtil.cs using Guid(bdbd564a9fdad0b738e76d030cad1204) Importer(2089858483,b0f066a214c2f5e87bad3c948f4d605d) (ScriptedImporter) -> (artifact id: '8d70fc1c05c6d8dd68e18b95e485420b') in 0.0275274 seconds
Number of updated asset objects reloaded before import = 0Number of asset objects unloaded after import = 0

========================================================================
Received Import Request.
  Time since last request: 0.000196 seconds.
  path: Packages/com.unity.timeline/Editor/Utilities/ObjectReferenceField.cs
  artifactKey: Guid(29bf1d4ec1012bc45967ce95b729b8b3) Importer(2089858483,b0f066a214c2f5e87bad3c948f4d605d)
Start importing Packages/com.unity.timeline/Editor/Utilities/ObjectReferenceField.cs using Guid(29bf1d4ec1012bc45967ce95b729b8b3) Importer(2089858483,b0f066a214c2f5e87bad3c948f4d605d) (ScriptedImporter) -> (artifact id: '26cc5d60040c282220c0806b82bda4cb') in 0.0190637 seconds
Number of updated asset objects reloaded before import = 0Number of asset objects unloaded after import = 0

========================================================================
Received Import Request.
  Time since last request: 0.000247 seconds.
  path: Packages/com.unity.timeline/Runtime/Playables/TimeNotificationBehaviour.cs
  artifactKey: Guid(afeb55855d7a63b45ba6f8bd97599202) Importer(2089858483,b0f066a214c2f5e87bad3c948f4d605d)
Start importing Packages/com.unity.timeline/Runtime/Playables/TimeNotificationBehaviour.cs using Guid(afeb55855d7a63b45ba6f8bd97599202) Importer(2089858483,b0f066a214c2f5e87bad3c948f4d605d) (ScriptedImporter) -> (artifact id: '120913af4b27dbfdfff34f6a667ad765') in 0.0201294 seconds
Number of updated asset objects reloaded before import = 0Number of asset objects unloaded after import = 0

========================================================================
Received Import Request.
  Time since last request: 0.000235 seconds.
  path: Packages/com.unity.ai.navigation/EditorResources/Overlay/d_NavigationOverlay@16.png
  artifactKey: Guid(8d8d1929f2279804e8a744d3da25e23b) Importer(2089858483,b0f066a214c2f5e87bad3c948f4d605d)
Start importing Packages/com.unity.ai.navigation/EditorResources/Overlay/d_NavigationOverlay@16.png using Guid(8d8d1929f2279804e8a744d3da25e23b) Importer(2089858483,b0f066a214c2f5e87bad3c948f4d605d) (ScriptedImporter) -> (artifact id: '2213419d736de401ad7a78f3e8534a93') in 0.0401129 seconds
Number of updated asset objects reloaded before import = 0Number of asset objects unloaded after import = 1

========================================================================
Received Import Request.
  Time since last request: 0.000449 seconds.
  path: Packages/com.unity.timeline/Runtime/Events/Signals/CustomSignalEventDrawer.cs
  artifactKey: Guid(a7ebd1239373d5f41af65ef32d67f445) Importer(2089858483,b0f066a214c2f5e87bad3c948f4d605d)
Start importing Packages/com.unity.timeline/Runtime/Events/Signals/CustomSignalEventDrawer.cs using Guid(a7ebd1239373d5f41af65ef32d67f445) Importer(2089858483,b0f066a214c2f5e87bad3c948f4d605d) (ScriptedImporter) -> (artifact id: '3527051172ecb67fd3cc9b5c8153029b') in 0.0261268 seconds
Number of updated asset objects reloaded before import = 0Number of asset objects unloaded after import = 0

========================================================================
Received Import Request.
  Time since last request: 0.000264 seconds.
  path: Packages/com.unity.test-framework/UnityEditor.TestRunner/TestRunner/Utils/EditorAssembliesProxy.cs
  artifactKey: Guid(f96d0ea807c081145a1170ed1b6d71e0) Importer(2089858483,b0f066a214c2f5e87bad3c948f4d605d)
Start importing Packages/com.unity.test-framework/UnityEditor.TestRunner/TestRunner/Utils/EditorAssembliesProxy.cs using Guid(f96d0ea807c081145a1170ed1b6d71e0) Importer(2089858483,b0f066a214c2f5e87bad3c948f4d605d) (ScriptedImporter) -> (artifact id: '4bcb24a33f17422dc377dc828e27c541') in 0.022994 seconds
Number of updated asset objects reloaded before import = 0Number of asset objects unloaded after import = 0

========================================================================
Received Import Request.
  Time since last request: 0.000260 seconds.
  path: Packages/com.unity.multiplayer.center/Editor/MultiplayerCenterWindow/UI/Icons/Package.png
  artifactKey: Guid(9d9689eab72c8480c90679f4dcf18820) Importer(2089858483,b0f066a214c2f5e87bad3c948f4d605d)
Start importing Packages/com.unity.multiplayer.center/Editor/MultiplayerCenterWindow/UI/Icons/Package.png using Guid(9d9689eab72c8480c90679f4dcf18820) Importer(2089858483,b0f066a214c2f5e87bad3c948f4d605d) (ScriptedImporter) -> (artifact id: '748427f6b7e25b13c4f157da43d7d91b') in 0.0360914 seconds
Number of updated asset objects reloaded before import = 0Number of asset objects unloaded after import = 1

========================================================================
Received Import Request.
  Time since last request: 0.000267 seconds.
  path: Packages/com.unity.timeline/LICENSE.md
  artifactKey: Guid(6ecb9e17e44feb84cb80451fa27b09fe) Importer(2089858483,b0f066a214c2f5e87bad3c948f4d605d)
Start importing Packages/com.unity.timeline/LICENSE.md using Guid(6ecb9e17e44feb84cb80451fa27b09fe) Importer(2089858483,b0f066a214c2f5e87bad3c948f4d605d) (ScriptedImporter) -> (artifact id: '2ca2b65057f7e3563b03fbcd4272985d') in 0.0201853 seconds
Number of updated asset objects reloaded before import = 0Number of asset objects unloaded after import = 1

========================================================================
Received Import Request.
  Time since last request: 0.000208 seconds.
  path: Packages/com.unity.test-framework/UnityEditor.TestRunner/GUI/TestAssets/FolderPathTestCompilationContextProvider.cs
  artifactKey: Guid(3d92c578e28043ef95d4b703e008be64) Importer(2089858483,b0f066a214c2f5e87bad3c948f4d605d)
Start importing Packages/com.unity.test-framework/UnityEditor.TestRunner/GUI/TestAssets/FolderPathTestCompilationContextProvider.cs using Guid(3d92c578e28043ef95d4b703e008be64) Importer(2089858483,b0f066a214c2f5e87bad3c948f4d605d) (ScriptedImporter) -> (artifact id: '7c2b45d82f3b9c0ae1b445b476f30114') in 0.0267615 seconds
Number of updated asset objects reloaded before import = 0Number of asset objects unloaded after import = 0

========================================================================
Received Import Request.
  Time since last request: 0.000125 seconds.
  path: Packages/com.unity.test-framework/UnityEditor.TestRunner/CommandLineTest/RunData.cs
  artifactKey: Guid(3f8c1075884df0249b80e23a0598f9c1) Importer(2089858483,b0f066a214c2f5e87bad3c948f4d605d)
Start importing Packages/com.unity.test-framework/UnityEditor.TestRunner/CommandLineTest/RunData.cs using Guid(3f8c1075884df0249b80e23a0598f9c1) Importer(2089858483,b0f066a214c2f5e87bad3c948f4d605d) (ScriptedImporter) -> (artifact id: '2a4b863e5fdb8d794bb83f3ed18022bf') in 0.0291374 seconds
Number of updated asset objects reloaded before import = 0Number of asset objects unloaded after import = 0

========================================================================
Received Import Request.
  Time since last request: 0.000387 seconds.
  path: Packages/com.unity.timeline/Editor/Actions/IMenuChecked.cs
  artifactKey: Guid(0939c83f40ef46e584340aa87b3cadfe) Importer(2089858483,b0f066a214c2f5e87bad3c948f4d605d)
Start importing Packages/com.unity.timeline/Editor/Actions/IMenuChecked.cs using Guid(0939c83f40ef46e584340aa87b3cadfe) Importer(2089858483,b0f066a214c2f5e87bad3c948f4d605d) (ScriptedImporter) -> (artifact id: '432fffee6eaf42e843d5ea0da2198fe2') in 0.0366999 seconds
Number of updated asset objects reloaded before import = 0Number of asset objects unloaded after import = 0

========================================================================
Received Import Request.
  Time since last request: 0.000037 seconds.
  path: Packages/com.unity.ai.navigation/Editor/NavMeshSurfaceEditor.cs
  artifactKey: Guid(1c32167dbf3314852b6006a288eb449b) Importer(2089858483,b0f066a214c2f5e87bad3c948f4d605d)
Start importing Packages/com.unity.ai.navigation/Editor/NavMeshSurfaceEditor.cs using Guid(1c32167dbf3314852b6006a288eb449b) Importer(2089858483,b0f066a214c2f5e87bad3c948f4d605d) (ScriptedImporter) -> (artifact id: '37609eed9eda606d3788c2c59d98f522') in 0.0245889 seconds
Number of updated asset objects reloaded before import = 0Number of asset objects unloaded after import = 0

========================================================================
Received Import Request.
  Time since last request: 0.000165 seconds.
  path: Packages/com.unity.timeline/Editor/StyleSheets/Images/Icons/d_TimelineEditModeReplaceON.png
  artifactKey: Guid(7b4b3cedf598c954cb2f38d6e2e34c0d) Importer(2089858483,b0f066a214c2f5e87bad3c948f4d605d)
Start importing Packages/com.unity.timeline/Editor/StyleSheets/Images/Icons/d_TimelineEditModeReplaceON.png using Guid(7b4b3cedf598c954cb2f38d6e2e34c0d) Importer(2089858483,b0f066a214c2f5e87bad3c948f4d605d) (ScriptedImporter) -> (artifact id: 'd5fa5ef0ce03b43298f57d01ae1b5c91') in 0.0303313 seconds
Number of updated asset objects reloaded before import = 0Number of asset objects unloaded after import = 1

========================================================================
Received Import Request.
  Time since last request: 0.000202 seconds.
  path: Packages/com.unity.ai.navigation/EditorResources/d_NavigationWindowIcon.png
  artifactKey: Guid(425f55e9ef81a5e48b87c5d6b1bbf35c) Importer(2089858483,b0f066a214c2f5e87bad3c948f4d605d)
Start importing Packages/com.unity.ai.navigation/EditorResources/d_NavigationWindowIcon.png using Guid(425f55e9ef81a5e48b87c5d6b1bbf35c) Importer(2089858483,b0f066a214c2f5e87bad3c948f4d605d) (ScriptedImporter) -> (artifact id: '6a1182a839938b20821a71d0a8cd6b09') in 0.0272463 seconds
Number of updated asset objects reloaded before import = 0Number of asset objects unloaded after import = 1

========================================================================
Received Import Request.
  Time since last request: 0.000157 seconds.
  path: Packages/com.unity.timeline/Editor/treeview/TrackGui/TrackResizeHandle.cs
  artifactKey: Guid(042c802f94d43dc45a049bf3b5be79ab) Importer(2089858483,b0f066a214c2f5e87bad3c948f4d605d)
Start importing Packages/com.unity.timeline/Editor/treeview/TrackGui/TrackResizeHandle.cs using Guid(042c802f94d43dc45a049bf3b5be79ab) Importer(2089858483,b0f066a214c2f5e87bad3c948f4d605d) (ScriptedImporter) -> (artifact id: 'f86e9a61f9b3b5583871a461d3431f71') in 0.0218039 seconds
Number of updated asset objects reloaded before import = 0Number of asset objects unloaded after import = 0

========================================================================
Received Import Request.
  Time since last request: 0.000231 seconds.
  path: Packages/com.unity.timeline/Editor/StyleSheets/Images/LightSkin/TimelineIconClipIn.png
  artifactKey: Guid(4171b549947246b4f9579419d5698a7e) Importer(2089858483,b0f066a214c2f5e87bad3c948f4d605d)
Start importing Packages/com.unity.timeline/Editor/StyleSheets/Images/LightSkin/TimelineIconClipIn.png using Guid(4171b549947246b4f9579419d5698a7e) Importer(2089858483,b0f066a214c2f5e87bad3c948f4d605d) (ScriptedImporter) -> (artifact id: '532f99289c2ae61d6999d8a5efeaa1e3') in 0.0214852 seconds
Number of updated asset objects reloaded before import = 0Number of asset objects unloaded after import = 1

========================================================================
Received Import Request.
  Time since last request: 0.000234 seconds.
  path: Packages/com.unity.test-framework/UnityEditor.TestRunner/UnityTestProtocol/ITestRunnerApiMapper.cs
  artifactKey: Guid(6de79ae237e51554da96fd28f68b66a6) Importer(2089858483,b0f066a214c2f5e87bad3c948f4d605d)
Start importing Packages/com.unity.test-framework/UnityEditor.TestRunner/UnityTestProtocol/ITestRunnerApiMapper.cs using Guid(6de79ae237e51554da96fd28f68b66a6) Importer(2089858483,b0f066a214c2f5e87bad3c948f4d605d) (ScriptedImporter) -> (artifact id: '7a8ca04726e678613f73c410be91dada') in 0.0198764 seconds
Number of updated asset objects reloaded before import = 0Number of asset objects unloaded after import = 0

========================================================================
Received Import Request.
  Time since last request: 0.000250 seconds.
  path: Packages/com.unity.timeline/Editor/StyleSheets/Images/DarkSkin/TimelineAutokey@2x.png
  artifactKey: Guid(af24c542434a025448222d576f61a956) Importer(2089858483,b0f066a214c2f5e87bad3c948f4d605d)
Start importing Packages/com.unity.timeline/Editor/StyleSheets/Images/DarkSkin/TimelineAutokey@2x.png using Guid(af24c542434a025448222d576f61a956) Importer(2089858483,b0f066a214c2f5e87bad3c948f4d605d) (ScriptedImporter) -> (artifact id: 'b56864cf5b195b18702117ee04b07ff9') in 0.0269244 seconds
Number of updated asset objects reloaded before import = 0Number of asset objects unloaded after import = 1

========================================================================
Received Import Request.
  Time since last request: 0.000318 seconds.
  path: Packages/com.unity.test-framework/UnityEditor.TestRunner/GUI/TestListTreeView/TestTreeViewItem.cs
  artifactKey: Guid(ce567ddbf30368344bc7b80e20cac36e) Importer(2089858483,b0f066a214c2f5e87bad3c948f4d605d)
Start importing Packages/com.unity.test-framework/UnityEditor.TestRunner/GUI/TestListTreeView/TestTreeViewItem.cs using Guid(ce567ddbf30368344bc7b80e20cac36e) Importer(2089858483,b0f066a214c2f5e87bad3c948f4d605d) (ScriptedImporter) -> (artifact id: 'c04541e4d9308b022a6049c2b8f86460') in 0.0242547 seconds
Number of updated asset objects reloaded before import = 0Number of asset objects unloaded after import = 0

========================================================================
Received Import Request.
  Time since last request: 0.000288 seconds.
  path: Packages/com.unity.ai.navigation/EditorResources/Overlay/d_NavigationOverlay@256.png
  artifactKey: Guid(f5dd88efd8622424998bf5326c5421eb) Importer(2089858483,b0f066a214c2f5e87bad3c948f4d605d)
Start importing Packages/com.unity.ai.navigation/EditorResources/Overlay/d_NavigationOverlay@256.png using Guid(f5dd88efd8622424998bf5326c5421eb) Importer(2089858483,b0f066a214c2f5e87bad3c948f4d605d) (ScriptedImporter) -> (artifact id: '820c369951acc05eb8a2f0e7416b255f') in 0.0439204 seconds
Number of updated asset objects reloaded before import = 0Number of asset objects unloaded after import = 1

========================================================================
Received Import Request.
  Time since last request: 0.000072 seconds.
  path: Packages/com.unity.test-framework/UnityEngine.TestRunner/NUnitExtensions/Commands/EnumerableRetryTestCommand.cs
  artifactKey: Guid(6de2f178a24cd2e48a0816cacd9a0583) Importer(2089858483,b0f066a214c2f5e87bad3c948f4d605d)
Start importing Packages/com.unity.test-framework/UnityEngine.TestRunner/NUnitExtensions/Commands/EnumerableRetryTestCommand.cs using Guid(6de2f178a24cd2e48a0816cacd9a0583) Importer(2089858483,b0f066a214c2f5e87bad3c948f4d605d) (ScriptedImporter) -> (artifact id: 'c45a3ee9938ec7377b5e7d0cd562320f') in 0.0271557 seconds
Number of updated asset objects reloaded before import = 0Number of asset objects unloaded after import = 0

========================================================================
Received Import Request.
  Time since last request: 0.000241 seconds.
  path: Packages/com.unity.timeline/Editor/StyleSheets/Images/Icons/TimelineSignal.png
  artifactKey: Guid(15845fb26c2846947b4dedb9fb348cc1) Importer(2089858483,b0f066a214c2f5e87bad3c948f4d605d)
Start importing Packages/com.unity.timeline/Editor/StyleSheets/Images/Icons/TimelineSignal.png using Guid(15845fb26c2846947b4dedb9fb348cc1) Importer(2089858483,b0f066a214c2f5e87bad3c948f4d605d) (ScriptedImporter) -> (artifact id: 'cd2bf235de7ee7d6f8ceecb4fd3253cc') in 0.0431052 seconds
Number of updated asset objects reloaded before import = 0Number of asset objects unloaded after import = 1

========================================================================
Received Import Request.
  Time since last request: 0.000133 seconds.
  path: Packages/com.unity.timeline/Editor/CustomEditors/CustomTimelineEditorCache.cs
  artifactKey: Guid(fd6ede1d2f47ab146b2ec0a3969a37cc) Importer(2089858483,b0f066a214c2f5e87bad3c948f4d605d)
Start importing Packages/com.unity.timeline/Editor/CustomEditors/CustomTimelineEditorCache.cs using Guid(fd6ede1d2f47ab146b2ec0a3969a37cc) Importer(2089858483,b0f066a214c2f5e87bad3c948f4d605d) (ScriptedImporter) -> (artifact id: 'a4810ed7db7816f03517a501ab999af2') in 0.0369574 seconds
Number of updated asset objects reloaded before import = 0Number of asset objects unloaded after import = 0

========================================================================
Received Import Request.
  Time since last request: 0.000430 seconds.
  path: Packages/com.unity.ugui/Runtime/UGUI/UI/Core/VertexModifiers/Shadow.cs
  artifactKey: Guid(cfabb0440166ab443bba8876756fdfa9) Importer(2089858483,b0f066a214c2f5e87bad3c948f4d605d)
Start importing Packages/com.unity.ugui/Runtime/UGUI/UI/Core/VertexModifiers/Shadow.cs using Guid(cfabb0440166ab443bba8876756fdfa9) Importer(2089858483,b0f066a214c2f5e87bad3c948f4d605d) (ScriptedImporter) -> (artifact id: '2ddf0d7e1eafe2a06fee849800b63fc3') in 0.0453412 seconds
Number of updated asset objects reloaded before import = 0Number of asset objects unloaded after import = 0

========================================================================
Received Import Request.
  Time since last request: 0.000314 seconds.
  path: Packages/com.unity.multiplayer.center/Editor/Questionnaire/UserChoicesObject.cs
  artifactKey: Guid(18cde282a8d045bf9d245fdcfaa7271b) Importer(2089858483,b0f066a214c2f5e87bad3c948f4d605d)
Start importing Packages/com.unity.multiplayer.center/Editor/Questionnaire/UserChoicesObject.cs using Guid(18cde282a8d045bf9d245fdcfaa7271b) Importer(2089858483,b0f066a214c2f5e87bad3c948f4d605d) (ScriptedImporter) -> (artifact id: '6ccab93fac32badf0d1810d977f4a944') in 0.0369999 seconds
Number of updated asset objects reloaded before import = 0Number of asset objects unloaded after import = 0

========================================================================
Received Import Request.
  Time since last request: 0.000179 seconds.
  path: Packages/com.unity.test-framework/UnityEditor.TestRunner/Api/Analytics/TestTreeData.cs
  artifactKey: Guid(697ab794770540d6951f83d62b8fa444) Importer(2089858483,b0f066a214c2f5e87bad3c948f4d605d)
Start importing Packages/com.unity.test-framework/UnityEditor.TestRunner/Api/Analytics/TestTreeData.cs using Guid(697ab794770540d6951f83d62b8fa444) Importer(2089858483,b0f066a214c2f5e87bad3c948f4d605d) (ScriptedImporter) -> (artifact id: 'e68fc58e75fcc427c987de45d2c5464e') in 0.0306335 seconds
Number of updated asset objects reloaded before import = 0Number of asset objects unloaded after import = 0

========================================================================
Received Import Request.
  Time since last request: 0.000242 seconds.
  path: Packages/com.unity.test-framework/UnityEditor.TestRunner/TestLaunchers/PlatformSetup/IPlatformSetup.cs
  artifactKey: Guid(9d614808f9add8a4f8e4860db2c7af0d) Importer(2089858483,b0f066a214c2f5e87bad3c948f4d605d)
Start importing Packages/com.unity.test-framework/UnityEditor.TestRunner/TestLaunchers/PlatformSetup/IPlatformSetup.cs using Guid(9d614808f9add8a4f8e4860db2c7af0d) Importer(2089858483,b0f066a214c2f5e87bad3c948f4d605d) (ScriptedImporter) -> (artifact id: '6be01439a1bd0f4bd48e3568fac6168f') in 0.0537792 seconds
Number of updated asset objects reloaded before import = 0Number of asset objects unloaded after import = 0

========================================================================
Received Import Request.
  Time since last request: 0.000177 seconds.
  path: Packages/com.unity.ai.navigation/Gizmos/NavMeshModifier Icon.png
  artifactKey: Guid(b642c6bf23e624e23ad11b3e1d471932) Importer(2089858483,b0f066a214c2f5e87bad3c948f4d605d)
Start importing Packages/com.unity.ai.navigation/Gizmos/NavMeshModifier Icon.png using Guid(b642c6bf23e624e23ad11b3e1d471932) Importer(2089858483,b0f066a214c2f5e87bad3c948f4d605d) (ScriptedImporter) -> (artifact id: 'fda0123041b45470c01a3a528fe27d45') in 0.0771079 seconds
Number of updated asset objects reloaded before import = 0Number of asset objects unloaded after import = 1

========================================================================
Received Import Request.
  Time since last request: 0.000931 seconds.
  path: Packages/com.unity.ugui/Tests/Runtime/UGUI/InputField/InputFieldTests.cs
  artifactKey: Guid(3371106faf8d06f47a73979a3c8d82a1) Importer(2089858483,b0f066a214c2f5e87bad3c948f4d605d)
Start importing Packages/com.unity.ugui/Tests/Runtime/UGUI/InputField/InputFieldTests.cs using Guid(3371106faf8d06f47a73979a3c8d82a1) Importer(2089858483,b0f066a214c2f5e87bad3c948f4d605d) (ScriptedImporter) -> (artifact id: '71adc9df38dc93f23768ecbc9e479700') in 0.0185948 seconds
Number of updated asset objects reloaded before import = 0Number of asset objects unloaded after import = 0

========================================================================
Received Import Request.
  Time since last request: 0.000137 seconds.
  path: Packages/com.unity.ugui/Runtime/UGUI/UI/Core/Layout/LayoutUtility.cs
  artifactKey: Guid(82bf3f737dec0be43a60891958a8da87) Importer(2089858483,b0f066a214c2f5e87bad3c948f4d605d)
Start importing Packages/com.unity.ugui/Runtime/UGUI/UI/Core/Layout/LayoutUtility.cs using Guid(82bf3f737dec0be43a60891958a8da87) Importer(2089858483,b0f066a214c2f5e87bad3c948f4d605d) (ScriptedImporter) -> (artifact id: 'efe9afed2c7259e85e81190da53db582') in 0.0179076 seconds
Number of updated asset objects reloaded before import = 0Number of asset objects unloaded after import = 0

========================================================================
Received Import Request.
  Time since last request: 0.000130 seconds.
  path: Packages/com.unity.ugui/Tests/Runtime/UGUI/CanvasRenderer/CanvasRendererTests.cs
  artifactKey: Guid(6fac6d65d2fb7472d94e95ddb8b8798c) Importer(2089858483,b0f066a214c2f5e87bad3c948f4d605d)
Start importing Packages/com.unity.ugui/Tests/Runtime/UGUI/CanvasRenderer/CanvasRendererTests.cs using Guid(6fac6d65d2fb7472d94e95ddb8b8798c) Importer(2089858483,b0f066a214c2f5e87bad3c948f4d605d) (ScriptedImporter) -> (artifact id: 'c57612e812c62dc717ec58984b0805e9') in 0.0178212 seconds
Number of updated asset objects reloaded before import = 0Number of asset objects unloaded after import = 0

========================================================================
Received Import Request.
  Time since last request: 0.000076 seconds.
  path: Packages/com.unity.test-framework/UnityEditor.TestRunner/TestRunner/Utils/ITestListCacheData.cs
  artifactKey: Guid(7043e9a330ac2d84a80a965ada4589ad) Importer(2089858483,b0f066a214c2f5e87bad3c948f4d605d)
Start importing Packages/com.unity.test-framework/UnityEditor.TestRunner/TestRunner/Utils/ITestListCacheData.cs using Guid(7043e9a330ac2d84a80a965ada4589ad) Importer(2089858483,b0f066a214c2f5e87bad3c948f4d605d) (ScriptedImporter) -> (artifact id: 'b6cf8e91c331544e6cd9fba38ba27e6a') in 0.0208273 seconds
Number of updated asset objects reloaded before import = 0Number of asset objects unloaded after import = 0

========================================================================
Received Import Request.
  Time since last request: 0.000175 seconds.
  path: Packages/com.unity.test-framework/UnityEditor.TestRunner/UnityTestProtocol/Data/BuildSettings.cs
  artifactKey: Guid(f699428dfee64165b017dced94d8ca70) Importer(2089858483,b0f066a214c2f5e87bad3c948f4d605d)
Start importing Packages/com.unity.test-framework/UnityEditor.TestRunner/UnityTestProtocol/Data/BuildSettings.cs using Guid(f699428dfee64165b017dced94d8ca70) Importer(2089858483,b0f066a214c2f5e87bad3c948f4d605d) (ScriptedImporter) -> (artifact id: 'd732e32d0a039c8f444b8fe4e5a3ae3d') in 0.0202082 seconds
Number of updated asset objects reloaded before import = 0Number of asset objects unloaded after import = 0

========================================================================
Received Import Request.
  Time since last request: 0.005147 seconds.
  path: Packages/com.unity.ai.navigation/Editor/NavigationPreferences.cs
  artifactKey: Guid(e8c8febe35b734f4eb15f23d12e5faed) Importer(2089858483,b0f066a214c2f5e87bad3c948f4d605d)
Start importing Packages/com.unity.ai.navigation/Editor/NavigationPreferences.cs using Guid(e8c8febe35b734f4eb15f23d12e5faed) Importer(2089858483,b0f066a214c2f5e87bad3c948f4d605d) (ScriptedImporter) -> (artifact id: '8a8610e3bd802c9d3416b429f6c0f215') in 0.018832 seconds
Number of updated asset objects reloaded before import = 0Number of asset objects unloaded after import = 0

========================================================================
Received Import Request.
  Time since last request: 0.000244 seconds.
  path: Packages/com.unity.timeline/Editor/Animation/CurveTreeViewNode.cs
  artifactKey: Guid(1ec45eaf72174ca189827d7896952167) Importer(2089858483,b0f066a214c2f5e87bad3c948f4d605d)
Start importing Packages/com.unity.timeline/Editor/Animation/CurveTreeViewNode.cs using Guid(1ec45eaf72174ca189827d7896952167) Importer(2089858483,b0f066a214c2f5e87bad3c948f4d605d) (ScriptedImporter) -> (artifact id: 'b10041b688912f1e81c74291c7c75bb4') in 0.0177083 seconds
Number of updated asset objects reloaded before import = 0Number of asset objects unloaded after import = 0

========================================================================
Received Import Request.
  Time since last request: 0.000168 seconds.
  path: Packages/com.unity.ugui/Editor/UGUI/UI/ScrollbarEditor.cs
  artifactKey: Guid(f700f31b2e40d7f4bb69753fdbbbc2b5) Importer(2089858483,b0f066a214c2f5e87bad3c948f4d605d)
Start importing Packages/com.unity.ugui/Editor/UGUI/UI/ScrollbarEditor.cs using Guid(f700f31b2e40d7f4bb69753fdbbbc2b5) Importer(2089858483,b0f066a214c2f5e87bad3c948f4d605d) (ScriptedImporter) -> (artifact id: '9f1e46d8a5ef4331e17078c6ef963552') in 0.0164672 seconds
Number of updated asset objects reloaded before import = 0Number of asset objects unloaded after import = 0

========================================================================
Received Import Request.
  Time since last request: 0.000235 seconds.
  path: Packages/com.unity.ide.vscode/Editor/Unity.com.unity.vscode.Editor.asmdef
  artifactKey: Guid(8b845b123ab418448a8be2935fa804e0) Importer(2089858483,b0f066a214c2f5e87bad3c948f4d605d)
Start importing Packages/com.unity.ide.vscode/Editor/Unity.com.unity.vscode.Editor.asmdef using Guid(8b845b123ab418448a8be2935fa804e0) Importer(2089858483,b0f066a214c2f5e87bad3c948f4d605d) (ScriptedImporter) -> (artifact id: '00dbcf35732683410f0ba0d30f5e3fbc') in 0.0194088 seconds
Number of updated asset objects reloaded before import = 0Number of asset objects unloaded after import = 1

========================================================================
Received Import Request.
  Time since last request: 0.000140 seconds.
  path: Packages/com.unity.multiplayer.center/Editor/MultiplayerCenterWindow/UI/dark.uss
  artifactKey: Guid(1984cd07fe96417f9e88f5771f6b4b32) Importer(2089858483,b0f066a214c2f5e87bad3c948f4d605d)
Start importing Packages/com.unity.multiplayer.center/Editor/MultiplayerCenterWindow/UI/dark.uss using Guid(1984cd07fe96417f9e88f5771f6b4b32) Importer(2089858483,b0f066a214c2f5e87bad3c948f4d605d) (ScriptedImporter) -> (artifact id: 'fb9e65c7d9153519d195a9e1ae74b88a') in 0.0373845 seconds
Number of updated asset objects reloaded before import = 0Number of asset objects unloaded after import = 9

========================================================================
Received Import Request.
  Time since last request: 0.000030 seconds.
  path: Packages/com.unity.timeline/Editor/Manipulators/Cursors/TimelineCursors.cs
  artifactKey: Guid(f16e09785c984c445a0467e30f845636) Importer(2089858483,b0f066a214c2f5e87bad3c948f4d605d)
Start importing Packages/com.unity.timeline/Editor/Manipulators/Cursors/TimelineCursors.cs using Guid(f16e09785c984c445a0467e30f845636) Importer(2089858483,b0f066a214c2f5e87bad3c948f4d605d) (ScriptedImporter) -> (artifact id: 'ad8e689165abd2415ad4a9e4e78ede04') in 0.0179256 seconds
Number of updated asset objects reloaded before import = 0Number of asset objects unloaded after import = 0

========================================================================
Received Import Request.
  Time since last request: 0.000175 seconds.
  path: Packages/com.unity.test-framework/UnityEditor.TestRunner/TestRun/Tasks/LegacyPlayerRunTask.cs
  artifactKey: Guid(b93fe5bbea454ae438fcec241c5fa85b) Importer(2089858483,b0f066a214c2f5e87bad3c948f4d605d)
Start importing Packages/com.unity.test-framework/UnityEditor.TestRunner/TestRun/Tasks/LegacyPlayerRunTask.cs using Guid(b93fe5bbea454ae438fcec241c5fa85b) Importer(2089858483,b0f066a214c2f5e87bad3c948f4d605d) (ScriptedImporter) -> (artifact id: '31c89aa0b5b139e93fbb6f5695caf1f0') in 0.018307 seconds
Number of updated asset objects reloaded before import = 0Number of asset objects unloaded after import = 0

========================================================================
Received Import Request.
  Time since last request: 0.000204 seconds.
  path: Packages/com.unity.test-framework/UnityEngine.TestRunner/NUnitExtensions/Commands/TaskTestMethodCommand.cs
  artifactKey: Guid(ad85854b14d4140d88447bdce2fac91f) Importer(2089858483,b0f066a214c2f5e87bad3c948f4d605d)
Start importing Packages/com.unity.test-framework/UnityEngine.TestRunner/NUnitExtensions/Commands/TaskTestMethodCommand.cs using Guid(ad85854b14d4140d88447bdce2fac91f) Importer(2089858483,b0f066a214c2f5e87bad3c948f4d605d) (ScriptedImporter) -> (artifact id: '60a484a9f7d123ab0f69501651cdd712') in 0.0159873 seconds
Number of updated asset objects reloaded before import = 0Number of asset objects unloaded after import = 0

========================================================================
Received Import Request.
  Time since last request: 0.000280 seconds.
  path: Packages/com.unity.ugui/Tests/Runtime/UGUI/InputField/DesktopInputFieldTests.cs
  artifactKey: Guid(e1b0ab339722791498cc804831a17ad3) Importer(2089858483,b0f066a214c2f5e87bad3c948f4d605d)
Start importing Packages/com.unity.ugui/Tests/Runtime/UGUI/InputField/DesktopInputFieldTests.cs using Guid(e1b0ab339722791498cc804831a17ad3) Importer(2089858483,b0f066a214c2f5e87bad3c948f4d605d) (ScriptedImporter) -> (artifact id: '6708cb299cb262e4dcffaefcd0b5b9ec') in 0.0167984 seconds
Number of updated asset objects reloaded before import = 0Number of asset objects unloaded after import = 0

========================================================================
Received Import Request.
  Time since last request: 0.000183 seconds.
  path: Packages/com.unity.ugui/Tests/Runtime/UGUI/InputField/FakeInputModule.cs
  artifactKey: Guid(16c6414b77a90ff4098767dce485c495) Importer(2089858483,b0f066a214c2f5e87bad3c948f4d605d)
Start importing Packages/com.unity.ugui/Tests/Runtime/UGUI/InputField/FakeInputModule.cs using Guid(16c6414b77a90ff4098767dce485c495) Importer(2089858483,b0f066a214c2f5e87bad3c948f4d605d) (ScriptedImporter) -> (artifact id: '62c6f1b1458b3fb585c0cf95c24819d5') in 0.0181959 seconds
Number of updated asset objects reloaded before import = 0Number of asset objects unloaded after import = 0

========================================================================
Received Import Request.
  Time since last request: 0.000194 seconds.
  path: Packages/com.unity.test-framework/UnityEditor.TestRunner/TestRunner/Messages/RecompileScripts.cs
  artifactKey: Guid(9202fbba95ea8294cb5e718f028f21b0) Importer(2089858483,b0f066a214c2f5e87bad3c948f4d605d)
Start importing Packages/com.unity.test-framework/UnityEditor.TestRunner/TestRunner/Messages/RecompileScripts.cs using Guid(9202fbba95ea8294cb5e718f028f21b0) Importer(2089858483,b0f066a214c2f5e87bad3c948f4d605d) (ScriptedImporter) -> (artifact id: 'e1466d072a18c6b79f7639d3b420a925') in 0.0177176 seconds
Number of updated asset objects reloaded before import = 0Number of asset objects unloaded after import = 0

========================================================================
Received Import Request.
  Time since last request: 0.000251 seconds.
  path: Packages/com.unity.timeline/Editor/StyleSheets/Images/Icons/TrackAvatarButtonDisabled@2x.png
  artifactKey: Guid(7c05578092876a0458b8b480269aef86) Importer(2089858483,b0f066a214c2f5e87bad3c948f4d605d)
Start importing Packages/com.unity.timeline/Editor/StyleSheets/Images/Icons/TrackAvatarButtonDisabled@2x.png using Guid(7c05578092876a0458b8b480269aef86) Importer(2089858483,b0f066a214c2f5e87bad3c948f4d605d) (ScriptedImporter) -> (artifact id: '13d6abc6f3439bfcd5665c39c6652346') in 0.0285089 seconds
Number of updated asset objects reloaded before import = 0Number of asset objects unloaded after import = 1

========================================================================
Received Import Request.
  Time since last request: 0.000080 seconds.
  path: Packages/com.unity.ugui/Editor/UGUI/UI/ButtonEditor.cs
  artifactKey: Guid(472a6f18dd2f97c41af72271d22db869) Importer(2089858483,b0f066a214c2f5e87bad3c948f4d605d)
Start importing Packages/com.unity.ugui/Editor/UGUI/UI/ButtonEditor.cs using Guid(472a6f18dd2f97c41af72271d22db869) Importer(2089858483,b0f066a214c2f5e87bad3c948f4d605d) (ScriptedImporter) -> (artifact id: 'f6382d5b89c8669f7841e40a077f22f9') in 0.0185314 seconds
Number of updated asset objects reloaded before import = 0Number of asset objects unloaded after import = 0

========================================================================
Received Import Request.
  Time since last request: 0.000108 seconds.
  path: Packages/com.unity.modules.subsystems/package.json
  artifactKey: Guid(30b312a167534621b316172253b08723) Importer(2089858483,b0f066a214c2f5e87bad3c948f4d605d)
Start importing Packages/com.unity.modules.subsystems/package.json using Guid(30b312a167534621b316172253b08723) Importer(2089858483,b0f066a214c2f5e87bad3c948f4d605d) (ScriptedImporter) -> (artifact id: 'b3268159abf0f1683f0cfc219d4d95f5') in 0.0202832 seconds
Number of updated asset objects reloaded before import = 0Number of asset objects unloaded after import = 1

========================================================================
Received Import Request.
  Time since last request: 0.000224 seconds.
  path: Packages/com.unity.multiplayer.center/Tests/Editor/LogicTests.cs
  artifactKey: Guid(ea491f91a8b84866ad13371715bf90c8) Importer(2089858483,b0f066a214c2f5e87bad3c948f4d605d)
Start importing Packages/com.unity.multiplayer.center/Tests/Editor/LogicTests.cs using Guid(ea491f91a8b84866ad13371715bf90c8) Importer(2089858483,b0f066a214c2f5e87bad3c948f4d605d) (ScriptedImporter) -> (artifact id: 'd49bc0ffd4f29a8a72a9f2c5ca6b7f3e') in 0.0215907 seconds
Number of updated asset objects reloaded before import = 0Number of asset objects unloaded after import = 0

========================================================================
Received Import Request.
  Time since last request: 0.000063 seconds.
  path: Packages/com.unity.timeline/Editor/Manipulators/Sequence/RectangleSelect.cs
  artifactKey: Guid(edd4f4b395430604d935bcf0b14c7d42) Importer(2089858483,b0f066a214c2f5e87bad3c948f4d605d)
Start importing Packages/com.unity.timeline/Editor/Manipulators/Sequence/RectangleSelect.cs using Guid(edd4f4b395430604d935bcf0b14c7d42) Importer(2089858483,b0f066a214c2f5e87bad3c948f4d605d) (ScriptedImporter) -> (artifact id: '30c5a102fbdecd6b313cdbc1b54f946c') in 0.0177827 seconds
Number of updated asset objects reloaded before import = 0Number of asset objects unloaded after import = 0

========================================================================
Received Import Request.
  Time since last request: 0.000161 seconds.
  path: Packages/com.unity.timeline/Editor/Actions/TimelineActions.cs
  artifactKey: Guid(b1c789407b55e3a4c9cc86135a714e33) Importer(2089858483,b0f066a214c2f5e87bad3c948f4d605d)
Start importing Packages/com.unity.timeline/Editor/Actions/TimelineActions.cs using Guid(b1c789407b55e3a4c9cc86135a714e33) Importer(2089858483,b0f066a214c2f5e87bad3c948f4d605d) (ScriptedImporter) -> (artifact id: '9b78cbe3828fcc64118bb0e1eb7fbcdb') in 0.0185291 seconds
Number of updated asset objects reloaded before import = 0Number of asset objects unloaded after import = 0

========================================================================
Received Import Request.
  Time since last request: 0.000291 seconds.
  path: Packages/com.unity.timeline/Editor/Animation/BindingSelector.cs
  artifactKey: Guid(c171b9ca03610ea4faa426e082a1075d) Importer(2089858483,b0f066a214c2f5e87bad3c948f4d605d)
Start importing Packages/com.unity.timeline/Editor/Animation/BindingSelector.cs using Guid(c171b9ca03610ea4faa426e082a1075d) Importer(2089858483,b0f066a214c2f5e87bad3c948f4d605d) (ScriptedImporter) -> (artifact id: '4d2e9ca36715dbf0d5ed1efe2bba8adb') in 0.0216472 seconds
Number of updated asset objects reloaded before import = 0Number of asset objects unloaded after import = 0

========================================================================
Received Import Request.
  Time since last request: 0.000195 seconds.
  path: Packages/com.unity.ugui/Tests/Runtime/UGUI/Util/ConcreteGraphic.cs
  artifactKey: Guid(4d31e19fd539ac54c8d9151da43683e9) Importer(2089858483,b0f066a214c2f5e87bad3c948f4d605d)
Start importing Packages/com.unity.ugui/Tests/Runtime/UGUI/Util/ConcreteGraphic.cs using Guid(4d31e19fd539ac54c8d9151da43683e9) Importer(2089858483,b0f066a214c2f5e87bad3c948f4d605d) (ScriptedImporter) -> (artifact id: 'b670a89325462b5c38f2bd8e55b31489') in 0.0317039 seconds
Number of updated asset objects reloaded before import = 0Number of asset objects unloaded after import = 0

========================================================================
Received Import Request.
  Time since last request: 0.000184 seconds.
  path: Packages/com.unity.ugui/Tests/Editor/TMP/TMP_ControlTests.cs
  artifactKey: Guid(5c221dffa89042038c946376c731c918) Importer(2089858483,b0f066a214c2f5e87bad3c948f4d605d)
Start importing Packages/com.unity.ugui/Tests/Editor/TMP/TMP_ControlTests.cs using Guid(5c221dffa89042038c946376c731c918) Importer(2089858483,b0f066a214c2f5e87bad3c948f4d605d) (ScriptedImporter) -> (artifact id: '0b11487cca01c4bf43f553ff758286df') in 0.019087 seconds
Number of updated asset objects reloaded before import = 0Number of asset objects unloaded after import = 0

========================================================================
Received Import Request.
  Time since last request: 0.000251 seconds.
  path: Packages/com.unity.test-framework/UnityEditor.TestRunner/TestRun/Tasks/PostbuildCleanupWithTestDataTask.cs
  artifactKey: Guid(aa0bb8f0cb98b43a586f75ce4b79c576) Importer(2089858483,b0f066a214c2f5e87bad3c948f4d605d)
Start importing Packages/com.unity.test-framework/UnityEditor.TestRunner/TestRun/Tasks/PostbuildCleanupWithTestDataTask.cs using Guid(aa0bb8f0cb98b43a586f75ce4b79c576) Importer(2089858483,b0f066a214c2f5e87bad3c948f4d605d) (ScriptedImporter) -> (artifact id: '5ca1d8656b4473a39a57a6ca4cc34834') in 0.0163456 seconds
Number of updated asset objects reloaded before import = 0Number of asset objects unloaded after import = 0

========================================================================
Received Import Request.
  Time since last request: 0.000239 seconds.
  path: Packages/com.unity.timeline/DocCodeExamples/TrackAssetExamples.cs
  artifactKey: Guid(c9f0489deaf04d0fbcbe45fd50a018f6) Importer(2089858483,b0f066a214c2f5e87bad3c948f4d605d)
Start importing Packages/com.unity.timeline/DocCodeExamples/TrackAssetExamples.cs using Guid(c9f0489deaf04d0fbcbe45fd50a018f6) Importer(2089858483,b0f066a214c2f5e87bad3c948f4d605d) (ScriptedImporter) -> (artifact id: '2e3cfda17566f7ce67e1910499be9dae') in 0.019106 seconds
Number of updated asset objects reloaded before import = 0Number of asset objects unloaded after import = 0

========================================================================
Received Import Request.
  Time since last request: 0.000213 seconds.
  path: Packages/com.unity.test-framework/UnityEditor.TestRunner/TestSettings/TestSettings.cs
  artifactKey: Guid(6b32b6725087a0d4bb1670818d26996e) Importer(2089858483,b0f066a214c2f5e87bad3c948f4d605d)
Start importing Packages/com.unity.test-framework/UnityEditor.TestRunner/TestSettings/TestSettings.cs using Guid(6b32b6725087a0d4bb1670818d26996e) Importer(2089858483,b0f066a214c2f5e87bad3c948f4d605d) (ScriptedImporter) -> (artifact id: '1c7b2f29db7271afcaaf858b3378807a') in 0.0187997 seconds
Number of updated asset objects reloaded before import = 0Number of asset objects unloaded after import = 0

========================================================================
Received Import Request.
  Time since last request: 0.000193 seconds.
  path: Packages/com.unity.multiplayer.center/Editor/OnBoarding/QuickstartPackageHandling.cs
  artifactKey: Guid(322b0121d39f45208a3d933e6926a9d8) Importer(2089858483,b0f066a214c2f5e87bad3c948f4d605d)
Start importing Packages/com.unity.multiplayer.center/Editor/OnBoarding/QuickstartPackageHandling.cs using Guid(322b0121d39f45208a3d933e6926a9d8) Importer(2089858483,b0f066a214c2f5e87bad3c948f4d605d) (ScriptedImporter) -> (artifact id: 'a8056388ab100a3afb461caec484bad9') in 0.0180076 seconds
Number of updated asset objects reloaded before import = 0Number of asset objects unloaded after import = 0

========================================================================
Received Import Request.
  Time since last request: 0.000034 seconds.
  path: Packages/com.unity.test-framework/UnityEditor.TestRunner/TestRun/Tasks/MarkRunAsPlayModeTask.cs
  artifactKey: Guid(23383565f01f46dfa583710e5108e443) Importer(2089858483,b0f066a214c2f5e87bad3c948f4d605d)
Start importing Packages/com.unity.test-framework/UnityEditor.TestRunner/TestRun/Tasks/MarkRunAsPlayModeTask.cs using Guid(23383565f01f46dfa583710e5108e443) Importer(2089858483,b0f066a214c2f5e87bad3c948f4d605d) (ScriptedImporter) -> (artifact id: '65ef79baf4fe1ad2551811e992c10b3b') in 0.0233004 seconds
Number of updated asset objects reloaded before import = 0Number of asset objects unloaded after import = 0

========================================================================
Received Import Request.
  Time since last request: 0.001280 seconds.
  path: Packages/com.unity.test-framework/UnityEditor.TestRunner/RequirePlatformSupportAttribute.cs
  artifactKey: Guid(d2146428d3f1ad54eb7326c9a44b3284) Importer(2089858483,b0f066a214c2f5e87bad3c948f4d605d)
Start importing Packages/com.unity.test-framework/UnityEditor.TestRunner/RequirePlatformSupportAttribute.cs using Guid(d2146428d3f1ad54eb7326c9a44b3284) Importer(2089858483,b0f066a214c2f5e87bad3c948f4d605d) (ScriptedImporter) -> (artifact id: 'eb8b9a3c0b3e805e946ad064e54b0dd4') in 0.0258992 seconds
Number of updated asset objects reloaded before import = 0Number of asset objects unloaded after import = 0

========================================================================
Received Import Request.
  Time since last request: 0.000280 seconds.
  path: Packages/com.unity.timeline/Editor/StyleSheets/Images/Icons/d_TrackAvatarButtonDisabled@2x.png
  artifactKey: Guid(fd194f75fe3d7ca4488fa775ae832fd8) Importer(2089858483,b0f066a214c2f5e87bad3c948f4d605d)
Start importing Packages/com.unity.timeline/Editor/StyleSheets/Images/Icons/d_TrackAvatarButtonDisabled@2x.png using Guid(fd194f75fe3d7ca4488fa775ae832fd8) Importer(2089858483,b0f066a214c2f5e87bad3c948f4d605d) (ScriptedImporter) -> (artifact id: '604084682abe577cc241fcbf036b32b0') in 0.0392155 seconds
Number of updated asset objects reloaded before import = 0Number of asset objects unloaded after import = 1

========================================================================
Received Import Request.
  Time since last request: 0.000207 seconds.
  path: Packages/com.unity.test-framework/UnityEditor.TestRunner/CommandLineParser/CommandLineOptionSet.cs
  artifactKey: Guid(139c5eac101a4dc4fb3098e30c29f15e) Importer(2089858483,b0f066a214c2f5e87bad3c948f4d605d)
Start importing Packages/com.unity.test-framework/UnityEditor.TestRunner/CommandLineParser/CommandLineOptionSet.cs using Guid(139c5eac101a4dc4fb3098e30c29f15e) Importer(2089858483,b0f066a214c2f5e87bad3c948f4d605d) (ScriptedImporter) -> (artifact id: '7790b099cc093b4ac3d6bd4dccef2e0d') in 0.0203136 seconds
Number of updated asset objects reloaded before import = 0Number of asset objects unloaded after import = 0

========================================================================
Received Import Request.
  Time since last request: 0.000356 seconds.
  path: Packages/com.unity.modules.vr/package.json
  artifactKey: Guid(18a4fadfef534684d5af39ca8dc48fe9) Importer(2089858483,b0f066a214c2f5e87bad3c948f4d605d)
Start importing Packages/com.unity.modules.vr/package.json using Guid(18a4fadfef534684d5af39ca8dc48fe9) Importer(2089858483,b0f066a214c2f5e87bad3c948f4d605d) (ScriptedImporter) -> (artifact id: 'a858c5c06dbc100da5d8b2902ddbb20a') in 0.0181192 seconds
Number of updated asset objects reloaded before import = 0Number of asset objects unloaded after import = 1

========================================================================
Received Import Request.
  Time since last request: 0.000032 seconds.
  path: Packages/com.unity.timeline/Editor/StyleSheets/Images/Shared/TimelineOutline.png
  artifactKey: Guid(829511f8e35bf3a40be037a1050f801c) Importer(2089858483,b0f066a214c2f5e87bad3c948f4d605d)
Start importing Packages/com.unity.timeline/Editor/StyleSheets/Images/Shared/TimelineOutline.png using Guid(829511f8e35bf3a40be037a1050f801c) Importer(2089858483,b0f066a214c2f5e87bad3c948f4d605d) (ScriptedImporter) -> (artifact id: 'a594cd6f8972238e5149e554a4f9ee8f') in 0.0301181 seconds
Number of updated asset objects reloaded before import = 0Number of asset objects unloaded after import = 1

========================================================================
Received Import Request.
  Time since last request: 0.000215 seconds.
  path: Packages/com.unity.timeline/Editor/StyleSheets/Images/Shared/TimelineGroupBackground.png
  artifactKey: Guid(6ca5daa3415451940921fa7e2c3db9e8) Importer(2089858483,b0f066a214c2f5e87bad3c948f4d605d)
Start importing Packages/com.unity.timeline/Editor/StyleSheets/Images/Shared/TimelineGroupBackground.png using Guid(6ca5daa3415451940921fa7e2c3db9e8) Importer(2089858483,b0f066a214c2f5e87bad3c948f4d605d) (ScriptedImporter) -> (artifact id: 'c93b916d80789b2f8cc2d0c373f4dc7e') in 0.0639518 seconds
Number of updated asset objects reloaded before import = 0Number of asset objects unloaded after import = 1

Editor requested this worker to shutdown with reason: Scaling down because of idle timeout
AssetImportWorker is now disconnected from the server
Process exiting
Exiting without the bug reporter. Application will terminate with return code 0