[Licensing::Module] Trying to connect to existing licensing client channel...
[Licensing::IpcConnector] Successfully connected to: "LicenseClient-9uqdzvPVzTf7lOwKXUg5o" at "2026-09-24T06:51:50.5741989Z"
Built from '6000.3/staging' branch; Version is '6000.3.20f1 (c9ba695d4f07) revision 13220457'; Using compiler version '194234433'; Build Type 'Release'
OS: 'Windows 11  (10.0.26200) Core' Language: 'en' Physical Memory: 32469 MB
BatchMode: 1, IsHumanControllingUs: 0, StartBugReporterOnCrash: 0, Is64bit: 1
System  architecture: x64
Process architecture: x64
Date: 2026-09-24T06:51:50Z
[Licensing::Client] Code 10 while verifying Licensing Client signature (process Id: 12036, path: "C:/Program Files/Unity Hub/UnityLicensingClient_V1/Unity.Licensing.Client.exe")
[Licensing::Module] LicensingClient has failed validation; ignoring
[Licensing::Client] Handshaking with LicensingClient:
  Version:                 1.18.3+d7ffd15
  Session Id:              2e92b7dd03f74ae1949d958e15919225
  Correlation Id:          7bae5157f7569324c196101537e5e2e7
  External correlation Id: 8903196538135980399
  Machine Id:              Xq0/e8jrdfzwNx6CNFF/2oAnL8k=
[Licensing::Module] Successfully connected to LicensingClient on channel: "LicenseClient-9uqdzvPVzTf7lOwKXUg5o" (connect: 0.00s, validation: 0.00s, handshake: 0.10s)
[Licensing::IpcConnector] Successfully connected to: "LicenseClient-9uqdzvPVzTf7lOwKXUg5o-notifications" at "2026-09-24T06:51:50.6818275Z"
[Licensing::Module] Licensing Background thread has ended after 0.11s

COMMAND LINE ARGUMENTS:
C:\Program Files\Unity\Hub\Editor\6000.3.20f1\Editor\Unity.exe
-adb2
-batchMode
-noUpm
-name
AssetImportWorker1
-projectPath
D:/Projects/2026/Julia-Set-Unity-Android-App/Mandelbrot
-logFile
Logs/AssetImportWorker1.log
-srvPort
60127
-parentPid
48288
-analyticsCloudUserId
3574442337645
-analyticsCloudProjectId
-analyticsLocalProjectId
fcf6fdb92c0f15e4b9b285a58b933e9b
-licensingIpc
LicenseClient-9uqdzvPVzTf7lOwKXUg5o
-job-worker-count
7
-background-job-worker-count
8
-gc-helper-count
1
-name
AssetImport
Successfully changed project path to: D:/Projects/2026/Julia-Set-Unity-Android-App/Mandelbrot
D:/Projects/2026/Julia-Set-Unity-Android-App/Mandelbrot
[UnityMemory] Configuration Parameters - Can be set up in boot.config
    "memorysetup-temp-allocator-size-nav-mesh-worker=65536"
    "memorysetup-temp-allocator-size-audio-worker=65536"
    "memorysetup-temp-allocator-size-gfx=262144"
    "memorysetup-allocator-temp-initial-block-size-main=262144"
    "memorysetup-allocator-temp-initial-block-size-worker=262144"
    "memorysetup-temp-allocator-size-background-worker=32768"
    "memorysetup-temp-allocator-size-job-worker=262144"
    "memorysetup-temp-allocator-size-preload-manager=33554432"
    "memorysetup-temp-allocator-size-gi-baking-worker=262144"
    "memorysetup-temp-allocator-size-gi-baking-worker=262144"
    "memorysetup-temp-allocator-size-gi-baking-worker=262144"
    "memorysetup-temp-allocator-size-gi-baking-worker=262144"
    "memorysetup-temp-allocator-size-gi-baking-worker=262144"
    "memorysetup-bucket-allocator-granularity=16"
    "memorysetup-bucket-allocator-bucket-count=8"
    "memorysetup-bucket-allocator-block-size=33554432"
    "memorysetup-bucket-allocator-block-count=8"
    "memorysetup-main-allocator-block-size=16777216"
    "memorysetup-thread-allocator-block-size=16777216"
    "memorysetup-gfx-main-allocator-block-size=16777216"
    "memorysetup-gfx-thread-allocator-block-size=16777216"
    "memorysetup-cache-allocator-block-size=4194304"
    "memorysetup-typetree-allocator-block-size=2097152"
    "memorysetup-profiler-bucket-allocator-granularity=16"
    "memorysetup-profiler-bucket-allocator-bucket-count=8"
    "memorysetup-profiler-bucket-allocator-block-size=33554432"
    "memorysetup-profiler-bucket-allocator-block-count=8"
    "memorysetup-profiler-allocator-block-size=16777216"
    "memorysetup-profiler-editor-allocator-block-size=1048576"
    "memorysetup-temp-allocator-size-main=16777216"
    "memorysetup-job-temp-allocator-block-size=2097152"
    "memorysetup-job-temp-allocator-block-size-background=1048576"
    "memorysetup-job-temp-allocator-reduction-small-platforms=262144"
    "memorysetup-temp-allocator-size-cloud-worker=32768"
Player connection [21768]  Target information:

Player connection [21768]  * "[IP] 192.168.1.77 [Port] 0 [Flags] 2 [Guid] 3832044684 [EditorId] 3832044684 [Version] 1048832 [Id] WindowsEditor(7,DESKTOP-C3RIJRC) [Debug] 1 [PackageName] WindowsEditor [ProjectName] Editor" 

Player connection [21768] Host joined multi-casting on [225.0.0.222:54997]...
Player connection [21768] Host joined alternative multi-casting on [225.0.0.222:34997]...
JobSystem: Creating JobQueue using job-worker-count value 7
Input System module state changed to: Initialized.
[Physics::Module] Initialized fallback backend.
[Physics::Module] Id: 0xdecafbad
Library Redirect Path: Library/
[Physics::Module] Selected backend.
[Physics::Module] Name: PhysX
[Physics::Module] Id: 0xf2b8ea05
[Physics::Module] SDK Version: 4.1.2
[Physics::Module] Integration Version: 1.0.0
[Physics::Module] Threading Mode: Multi-Threaded
Refreshing native plugins compatible for Editor in 4.40 ms, found 3 plugins.
Preloading 0 native plugins for Editor in 0.00 ms.
Initialize engine version: 6000.3.20f1 (c9ba695d4f07)
[Subsystems] Discovering subsystems at path C:/Program Files/Unity/Hub/Editor/6000.3.20f1/Editor/Data/Resources/UnitySubsystems
[Subsystems] Discovering subsystems at path D:/Projects/2026/Julia-Set-Unity-Android-App/Mandelbrot/Assets
GfxDevice: creating device client; kGfxThreadingModeNonThreaded
Direct3D:
    Version:  Direct3D 11.0 [level 11.1]
    Renderer: NVIDIA GeForce RTX 3070 Laptop GPU (ID=0x249d)
    Vendor:   NVIDIA
    VRAM:     8033 MB
    Driver:   31.0.15.3713
Initialize mono
Mono path[0] = 'C:/Program Files/Unity/Hub/Editor/6000.3.20f1/Editor/Data/Managed'
Mono path[1] = 'C:/Program Files/Unity/Hub/Editor/6000.3.20f1/Editor/Data/MonoBleedingEdge/lib/mono/unityjit-win32'
Mono config path = 'C:/Program Files/Unity/Hub/Editor/6000.3.20f1/Editor/Data/MonoBleedingEdge/etc'
Using monoOptions --debugger-agent=transport=dt_socket,embedding=1,server=y,suspend=n,address=127.0.0.1:56656
Begin MonoManager ReloadAssembly
Registering precompiled unity dll's ...
Register platform support module: C:/Program Files/Unity/Hub/Editor/6000.3.20f1/Editor/Data/PlaybackEngines/WindowsStandaloneSupport/UnityEditor.WindowsStandalone.Extensions.dll
[Licensing::Client] Successfully resolved entitlement details
[Licensing::Module] License group:
  Id: 3574443044870-hololabsstudioinc-UnitXXXX
  Product: Unity Pro
  Type: Assigned
  Expiration: 2122-09-02T00:00:00Z
Register platform support module: C:/Program Files/Unity/Hub/Editor/6000.3.20f1/Editor/Data/PlaybackEngines/AndroidPlayer/UnityEditor.Android.Extensions.dll
Registered in 0.016778 seconds.
- Loaded All Assemblies, in  0.902 seconds
Native extension for Android target not found
Native extension for WindowsStandalone target not found
Package Manager log level set to [2]
[Package Manager] Failed to launch server process. Reason: Unity was launched with the -noUpm command-line argument
[Package Manager] Unable to send message (not connected to server process).
[Package Manager] Cannot connect to Unity Package Manager local server
ScheduleIndexationOnStartup MainProcess:False IndexOnStartup:True
Mono: successfully reloaded assembly
- Finished resetting the current domain, in  0.713 seconds
Domain Reload Profiling: 1604ms
	BeginReloadAssembly (318ms)
		ExecutionOrderSort (0ms)
		DisableScriptedObjects (0ms)
		BackupInstance (0ms)
		ReleaseScriptingObjects (0ms)
		CreateAndSetChildDomain (1ms)
	RebuildCommonClasses (69ms)
	RebuildNativeTypeToScriptingClass (27ms)
	initialDomainReloadingComplete (114ms)
	LoadAllAssembliesAndSetupDomain (363ms)
		LoadAssemblies (307ms)
		RebuildTransferFunctionScriptingTraits (0ms)
		AnalyzeDomain (357ms)
			TypeCache.Refresh (353ms)
				TypeCache.ScanAssembly (328ms)
			BuildScriptInfoCaches (0ms)
			ResolveRequiredComponents (1ms)
	FinalizeReload (714ms)
		ReleaseScriptCaches (0ms)
		RebuildScriptCaches (0ms)
		SetupLoadedEditorAssemblies (640ms)
			LogAssemblyErrors (0ms)
			InitializePlatformSupportModulesInManaged (108ms)
			SetLoadedEditorAssemblies (5ms)
			BeforeProcessingInitializeOnLoad (131ms)
			ProcessInitializeOnLoadAttributes (236ms)
			ProcessInitializeOnLoadMethodAttributes (159ms)
			AfterProcessingInitializeOnLoad (0ms)
			EditorAssembliesLoaded (0ms)
		ExecutionOrderSort2 (0ms)
		AwakeInstancesAfterBackupRestoration (0ms)
[Licensing::Client] Successfully resolved entitlement details
========================================================================
Worker process is ready to serve import requests
Import Worker Mode flag is 0x00
Begin MonoManager ReloadAssembly
- Loaded All Assemblies, in  1.043 seconds
Refreshing native plugins compatible for Editor in 3.07 ms, found 3 plugins.
Native extension for Android target not found
Native extension for WindowsStandalone target not found
[Package Manager] Failed to launch server process. Reason: Unity was launched with the -noUpm command-line argument
[Package Manager] Unable to send message (not connected to server process).
[Package Manager] Cannot connect to Unity Package Manager local server
Refreshing native plugins compatible for Editor in 3.08 ms, found 3 plugins.
[Package Manager] Failed to launch server process. Reason: Unity was launched with the -noUpm command-line argument
[Package Manager] Unable to send message (not connected to server process).
[Package Manager] Cannot connect to Unity Package Manager local server
ScheduleIndexationOnStartup MainProcess:False IndexOnStartup:True
Mono: successfully reloaded assembly
- Finished resetting the current domain, in  0.906 seconds
Domain Reload Profiling: 1939ms
	BeginReloadAssembly (330ms)
		ExecutionOrderSort (0ms)
		DisableScriptedObjects (8ms)
		BackupInstance (0ms)
		ReleaseScriptingObjects (0ms)
		CreateAndSetChildDomain (42ms)
	RebuildCommonClasses (68ms)
	RebuildNativeTypeToScriptingClass (23ms)
	initialDomainReloadingComplete (70ms)
	LoadAllAssembliesAndSetupDomain (541ms)
		LoadAssemblies (541ms)
		RebuildTransferFunctionScriptingTraits (0ms)
		AnalyzeDomain (207ms)
			TypeCache.Refresh (166ms)
				TypeCache.ScanAssembly (143ms)
			BuildScriptInfoCaches (32ms)
			ResolveRequiredComponents (3ms)
	FinalizeReload (907ms)
		ReleaseScriptCaches (0ms)
		RebuildScriptCaches (0ms)
		SetupLoadedEditorAssemblies (704ms)
			LogAssemblyErrors (0ms)
			InitializePlatformSupportModulesInManaged (16ms)
			SetLoadedEditorAssemblies (6ms)
			BeforeProcessingInitializeOnLoad (192ms)
			ProcessInitializeOnLoadAttributes (409ms)
			ProcessInitializeOnLoadMethodAttributes (57ms)
			AfterProcessingInitializeOnLoad (23ms)
			EditorAssembliesLoaded (0ms)
		ExecutionOrderSort2 (0ms)
		AwakeInstancesAfterBackupRestoration (14ms)
Launched and connected shader compiler UnityShaderCompiler.exe after 0.02 seconds
Refreshing native plugins compatible for Editor in 4.30 ms, found 3 plugins.
Preloading 0 native plugins for Editor in 0.00 ms.
Unloading 0 Unused Serialized files (Serialized files now loaded: 0)
Curl error 3: URL rejected: Malformed input to a URL function
Unloading 2045 unused Assets / (0.8 MB). Loaded Objects now: 2626.
Memory consumption went from 82.8 MB to 82.0 MB.
Total: 10.837800 ms (FindLiveObjects: 0.394400 ms CreateObjectMapping: 0.345500 ms MarkObjects: 8.694700 ms  DeleteObjects: 1.401200 ms)

========================================================================
Received Import Request.
  Time since last request: 335691.441897 seconds.
  path: Packages/com.unity.collab-proxy/Editor/AssetMenu/ProjectViewCloudDriveAssetMenu.cs
  artifactKey: Guid(9874d2fcd73d40b6940619e9cd482ad4) Importer(2089858483,b0f066a214c2f5e87bad3c948f4d605d)
Start importing Packages/com.unity.collab-proxy/Editor/AssetMenu/ProjectViewCloudDriveAssetMenu.cs using Guid(9874d2fcd73d40b6940619e9cd482ad4) Importer(2089858483,b0f066a214c2f5e87bad3c948f4d605d) (ScriptedImporter) -> (artifact id: '0ef7e5ac8f52e3badf51cdb0a76bf931') in 0.1540673 seconds
Number of updated asset objects reloaded before import = 0Number of asset objects unloaded after import = 0

========================================================================
Received Import Request.
  Time since last request: 0.000027 seconds.
  path: Packages/com.unity.collab-proxy/Editor/CodeEditor/TextEditorComponent.cs
  artifactKey: Guid(10217cf897d5d554f959f089ba9d38d2) Importer(2089858483,b0f066a214c2f5e87bad3c948f4d605d)
Start importing Packages/com.unity.collab-proxy/Editor/CodeEditor/TextEditorComponent.cs using Guid(10217cf897d5d554f959f089ba9d38d2) Importer(2089858483,b0f066a214c2f5e87bad3c948f4d605d) (ScriptedImporter) -> (artifact id: 'fca105de39cd3c46103e3347fb361bbd') in 0.0142858 seconds
Number of updated asset objects reloaded before import = 0Number of asset objects unloaded after import = 0

========================================================================
Received Import Request.
  Time since last request: 0.000204 seconds.
  path: Packages/com.unity.collab-proxy/Editor/Configuration/ChannelCertificateUiImpl.cs
  artifactKey: Guid(628bc1ed591aa164ab9124ac22e02d9a) Importer(2089858483,b0f066a214c2f5e87bad3c948f4d605d)
Start importing Packages/com.unity.collab-proxy/Editor/Configuration/ChannelCertificateUiImpl.cs using Guid(628bc1ed591aa164ab9124ac22e02d9a) Importer(2089858483,b0f066a214c2f5e87bad3c948f4d605d) (ScriptedImporter) -> (artifact id: '5a1d97eed3db763208dbaaad5dd69851') in 0.0158823 seconds
Number of updated asset objects reloaded before import = 0Number of asset objects unloaded after import = 0

========================================================================
Received Import Request.
  Time since last request: 0.000308 seconds.
  path: Packages/com.unity.collab-proxy/Editor/SwitchUVCSPlugin.cs
  artifactKey: Guid(7b85d37b2f076804f8b93f821d6ff88e) Importer(2089858483,b0f066a214c2f5e87bad3c948f4d605d)
Start importing Packages/com.unity.collab-proxy/Editor/SwitchUVCSPlugin.cs using Guid(7b85d37b2f076804f8b93f821d6ff88e) Importer(2089858483,b0f066a214c2f5e87bad3c948f4d605d) (ScriptedImporter) -> (artifact id: 'cf7f313d35d0c71b6e483351538b1631') in 0.0151044 seconds
Number of updated asset objects reloaded before import = 0Number of asset objects unloaded after import = 0

========================================================================
Received Import Request.
  Time since last request: 0.000236 seconds.
  path: Packages/com.unity.collab-proxy/Editor/AssetMenu/AssetCopyPathOperation.cs
  artifactKey: Guid(d2a9f8ad3405465db8e62d36f2686b68) Importer(2089858483,b0f066a214c2f5e87bad3c948f4d605d)
Start importing Packages/com.unity.collab-proxy/Editor/AssetMenu/AssetCopyPathOperation.cs using Guid(d2a9f8ad3405465db8e62d36f2686b68) Importer(2089858483,b0f066a214c2f5e87bad3c948f4d605d) (ScriptedImporter) -> (artifact id: 'd64d7896bbee7b3fb17473c1ba6b4a77') in 0.0162537 seconds
Number of updated asset objects reloaded before import = 0Number of asset objects unloaded after import = 0

========================================================================
Received Import Request.
  Time since last request: 0.000280 seconds.
  path: Packages/com.unity.collab-proxy/Editor/WorkspaceWindow.cs
  artifactKey: Guid(30e9a0b4c58f24512803e160e0216686) Importer(2089858483,b0f066a214c2f5e87bad3c948f4d605d)
Start importing Packages/com.unity.collab-proxy/Editor/WorkspaceWindow.cs using Guid(30e9a0b4c58f24512803e160e0216686) Importer(2089858483,b0f066a214c2f5e87bad3c948f4d605d) (ScriptedImporter) -> (artifact id: '912290e9f7ac03f57f61880eeaa5a032') in 0.0220742 seconds
Number of updated asset objects reloaded before import = 0Number of asset objects unloaded after import = 0

========================================================================
Received Import Request.
  Time since last request: 0.000189 seconds.
  path: Packages/com.unity.collab-proxy/Editor/MetaPath.cs
  artifactKey: Guid(8c0d4be4ea44a684d957cde781ecb6cc) Importer(2089858483,b0f066a214c2f5e87bad3c948f4d605d)
Start importing Packages/com.unity.collab-proxy/Editor/MetaPath.cs using Guid(8c0d4be4ea44a684d957cde781ecb6cc) Importer(2089858483,b0f066a214c2f5e87bad3c948f4d605d) (ScriptedImporter) -> (artifact id: 'b05a04a2e91c703aa4984c6409529f43') in 0.0192899 seconds
Number of updated asset objects reloaded before import = 0Number of asset objects unloaded after import = 0

========================================================================
Received Import Request.
  Time since last request: 0.000144 seconds.
  path: Assets/images/icon.png
  artifactKey: Guid(8d8ca69d7329bec4f9cd217bdef7ebc4) Importer(2089858483,b0f066a214c2f5e87bad3c948f4d605d)
Start importing Assets/images/icon.png using Guid(8d8ca69d7329bec4f9cd217bdef7ebc4) Importer(2089858483,b0f066a214c2f5e87bad3c948f4d605d) (ScriptedImporter) -> (artifact id: '4695d8ff102f559dbebf7fa091b146dd') in 0.0934782 seconds
Number of updated asset objects reloaded before import = 0Number of asset objects unloaded after import = 1

========================================================================
Received Import Request.
  Time since last request: 0.000283 seconds.
  path: Packages/com.unity.collab-proxy/Editor/CloudDrive/CloudDriveWindow.cs
  artifactKey: Guid(4064021de8c73d44f9d4a0f99d80d5b0) Importer(2089858483,b0f066a214c2f5e87bad3c948f4d605d)
Start importing Packages/com.unity.collab-proxy/Editor/CloudDrive/CloudDriveWindow.cs using Guid(4064021de8c73d44f9d4a0f99d80d5b0) Importer(2089858483,b0f066a214c2f5e87bad3c948f4d605d) (ScriptedImporter) -> (artifact id: '44f9181c2d742779791fae73bf67f5fa') in 0.0145902 seconds
Number of updated asset objects reloaded before import = 0Number of asset objects unloaded after import = 0

========================================================================
Received Import Request.
  Time since last request: 0.000102 seconds.
  path: Packages/com.unity.collab-proxy/Editor/CloudDrive/WindowStatusBar.cs
  artifactKey: Guid(bdab12da216948e2a24b90b910e519c0) Importer(2089858483,b0f066a214c2f5e87bad3c948f4d605d)
Start importing Packages/com.unity.collab-proxy/Editor/CloudDrive/WindowStatusBar.cs using Guid(bdab12da216948e2a24b90b910e519c0) Importer(2089858483,b0f066a214c2f5e87bad3c948f4d605d) (ScriptedImporter) -> (artifact id: '787b2b9c1718d18b9ce4b69fcc443a6a') in 0.0133111 seconds
Number of updated asset objects reloaded before import = 0Number of asset objects unloaded after import = 0

========================================================================
Received Import Request.
  Time since last request: 0.000156 seconds.
  path: Packages/com.unity.collab-proxy/Editor/AssetsUtils/GetSelectedPaths.cs
  artifactKey: Guid(d9369fa547ca81b4fafa42a3e74c1b7a) Importer(2089858483,b0f066a214c2f5e87bad3c948f4d605d)
Start importing Packages/com.unity.collab-proxy/Editor/AssetsUtils/GetSelectedPaths.cs using Guid(d9369fa547ca81b4fafa42a3e74c1b7a) Importer(2089858483,b0f066a214c2f5e87bad3c948f4d605d) (ScriptedImporter) -> (artifact id: '81cac930812db2297e4ef2eccfd5f591') in 0.0139855 seconds
Number of updated asset objects reloaded before import = 0Number of asset objects unloaded after import = 0

========================================================================
Received Import Request.
  Time since last request: 0.000215 seconds.
  path: Packages/com.unity.collab-proxy/Editor/WaitForPendingOperations.cs
  artifactKey: Guid(2d63e236b259c9b4c8c5175cb624721f) Importer(2089858483,b0f066a214c2f5e87bad3c948f4d605d)
Start importing Packages/com.unity.collab-proxy/Editor/WaitForPendingOperations.cs using Guid(2d63e236b259c9b4c8c5175cb624721f) Importer(2089858483,b0f066a214c2f5e87bad3c948f4d605d) (ScriptedImporter) -> (artifact id: 'ee6133d895f8aff23aa80c009442bd81') in 0.0154057 seconds
Number of updated asset objects reloaded before import = 0Number of asset objects unloaded after import = 0

========================================================================
Received Import Request.
  Time since last request: 0.000135 seconds.
  path: Packages/com.unity.collab-proxy/Editor/UVCSMenuItem.cs
  artifactKey: Guid(ca17c170df6db5042b70adc65fbe770c) Importer(2089858483,b0f066a214c2f5e87bad3c948f4d605d)
Start importing Packages/com.unity.collab-proxy/Editor/UVCSMenuItem.cs using Guid(ca17c170df6db5042b70adc65fbe770c) Importer(2089858483,b0f066a214c2f5e87bad3c948f4d605d) (ScriptedImporter) -> (artifact id: '9933054ebe2647a127cb6490cb06f573') in 0.0142167 seconds
Number of updated asset objects reloaded before import = 0Number of asset objects unloaded after import = 0

========================================================================
Received Import Request.
  Time since last request: 0.000145 seconds.
  path: Packages/com.unity.collab-proxy/Editor/UnityPlasticDllVersion.cs
  artifactKey: Guid(861c52e49f0f474caaeb9f2254cecea3) Importer(2089858483,b0f066a214c2f5e87bad3c948f4d605d)
Start importing Packages/com.unity.collab-proxy/Editor/UnityPlasticDllVersion.cs using Guid(861c52e49f0f474caaeb9f2254cecea3) Importer(2089858483,b0f066a214c2f5e87bad3c948f4d605d) (ScriptedImporter) -> (artifact id: 'fb03851e441169d9700b662e07ac0092') in 0.015634 seconds
Number of updated asset objects reloaded before import = 0Number of asset objects unloaded after import = 0

========================================================================
Received Import Request.
  Time since last request: 0.000182 seconds.
  path: Packages/com.unity.collab-proxy/Editor/PackageInfo.cs
  artifactKey: Guid(40771e457c113c441b7ec6c975584675) Importer(2089858483,b0f066a214c2f5e87bad3c948f4d605d)
Start importing Packages/com.unity.collab-proxy/Editor/PackageInfo.cs using Guid(40771e457c113c441b7ec6c975584675) Importer(2089858483,b0f066a214c2f5e87bad3c948f4d605d) (ScriptedImporter) -> (artifact id: 'c82a3b393fa550469b556d4cde263846') in 0.0159452 seconds
Number of updated asset objects reloaded before import = 0Number of asset objects unloaded after import = 0

========================================================================
Received Import Request.
  Time since last request: 0.000235 seconds.
  path: Packages/com.unity.collab-proxy/Editor/BoolSetting.cs
  artifactKey: Guid(5be77ef41db4cc24a82cd1eca7456b5a) Importer(2089858483,b0f066a214c2f5e87bad3c948f4d605d)
Start importing Packages/com.unity.collab-proxy/Editor/BoolSetting.cs using Guid(5be77ef41db4cc24a82cd1eca7456b5a) Importer(2089858483,b0f066a214c2f5e87bad3c948f4d605d) (ScriptedImporter) -> (artifact id: '34e7c3bd75293483bcb4d64ae2319af2') in 0.0162556 seconds
Number of updated asset objects reloaded before import = 0Number of asset objects unloaded after import = 0

========================================================================
Received Import Request.
  Time since last request: 0.000182 seconds.
  path: Packages/com.unity.collab-proxy/Editor/UVCSPlugin.cs
  artifactKey: Guid(aebdb56b44622b2468b014e27e5e28e5) Importer(2089858483,b0f066a214c2f5e87bad3c948f4d605d)
Start importing Packages/com.unity.collab-proxy/Editor/UVCSPlugin.cs using Guid(aebdb56b44622b2468b014e27e5e28e5) Importer(2089858483,b0f066a214c2f5e87bad3c948f4d605d) (ScriptedImporter) -> (artifact id: '7f79f253c77f52742766a44cb9447e87') in 0.0149957 seconds
Number of updated asset objects reloaded before import = 0Number of asset objects unloaded after import = 0

========================================================================
Received Import Request.
  Time since last request: 0.000204 seconds.
  path: Packages/com.unity.collab-proxy/Editor/ApplicationDataPath.cs
  artifactKey: Guid(50503d5b64dbddc48a0bcba68901b3d6) Importer(2089858483,b0f066a214c2f5e87bad3c948f4d605d)
Start importing Packages/com.unity.collab-proxy/Editor/ApplicationDataPath.cs using Guid(50503d5b64dbddc48a0bcba68901b3d6) Importer(2089858483,b0f066a214c2f5e87bad3c948f4d605d) (ScriptedImporter) -> (artifact id: '039133e91c72d07248d9ca00f9a9688d') in 0.0152623 seconds
Number of updated asset objects reloaded before import = 0Number of asset objects unloaded after import = 0

========================================================================
Received Import Request.
  Time since last request: 0.000205 seconds.
  path: Packages/com.unity.collab-proxy/Editor/CloudDrive/CloudDriveMenuItem.cs
  artifactKey: Guid(e0ca5f7f9ce171a44a14d09d62ee6c8e) Importer(2089858483,b0f066a214c2f5e87bad3c948f4d605d)
Start importing Packages/com.unity.collab-proxy/Editor/CloudDrive/CloudDriveMenuItem.cs using Guid(e0ca5f7f9ce171a44a14d09d62ee6c8e) Importer(2089858483,b0f066a214c2f5e87bad3c948f4d605d) (ScriptedImporter) -> (artifact id: '8f987d81de5d87c1e40fa75449e8d69d') in 0.0162277 seconds
Number of updated asset objects reloaded before import = 0Number of asset objects unloaded after import = 0

========================================================================
Received Import Request.
  Time since last request: 0.000255 seconds.
  path: Assets/Mandelbrot.mat
  artifactKey: Guid(fe233ef232aed2043999956a9d6e5c9b) Importer(2089858483,b0f066a214c2f5e87bad3c948f4d605d)
Start importing Assets/Mandelbrot.mat using Guid(fe233ef232aed2043999956a9d6e5c9b) Importer(2089858483,b0f066a214c2f5e87bad3c948f4d605d) (ScriptedImporter) -> (artifact id: 'b203ad69f75b67253667456a34b91c55') in 0.0550761 seconds
Number of updated asset objects reloaded before import = 0Number of asset objects unloaded after import = 1

========================================================================
Received Import Request.
  Time since last request: 0.000175 seconds.
  path: Packages/com.unity.collab-proxy/Editor/Headless/HeadlessWorkspaceStatusChangeListener.cs
  artifactKey: Guid(c00693f5365e54a4eb5f9ac96da13749) Importer(2089858483,b0f066a214c2f5e87bad3c948f4d605d)
Start importing Packages/com.unity.collab-proxy/Editor/Headless/HeadlessWorkspaceStatusChangeListener.cs using Guid(c00693f5365e54a4eb5f9ac96da13749) Importer(2089858483,b0f066a214c2f5e87bad3c948f4d605d) (ScriptedImporter) -> (artifact id: '0ff06e2681600c1bc5f83e1960802fc2') in 0.0163889 seconds
Number of updated asset objects reloaded before import = 0Number of asset objects unloaded after import = 0

========================================================================
Received Import Request.
  Time since last request: 0.000166 seconds.
  path: Packages/com.unity.collab-proxy/Editor/Topbar/NotificationsArea.cs
  artifactKey: Guid(9c41da65bf0c4ef2bcf303f406d8e2c8) Importer(2089858483,b0f066a214c2f5e87bad3c948f4d605d)
Start importing Packages/com.unity.collab-proxy/Editor/Topbar/NotificationsArea.cs using Guid(9c41da65bf0c4ef2bcf303f406d8e2c8) Importer(2089858483,b0f066a214c2f5e87bad3c948f4d605d) (ScriptedImporter) -> (artifact id: '8fd730acfd0d64dabc4bafb01b3bdf2e') in 0.0174668 seconds
Number of updated asset objects reloaded before import = 0Number of asset objects unloaded after import = 0

========================================================================
Received Import Request.
  Time since last request: 0.000266 seconds.
  path: Packages/com.unity.collab-proxy/Editor/Headless/HeadlessUpdateReport.cs
  artifactKey: Guid(3c1571ec0b185dc428a1df774086a310) Importer(2089858483,b0f066a214c2f5e87bad3c948f4d605d)
Start importing Packages/com.unity.collab-proxy/Editor/Headless/HeadlessUpdateReport.cs using Guid(3c1571ec0b185dc428a1df774086a310) Importer(2089858483,b0f066a214c2f5e87bad3c948f4d605d) (ScriptedImporter) -> (artifact id: 'e8724ce9eb180aeb0703612fa7c29587') in 0.0147506 seconds
Number of updated asset objects reloaded before import = 0Number of asset objects unloaded after import = 0

========================================================================
Received Import Request.
  Time since last request: 0.000236 seconds.
  path: Packages/com.unity.collab-proxy/Editor/Diff/DiffWindow.cs
  artifactKey: Guid(08c46e1f56d34c62ba9e0107516e21db) Importer(2089858483,b0f066a214c2f5e87bad3c948f4d605d)
Start importing Packages/com.unity.collab-proxy/Editor/Diff/DiffWindow.cs using Guid(08c46e1f56d34c62ba9e0107516e21db) Importer(2089858483,b0f066a214c2f5e87bad3c948f4d605d) (ScriptedImporter) -> (artifact id: '1dd9078b5622c997b9ca7d606c3e3e2e') in 0.0156678 seconds
Number of updated asset objects reloaded before import = 0Number of asset objects unloaded after import = 0

========================================================================
Received Import Request.
  Time since last request: 0.000213 seconds.
  path: Packages/com.unity.collab-proxy/Editor/StatusBar/NotificationBar.cs
  artifactKey: Guid(f8fb5a27b8554a74b8c566355a3c50f9) Importer(2089858483,b0f066a214c2f5e87bad3c948f4d605d)
Start importing Packages/com.unity.collab-proxy/Editor/StatusBar/NotificationBar.cs using Guid(f8fb5a27b8554a74b8c566355a3c50f9) Importer(2089858483,b0f066a214c2f5e87bad3c948f4d605d) (ScriptedImporter) -> (artifact id: 'ef67a0c310fb08d500ad2208543102df') in 0.0145684 seconds
Number of updated asset objects reloaded before import = 0Number of asset objects unloaded after import = 0

========================================================================
Received Import Request.
  Time since last request: 0.000179 seconds.
  path: Packages/com.unity.collab-proxy/Editor/Developer/ShelvedChangesNotification.cs
  artifactKey: Guid(db6cbe7586694d6fb3c944d67973d313) Importer(2089858483,b0f066a214c2f5e87bad3c948f4d605d)
Start importing Packages/com.unity.collab-proxy/Editor/Developer/ShelvedChangesNotification.cs using Guid(db6cbe7586694d6fb3c944d67973d313) Importer(2089858483,b0f066a214c2f5e87bad3c948f4d605d) (ScriptedImporter) -> (artifact id: '359860cf81961548123733a76247779c') in 0.0184852 seconds
Number of updated asset objects reloaded before import = 0Number of asset objects unloaded after import = 0

========================================================================
Received Import Request.
  Time since last request: 0.000268 seconds.
  path: Packages/com.unity.collab-proxy/Editor/Tool/PlasticExeLauncher.cs
  artifactKey: Guid(f8b61564d80f4d16b3bf68e8dfe87c89) Importer(2089858483,b0f066a214c2f5e87bad3c948f4d605d)
Start importing Packages/com.unity.collab-proxy/Editor/Tool/PlasticExeLauncher.cs using Guid(f8b61564d80f4d16b3bf68e8dfe87c89) Importer(2089858483,b0f066a214c2f5e87bad3c948f4d605d) (ScriptedImporter) -> (artifact id: 'c3efa4c0ebd29654ba83e0dde3fc321b') in 0.0161671 seconds
Number of updated asset objects reloaded before import = 0Number of asset objects unloaded after import = 0

========================================================================
Received Import Request.
  Time since last request: 0.000219 seconds.
  path: Packages/com.unity.collab-proxy/Editor/UI/DialogWithCheckBox.cs
  artifactKey: Guid(bf4c80d864854f97a4b2f1dcad326904) Importer(2089858483,b0f066a214c2f5e87bad3c948f4d605d)
Start importing Packages/com.unity.collab-proxy/Editor/UI/DialogWithCheckBox.cs using Guid(bf4c80d864854f97a4b2f1dcad326904) Importer(2089858483,b0f066a214c2f5e87bad3c948f4d605d) (ScriptedImporter) -> (artifact id: '4655d0f169d1395287e7bb03b8d39288') in 0.0142684 seconds
Number of updated asset objects reloaded before import = 0Number of asset objects unloaded after import = 0

========================================================================
Received Import Request.
  Time since last request: 0.000095 seconds.
  path: Packages/com.unity.collab-proxy/Editor/UI/DockEditorWindow.cs
  artifactKey: Guid(3a6fba741cdd5fb4982a73a4d791754f) Importer(2089858483,b0f066a214c2f5e87bad3c948f4d605d)
Start importing Packages/com.unity.collab-proxy/Editor/UI/DockEditorWindow.cs using Guid(3a6fba741cdd5fb4982a73a4d791754f) Importer(2089858483,b0f066a214c2f5e87bad3c948f4d605d) (ScriptedImporter) -> (artifact id: 'cfb3d36f1c542b1c73918500a3230c65') in 0.0147588 seconds
Number of updated asset objects reloaded before import = 0Number of asset objects unloaded after import = 0

========================================================================
Received Import Request.
  Time since last request: 0.000142 seconds.
  path: Packages/com.unity.collab-proxy/Editor/Headless/HeadlessWorkspaceWindow.cs
  artifactKey: Guid(fd582245e61fe1f4dba625a9ba7ec139) Importer(2089858483,b0f066a214c2f5e87bad3c948f4d605d)
Start importing Packages/com.unity.collab-proxy/Editor/Headless/HeadlessWorkspaceWindow.cs using Guid(fd582245e61fe1f4dba625a9ba7ec139) Importer(2089858483,b0f066a214c2f5e87bad3c948f4d605d) (ScriptedImporter) -> (artifact id: 'b7e21e0d0d9733ea94b6d36dcee5fb4f') in 0.0173725 seconds
Number of updated asset objects reloaded before import = 0Number of asset objects unloaded after import = 0

========================================================================
Received Import Request.
  Time since last request: 0.000244 seconds.
  path: Packages/com.unity.collab-proxy/Editor/UI/AttributeColor.cs
  artifactKey: Guid(ccc9f105224248edbf0b807faa2bcba9) Importer(2089858483,b0f066a214c2f5e87bad3c948f4d605d)
Start importing Packages/com.unity.collab-proxy/Editor/UI/AttributeColor.cs using Guid(ccc9f105224248edbf0b807faa2bcba9) Importer(2089858483,b0f066a214c2f5e87bad3c948f4d605d) (ScriptedImporter) -> (artifact id: 'd4a87af57097986ed3f7c95941009e02') in 0.0150098 seconds
Number of updated asset objects reloaded before import = 0Number of asset objects unloaded after import = 0

========================================================================
Received Import Request.
  Time since last request: 0.000140 seconds.
  path: Packages/com.unity.collab-proxy/Editor/UI/DrawActionButton.cs
  artifactKey: Guid(c08cfcfc4c2c46c46940ed103538acae) Importer(2089858483,b0f066a214c2f5e87bad3c948f4d605d)
Start importing Packages/com.unity.collab-proxy/Editor/UI/DrawActionButton.cs using Guid(c08cfcfc4c2c46c46940ed103538acae) Importer(2089858483,b0f066a214c2f5e87bad3c948f4d605d) (ScriptedImporter) -> (artifact id: '10552b3acad41c51d4fcb30c6001489d') in 0.0149589 seconds
Number of updated asset objects reloaded before import = 0Number of asset objects unloaded after import = 0

========================================================================
Received Import Request.
  Time since last request: 0.000144 seconds.
  path: Packages/com.unity.collab-proxy/Editor/Developer/UpdateProgress.cs
  artifactKey: Guid(ce652d891ad5ed540b0d6e474d00130c) Importer(2089858483,b0f066a214c2f5e87bad3c948f4d605d)
Start importing Packages/com.unity.collab-proxy/Editor/Developer/UpdateProgress.cs using Guid(ce652d891ad5ed540b0d6e474d00130c) Importer(2089858483,b0f066a214c2f5e87bad3c948f4d605d) (ScriptedImporter) -> (artifact id: '7243abb4bc712613792397b1607aa2f0') in 0.0128502 seconds
Number of updated asset objects reloaded before import = 0Number of asset objects unloaded after import = 0

========================================================================
Received Import Request.
  Time since last request: 0.000132 seconds.
  path: Packages/com.unity.collab-proxy/Editor/Tool/BringWindowToFront.cs
  artifactKey: Guid(bc5c1fa3d4519114cb21f3fedfe6039d) Importer(2089858483,b0f066a214c2f5e87bad3c948f4d605d)
Start importing Packages/com.unity.collab-proxy/Editor/Tool/BringWindowToFront.cs using Guid(bc5c1fa3d4519114cb21f3fedfe6039d) Importer(2089858483,b0f066a214c2f5e87bad3c948f4d605d) (ScriptedImporter) -> (artifact id: '16cd64996a428d775c8b4bcae300fed0') in 0.015834 seconds
Number of updated asset objects reloaded before import = 0Number of asset objects unloaded after import = 0

========================================================================
Received Import Request.
  Time since last request: 0.000170 seconds.
  path: Packages/com.unity.collab-proxy/Editor/Gluon/CheckinProgress.cs
  artifactKey: Guid(201d30422af8ea34193a59b4254b8663) Importer(2089858483,b0f066a214c2f5e87bad3c948f4d605d)
Start importing Packages/com.unity.collab-proxy/Editor/Gluon/CheckinProgress.cs using Guid(201d30422af8ea34193a59b4254b8663) Importer(2089858483,b0f066a214c2f5e87bad3c948f4d605d) (ScriptedImporter) -> (artifact id: '4b8e48091efd417da742f32eac84b2ce') in 0.0151826 seconds
Number of updated asset objects reloaded before import = 0Number of asset objects unloaded after import = 0

========================================================================
Received Import Request.
  Time since last request: 0.000145 seconds.
  path: Packages/com.unity.collab-proxy/Editor/UI/DrawStaticElement.cs
  artifactKey: Guid(70bf1fe1bcd44b64b43910da6487eab4) Importer(2089858483,b0f066a214c2f5e87bad3c948f4d605d)
Start importing Packages/com.unity.collab-proxy/Editor/UI/DrawStaticElement.cs using Guid(70bf1fe1bcd44b64b43910da6487eab4) Importer(2089858483,b0f066a214c2f5e87bad3c948f4d605d) (ScriptedImporter) -> (artifact id: '727012d7fbf30280b99a26158ff531dd') in 0.015533 seconds
Number of updated asset objects reloaded before import = 0Number of asset objects unloaded after import = 0

========================================================================
Received Import Request.
  Time since last request: 0.000261 seconds.
  path: Packages/com.unity.collab-proxy/Editor/StatusBar/WindowStatusBar.cs
  artifactKey: Guid(2dae17e8419667e46a2a476dd2cd18e0) Importer(2089858483,b0f066a214c2f5e87bad3c948f4d605d)
Start importing Packages/com.unity.collab-proxy/Editor/StatusBar/WindowStatusBar.cs using Guid(2dae17e8419667e46a2a476dd2cd18e0) Importer(2089858483,b0f066a214c2f5e87bad3c948f4d605d) (ScriptedImporter) -> (artifact id: '6d53c3484ed5c8d663ddcd3212d5bfab') in 0.0139619 seconds
Number of updated asset objects reloaded before import = 0Number of asset objects unloaded after import = 0

========================================================================
Received Import Request.
  Time since last request: 0.000189 seconds.
  path: Packages/com.unity.collab-proxy/Editor/Diff/DiffMessagePanel.cs
  artifactKey: Guid(26e3da9604f1418d8da4a0b39108d6e7) Importer(2089858483,b0f066a214c2f5e87bad3c948f4d605d)
Start importing Packages/com.unity.collab-proxy/Editor/Diff/DiffMessagePanel.cs using Guid(26e3da9604f1418d8da4a0b39108d6e7) Importer(2089858483,b0f066a214c2f5e87bad3c948f4d605d) (ScriptedImporter) -> (artifact id: 'c243ec2da2c92752187f36cd9490f397') in 0.0182287 seconds
Number of updated asset objects reloaded before import = 0Number of asset objects unloaded after import = 0

========================================================================
Received Import Request.
  Time since last request: 0.000143 seconds.
  path: Packages/com.unity.collab-proxy/Editor/CodeEditor/ScrollBarVisibility.cs
  artifactKey: Guid(69c93fadaeb340eca663fdeb3ba79614) Importer(2089858483,b0f066a214c2f5e87bad3c948f4d605d)
Start importing Packages/com.unity.collab-proxy/Editor/CodeEditor/ScrollBarVisibility.cs using Guid(69c93fadaeb340eca663fdeb3ba79614) Importer(2089858483,b0f066a214c2f5e87bad3c948f4d605d) (ScriptedImporter) -> (artifact id: 'b31dddb0bf7d84eff7a555042f6fce2b') in 0.0143792 seconds
Number of updated asset objects reloaded before import = 0Number of asset objects unloaded after import = 0

========================================================================
Received Import Request.
  Time since last request: 0.000257 seconds.
  path: Packages/com.unity.collab-proxy/Editor/ParentWindow.cs
  artifactKey: Guid(149e37d5faf2b2a4099fb209bbd38113) Importer(2089858483,b0f066a214c2f5e87bad3c948f4d605d)
Start importing Packages/com.unity.collab-proxy/Editor/ParentWindow.cs using Guid(149e37d5faf2b2a4099fb209bbd38113) Importer(2089858483,b0f066a214c2f5e87bad3c948f4d605d) (ScriptedImporter) -> (artifact id: '64a60f099eefa5278cc5df2698c996a4') in 0.0144896 seconds
Number of updated asset objects reloaded before import = 0Number of asset objects unloaded after import = 0

========================================================================
Received Import Request.
  Time since last request: 0.000186 seconds.
  path: Packages/com.unity.collab-proxy/Editor/FindWorkspace.cs
  artifactKey: Guid(699b33b09648b5641b12384ac691546d) Importer(2089858483,b0f066a214c2f5e87bad3c948f4d605d)
Start importing Packages/com.unity.collab-proxy/Editor/FindWorkspace.cs using Guid(699b33b09648b5641b12384ac691546d) Importer(2089858483,b0f066a214c2f5e87bad3c948f4d605d) (ScriptedImporter) -> (artifact id: 'efe62cf2a55df7d78649ad7b9e280db9') in 0.0147876 seconds
Number of updated asset objects reloaded before import = 0Number of asset objects unloaded after import = 0

========================================================================
Received Import Request.
  Time since last request: 0.000213 seconds.
  path: Packages/com.unity.collab-proxy/Editor/Gluon/IncomingChangesNotification.cs
  artifactKey: Guid(9b17ac8ceb35dc74fbf646862e01a782) Importer(2089858483,b0f066a214c2f5e87bad3c948f4d605d)
Start importing Packages/com.unity.collab-proxy/Editor/Gluon/IncomingChangesNotification.cs using Guid(9b17ac8ceb35dc74fbf646862e01a782) Importer(2089858483,b0f066a214c2f5e87bad3c948f4d605d) (ScriptedImporter) -> (artifact id: 'c908b63933358c57bd07ce12fa3ba6f9') in 0.0170026 seconds
Number of updated asset objects reloaded before import = 0Number of asset objects unloaded after import = 0

========================================================================
Received Import Request.
  Time since last request: 0.000311 seconds.
  path: Packages/com.unity.collab-proxy/Editor/UI/ColorFromText.cs
  artifactKey: Guid(8b6dfd14d4f1481994014ade2c68e7b9) Importer(2089858483,b0f066a214c2f5e87bad3c948f4d605d)
Start importing Packages/com.unity.collab-proxy/Editor/UI/ColorFromText.cs using Guid(8b6dfd14d4f1481994014ade2c68e7b9) Importer(2089858483,b0f066a214c2f5e87bad3c948f4d605d) (ScriptedImporter) -> (artifact id: '0fdae0bc77cf02bcae84cb49c42810b2') in 0.0173231 seconds
Number of updated asset objects reloaded before import = 0Number of asset objects unloaded after import = 0

========================================================================
Received Import Request.
  Time since last request: 0.000614 seconds.
  path: Packages/com.unity.collab-proxy/Editor/UI/DrawSplitter.cs
  artifactKey: Guid(ddfa6de84251ce4448a66bad9e7d326e) Importer(2089858483,b0f066a214c2f5e87bad3c948f4d605d)
Start importing Packages/com.unity.collab-proxy/Editor/UI/DrawSplitter.cs using Guid(ddfa6de84251ce4448a66bad9e7d326e) Importer(2089858483,b0f066a214c2f5e87bad3c948f4d605d) (ScriptedImporter) -> (artifact id: '9ec1671f7d5116f627477176f9b29164') in 0.0198266 seconds
Number of updated asset objects reloaded before import = 0Number of asset objects unloaded after import = 0

========================================================================
Received Import Request.
  Time since last request: 2.592641 seconds.
  path: Packages/com.unity.collab-proxy/Editor/UI/EditorProgressBar.cs
  artifactKey: Guid(245d2c4b912b39a4784287979ea8cfd9) Importer(2089858483,b0f066a214c2f5e87bad3c948f4d605d)
Start importing Packages/com.unity.collab-proxy/Editor/UI/EditorProgressBar.cs using Guid(245d2c4b912b39a4784287979ea8cfd9) Importer(2089858483,b0f066a214c2f5e87bad3c948f4d605d) (ScriptedImporter) -> (artifact id: '6f4f382d98b9a231d98f57971c326f49') in 0.0205024 seconds
Number of updated asset objects reloaded before import = 0Number of asset objects unloaded after import = 0

========================================================================
Received Import Request.
  Time since last request: 0.000209 seconds.
  path: Packages/com.unity.collab-proxy/Editor/AssetMenu/Dialogs/CheckinDialog.cs
  artifactKey: Guid(678db227e4ffec949980d309c0532b08) Importer(2089858483,b0f066a214c2f5e87bad3c948f4d605d)
Start importing Packages/com.unity.collab-proxy/Editor/AssetMenu/Dialogs/CheckinDialog.cs using Guid(678db227e4ffec949980d309c0532b08) Importer(2089858483,b0f066a214c2f5e87bad3c948f4d605d) (ScriptedImporter) -> (artifact id: '59f1ab6c76997a17d68e366148a9c235') in 0.0212523 seconds
Number of updated asset objects reloaded before import = 0Number of asset objects unloaded after import = 0

========================================================================
Received Import Request.
  Time since last request: 0.000160 seconds.
  path: Packages/com.unity.collab-proxy/Editor/Assets/Images/buttonssosigninemail.png
  artifactKey: Guid(d24e7e0b75e1a244bb9687d6fd4315ef) Importer(2089858483,b0f066a214c2f5e87bad3c948f4d605d)
Start importing Packages/com.unity.collab-proxy/Editor/Assets/Images/buttonssosigninemail.png using Guid(d24e7e0b75e1a244bb9687d6fd4315ef) Importer(2089858483,b0f066a214c2f5e87bad3c948f4d605d) (ScriptedImporter) -> (artifact id: 'a676c3e18182587f8d6af94aad6702e1') in 0.0379971 seconds
Number of updated asset objects reloaded before import = 0Number of asset objects unloaded after import = 1

========================================================================
Received Import Request.
  Time since last request: 0.000271 seconds.
  path: Packages/com.unity.collab-proxy/Editor/Assets/Images/ArrowCaretRight.png
  artifactKey: Guid(af5dbec545ddf41e7b15fef8a3cfb75b) Importer(2089858483,b0f066a214c2f5e87bad3c948f4d605d)
Start importing Packages/com.unity.collab-proxy/Editor/Assets/Images/ArrowCaretRight.png using Guid(af5dbec545ddf41e7b15fef8a3cfb75b) Importer(2089858483,b0f066a214c2f5e87bad3c948f4d605d) (ScriptedImporter) -> (artifact id: 'd121884d2922e982d13b4f4b4d013da5') in 0.041885 seconds
Number of updated asset objects reloaded before import = 0Number of asset objects unloaded after import = 3

========================================================================
Received Import Request.
  Time since last request: 0.000035 seconds.
  path: Packages/com.unity.collab-proxy/Editor/UI/UnityPlasticTimer.cs
  artifactKey: Guid(90a94ffd2947aab4d9da12dee0175a7a) Importer(2089858483,b0f066a214c2f5e87bad3c948f4d605d)
Start importing Packages/com.unity.collab-proxy/Editor/UI/UnityPlasticTimer.cs using Guid(90a94ffd2947aab4d9da12dee0175a7a) Importer(2089858483,b0f066a214c2f5e87bad3c948f4d605d) (ScriptedImporter) -> (artifact id: '11af6ff2e62bff3c19b7add2880a19bf') in 0.021786 seconds
Number of updated asset objects reloaded before import = 0Number of asset objects unloaded after import = 0

========================================================================
Received Import Request.
  Time since last request: 0.000705 seconds.
  path: Packages/com.unity.collab-proxy/Editor/Views/FileSystemOperation.cs
  artifactKey: Guid(f5eff45d4f0cc5e478e6724c378098eb) Importer(2089858483,b0f066a214c2f5e87bad3c948f4d605d)
Start importing Packages/com.unity.collab-proxy/Editor/Views/FileSystemOperation.cs using Guid(f5eff45d4f0cc5e478e6724c378098eb) Importer(2089858483,b0f066a214c2f5e87bad3c948f4d605d) (ScriptedImporter) -> (artifact id: 'd07aa3e2bb5cba74d3703bef3a89aa17') in 0.0203608 seconds
Number of updated asset objects reloaded before import = 0Number of asset objects unloaded after import = 0

========================================================================
Received Import Request.
  Time since last request: 0.000488 seconds.
  path: Packages/com.unity.collab-proxy/Editor/UI/RectExtensions.cs
  artifactKey: Guid(ccc33cdb0ce54f878e30b674fe635381) Importer(2089858483,b0f066a214c2f5e87bad3c948f4d605d)
Start importing Packages/com.unity.collab-proxy/Editor/UI/RectExtensions.cs using Guid(ccc33cdb0ce54f878e30b674fe635381) Importer(2089858483,b0f066a214c2f5e87bad3c948f4d605d) (ScriptedImporter) -> (artifact id: 'ed6f192726d5f9cbfe0bae4a712f6382') in 0.0221213 seconds
Number of updated asset objects reloaded before import = 0Number of asset objects unloaded after import = 0

========================================================================
Received Import Request.
  Time since last request: 0.000244 seconds.
  path: Packages/com.unity.collab-proxy/Editor/Assets/Images/ArrowCaretRight@2x.png
  artifactKey: Guid(be2e0deab40f1478a99038fcbc19219d) Importer(2089858483,b0f066a214c2f5e87bad3c948f4d605d)
Start importing Packages/com.unity.collab-proxy/Editor/Assets/Images/ArrowCaretRight@2x.png using Guid(be2e0deab40f1478a99038fcbc19219d) Importer(2089858483,b0f066a214c2f5e87bad3c948f4d605d) (ScriptedImporter) -> (artifact id: '7a3f170606ae33c7631ce36870292ce9') in 0.0402531 seconds
Number of updated asset objects reloaded before import = 0Number of asset objects unloaded after import = 3

========================================================================
Received Import Request.
  Time since last request: 0.000036 seconds.
  path: Packages/com.unity.collab-proxy/Editor/UI/Images.cs
  artifactKey: Guid(d765c78b18a58b14a986b34841ae9c52) Importer(2089858483,b0f066a214c2f5e87bad3c948f4d605d)
Start importing Packages/com.unity.collab-proxy/Editor/UI/Images.cs using Guid(d765c78b18a58b14a986b34841ae9c52) Importer(2089858483,b0f066a214c2f5e87bad3c948f4d605d) (ScriptedImporter) -> (artifact id: '480e971fe9b7fb5ea0625ba18a6d1b9c') in 0.0221256 seconds
Number of updated asset objects reloaded before import = 0Number of asset objects unloaded after import = 0

========================================================================
Received Import Request.
  Time since last request: 0.000091 seconds.
  path: Packages/com.unity.collab-proxy/Editor/Assets/Images/d_ArrowCaretLeft@2x.png
  artifactKey: Guid(b3e01e80c420d4ac9a425a6abf8c99ec) Importer(2089858483,b0f066a214c2f5e87bad3c948f4d605d)
Start importing Packages/com.unity.collab-proxy/Editor/Assets/Images/d_ArrowCaretLeft@2x.png using Guid(b3e01e80c420d4ac9a425a6abf8c99ec) Importer(2089858483,b0f066a214c2f5e87bad3c948f4d605d) (ScriptedImporter) -> (artifact id: '5a24168b920f84b0cbb71aa88e29ab27') in 0.0368836 seconds
Number of updated asset objects reloaded before import = 0Number of asset objects unloaded after import = 3

========================================================================
Received Import Request.
  Time since last request: 0.000034 seconds.
  path: Packages/com.unity.collab-proxy/Editor/Views/ShelvePendingChangesDialog.cs
  artifactKey: Guid(8a6ec1abdba94827a2f174dae33832d2) Importer(2089858483,b0f066a214c2f5e87bad3c948f4d605d)
Start importing Packages/com.unity.collab-proxy/Editor/Views/ShelvePendingChangesDialog.cs using Guid(8a6ec1abdba94827a2f174dae33832d2) Importer(2089858483,b0f066a214c2f5e87bad3c948f4d605d) (ScriptedImporter) -> (artifact id: '54919b2b5c032213c78b4e978e031ec3') in 0.0187327 seconds
Number of updated asset objects reloaded before import = 0Number of asset objects unloaded after import = 0

========================================================================
Received Import Request.
  Time since last request: 0.000164 seconds.
  path: Packages/com.unity.collab-proxy/Editor/Assets/Images/buttonhome@2x.png
  artifactKey: Guid(956deaef7c041ed4abe7a5a3690c28bc) Importer(2089858483,b0f066a214c2f5e87bad3c948f4d605d)
Start importing Packages/com.unity.collab-proxy/Editor/Assets/Images/buttonhome@2x.png using Guid(956deaef7c041ed4abe7a5a3690c28bc) Importer(2089858483,b0f066a214c2f5e87bad3c948f4d605d) (ScriptedImporter) -> (artifact id: 'ea6ae14963088c11cae50f063d6127e4') in 0.0282182 seconds
Number of updated asset objects reloaded before import = 0Number of asset objects unloaded after import = 3

========================================================================
Received Import Request.
  Time since last request: 0.000052 seconds.
  path: Packages/com.unity.collab-proxy/Editor/UnityInternals/UVCSToolbarBoostrap_Legacy.cs
  artifactKey: Guid(217d1c918b0005940b43c6099bbad952) Importer(2089858483,b0f066a214c2f5e87bad3c948f4d605d)
Start importing Packages/com.unity.collab-proxy/Editor/UnityInternals/UVCSToolbarBoostrap_Legacy.cs using Guid(217d1c918b0005940b43c6099bbad952) Importer(2089858483,b0f066a214c2f5e87bad3c948f4d605d) (ScriptedImporter) -> (artifact id: 'a52a879dc770736e56b469e5c5b04b40') in 0.0155081 seconds
Number of updated asset objects reloaded before import = 0Number of asset objects unloaded after import = 0

========================================================================
Received Import Request.
  Time since last request: 0.000196 seconds.
  path: Packages/com.unity.collab-proxy/Lib/Editor/Unity.Plastic.Antlr3.Runtime.dll
  artifactKey: Guid(f3cad5fee9fee5945b13e7e3518afb1b) Importer(2089858483,b0f066a214c2f5e87bad3c948f4d605d)
Start importing Packages/com.unity.collab-proxy/Lib/Editor/Unity.Plastic.Antlr3.Runtime.dll using Guid(f3cad5fee9fee5945b13e7e3518afb1b) Importer(2089858483,b0f066a214c2f5e87bad3c948f4d605d) (ScriptedImporter) -> (artifact id: 'b7c5c19d8bd87940b1ddb86eb0079c1e') in 0.0201107 seconds
Number of updated asset objects reloaded before import = 0Number of asset objects unloaded after import = 0

========================================================================
Received Import Request.
  Time since last request: 0.000204 seconds.
  path: Packages/com.unity.collab-proxy/Editor/UnityInternals/UVCSToolbarButton_Legacy.cs
  artifactKey: Guid(1b769279d1324508b645aea1a29bae8c) Importer(2089858483,b0f066a214c2f5e87bad3c948f4d605d)
Start importing Packages/com.unity.collab-proxy/Editor/UnityInternals/UVCSToolbarButton_Legacy.cs using Guid(1b769279d1324508b645aea1a29bae8c) Importer(2089858483,b0f066a214c2f5e87bad3c948f4d605d) (ScriptedImporter) -> (artifact id: 'b72ee8a2bbad6a56e135a42178e1b839') in 0.0194769 seconds
Number of updated asset objects reloaded before import = 0Number of asset objects unloaded after import = 0

========================================================================
Received Import Request.
  Time since last request: 0.000191 seconds.
  path: Packages/com.unity.collab-proxy/Editor/AssetOverlays/Cache/LocalStatusCache.cs
  artifactKey: Guid(226459a134855504d841db6b61519d2b) Importer(2089858483,b0f066a214c2f5e87bad3c948f4d605d)
Start importing Packages/com.unity.collab-proxy/Editor/AssetOverlays/Cache/LocalStatusCache.cs using Guid(226459a134855504d841db6b61519d2b) Importer(2089858483,b0f066a214c2f5e87bad3c948f4d605d) (ScriptedImporter) -> (artifact id: '47b2a90faa7cf983d9a639cc93f9fb94') in 0.0201398 seconds
Number of updated asset objects reloaded before import = 0Number of asset objects unloaded after import = 0

========================================================================
Received Import Request.
  Time since last request: 0.000153 seconds.
  path: Packages/com.unity.collab-proxy/Lib/Editor/Unity.Plastic.Newtonsoft.Json.dll
  artifactKey: Guid(e5fb93667cf08524f94b12181dbe3546) Importer(2089858483,b0f066a214c2f5e87bad3c948f4d605d)
Start importing Packages/com.unity.collab-proxy/Lib/Editor/Unity.Plastic.Newtonsoft.Json.dll using Guid(e5fb93667cf08524f94b12181dbe3546) Importer(2089858483,b0f066a214c2f5e87bad3c948f4d605d) (ScriptedImporter) -> (artifact id: 'a79993f75dd1f8dd7129537fde602c81') in 0.0198308 seconds
Number of updated asset objects reloaded before import = 0Number of asset objects unloaded after import = 0

========================================================================
Received Import Request.
  Time since last request: 0.000375 seconds.
  path: Packages/com.unity.collab-proxy/Editor/WebApi/WebRestApiClient.cs
  artifactKey: Guid(e57a1c5d3e1c8844eb3893fed51c9727) Importer(2089858483,b0f066a214c2f5e87bad3c948f4d605d)
Start importing Packages/com.unity.collab-proxy/Editor/WebApi/WebRestApiClient.cs using Guid(e57a1c5d3e1c8844eb3893fed51c9727) Importer(2089858483,b0f066a214c2f5e87bad3c948f4d605d) (ScriptedImporter) -> (artifact id: '022ccd142953b205bcfe61fd45e7f94e') in 0.0206984 seconds
Number of updated asset objects reloaded before import = 0Number of asset objects unloaded after import = 0

========================================================================
Received Import Request.
  Time since last request: 0.000265 seconds.
  path: Packages/com.unity.collab-proxy/Editor/Assets/Images/d_ArrowCaretRight@2x.png
  artifactKey: Guid(3943479b9e27741a78451950ae5841f6) Importer(2089858483,b0f066a214c2f5e87bad3c948f4d605d)
Start importing Packages/com.unity.collab-proxy/Editor/Assets/Images/d_ArrowCaretRight@2x.png using Guid(3943479b9e27741a78451950ae5841f6) Importer(2089858483,b0f066a214c2f5e87bad3c948f4d605d) (ScriptedImporter) -> (artifact id: '7a5dbe5e7ab5f7d2f061ac1556a17ab7') in 0.0357123 seconds
Number of updated asset objects reloaded before import = 0Number of asset objects unloaded after import = 3

========================================================================
Received Import Request.
  Time since last request: 0.000031 seconds.
  path: Packages/com.unity.collab-proxy/Lib/Editor/FileSystemWatcherLicense.txt
  artifactKey: Guid(992242bf8b23e574bbc95a128844c481) Importer(2089858483,b0f066a214c2f5e87bad3c948f4d605d)
Start importing Packages/com.unity.collab-proxy/Lib/Editor/FileSystemWatcherLicense.txt using Guid(992242bf8b23e574bbc95a128844c481) Importer(2089858483,b0f066a214c2f5e87bad3c948f4d605d) (ScriptedImporter) -> (artifact id: '6c4a1f329d78255dce8ac24d1bc0c032') in 0.0202337 seconds
Number of updated asset objects reloaded before import = 0Number of asset objects unloaded after import = 1

========================================================================
Received Import Request.
  Time since last request: 0.000090 seconds.
  path: Packages/com.unity.collab-proxy/Editor/Views/SummaryTextArea.cs
  artifactKey: Guid(2ab28149ef514131a59b505412f5bb87) Importer(2089858483,b0f066a214c2f5e87bad3c948f4d605d)
Start importing Packages/com.unity.collab-proxy/Editor/Views/SummaryTextArea.cs using Guid(2ab28149ef514131a59b505412f5bb87) Importer(2089858483,b0f066a214c2f5e87bad3c948f4d605d) (ScriptedImporter) -> (artifact id: 'f967f4ec4b2231028977b20b3631db49') in 0.0224243 seconds
Number of updated asset objects reloaded before import = 0Number of asset objects unloaded after import = 0

========================================================================
Received Import Request.
  Time since last request: 0.000169 seconds.
  path: Packages/com.unity.collab-proxy/Editor/UI/Fonts.cs
  artifactKey: Guid(04d3d047cf80496fa3fb23c00962ad18) Importer(2089858483,b0f066a214c2f5e87bad3c948f4d605d)
Start importing Packages/com.unity.collab-proxy/Editor/UI/Fonts.cs using Guid(04d3d047cf80496fa3fb23c00962ad18) Importer(2089858483,b0f066a214c2f5e87bad3c948f4d605d) (ScriptedImporter) -> (artifact id: 'ff520afd275f9b486bb63b07552b2aa1') in 0.0193845 seconds
Number of updated asset objects reloaded before import = 0Number of asset objects unloaded after import = 0

========================================================================
Received Import Request.
  Time since last request: 0.000743 seconds.
  path: Packages/com.unity.collab-proxy/Editor/UI/SplitterSettings.cs
  artifactKey: Guid(b3b18600c13f447a90bf04fc2a6dc2d5) Importer(2089858483,b0f066a214c2f5e87bad3c948f4d605d)
Start importing Packages/com.unity.collab-proxy/Editor/UI/SplitterSettings.cs using Guid(b3b18600c13f447a90bf04fc2a6dc2d5) Importer(2089858483,b0f066a214c2f5e87bad3c948f4d605d) (ScriptedImporter) -> (artifact id: '66592ccb76e3847b0b67f27fdae6e6b6') in 0.016806 seconds
Number of updated asset objects reloaded before import = 0Number of asset objects unloaded after import = 0

========================================================================
Received Import Request.
  Time since last request: 0.000213 seconds.
  path: Packages/com.unity.collab-proxy/Editor/AssetOverlays/Cache/AssetStatusCache.cs
  artifactKey: Guid(3f227b28cf424364489edd67fce697bc) Importer(2089858483,b0f066a214c2f5e87bad3c948f4d605d)
Start importing Packages/com.unity.collab-proxy/Editor/AssetOverlays/Cache/AssetStatusCache.cs using Guid(3f227b28cf424364489edd67fce697bc) Importer(2089858483,b0f066a214c2f5e87bad3c948f4d605d) (ScriptedImporter) -> (artifact id: 'cb787bddefeafb277a8cd1400ec94439') in 0.016158 seconds
Number of updated asset objects reloaded before import = 0Number of asset objects unloaded after import = 0

========================================================================
Received Import Request.
  Time since last request: 0.000187 seconds.
  path: Packages/com.unity.collab-proxy/Editor/UI/UnityThreadWaiter.cs
  artifactKey: Guid(83e946775d0516c4aba77860a60ed6e6) Importer(2089858483,b0f066a214c2f5e87bad3c948f4d605d)
Start importing Packages/com.unity.collab-proxy/Editor/UI/UnityThreadWaiter.cs using Guid(83e946775d0516c4aba77860a60ed6e6) Importer(2089858483,b0f066a214c2f5e87bad3c948f4d605d) (ScriptedImporter) -> (artifact id: '3027b45f0ea61ad646734dc68dd78d24') in 0.0161204 seconds
Number of updated asset objects reloaded before import = 0Number of asset objects unloaded after import = 0

========================================================================
Received Import Request.
  Time since last request: 0.000206 seconds.
  path: Packages/com.unity.collab-proxy/Editor/UI/EditorWindowFocus.cs
  artifactKey: Guid(84ce5571ebc476e45b6c9bc6644599c2) Importer(2089858483,b0f066a214c2f5e87bad3c948f4d605d)
Start importing Packages/com.unity.collab-proxy/Editor/UI/EditorWindowFocus.cs using Guid(84ce5571ebc476e45b6c9bc6644599c2) Importer(2089858483,b0f066a214c2f5e87bad3c948f4d605d) (ScriptedImporter) -> (artifact id: 'ae71b759fffebcf300eed8f822182519') in 0.0163255 seconds
Number of updated asset objects reloaded before import = 0Number of asset objects unloaded after import = 0

========================================================================
Received Import Request.
  Time since last request: 2.364888 seconds.
  path: Packages/com.unity.collab-proxy/Editor/Assets/Images/d_exclusionrule.png
  artifactKey: Guid(d616c78aaf225437199c9ac8c4f2197b) Importer(2089858483,b0f066a214c2f5e87bad3c948f4d605d)
Start importing Packages/com.unity.collab-proxy/Editor/Assets/Images/d_exclusionrule.png using Guid(d616c78aaf225437199c9ac8c4f2197b) Importer(2089858483,b0f066a214c2f5e87bad3c948f4d605d) (ScriptedImporter) -> (artifact id: '1f926e6d9379f41e6cb77c1715dedf87') in 0.0230196 seconds
Number of updated asset objects reloaded before import = 0Number of asset objects unloaded after import = 3

========================================================================
Received Import Request.
  Time since last request: 0.000078 seconds.
  path: Packages/com.unity.collab-proxy/Editor/Assets/Images/iconclosebutton.png
  artifactKey: Guid(13527793884104b46b7446fd7464c3ed) Importer(2089858483,b0f066a214c2f5e87bad3c948f4d605d)
Start importing Packages/com.unity.collab-proxy/Editor/Assets/Images/iconclosebutton.png using Guid(13527793884104b46b7446fd7464c3ed) Importer(2089858483,b0f066a214c2f5e87bad3c948f4d605d) (ScriptedImporter) -> (artifact id: 'adccddcf1827d8aec0f2eddc35962c2d') in 0.0237854 seconds
Number of updated asset objects reloaded before import = 0Number of asset objects unloaded after import = 1

========================================================================
Received Import Request.
  Time since last request: 0.000099 seconds.
  path: Packages/com.unity.collab-proxy/Editor/Assets/Images/d_iconclipboard.png
  artifactKey: Guid(3f65802f2a170a145bd30ab3801b8d80) Importer(2089858483,b0f066a214c2f5e87bad3c948f4d605d)
Start importing Packages/com.unity.collab-proxy/Editor/Assets/Images/d_iconclipboard.png using Guid(3f65802f2a170a145bd30ab3801b8d80) Importer(2089858483,b0f066a214c2f5e87bad3c948f4d605d) (ScriptedImporter) -> (artifact id: '1a3162a50cbd83be3fafe63a6010f5e0') in 0.0246651 seconds
Number of updated asset objects reloaded before import = 0Number of asset objects unloaded after import = 3

========================================================================
Received Import Request.
  Time since last request: 0.000027 seconds.
  path: Packages/com.unity.collab-proxy/Editor/Assets/Images/iconbranch@2x.png
  artifactKey: Guid(425970578f3342a43b40545d1ac8a25d) Importer(2089858483,b0f066a214c2f5e87bad3c948f4d605d)
Start importing Packages/com.unity.collab-proxy/Editor/Assets/Images/iconbranch@2x.png using Guid(425970578f3342a43b40545d1ac8a25d) Importer(2089858483,b0f066a214c2f5e87bad3c948f4d605d) (ScriptedImporter) -> (artifact id: '9ce1dc0c4f5e88957649adde0d89716a') in 0.0398715 seconds
Number of updated asset objects reloaded before import = 0Number of asset objects unloaded after import = 3

========================================================================
Received Import Request.
  Time since last request: 0.000054 seconds.
  path: Packages/com.unity.collab-proxy/Editor/Assets/Images/iconbrex@2x.png
  artifactKey: Guid(ab97695f01bc84c4b93e8440531417e7) Importer(2089858483,b0f066a214c2f5e87bad3c948f4d605d)
Start importing Packages/com.unity.collab-proxy/Editor/Assets/Images/iconbrex@2x.png using Guid(ab97695f01bc84c4b93e8440531417e7) Importer(2089858483,b0f066a214c2f5e87bad3c948f4d605d) (ScriptedImporter) -> (artifact id: '2aeeaacf1848815160e655026ffefb2c') in 0.0277821 seconds
Number of updated asset objects reloaded before import = 0Number of asset objects unloaded after import = 3

========================================================================
Received Import Request.
  Time since last request: 0.000036 seconds.
  path: Packages/com.unity.collab-proxy/Editor/Assets/Images/d_iconbranches@2x.png
  artifactKey: Guid(874d8401331ede14087e8d8d486ddda6) Importer(2089858483,b0f066a214c2f5e87bad3c948f4d605d)
Start importing Packages/com.unity.collab-proxy/Editor/Assets/Images/d_iconbranches@2x.png using Guid(874d8401331ede14087e8d8d486ddda6) Importer(2089858483,b0f066a214c2f5e87bad3c948f4d605d) (ScriptedImporter) -> (artifact id: 'a6cef41e838e41a76f38e7864ccc8b66') in 0.0286402 seconds
Number of updated asset objects reloaded before import = 0Number of asset objects unloaded after import = 1

========================================================================
Received Import Request.
  Time since last request: 0.000082 seconds.
  path: Packages/com.unity.collab-proxy/Editor/Assets/Images/d_iconlockedremoteoverlay@2x.png
  artifactKey: Guid(2bb4e96f5d0b02c468932d665a015c54) Importer(2089858483,b0f066a214c2f5e87bad3c948f4d605d)
Start importing Packages/com.unity.collab-proxy/Editor/Assets/Images/d_iconlockedremoteoverlay@2x.png using Guid(2bb4e96f5d0b02c468932d665a015c54) Importer(2089858483,b0f066a214c2f5e87bad3c948f4d605d) (ScriptedImporter) -> (artifact id: '5fedb60239d2885971cf7ac89ea557e2') in 0.0326588 seconds
Number of updated asset objects reloaded before import = 0Number of asset objects unloaded after import = 1

========================================================================
Received Import Request.
  Time since last request: 0.000066 seconds.
  path: Packages/com.unity.collab-proxy/Editor/Assets/Images/d_secondarytabclose.png
  artifactKey: Guid(6975ee4c1f40caf4da8dd733ee2cfeaf) Importer(2089858483,b0f066a214c2f5e87bad3c948f4d605d)
Start importing Packages/com.unity.collab-proxy/Editor/Assets/Images/d_secondarytabclose.png using Guid(6975ee4c1f40caf4da8dd733ee2cfeaf) Importer(2089858483,b0f066a214c2f5e87bad3c948f4d605d) (ScriptedImporter) -> (artifact id: '0399944cfd309a82dab0ba30d9e20ca4') in 0.0287566 seconds
Number of updated asset objects reloaded before import = 0Number of asset objects unloaded after import = 1

========================================================================
Received Import Request.
  Time since last request: 0.000315 seconds.
  path: Packages/com.unity.collab-proxy/Editor/Assets/Images/d_iconbrex@2x.png
  artifactKey: Guid(9b76c79563c3a274aa48b0dbdf009693) Importer(2089858483,b0f066a214c2f5e87bad3c948f4d605d)
Start importing Packages/com.unity.collab-proxy/Editor/Assets/Images/d_iconbrex@2x.png using Guid(9b76c79563c3a274aa48b0dbdf009693) Importer(2089858483,b0f066a214c2f5e87bad3c948f4d605d) (ScriptedImporter) -> (artifact id: 'cee14072ba2f07e1c93d986f25b429cd') in 0.0342679 seconds
Number of updated asset objects reloaded before import = 0Number of asset objects unloaded after import = 3

========================================================================
Received Import Request.
  Time since last request: 0.000026 seconds.
  path: Packages/com.unity.collab-proxy/Editor/Assets/Images/iconconflicted@2x.png
  artifactKey: Guid(f95f697d66d238446b1ab717def09945) Importer(2089858483,b0f066a214c2f5e87bad3c948f4d605d)
Start importing Packages/com.unity.collab-proxy/Editor/Assets/Images/iconconflicted@2x.png using Guid(f95f697d66d238446b1ab717def09945) Importer(2089858483,b0f066a214c2f5e87bad3c948f4d605d) (ScriptedImporter) -> (artifact id: '6c2850a10413992f3a06c574eff58b69') in 0.0298169 seconds
Number of updated asset objects reloaded before import = 0Number of asset objects unloaded after import = 1

========================================================================
Received Import Request.
  Time since last request: 0.000179 seconds.
  path: Packages/com.unity.collab-proxy/Editor/Assets/Images/iconclouddriveview@2x.png
  artifactKey: Guid(259fe6e49c74eb143a9fc88f6bd3f050) Importer(2089858483,b0f066a214c2f5e87bad3c948f4d605d)
Start importing Packages/com.unity.collab-proxy/Editor/Assets/Images/iconclouddriveview@2x.png using Guid(259fe6e49c74eb143a9fc88f6bd3f050) Importer(2089858483,b0f066a214c2f5e87bad3c948f4d605d) (ScriptedImporter) -> (artifact id: 'a063022fe2e6d656fde10b084fed2cff') in 0.0343293 seconds
Number of updated asset objects reloaded before import = 0Number of asset objects unloaded after import = 3

========================================================================
Received Import Request.
  Time since last request: 0.000057 seconds.
  path: Packages/com.unity.collab-proxy/Editor/Assets/Images/d_iconplasticnotifyincoming.png
  artifactKey: Guid(f31d2c855644aad4cb2030bce12859f6) Importer(2089858483,b0f066a214c2f5e87bad3c948f4d605d)
Start importing Packages/com.unity.collab-proxy/Editor/Assets/Images/d_iconplasticnotifyincoming.png using Guid(f31d2c855644aad4cb2030bce12859f6) Importer(2089858483,b0f066a214c2f5e87bad3c948f4d605d) (ScriptedImporter) -> (artifact id: '5f077cc052702245c2b1086bd4eb4e73') in 0.0262167 seconds
Number of updated asset objects reloaded before import = 0Number of asset objects unloaded after import = 1

========================================================================
Received Import Request.
  Time since last request: 0.000150 seconds.
  path: Packages/com.unity.collab-proxy/Editor/Assets/Images/d_iconinfobellnotification@2x.png
  artifactKey: Guid(3cf8ae89579fd29479f4269d09600e16) Importer(2089858483,b0f066a214c2f5e87bad3c948f4d605d)
Start importing Packages/com.unity.collab-proxy/Editor/Assets/Images/d_iconinfobellnotification@2x.png using Guid(3cf8ae89579fd29479f4269d09600e16) Importer(2089858483,b0f066a214c2f5e87bad3c948f4d605d) (ScriptedImporter) -> (artifact id: 'd71ac1ff10e4330724ad784b1d2d6539') in 0.0351719 seconds
Number of updated asset objects reloaded before import = 0Number of asset objects unloaded after import = 3

========================================================================
Received Import Request.
  Time since last request: 0.000039 seconds.
  path: Packages/com.unity.collab-proxy/Editor/Assets/Images/iconclosebutton@2x.png
  artifactKey: Guid(fea4bd4d5cc294ea59798fa81207b6d9) Importer(2089858483,b0f066a214c2f5e87bad3c948f4d605d)
Start importing Packages/com.unity.collab-proxy/Editor/Assets/Images/iconclosebutton@2x.png using Guid(fea4bd4d5cc294ea59798fa81207b6d9) Importer(2089858483,b0f066a214c2f5e87bad3c948f4d605d) (ScriptedImporter) -> (artifact id: '8604f004ca2aebdebaf77ee993481c81') in 0.0333712 seconds
Number of updated asset objects reloaded before import = 0Number of asset objects unloaded after import = 3

========================================================================
Received Import Request.
  Time since last request: 0.000139 seconds.
  path: Packages/com.unity.collab-proxy/Editor/Assets/Images/d_loading@2x.png
  artifactKey: Guid(7ee48c5fba4919649a8a6094cbead669) Importer(2089858483,b0f066a214c2f5e87bad3c948f4d605d)
Start importing Packages/com.unity.collab-proxy/Editor/Assets/Images/d_loading@2x.png using Guid(7ee48c5fba4919649a8a6094cbead669) Importer(2089858483,b0f066a214c2f5e87bad3c948f4d605d) (ScriptedImporter) -> (artifact id: '918113f26052dc4f932ec1ff10617768') in 0.0332903 seconds
Number of updated asset objects reloaded before import = 0Number of asset objects unloaded after import = 1

========================================================================
Received Import Request.
  Time since last request: 0.000334 seconds.
  path: Packages/com.unity.collab-proxy/Editor/Assets/Images/d_iconretainedoverlay.png
  artifactKey: Guid(d83d26a46db2b504fbcfa6f2aae590b6) Importer(2089858483,b0f066a214c2f5e87bad3c948f4d605d)
Start importing Packages/com.unity.collab-proxy/Editor/Assets/Images/d_iconretainedoverlay.png using Guid(d83d26a46db2b504fbcfa6f2aae590b6) Importer(2089858483,b0f066a214c2f5e87bad3c948f4d605d) (ScriptedImporter) -> (artifact id: '41e18d49185563236c0426c3245d359e') in 0.0281663 seconds
Number of updated asset objects reloaded before import = 0Number of asset objects unloaded after import = 3

========================================================================
Received Import Request.
  Time since last request: 0.000032 seconds.
  path: Packages/com.unity.collab-proxy/Editor/Assets/Images/d_iconconflictedoverlay@2x.png
  artifactKey: Guid(a3ced8f7044b9de4787602a9e9b20ea7) Importer(2089858483,b0f066a214c2f5e87bad3c948f4d605d)
Start importing Packages/com.unity.collab-proxy/Editor/Assets/Images/d_iconconflictedoverlay@2x.png using Guid(a3ced8f7044b9de4787602a9e9b20ea7) Importer(2089858483,b0f066a214c2f5e87bad3c948f4d605d) (ScriptedImporter) -> (artifact id: '85e0ad1f9b8e89b3d09836a91aad941b') in 0.0229455 seconds
Number of updated asset objects reloaded before import = 0Number of asset objects unloaded after import = 1

========================================================================
Received Import Request.
  Time since last request: 0.000200 seconds.
  path: Packages/com.unity.collab-proxy/Editor/Assets/Images/d_iconhistory.png
  artifactKey: Guid(8219bbb48767b46e7b1588dad7f021aa) Importer(2089858483,b0f066a214c2f5e87bad3c948f4d605d)
Start importing Packages/com.unity.collab-proxy/Editor/Assets/Images/d_iconhistory.png using Guid(8219bbb48767b46e7b1588dad7f021aa) Importer(2089858483,b0f066a214c2f5e87bad3c948f4d605d) (ScriptedImporter) -> (artifact id: '93008d65f5065d4f02f379f3f6785405') in 0.0300459 seconds
Number of updated asset objects reloaded before import = 0Number of asset objects unloaded after import = 3

========================================================================
Received Import Request.
  Time since last request: 0.000037 seconds.
  path: Packages/com.unity.collab-proxy/Editor/Assets/Images/d_iconpendingchanges.png
  artifactKey: Guid(4aa4898734bfdbc4dbd410de4141e533) Importer(2089858483,b0f066a214c2f5e87bad3c948f4d605d)
Start importing Packages/com.unity.collab-proxy/Editor/Assets/Images/d_iconpendingchanges.png using Guid(4aa4898734bfdbc4dbd410de4141e533) Importer(2089858483,b0f066a214c2f5e87bad3c948f4d605d) (ScriptedImporter) -> (artifact id: '008c499c4e1a178024e756a348f0fece') in 0.0317766 seconds
Number of updated asset objects reloaded before import = 0Number of asset objects unloaded after import = 3

========================================================================
Received Import Request.
  Time since last request: 0.000059 seconds.
  path: Packages/com.unity.collab-proxy/Editor/Assets/Images/d_secondarytabclosehover@2x.png
  artifactKey: Guid(9aa4348290784b2468144a97eb15d8d7) Importer(2089858483,b0f066a214c2f5e87bad3c948f4d605d)
Start importing Packages/com.unity.collab-proxy/Editor/Assets/Images/d_secondarytabclosehover@2x.png using Guid(9aa4348290784b2468144a97eb15d8d7) Importer(2089858483,b0f066a214c2f5e87bad3c948f4d605d) (ScriptedImporter) -> (artifact id: '4a7f4bef27db8d44ec47993becdd0545') in 0.029069 seconds
Number of updated asset objects reloaded before import = 0Number of asset objects unloaded after import = 1

========================================================================
Received Import Request.
  Time since last request: 0.000215 seconds.
  path: Packages/com.unity.collab-proxy/Editor/Assets/Images/d_step1@2x.png
  artifactKey: Guid(c8a69ecdf54ac8e4b873466605de27ff) Importer(2089858483,b0f066a214c2f5e87bad3c948f4d605d)
Start importing Packages/com.unity.collab-proxy/Editor/Assets/Images/d_step1@2x.png using Guid(c8a69ecdf54ac8e4b873466605de27ff) Importer(2089858483,b0f066a214c2f5e87bad3c948f4d605d) (ScriptedImporter) -> (artifact id: '7079e0da5a4a7151faf34c9de64df967') in 0.0293798 seconds
Number of updated asset objects reloaded before import = 0Number of asset objects unloaded after import = 1

========================================================================
Received Import Request.
  Time since last request: 0.000547 seconds.
  path: Packages/com.unity.collab-proxy/Editor/Assets/Images/d_iconrepository.png
  artifactKey: Guid(4a4dfcc81b0e1214fbbd0003c8ab4070) Importer(2089858483,b0f066a214c2f5e87bad3c948f4d605d)
Start importing Packages/com.unity.collab-proxy/Editor/Assets/Images/d_iconrepository.png using Guid(4a4dfcc81b0e1214fbbd0003c8ab4070) Importer(2089858483,b0f066a214c2f5e87bad3c948f4d605d) (ScriptedImporter) -> (artifact id: 'd5306d7248e3d602d6d72901863d5126') in 0.03931 seconds
Number of updated asset objects reloaded before import = 0Number of asset objects unloaded after import = 3

========================================================================
Received Import Request.
  Time since last request: 0.000043 seconds.
  path: Packages/com.unity.collab-proxy/Editor/Assets/Images/d_loading.png
  artifactKey: Guid(d58e94bfb1bac774dbb8ca9c2597ef2e) Importer(2089858483,b0f066a214c2f5e87bad3c948f4d605d)
Start importing Packages/com.unity.collab-proxy/Editor/Assets/Images/d_loading.png using Guid(d58e94bfb1bac774dbb8ca9c2597ef2e) Importer(2089858483,b0f066a214c2f5e87bad3c948f4d605d) (ScriptedImporter) -> (artifact id: 'b3080ed470f4cb9b76ffea7229f98042') in 0.0321468 seconds
Number of updated asset objects reloaded before import = 0Number of asset objects unloaded after import = 1

========================================================================
Received Import Request.
  Time since last request: 0.000029 seconds.
  path: Packages/com.unity.collab-proxy/Editor/Assets/Images/d_icondeletedlocaloverlay@2x.png
  artifactKey: Guid(92b204cca46037444ab18ba6701f86f7) Importer(2089858483,b0f066a214c2f5e87bad3c948f4d605d)
Start importing Packages/com.unity.collab-proxy/Editor/Assets/Images/d_icondeletedlocaloverlay@2x.png using Guid(92b204cca46037444ab18ba6701f86f7) Importer(2089858483,b0f066a214c2f5e87bad3c948f4d605d) (ScriptedImporter) -> (artifact id: '8b8ce5e3a6d47de6a4af3090603e276c') in 0.0359258 seconds
Number of updated asset objects reloaded before import = 0Number of asset objects unloaded after import = 1

========================================================================
Received Import Request.
  Time since last request: 0.000198 seconds.
  path: Packages/com.unity.collab-proxy/Editor/Assets/Images/d_iconedit@2x.png
  artifactKey: Guid(a36e66e044a5fd94ca570351917c6bda) Importer(2089858483,b0f066a214c2f5e87bad3c948f4d605d)
Start importing Packages/com.unity.collab-proxy/Editor/Assets/Images/d_iconedit@2x.png using Guid(a36e66e044a5fd94ca570351917c6bda) Importer(2089858483,b0f066a214c2f5e87bad3c948f4d605d) (ScriptedImporter) -> (artifact id: 'f78fb65e12dcb7eb1bf2bd1ed1755296') in 0.0398817 seconds
Number of updated asset objects reloaded before import = 0Number of asset objects unloaded after import = 3

========================================================================
Received Import Request.
  Time since last request: 0.000030 seconds.
  path: Packages/com.unity.collab-proxy/Editor/Assets/Images/d_iconaddedlocal.png
  artifactKey: Guid(0c6a2a64ca9f9c946a7dbbd1674cf5bd) Importer(2089858483,b0f066a214c2f5e87bad3c948f4d605d)
Start importing Packages/com.unity.collab-proxy/Editor/Assets/Images/d_iconaddedlocal.png using Guid(0c6a2a64ca9f9c946a7dbbd1674cf5bd) Importer(2089858483,b0f066a214c2f5e87bad3c948f4d605d) (ScriptedImporter) -> (artifact id: '771e485b1ad70e72a3b10b9ce51c030e') in 0.0317785 seconds
Number of updated asset objects reloaded before import = 0Number of asset objects unloaded after import = 1

========================================================================
Received Import Request.
  Time since last request: 0.000119 seconds.
  path: Packages/com.unity.collab-proxy/Editor/Assets/Images/d_iconoutofsync.png
  artifactKey: Guid(0e80bd0b4a8196f46acf73711b9505ec) Importer(2089858483,b0f066a214c2f5e87bad3c948f4d605d)
Start importing Packages/com.unity.collab-proxy/Editor/Assets/Images/d_iconoutofsync.png using Guid(0e80bd0b4a8196f46acf73711b9505ec) Importer(2089858483,b0f066a214c2f5e87bad3c948f4d605d) (ScriptedImporter) -> (artifact id: '32f62b0a69cf8bd48ffa393d7154c8ba') in 0.0284412 seconds
Number of updated asset objects reloaded before import = 0Number of asset objects unloaded after import = 1

========================================================================
Received Import Request.
  Time since last request: 0.000057 seconds.
  path: Packages/com.unity.collab-proxy/Editor/Assets/Images/d_stepok@2x.png
  artifactKey: Guid(3494dc956dfd7174abc07060940a2848) Importer(2089858483,b0f066a214c2f5e87bad3c948f4d605d)
Start importing Packages/com.unity.collab-proxy/Editor/Assets/Images/d_stepok@2x.png using Guid(3494dc956dfd7174abc07060940a2848) Importer(2089858483,b0f066a214c2f5e87bad3c948f4d605d) (ScriptedImporter) -> (artifact id: '827a7de25e4243a191f0fa75c6847e32') in 0.0284316 seconds
Number of updated asset objects reloaded before import = 0Number of asset objects unloaded after import = 1

========================================================================
Received Import Request.
  Time since last request: 0.000670 seconds.
  path: Packages/com.unity.collab-proxy/Editor/Assets/Images/d_iconlockretained@2x.png
  artifactKey: Guid(20647d71003f8e34685b1972b30dbd2b) Importer(2089858483,b0f066a214c2f5e87bad3c948f4d605d)
Start importing Packages/com.unity.collab-proxy/Editor/Assets/Images/d_iconlockretained@2x.png using Guid(20647d71003f8e34685b1972b30dbd2b) Importer(2089858483,b0f066a214c2f5e87bad3c948f4d605d) (ScriptedImporter) -> (artifact id: '04f7d22b1d0dc13db3dd13b3154ed8df') in 0.0287198 seconds
Number of updated asset objects reloaded before import = 0Number of asset objects unloaded after import = 3

========================================================================
Received Import Request.
  Time since last request: 0.000029 seconds.
  path: Packages/com.unity.collab-proxy/Editor/Assets/Images/d_iconoutofsyncoverlay.png
  artifactKey: Guid(dc633de6e6e7415448c7568418239a9d) Importer(2089858483,b0f066a214c2f5e87bad3c948f4d605d)
Start importing Packages/com.unity.collab-proxy/Editor/Assets/Images/d_iconoutofsyncoverlay.png using Guid(dc633de6e6e7415448c7568418239a9d) Importer(2089858483,b0f066a214c2f5e87bad3c948f4d605d) (ScriptedImporter) -> (artifact id: 'ca9a22d3e614cf5f4a78374bc325f94d') in 0.0282995 seconds
Number of updated asset objects reloaded before import = 0Number of asset objects unloaded after import = 1

========================================================================
Received Import Request.
  Time since last request: 0.000257 seconds.
  path: Packages/com.unity.collab-proxy/Editor/Assets/Images/d_iconmergeview@2x.png
  artifactKey: Guid(5bc0112babc1a49bdbd1f6e5d9c13c7b) Importer(2089858483,b0f066a214c2f5e87bad3c948f4d605d)
Start importing Packages/com.unity.collab-proxy/Editor/Assets/Images/d_iconmergeview@2x.png using Guid(5bc0112babc1a49bdbd1f6e5d9c13c7b) Importer(2089858483,b0f066a214c2f5e87bad3c948f4d605d) (ScriptedImporter) -> (artifact id: 'ae084676ed5d20e22c0f430b3d2b2029') in 0.0237396 seconds
Number of updated asset objects reloaded before import = 0Number of asset objects unloaded after import = 3

========================================================================
Received Import Request.
  Time since last request: 0.000052 seconds.
  path: Packages/com.unity.collab-proxy/Editor/Assets/Images/d_iconshelve.png
  artifactKey: Guid(292bae633fda01e41b8847fad37495c2) Importer(2089858483,b0f066a214c2f5e87bad3c948f4d605d)
Start importing Packages/com.unity.collab-proxy/Editor/Assets/Images/d_iconshelve.png using Guid(292bae633fda01e41b8847fad37495c2) Importer(2089858483,b0f066a214c2f5e87bad3c948f4d605d) (ScriptedImporter) -> (artifact id: '8dd412eee8ec8bd3d26adbc8f05853d4') in 0.0273496 seconds
Number of updated asset objects reloaded before import = 0Number of asset objects unloaded after import = 3

========================================================================
Received Import Request.
  Time since last request: 0.000028 seconds.
  path: Packages/com.unity.collab-proxy/Editor/Assets/Images/d_hideversioncontrol.png
  artifactKey: Guid(ec597fbbebec64e4f8725c31ce52fdb7) Importer(2089858483,b0f066a214c2f5e87bad3c948f4d605d)
Start importing Packages/com.unity.collab-proxy/Editor/Assets/Images/d_hideversioncontrol.png using Guid(ec597fbbebec64e4f8725c31ce52fdb7) Importer(2089858483,b0f066a214c2f5e87bad3c948f4d605d) (ScriptedImporter) -> (artifact id: '2cfabf408f28bd11c7fc0c2a6843ae32') in 0.026211 seconds
Number of updated asset objects reloaded before import = 0Number of asset objects unloaded after import = 3

========================================================================
Received Import Request.
  Time since last request: 0.000059 seconds.
  path: Packages/com.unity.collab-proxy/Editor/Assets/Images/d_iconpendingchangesview@2x.png
  artifactKey: Guid(16e2437bc79d04055b65b968f4eba9c0) Importer(2089858483,b0f066a214c2f5e87bad3c948f4d605d)
Start importing Packages/com.unity.collab-proxy/Editor/Assets/Images/d_iconpendingchangesview@2x.png using Guid(16e2437bc79d04055b65b968f4eba9c0) Importer(2089858483,b0f066a214c2f5e87bad3c948f4d605d) (ScriptedImporter) -> (artifact id: '184caa7aea7aef6509b1e9eb2d9d1a05') in 0.0267525 seconds
Number of updated asset objects reloaded before import = 0Number of asset objects unloaded after import = 3

========================================================================
Received Import Request.
  Time since last request: 0.000200 seconds.
  path: Packages/com.unity.collab-proxy/Editor/Assets/Images/d_iconrepository@2x.png
  artifactKey: Guid(36564eb85f1bdf2409df96325231cb6c) Importer(2089858483,b0f066a214c2f5e87bad3c948f4d605d)
Start importing Packages/com.unity.collab-proxy/Editor/Assets/Images/d_iconrepository@2x.png using Guid(36564eb85f1bdf2409df96325231cb6c) Importer(2089858483,b0f066a214c2f5e87bad3c948f4d605d) (ScriptedImporter) -> (artifact id: '68a5b75b1aa3ab01ae864897721f89d9') in 0.0270239 seconds
Number of updated asset objects reloaded before import = 0Number of asset objects unloaded after import = 3

========================================================================
Received Import Request.
  Time since last request: 0.000074 seconds.
  path: Packages/com.unity.collab-proxy/Editor/Assets/Images/iconadd.png
  artifactKey: Guid(99d1cf315f771ae48ab6f41c99a8d7cb) Importer(2089858483,b0f066a214c2f5e87bad3c948f4d605d)
Start importing Packages/com.unity.collab-proxy/Editor/Assets/Images/iconadd.png using Guid(99d1cf315f771ae48ab6f41c99a8d7cb) Importer(2089858483,b0f066a214c2f5e87bad3c948f4d605d) (ScriptedImporter) -> (artifact id: 'fddba2888831fd96bc1a3b8f71cb8899') in 0.0279421 seconds
Number of updated asset objects reloaded before import = 0Number of asset objects unloaded after import = 3

========================================================================
Received Import Request.
  Time since last request: 0.000037 seconds.
  path: Packages/com.unity.collab-proxy/Editor/Assets/Images/iconcheckedoutlocaloverlay@2x.png
  artifactKey: Guid(3999034958d54364da380a8839a11050) Importer(2089858483,b0f066a214c2f5e87bad3c948f4d605d)
Start importing Packages/com.unity.collab-proxy/Editor/Assets/Images/iconcheckedoutlocaloverlay@2x.png using Guid(3999034958d54364da380a8839a11050) Importer(2089858483,b0f066a214c2f5e87bad3c948f4d605d) (ScriptedImporter) -> (artifact id: 'e3bdf5bc9e6fd6829a316cc7f3078509') in 0.0266107 seconds
Number of updated asset objects reloaded before import = 0Number of asset objects unloaded after import = 1

========================================================================
Received Import Request.
  Time since last request: 1.763954 seconds.
  path: Packages/com.unity.collab-proxy/Editor/Assets/Images/iconconflictresolvedoverlay.png
  artifactKey: Guid(1318ab8bf649dcf43b922511fa5e155b) Importer(2089858483,b0f066a214c2f5e87bad3c948f4d605d)
Start importing Packages/com.unity.collab-proxy/Editor/Assets/Images/iconconflictresolvedoverlay.png using Guid(1318ab8bf649dcf43b922511fa5e155b) Importer(2089858483,b0f066a214c2f5e87bad3c948f4d605d) (ScriptedImporter) -> (artifact id: 'd439e1c4056083470457d34ef7b73fb5') in 0.0223734 seconds
Number of updated asset objects reloaded before import = 0Number of asset objects unloaded after import = 3

========================================================================
Received Import Request.
  Time since last request: 0.000029 seconds.
  path: Packages/com.unity.collab-proxy/Editor/Assets/Images/iconpendingchanges.png
  artifactKey: Guid(76a05d2ec901a8b49a064fe0b0674ba7) Importer(2089858483,b0f066a214c2f5e87bad3c948f4d605d)
Start importing Packages/com.unity.collab-proxy/Editor/Assets/Images/iconpendingchanges.png using Guid(76a05d2ec901a8b49a064fe0b0674ba7) Importer(2089858483,b0f066a214c2f5e87bad3c948f4d605d) (ScriptedImporter) -> (artifact id: '3a17d3197f94fa4aadd9968ee790ae89') in 0.0265768 seconds
Number of updated asset objects reloaded before import = 0Number of asset objects unloaded after import = 3

========================================================================
Received Import Request.
  Time since last request: 0.000032 seconds.
  path: Packages/com.unity.collab-proxy/Editor/Assets/Images/iconhistory@2x.png
  artifactKey: Guid(08c1bc2a008284ed6987b801a480e64a) Importer(2089858483,b0f066a214c2f5e87bad3c948f4d605d)
Start importing Packages/com.unity.collab-proxy/Editor/Assets/Images/iconhistory@2x.png using Guid(08c1bc2a008284ed6987b801a480e64a) Importer(2089858483,b0f066a214c2f5e87bad3c948f4d605d) (ScriptedImporter) -> (artifact id: '9735e052eea7120cb726f980f7a82af5') in 0.0297921 seconds
Number of updated asset objects reloaded before import = 0Number of asset objects unloaded after import = 3

========================================================================
Received Import Request.
  Time since last request: 0.000033 seconds.
  path: Packages/com.unity.collab-proxy/Editor/Assets/Images/iconoutofsyncoverlay.png
  artifactKey: Guid(e4517bb2f521d99439ec9981a44a87ec) Importer(2089858483,b0f066a214c2f5e87bad3c948f4d605d)
Start importing Packages/com.unity.collab-proxy/Editor/Assets/Images/iconoutofsyncoverlay.png using Guid(e4517bb2f521d99439ec9981a44a87ec) Importer(2089858483,b0f066a214c2f5e87bad3c948f4d605d) (ScriptedImporter) -> (artifact id: '0b4994e8ce54a3e7b2af792aee2ea88e') in 0.0312275 seconds
Number of updated asset objects reloaded before import = 0Number of asset objects unloaded after import = 3

========================================================================
Received Import Request.
  Time since last request: 0.000098 seconds.
  path: Packages/com.unity.collab-proxy/Editor/CodeEditor/Document/DocumentLineTree.cs
  artifactKey: Guid(7d8e4407573404e26af41eacb660eb3e) Importer(2089858483,b0f066a214c2f5e87bad3c948f4d605d)
Start importing Packages/com.unity.collab-proxy/Editor/CodeEditor/Document/DocumentLineTree.cs using Guid(7d8e4407573404e26af41eacb660eb3e) Importer(2089858483,b0f066a214c2f5e87bad3c948f4d605d) (ScriptedImporter) -> (artifact id: '2e3172b742e6bc20ca2bc01dc0a8571b') in 0.0195619 seconds
Number of updated asset objects reloaded before import = 0Number of asset objects unloaded after import = 0

========================================================================
Received Import Request.
  Time since last request: 0.000175 seconds.
  path: Packages/com.unity.collab-proxy/Editor/Assets/Images/icondeletedremoteoverlay@2x.png
  artifactKey: Guid(d5c3277b1dbad9448b46c2ec87a2cef8) Importer(2089858483,b0f066a214c2f5e87bad3c948f4d605d)
Start importing Packages/com.unity.collab-proxy/Editor/Assets/Images/icondeletedremoteoverlay@2x.png using Guid(d5c3277b1dbad9448b46c2ec87a2cef8) Importer(2089858483,b0f066a214c2f5e87bad3c948f4d605d) (ScriptedImporter) -> (artifact id: '92c9a9bdc3bd7d0b705996fef37e8d18') in 0.0245457 seconds
Number of updated asset objects reloaded before import = 0Number of asset objects unloaded after import = 1

========================================================================
Received Import Request.
  Time since last request: 0.000193 seconds.
  path: Packages/com.unity.collab-proxy/Editor/Assets/Images/step1.png
  artifactKey: Guid(9ce84ff0fdeb13d4a83f077d075dd9a5) Importer(2089858483,b0f066a214c2f5e87bad3c948f4d605d)
Start importing Packages/com.unity.collab-proxy/Editor/Assets/Images/step1.png using Guid(9ce84ff0fdeb13d4a83f077d075dd9a5) Importer(2089858483,b0f066a214c2f5e87bad3c948f4d605d) (ScriptedImporter) -> (artifact id: '5cb54faabff77080d28c39dddf0123ad') in 0.0233572 seconds
Number of updated asset objects reloaded before import = 0Number of asset objects unloaded after import = 1

========================================================================
Received Import Request.
  Time since last request: 0.000145 seconds.
  path: Packages/com.unity.collab-proxy/Editor/Assets/Images/iconprivateoverlay@2x.png
  artifactKey: Guid(20894f77802694ca2b9afb02a7388138) Importer(2089858483,b0f066a214c2f5e87bad3c948f4d605d)
Start importing Packages/com.unity.collab-proxy/Editor/Assets/Images/iconprivateoverlay@2x.png using Guid(20894f77802694ca2b9afb02a7388138) Importer(2089858483,b0f066a214c2f5e87bad3c948f4d605d) (ScriptedImporter) -> (artifact id: '56e6ee16cf5fd7ad9c430c0819e9e749') in 0.0250521 seconds
Number of updated asset objects reloaded before import = 0Number of asset objects unloaded after import = 3

========================================================================
Received Import Request.
  Time since last request: 0.000034 seconds.
  path: Packages/com.unity.collab-proxy/Editor/Assets/Images/iconrepository@2x.png
  artifactKey: Guid(84f696eaa6e195043b22f318aa59b058) Importer(2089858483,b0f066a214c2f5e87bad3c948f4d605d)
Start importing Packages/com.unity.collab-proxy/Editor/Assets/Images/iconrepository@2x.png using Guid(84f696eaa6e195043b22f318aa59b058) Importer(2089858483,b0f066a214c2f5e87bad3c948f4d605d) (ScriptedImporter) -> (artifact id: '5cd39413bf10449f7472fb89c84c82a1') in 0.026658 seconds
Number of updated asset objects reloaded before import = 0Number of asset objects unloaded after import = 3

========================================================================
Received Import Request.
  Time since last request: 0.000033 seconds.
  path: Packages/com.unity.collab-proxy/Editor/Assets/Images/step1@2x.png
  artifactKey: Guid(affeade9874cf2347abb155e8d0db4d8) Importer(2089858483,b0f066a214c2f5e87bad3c948f4d605d)
Start importing Packages/com.unity.collab-proxy/Editor/Assets/Images/step1@2x.png using Guid(affeade9874cf2347abb155e8d0db4d8) Importer(2089858483,b0f066a214c2f5e87bad3c948f4d605d) (ScriptedImporter) -> (artifact id: '4368272bf0654ca1288838ec1883d36c') in 0.0263037 seconds
Number of updated asset objects reloaded before import = 0Number of asset objects unloaded after import = 1

========================================================================
Received Import Request.
  Time since last request: 0.000159 seconds.
  path: Packages/com.unity.collab-proxy/Editor/CodeEditor/Document/NewLineFinder.cs
  artifactKey: Guid(e000057c8aef84d6d81a07b18c13db7e) Importer(2089858483,b0f066a214c2f5e87bad3c948f4d605d)
Start importing Packages/com.unity.collab-proxy/Editor/CodeEditor/Document/NewLineFinder.cs using Guid(e000057c8aef84d6d81a07b18c13db7e) Importer(2089858483,b0f066a214c2f5e87bad3c948f4d605d) (ScriptedImporter) -> (artifact id: 'c6393f1b869ad1a1278778bd3cc6fd8a') in 0.0165943 seconds
Number of updated asset objects reloaded before import = 0Number of asset objects unloaded after import = 0

========================================================================
Received Import Request.
  Time since last request: 0.000208 seconds.
  path: Packages/com.unity.collab-proxy/Editor/Assets/Images/iconpendingchanges@2x.png
  artifactKey: Guid(232fe04bebe5e904bb0568e685bd32a6) Importer(2089858483,b0f066a214c2f5e87bad3c948f4d605d)
Start importing Packages/com.unity.collab-proxy/Editor/Assets/Images/iconpendingchanges@2x.png using Guid(232fe04bebe5e904bb0568e685bd32a6) Importer(2089858483,b0f066a214c2f5e87bad3c948f4d605d) (ScriptedImporter) -> (artifact id: 'ec323481c62b6251e97b2ddbe83d8981') in 0.0249828 seconds
Number of updated asset objects reloaded before import = 0Number of asset objects unloaded after import = 3

========================================================================
Received Import Request.
  Time since last request: 0.000052 seconds.
  path: Packages/com.unity.collab-proxy/Editor/CloudDrive/CreateWorkspace/CreateWorkspaceDialog.cs
  artifactKey: Guid(179af60903151564bb6b3157bce93991) Importer(2089858483,b0f066a214c2f5e87bad3c948f4d605d)
Start importing Packages/com.unity.collab-proxy/Editor/CloudDrive/CreateWorkspace/CreateWorkspaceDialog.cs using Guid(179af60903151564bb6b3157bce93991) Importer(2089858483,b0f066a214c2f5e87bad3c948f4d605d) (ScriptedImporter) -> (artifact id: 'eebbe4fb5370293ea45c1d22e9880a42') in 0.0161385 seconds
Number of updated asset objects reloaded before import = 0Number of asset objects unloaded after import = 0

========================================================================
Received Import Request.
  Time since last request: 0.000164 seconds.
  path: Packages/com.unity.collab-proxy/Editor/CodeEditor/Document/LineManager.cs
  artifactKey: Guid(a8c19b64eb4ef43a2bdea621c5acaf14) Importer(2089858483,b0f066a214c2f5e87bad3c948f4d605d)
Start importing Packages/com.unity.collab-proxy/Editor/CodeEditor/Document/LineManager.cs using Guid(a8c19b64eb4ef43a2bdea621c5acaf14) Importer(2089858483,b0f066a214c2f5e87bad3c948f4d605d) (ScriptedImporter) -> (artifact id: '15c51d1824c7364a31db30aeb5777b2a') in 0.0155098 seconds
Number of updated asset objects reloaded before import = 0Number of asset objects unloaded after import = 0

========================================================================
Received Import Request.
  Time since last request: 0.000176 seconds.
  path: Packages/com.unity.collab-proxy/Editor/Assets/Images/loading.png
  artifactKey: Guid(c6b1bcaa3f4767141acd747384dbb276) Importer(2089858483,b0f066a214c2f5e87bad3c948f4d605d)
Start importing Packages/com.unity.collab-proxy/Editor/Assets/Images/loading.png using Guid(c6b1bcaa3f4767141acd747384dbb276) Importer(2089858483,b0f066a214c2f5e87bad3c948f4d605d) (ScriptedImporter) -> (artifact id: '03dad50170dc025b56db56742e9d2cf1') in 0.0225282 seconds
Number of updated asset objects reloaded before import = 0Number of asset objects unloaded after import = 1

========================================================================
Received Import Request.
  Time since last request: 0.000206 seconds.
  path: Packages/com.unity.collab-proxy/Editor/Assets/Images/iconretainedoverlay.png
  artifactKey: Guid(e73eb87336d0d0846a48f288248f52eb) Importer(2089858483,b0f066a214c2f5e87bad3c948f4d605d)
Start importing Packages/com.unity.collab-proxy/Editor/Assets/Images/iconretainedoverlay.png using Guid(e73eb87336d0d0846a48f288248f52eb) Importer(2089858483,b0f066a214c2f5e87bad3c948f4d605d) (ScriptedImporter) -> (artifact id: '15603e535e5c97c7bff790351379d927') in 0.0272996 seconds
Number of updated asset objects reloaded before import = 0Number of asset objects unloaded after import = 3

========================================================================
Received Import Request.
  Time since last request: 0.000031 seconds.
  path: Packages/com.unity.collab-proxy/Editor/CodeEditor/Document/ITextAnchor.cs
  artifactKey: Guid(1cb83927eaf714ec9ad8234a784bb1a9) Importer(2089858483,b0f066a214c2f5e87bad3c948f4d605d)
Start importing Packages/com.unity.collab-proxy/Editor/CodeEditor/Document/ITextAnchor.cs using Guid(1cb83927eaf714ec9ad8234a784bb1a9) Importer(2089858483,b0f066a214c2f5e87bad3c948f4d605d) (ScriptedImporter) -> (artifact id: '5c2a7a178f0e4202ad88cf215c79874e') in 0.0182769 seconds
Number of updated asset objects reloaded before import = 0Number of asset objects unloaded after import = 0

========================================================================
Received Import Request.
  Time since last request: 0.000129 seconds.
  path: Packages/com.unity.collab-proxy/Editor/Assets/Images/iconoutofsync.png
  artifactKey: Guid(636d03a8834e3ed4cac3a1cb4b82deaf) Importer(2089858483,b0f066a214c2f5e87bad3c948f4d605d)
Start importing Packages/com.unity.collab-proxy/Editor/Assets/Images/iconoutofsync.png using Guid(636d03a8834e3ed4cac3a1cb4b82deaf) Importer(2089858483,b0f066a214c2f5e87bad3c948f4d605d) (ScriptedImporter) -> (artifact id: '03f3f39bb9cf2e0a61e5b8e4584f509f') in 0.0228064 seconds
Number of updated asset objects reloaded before import = 0Number of asset objects unloaded after import = 1

========================================================================
Received Import Request.
  Time since last request: 0.000221 seconds.
  path: Packages/com.unity.collab-proxy/Editor/Assets/Images/iconignoredoverlay.png
  artifactKey: Guid(52a825037e457964f9c91a99d4522f14) Importer(2089858483,b0f066a214c2f5e87bad3c948f4d605d)
Start importing Packages/com.unity.collab-proxy/Editor/Assets/Images/iconignoredoverlay.png using Guid(52a825037e457964f9c91a99d4522f14) Importer(2089858483,b0f066a214c2f5e87bad3c948f4d605d) (ScriptedImporter) -> (artifact id: '775d130e4c050e4a90b2d4796041a350') in 0.027132 seconds
Number of updated asset objects reloaded before import = 0Number of asset objects unloaded after import = 3

========================================================================
Received Import Request.
  Time since last request: 0.000027 seconds.
  path: Packages/com.unity.collab-proxy/Editor/CloudDrive/Workspaces/CloudWorkspacesView.cs
  artifactKey: Guid(c63e2acf5cfd4816b950cf4bf6381b6f) Importer(2089858483,b0f066a214c2f5e87bad3c948f4d605d)
Start importing Packages/com.unity.collab-proxy/Editor/CloudDrive/Workspaces/CloudWorkspacesView.cs using Guid(c63e2acf5cfd4816b950cf4bf6381b6f) Importer(2089858483,b0f066a214c2f5e87bad3c948f4d605d) (ScriptedImporter) -> (artifact id: '49e2569bc500a19e472ad91bd8910d1a') in 0.0189327 seconds
Number of updated asset objects reloaded before import = 0Number of asset objects unloaded after import = 0

========================================================================
Received Import Request.
  Time since last request: 0.000197 seconds.
  path: Packages/com.unity.collab-proxy/Editor/Assets/Styles/TeamEditionConfigurationWindow.uss
  artifactKey: Guid(1cd69f37df825af4385cd9efe745fc30) Importer(2089858483,b0f066a214c2f5e87bad3c948f4d605d)
Start importing Packages/com.unity.collab-proxy/Editor/Assets/Styles/TeamEditionConfigurationWindow.uss using Guid(1cd69f37df825af4385cd9efe745fc30) Importer(2089858483,b0f066a214c2f5e87bad3c948f4d605d) (ScriptedImporter) -> (artifact id: '877e5dc357d3a8115c4f3cb3204c9a01') in 0.0623391 seconds
Number of updated asset objects reloaded before import = 0Number of asset objects unloaded after import = 2

========================================================================
Received Import Request.
  Time since last request: 0.000105 seconds.
  path: Packages/com.unity.collab-proxy/Editor/Assets/Images/icondeletedremoteoverlay.png
  artifactKey: Guid(092347b12f348a6439e85218cd291ea2) Importer(2089858483,b0f066a214c2f5e87bad3c948f4d605d)
Start importing Packages/com.unity.collab-proxy/Editor/Assets/Images/icondeletedremoteoverlay.png using Guid(092347b12f348a6439e85218cd291ea2) Importer(2089858483,b0f066a214c2f5e87bad3c948f4d605d) (ScriptedImporter) -> (artifact id: 'f63699e31a3cf454cc9ea6060b468763') in 0.0296365 seconds
Number of updated asset objects reloaded before import = 0Number of asset objects unloaded after import = 3

========================================================================
Received Import Request.
  Time since last request: 0.000038 seconds.
  path: Packages/com.unity.collab-proxy/Editor/Assets/Images/iconundo@2x.png
  artifactKey: Guid(0dfbb2b6ddcdd254da80e3418498b3a6) Importer(2089858483,b0f066a214c2f5e87bad3c948f4d605d)
Start importing Packages/com.unity.collab-proxy/Editor/Assets/Images/iconundo@2x.png using Guid(0dfbb2b6ddcdd254da80e3418498b3a6) Importer(2089858483,b0f066a214c2f5e87bad3c948f4d605d) (ScriptedImporter) -> (artifact id: '5b48e9bee1462d6ad492a3aa9959e9f4') in 0.0308928 seconds
Number of updated asset objects reloaded before import = 0Number of asset objects unloaded after import = 1

========================================================================
Received Import Request.
  Time since last request: 0.000141 seconds.
  path: Packages/com.unity.collab-proxy/Editor/Assets/Images/iconmergeview@2x.png
  artifactKey: Guid(ca92e845b7b4b41da8e081ca8c0ed3b8) Importer(2089858483,b0f066a214c2f5e87bad3c948f4d605d)
Start importing Packages/com.unity.collab-proxy/Editor/Assets/Images/iconmergeview@2x.png using Guid(ca92e845b7b4b41da8e081ca8c0ed3b8) Importer(2089858483,b0f066a214c2f5e87bad3c948f4d605d) (ScriptedImporter) -> (artifact id: 'f1ba0aec12a6e0b2d54c0285c79fe5d1') in 0.0316118 seconds
Number of updated asset objects reloaded before import = 0Number of asset objects unloaded after import = 3

========================================================================
Received Import Request.
  Time since last request: 0.000052 seconds.
  path: Packages/com.unity.collab-proxy/Editor/CodeEditor/Document/TextAnchorNode.cs
  artifactKey: Guid(8d60b8806ad5a453e978d149b4442288) Importer(2089858483,b0f066a214c2f5e87bad3c948f4d605d)
Start importing Packages/com.unity.collab-proxy/Editor/CodeEditor/Document/TextAnchorNode.cs using Guid(8d60b8806ad5a453e978d149b4442288) Importer(2089858483,b0f066a214c2f5e87bad3c948f4d605d) (ScriptedImporter) -> (artifact id: 'ed1b56684f5e5857397c8b0a3d3a86f1') in 0.0183226 seconds
Number of updated asset objects reloaded before import = 0Number of asset objects unloaded after import = 0

========================================================================
Received Import Request.
  Time since last request: 0.000265 seconds.
  path: Packages/com.unity.collab-proxy/Editor/AssetsUtils/Processor/AssetsProcessor.cs
  artifactKey: Guid(71cb30384b5f8d64ea7df220cff88d0c) Importer(2089858483,b0f066a214c2f5e87bad3c948f4d605d)
Start importing Packages/com.unity.collab-proxy/Editor/AssetsUtils/Processor/AssetsProcessor.cs using Guid(71cb30384b5f8d64ea7df220cff88d0c) Importer(2089858483,b0f066a214c2f5e87bad3c948f4d605d) (ScriptedImporter) -> (artifact id: '3fd2ce19a93ce30fc8b2e46deb192c23') in 0.0160555 seconds
Number of updated asset objects reloaded before import = 0Number of asset objects unloaded after import = 0

========================================================================
Received Import Request.
  Time since last request: 0.000252 seconds.
  path: Packages/com.unity.collab-proxy/Editor/Assets/Images/iconcurrentbranch.png
  artifactKey: Guid(d30af1e364af1fc48be2ff2dcb0d4724) Importer(2089858483,b0f066a214c2f5e87bad3c948f4d605d)
Start importing Packages/com.unity.collab-proxy/Editor/Assets/Images/iconcurrentbranch.png using Guid(d30af1e364af1fc48be2ff2dcb0d4724) Importer(2089858483,b0f066a214c2f5e87bad3c948f4d605d) (ScriptedImporter) -> (artifact id: 'adbd09f60c59392fe0b54e022c037bec') in 0.0250672 seconds
Number of updated asset objects reloaded before import = 0Number of asset objects unloaded after import = 3

========================================================================
Received Import Request.
  Time since last request: 0.000030 seconds.
  path: Packages/com.unity.collab-proxy/Editor/Assets/Images/iconzoomin@2x.png
  artifactKey: Guid(0247a919add89e04aad63b6657886901) Importer(2089858483,b0f066a214c2f5e87bad3c948f4d605d)
Start importing Packages/com.unity.collab-proxy/Editor/Assets/Images/iconzoomin@2x.png using Guid(0247a919add89e04aad63b6657886901) Importer(2089858483,b0f066a214c2f5e87bad3c948f4d605d) (ScriptedImporter) -> (artifact id: '28e83bd827328f320512292f75492438') in 0.0250632 seconds
Number of updated asset objects reloaded before import = 0Number of asset objects unloaded after import = 3

========================================================================
Received Import Request.
  Time since last request: 0.000066 seconds.
  path: Packages/com.unity.collab-proxy/Editor/Assets/Layouts/TabView.uxml
  artifactKey: Guid(d0a8e201e79e1f441bdf295aef957220) Importer(2089858483,b0f066a214c2f5e87bad3c948f4d605d)
Start importing Packages/com.unity.collab-proxy/Editor/Assets/Layouts/TabView.uxml using Guid(d0a8e201e79e1f441bdf295aef957220) Importer(2089858483,b0f066a214c2f5e87bad3c948f4d605d) (ScriptedImporter) -> (artifact id: '04dcd468e0a29c763187ce270db8ea01') in 0.0954435 seconds
Number of updated asset objects reloaded before import = 0Number of asset objects unloaded after import = 2

========================================================================
Received Import Request.
  Time since last request: 0.000207 seconds.
  path: Packages/com.unity.collab-proxy/Editor/Assets/Images/iconemptygravatar@2x.png
  artifactKey: Guid(da545229eea36164d8b8cba2f75a1143) Importer(2089858483,b0f066a214c2f5e87bad3c948f4d605d)
Start importing Packages/com.unity.collab-proxy/Editor/Assets/Images/iconemptygravatar@2x.png using Guid(da545229eea36164d8b8cba2f75a1143) Importer(2089858483,b0f066a214c2f5e87bad3c948f4d605d) (ScriptedImporter) -> (artifact id: 'e408fcc5ed550edc0983fc855294496a') in 0.0210657 seconds
Number of updated asset objects reloaded before import = 0Number of asset objects unloaded after import = 1

========================================================================
Received Import Request.
  Time since last request: 0.000155 seconds.
  path: Packages/com.unity.collab-proxy/Editor/Assets/Images/iconlock.png
  artifactKey: Guid(6d3f95684dd634b18aa9ab45b3e06cfd) Importer(2089858483,b0f066a214c2f5e87bad3c948f4d605d)
Start importing Packages/com.unity.collab-proxy/Editor/Assets/Images/iconlock.png using Guid(6d3f95684dd634b18aa9ab45b3e06cfd) Importer(2089858483,b0f066a214c2f5e87bad3c948f4d605d) (ScriptedImporter) -> (artifact id: '058a7d0e0316cc30b1d3b125c82725c1') in 0.0247251 seconds
Number of updated asset objects reloaded before import = 0Number of asset objects unloaded after import = 3

========================================================================
Received Import Request.
  Time since last request: 0.000026 seconds.
  path: Packages/com.unity.collab-proxy/Editor/Assets/Images/icondeletedlocaloverlay@2x.png
  artifactKey: Guid(a3e491f99ea3ad74f8731ca93e84c497) Importer(2089858483,b0f066a214c2f5e87bad3c948f4d605d)
Start importing Packages/com.unity.collab-proxy/Editor/Assets/Images/icondeletedlocaloverlay@2x.png using Guid(a3e491f99ea3ad74f8731ca93e84c497) Importer(2089858483,b0f066a214c2f5e87bad3c948f4d605d) (ScriptedImporter) -> (artifact id: 'd284d21669247a8a1fbaef606adabe5f') in 0.0235771 seconds
Number of updated asset objects reloaded before import = 0Number of asset objects unloaded after import = 1

========================================================================
Received Import Request.
  Time since last request: 0.000190 seconds.
  path: Packages/com.unity.collab-proxy/Editor/Assets/Images/iconzoomout.png
  artifactKey: Guid(0727168a534af3641a8e744834225825) Importer(2089858483,b0f066a214c2f5e87bad3c948f4d605d)
Start importing Packages/com.unity.collab-proxy/Editor/Assets/Images/iconzoomout.png using Guid(0727168a534af3641a8e744834225825) Importer(2089858483,b0f066a214c2f5e87bad3c948f4d605d) (ScriptedImporter) -> (artifact id: '843a233688dec51fb50e1522421da4db') in 0.0245901 seconds
Number of updated asset objects reloaded before import = 0Number of asset objects unloaded after import = 3

========================================================================
Received Import Request.
  Time since last request: 0.000154 seconds.
  path: Packages/com.unity.collab-proxy/Editor/Assets/Images/iconmovedoverlay.png
  artifactKey: Guid(d63fb8a8a3f06407e8e712a29a3499c0) Importer(2089858483,b0f066a214c2f5e87bad3c948f4d605d)
Start importing Packages/com.unity.collab-proxy/Editor/Assets/Images/iconmovedoverlay.png using Guid(d63fb8a8a3f06407e8e712a29a3499c0) Importer(2089858483,b0f066a214c2f5e87bad3c948f4d605d) (ScriptedImporter) -> (artifact id: '3ed88efef78a4ad8cd065d9568969bc8') in 0.021631 seconds
Number of updated asset objects reloaded before import = 0Number of asset objects unloaded after import = 3

========================================================================
Received Import Request.
  Time since last request: 0.000063 seconds.
  path: Packages/com.unity.collab-proxy/Editor/Assets/Images/icondeletedlocaloverlay.png
  artifactKey: Guid(cd221d2235472c94491e607ae42942dd) Importer(2089858483,b0f066a214c2f5e87bad3c948f4d605d)
Start importing Packages/com.unity.collab-proxy/Editor/Assets/Images/icondeletedlocaloverlay.png using Guid(cd221d2235472c94491e607ae42942dd) Importer(2089858483,b0f066a214c2f5e87bad3c948f4d605d) (ScriptedImporter) -> (artifact id: '6a39fd0b1bc2fc9f03492ef180344e31') in 0.0213868 seconds
Number of updated asset objects reloaded before import = 0Number of asset objects unloaded after import = 3

========================================================================
Received Import Request.
  Time since last request: 0.000029 seconds.
  path: Packages/com.unity.collab-proxy/Editor/Assets/Images/iconprivateoverlay.png
  artifactKey: Guid(d69b2503b822f4c3a95386e4bc0c8668) Importer(2089858483,b0f066a214c2f5e87bad3c948f4d605d)
Start importing Packages/com.unity.collab-proxy/Editor/Assets/Images/iconprivateoverlay.png using Guid(d69b2503b822f4c3a95386e4bc0c8668) Importer(2089858483,b0f066a214c2f5e87bad3c948f4d605d) (ScriptedImporter) -> (artifact id: '3e7d3019ea9cf9dc8fe8f474238c18ad') in 0.0264717 seconds
Number of updated asset objects reloaded before import = 0Number of asset objects unloaded after import = 3

========================================================================
Received Import Request.
  Time since last request: 1.763802 seconds.
  path: Packages/com.unity.collab-proxy/Editor/CodeEditor/Document/TextSegmentCollection.cs
  artifactKey: Guid(7289a765b886748bcb6d677f6977fc52) Importer(2089858483,b0f066a214c2f5e87bad3c948f4d605d)
Start importing Packages/com.unity.collab-proxy/Editor/CodeEditor/Document/TextSegmentCollection.cs using Guid(7289a765b886748bcb6d677f6977fc52) Importer(2089858483,b0f066a214c2f5e87bad3c948f4d605d) (ScriptedImporter) -> (artifact id: '8039d3515de5eef50ac1fa693991a72d') in 0.0138682 seconds
Number of updated asset objects reloaded before import = 0Number of asset objects unloaded after import = 0

========================================================================
Received Import Request.
  Time since last request: 0.000182 seconds.
  path: Packages/com.unity.collab-proxy/Editor/Views/CreateWorkspace/CreateWorkspaceView.cs
  artifactKey: Guid(5294f667272fcb2438a79369c92cc7e7) Importer(2089858483,b0f066a214c2f5e87bad3c948f4d605d)
Start importing Packages/com.unity.collab-proxy/Editor/Views/CreateWorkspace/CreateWorkspaceView.cs using Guid(5294f667272fcb2438a79369c92cc7e7) Importer(2089858483,b0f066a214c2f5e87bad3c948f4d605d) (ScriptedImporter) -> (artifact id: '1983ee9b6e80b64a02d920f2735f6921') in 0.0127715 seconds
Number of updated asset objects reloaded before import = 0Number of asset objects unloaded after import = 0

========================================================================
Received Import Request.
  Time since last request: 0.000133 seconds.
  path: Packages/com.unity.collab-proxy/Editor/Views/BrowseRepository/BrowseRepositoryHeaderState.cs
  artifactKey: Guid(f3bae7db75ee4b749b96add6a75de44d) Importer(2089858483,b0f066a214c2f5e87bad3c948f4d605d)
Start importing Packages/com.unity.collab-proxy/Editor/Views/BrowseRepository/BrowseRepositoryHeaderState.cs using Guid(f3bae7db75ee4b749b96add6a75de44d) Importer(2089858483,b0f066a214c2f5e87bad3c948f4d605d) (ScriptedImporter) -> (artifact id: 'a98c8642cf42631553860e87b2cf04b1') in 0.0185063 seconds
Number of updated asset objects reloaded before import = 0Number of asset objects unloaded after import = 0

========================================================================
Received Import Request.
  Time since last request: 0.000155 seconds.
  path: Packages/com.unity.collab-proxy/Editor/Views/Branch/BranchesSelection.cs
  artifactKey: Guid(73306fe71bf092d4495ff28ee02b766b) Importer(2089858483,b0f066a214c2f5e87bad3c948f4d605d)
Start importing Packages/com.unity.collab-proxy/Editor/Views/Branch/BranchesSelection.cs using Guid(73306fe71bf092d4495ff28ee02b766b) Importer(2089858483,b0f066a214c2f5e87bad3c948f4d605d) (ScriptedImporter) -> (artifact id: '81b439d1470d3de049e42ac7e03c1b72') in 0.0187256 seconds
Number of updated asset objects reloaded before import = 0Number of asset objects unloaded after import = 0

========================================================================
Received Import Request.
  Time since last request: 0.000053 seconds.
  path: Packages/com.unity.collab-proxy/Editor/UI/Tree/CenteredContentPanel.cs
  artifactKey: Guid(19dca01e5c6a4d808cee50ff17837de5) Importer(2089858483,b0f066a214c2f5e87bad3c948f4d605d)
Start importing Packages/com.unity.collab-proxy/Editor/UI/Tree/CenteredContentPanel.cs using Guid(19dca01e5c6a4d808cee50ff17837de5) Importer(2089858483,b0f066a214c2f5e87bad3c948f4d605d) (ScriptedImporter) -> (artifact id: '004308362c068d5128246e59b4fe8ba5') in 0.0167787 seconds
Number of updated asset objects reloaded before import = 0Number of asset objects unloaded after import = 0

========================================================================
Received Import Request.
  Time since last request: 0.000295 seconds.
  path: Packages/com.unity.collab-proxy/Editor/CodeEditor/Rendering/VisualLineTextSource.cs
  artifactKey: Guid(42f48d12e7fc440891c9b505fcebe808) Importer(2089858483,b0f066a214c2f5e87bad3c948f4d605d)
Start importing Packages/com.unity.collab-proxy/Editor/CodeEditor/Rendering/VisualLineTextSource.cs using Guid(42f48d12e7fc440891c9b505fcebe808) Importer(2089858483,b0f066a214c2f5e87bad3c948f4d605d) (ScriptedImporter) -> (artifact id: 'e1f29257b98a5c90d19fa36222b23afd') in 0.0155751 seconds
Number of updated asset objects reloaded before import = 0Number of asset objects unloaded after import = 0

========================================================================
Received Import Request.
  Time since last request: 0.000216 seconds.
  path: Packages/com.unity.collab-proxy/Editor/CodeEditor/Rendering/CollapsedLineSection.cs
  artifactKey: Guid(57aabb9a9c3b4759aa549ef5e8bf7f07) Importer(2089858483,b0f066a214c2f5e87bad3c948f4d605d)
Start importing Packages/com.unity.collab-proxy/Editor/CodeEditor/Rendering/CollapsedLineSection.cs using Guid(57aabb9a9c3b4759aa549ef5e8bf7f07) Importer(2089858483,b0f066a214c2f5e87bad3c948f4d605d) (ScriptedImporter) -> (artifact id: '0a331208a60fd10371bbf5a6c6f347f7') in 0.0163671 seconds
Number of updated asset objects reloaded before import = 0Number of asset objects unloaded after import = 0

========================================================================
Received Import Request.
  Time since last request: 0.000166 seconds.
  path: Packages/com.unity.collab-proxy/Editor/Diff/Image/ImageContentControl.cs
  artifactKey: Guid(216ed3a0f59e467dabfeace5c550c123) Importer(2089858483,b0f066a214c2f5e87bad3c948f4d605d)
Start importing Packages/com.unity.collab-proxy/Editor/Diff/Image/ImageContentControl.cs using Guid(216ed3a0f59e467dabfeace5c550c123) Importer(2089858483,b0f066a214c2f5e87bad3c948f4d605d) (ScriptedImporter) -> (artifact id: '7e0a2939e405dc5d0c63c26999d94935') in 0.0191699 seconds
Number of updated asset objects reloaded before import = 0Number of asset objects unloaded after import = 0

========================================================================
Received Import Request.
  Time since last request: 0.000186 seconds.
  path: Packages/com.unity.collab-proxy/Editor/CodeEditor/Utils/IServiceContainer.cs
  artifactKey: Guid(5d04019d947ff4be294c29c0faebb79f) Importer(2089858483,b0f066a214c2f5e87bad3c948f4d605d)
Start importing Packages/com.unity.collab-proxy/Editor/CodeEditor/Utils/IServiceContainer.cs using Guid(5d04019d947ff4be294c29c0faebb79f) Importer(2089858483,b0f066a214c2f5e87bad3c948f4d605d) (ScriptedImporter) -> (artifact id: '114a2f991352bbe9d6597aef413bddbd') in 0.0156501 seconds
Number of updated asset objects reloaded before import = 0Number of asset objects unloaded after import = 0

========================================================================
Received Import Request.
  Time since last request: 0.000193 seconds.
  path: Packages/com.unity.collab-proxy/Editor/UI/Errors/ErrorsListView.cs
  artifactKey: Guid(331d1c37d891f334390adb8324042856) Importer(2089858483,b0f066a214c2f5e87bad3c948f4d605d)
Start importing Packages/com.unity.collab-proxy/Editor/UI/Errors/ErrorsListView.cs using Guid(331d1c37d891f334390adb8324042856) Importer(2089858483,b0f066a214c2f5e87bad3c948f4d605d) (ScriptedImporter) -> (artifact id: '78e358116f8a93da45d17c855ccc8413') in 0.0163725 seconds
Number of updated asset objects reloaded before import = 0Number of asset objects unloaded after import = 0

========================================================================
Received Import Request.
  Time since last request: 0.000175 seconds.
  path: Packages/com.unity.collab-proxy/Editor/UI/Tree/TableViewOperations.cs
  artifactKey: Guid(014287a1a6b67dd4e867168699dfdc2a) Importer(2089858483,b0f066a214c2f5e87bad3c948f4d605d)
Start importing Packages/com.unity.collab-proxy/Editor/UI/Tree/TableViewOperations.cs using Guid(014287a1a6b67dd4e867168699dfdc2a) Importer(2089858483,b0f066a214c2f5e87bad3c948f4d605d) (ScriptedImporter) -> (artifact id: 'd813aa9d25e4facfa4332c58dba306bb') in 0.0195922 seconds
Number of updated asset objects reloaded before import = 0Number of asset objects unloaded after import = 0

========================================================================
Received Import Request.
  Time since last request: 0.000066 seconds.
  path: Packages/com.unity.collab-proxy/Editor/Views/Changesets/CheckoutChangesetViewMenu.cs
  artifactKey: Guid(3eddf2b2cdcd47828e17dacecc9395d8) Importer(2089858483,b0f066a214c2f5e87bad3c948f4d605d)
Start importing Packages/com.unity.collab-proxy/Editor/Views/Changesets/CheckoutChangesetViewMenu.cs using Guid(3eddf2b2cdcd47828e17dacecc9395d8) Importer(2089858483,b0f066a214c2f5e87bad3c948f4d605d) (ScriptedImporter) -> (artifact id: 'e3341e54d7f5821078e80cb5d581a498') in 0.019066 seconds
Number of updated asset objects reloaded before import = 0Number of asset objects unloaded after import = 0

========================================================================
Received Import Request.
  Time since last request: 0.000037 seconds.
  path: Packages/com.unity.collab-proxy/Editor/Views/Diff/UnityDiffTree.cs
  artifactKey: Guid(e89b1e9e9f1060b4f817977507831248) Importer(2089858483,b0f066a214c2f5e87bad3c948f4d605d)
Start importing Packages/com.unity.collab-proxy/Editor/Views/Diff/UnityDiffTree.cs using Guid(e89b1e9e9f1060b4f817977507831248) Importer(2089858483,b0f066a214c2f5e87bad3c948f4d605d) (ScriptedImporter) -> (artifact id: '6fc845b4faff6e1cb84afb2ddf118f09') in 0.0179635 seconds
Number of updated asset objects reloaded before import = 0Number of asset objects unloaded after import = 0

========================================================================
Received Import Request.
  Time since last request: 0.000238 seconds.
  path: Packages/com.unity.collab-proxy/Editor/UI/Errors/ErrorListViewItem.cs
  artifactKey: Guid(71c34e5fa319ca644b6806e573c33d88) Importer(2089858483,b0f066a214c2f5e87bad3c948f4d605d)
Start importing Packages/com.unity.collab-proxy/Editor/UI/Errors/ErrorListViewItem.cs using Guid(71c34e5fa319ca644b6806e573c33d88) Importer(2089858483,b0f066a214c2f5e87bad3c948f4d605d) (ScriptedImporter) -> (artifact id: '9ef404054578a2c623a89e2b742f8c3e') in 0.0176496 seconds
Number of updated asset objects reloaded before import = 0Number of asset objects unloaded after import = 0

========================================================================
Received Import Request.
  Time since last request: 0.000178 seconds.
  path: Packages/com.unity.collab-proxy/Editor/CodeEditor/Platform/KeyModifiers.cs
  artifactKey: Guid(757ba4d39d48487da6bb88c8f846b385) Importer(2089858483,b0f066a214c2f5e87bad3c948f4d605d)
Start importing Packages/com.unity.collab-proxy/Editor/CodeEditor/Platform/KeyModifiers.cs using Guid(757ba4d39d48487da6bb88c8f846b385) Importer(2089858483,b0f066a214c2f5e87bad3c948f4d605d) (ScriptedImporter) -> (artifact id: 'da33524ca7f3f20ff30de54e2f702333') in 0.0197688 seconds
Number of updated asset objects reloaded before import = 0Number of asset objects unloaded after import = 0

========================================================================
Received Import Request.
  Time since last request: 0.000217 seconds.
  path: Packages/com.unity.collab-proxy/Editor/UI/Avatar/AvatarImages.cs
  artifactKey: Guid(43c380b3a07cbf449a54619bb50096b1) Importer(2089858483,b0f066a214c2f5e87bad3c948f4d605d)
Start importing Packages/com.unity.collab-proxy/Editor/UI/Avatar/AvatarImages.cs using Guid(43c380b3a07cbf449a54619bb50096b1) Importer(2089858483,b0f066a214c2f5e87bad3c948f4d605d) (ScriptedImporter) -> (artifact id: 'ed3851b026e730c89ef25977efc0fa05') in 0.019827 seconds
Number of updated asset objects reloaded before import = 0Number of asset objects unloaded after import = 0

========================================================================
Received Import Request.
  Time since last request: 0.000039 seconds.
  path: Packages/com.unity.collab-proxy/Editor/CodeEditor/Rendering/VisualLineLinkText.cs
  artifactKey: Guid(a1f4f3bdae774bc3b98ecd20cfe488d2) Importer(2089858483,b0f066a214c2f5e87bad3c948f4d605d)
Start importing Packages/com.unity.collab-proxy/Editor/CodeEditor/Rendering/VisualLineLinkText.cs using Guid(a1f4f3bdae774bc3b98ecd20cfe488d2) Importer(2089858483,b0f066a214c2f5e87bad3c948f4d605d) (ScriptedImporter) -> (artifact id: 'b6ab58f2da31607d37421626882a54e7') in 0.0178682 seconds
Number of updated asset objects reloaded before import = 0Number of asset objects unloaded after import = 0

========================================================================
Received Import Request.
  Time since last request: 0.000276 seconds.
  path: Packages/com.unity.collab-proxy/Editor/CodeEditor/Rendering/LinkElementGenerator.cs
  artifactKey: Guid(19c0616fcade47d78aaa68d248a445e3) Importer(2089858483,b0f066a214c2f5e87bad3c948f4d605d)
Start importing Packages/com.unity.collab-proxy/Editor/CodeEditor/Rendering/LinkElementGenerator.cs using Guid(19c0616fcade47d78aaa68d248a445e3) Importer(2089858483,b0f066a214c2f5e87bad3c948f4d605d) (ScriptedImporter) -> (artifact id: '6b6ae7ff7124392f82db0720eb15aa8a') in 0.016106 seconds
Number of updated asset objects reloaded before import = 0Number of asset objects unloaded after import = 0

========================================================================
Received Import Request.
  Time since last request: 0.000189 seconds.
  path: Packages/com.unity.collab-proxy/Editor/Views/Changesets/ChangesetsTab_Operations.cs
  artifactKey: Guid(06e8f2c592322e640ae99a833427b552) Importer(2089858483,b0f066a214c2f5e87bad3c948f4d605d)
Start importing Packages/com.unity.collab-proxy/Editor/Views/Changesets/ChangesetsTab_Operations.cs using Guid(06e8f2c592322e640ae99a833427b552) Importer(2089858483,b0f066a214c2f5e87bad3c948f4d605d) (ScriptedImporter) -> (artifact id: '95bac5f8e00e3e356a0d073003a66ec2') in 0.0188431 seconds
Number of updated asset objects reloaded before import = 0Number of asset objects unloaded after import = 0

========================================================================
Received Import Request.
  Time since last request: 0.000249 seconds.
  path: Packages/com.unity.collab-proxy/Editor/CodeEditor/Utils/Constants.cs
  artifactKey: Guid(e4e07079374247849fcb35aa912e2421) Importer(2089858483,b0f066a214c2f5e87bad3c948f4d605d)
Start importing Packages/com.unity.collab-proxy/Editor/CodeEditor/Utils/Constants.cs using Guid(e4e07079374247849fcb35aa912e2421) Importer(2089858483,b0f066a214c2f5e87bad3c948f4d605d) (ScriptedImporter) -> (artifact id: '44de6e4949669b03dd85c584c5714dd3') in 0.0156384 seconds
Number of updated asset objects reloaded before import = 0Number of asset objects unloaded after import = 0

========================================================================
Received Import Request.
  Time since last request: 0.000275 seconds.
  path: Packages/com.unity.collab-proxy/Editor/Views/Attributes/CreateAttributeView.cs
  artifactKey: Guid(56ea95e3e56f40af895e3479028feb82) Importer(2089858483,b0f066a214c2f5e87bad3c948f4d605d)
Start importing Packages/com.unity.collab-proxy/Editor/Views/Attributes/CreateAttributeView.cs using Guid(56ea95e3e56f40af895e3479028feb82) Importer(2089858483,b0f066a214c2f5e87bad3c948f4d605d) (ScriptedImporter) -> (artifact id: 'f0f992dd1828638bf5b797d1ed311b6a') in 0.0172133 seconds
Number of updated asset objects reloaded before import = 0Number of asset objects unloaded after import = 0

========================================================================
Received Import Request.
  Time since last request: 0.000146 seconds.
  path: Packages/com.unity.collab-proxy/Editor/CodeEditor/Text/TextLine.cs
  artifactKey: Guid(54e481e5c7bd459795071ffd9879c1f6) Importer(2089858483,b0f066a214c2f5e87bad3c948f4d605d)
Start importing Packages/com.unity.collab-proxy/Editor/CodeEditor/Text/TextLine.cs using Guid(54e481e5c7bd459795071ffd9879c1f6) Importer(2089858483,b0f066a214c2f5e87bad3c948f4d605d) (ScriptedImporter) -> (artifact id: 'f0407139dd37090e8fa13a0416c7c2a0') in 0.0196855 seconds
Number of updated asset objects reloaded before import = 0Number of asset objects unloaded after import = 0

========================================================================
Received Import Request.
  Time since last request: 0.000131 seconds.
  path: Packages/com.unity.collab-proxy/Editor/UI/Errors/ErrorsListHeaderState.cs
  artifactKey: Guid(8c069d7fb0d30cf499458f0d9c9fe035) Importer(2089858483,b0f066a214c2f5e87bad3c948f4d605d)
Start importing Packages/com.unity.collab-proxy/Editor/UI/Errors/ErrorsListHeaderState.cs using Guid(8c069d7fb0d30cf499458f0d9c9fe035) Importer(2089858483,b0f066a214c2f5e87bad3c948f4d605d) (ScriptedImporter) -> (artifact id: '876a2aa00bff356448f41f0a320cb84e') in 0.0190341 seconds
Number of updated asset objects reloaded before import = 0Number of asset objects unloaded after import = 0

========================================================================
Received Import Request.
  Time since last request: 0.000187 seconds.
  path: Packages/com.unity.collab-proxy/Editor/Views/Diff/DiffPanel.cs
  artifactKey: Guid(0ee79162e06c6984a97600b7c0680611) Importer(2089858483,b0f066a214c2f5e87bad3c948f4d605d)
Start importing Packages/com.unity.collab-proxy/Editor/Views/Diff/DiffPanel.cs using Guid(0ee79162e06c6984a97600b7c0680611) Importer(2089858483,b0f066a214c2f5e87bad3c948f4d605d) (ScriptedImporter) -> (artifact id: '6f6fa2406d87c4cea2ca43eee53c2517') in 0.0212012 seconds
Number of updated asset objects reloaded before import = 0Number of asset objects unloaded after import = 0

========================================================================
Received Import Request.
  Time since last request: 0.000229 seconds.
  path: Packages/com.unity.collab-proxy/Editor/CodeEditor/Rendering/ColumnRulerRenderer.cs
  artifactKey: Guid(554e39bf80fd4c02a8ae0d5c3f9283a5) Importer(2089858483,b0f066a214c2f5e87bad3c948f4d605d)
Start importing Packages/com.unity.collab-proxy/Editor/CodeEditor/Rendering/ColumnRulerRenderer.cs using Guid(554e39bf80fd4c02a8ae0d5c3f9283a5) Importer(2089858483,b0f066a214c2f5e87bad3c948f4d605d) (ScriptedImporter) -> (artifact id: '57e41ac96bae64d952de5eff669705ca') in 0.0177963 seconds
Number of updated asset objects reloaded before import = 0Number of asset objects unloaded after import = 0

========================================================================
Received Import Request.
  Time since last request: 0.000529 seconds.
  path: Packages/com.unity.collab-proxy/Editor/Hub/Operations/DownloadRepository.cs
  artifactKey: Guid(608efd4e185fb9440bb8550d98e20ca4) Importer(2089858483,b0f066a214c2f5e87bad3c948f4d605d)
Start importing Packages/com.unity.collab-proxy/Editor/Hub/Operations/DownloadRepository.cs using Guid(608efd4e185fb9440bb8550d98e20ca4) Importer(2089858483,b0f066a214c2f5e87bad3c948f4d605d) (ScriptedImporter) -> (artifact id: '705b4d8b8f64693a6acafd47183756f2') in 0.0218644 seconds
Number of updated asset objects reloaded before import = 0Number of asset objects unloaded after import = 0

========================================================================
Received Import Request.
  Time since last request: 0.000139 seconds.
  path: Packages/com.unity.collab-proxy/Editor/CodeEditor/Document/UndoStack.cs
  artifactKey: Guid(fdc8bc956a06142009aad60c2e917c9b) Importer(2089858483,b0f066a214c2f5e87bad3c948f4d605d)
Start importing Packages/com.unity.collab-proxy/Editor/CodeEditor/Document/UndoStack.cs using Guid(fdc8bc956a06142009aad60c2e917c9b) Importer(2089858483,b0f066a214c2f5e87bad3c948f4d605d) (ScriptedImporter) -> (artifact id: '837fa27a11073c0d55ed08da6e152fd6') in 0.0195386 seconds
Number of updated asset objects reloaded before import = 0Number of asset objects unloaded after import = 0

========================================================================
Received Import Request.
  Time since last request: 0.000967 seconds.
  path: Packages/com.unity.collab-proxy/Editor/CodeEditor/Rendering/VisualLineText.cs
  artifactKey: Guid(db01cc38c298426b83c5ddd52dca39a5) Importer(2089858483,b0f066a214c2f5e87bad3c948f4d605d)
Start importing Packages/com.unity.collab-proxy/Editor/CodeEditor/Rendering/VisualLineText.cs using Guid(db01cc38c298426b83c5ddd52dca39a5) Importer(2089858483,b0f066a214c2f5e87bad3c948f4d605d) (ScriptedImporter) -> (artifact id: '2a3b8f2cc14809e0d39028b81aebf7c9') in 0.020716 seconds
Number of updated asset objects reloaded before import = 0Number of asset objects unloaded after import = 0

========================================================================
Received Import Request.
  Time since last request: 0.000204 seconds.
  path: Packages/com.unity.collab-proxy/Editor/Views/Changesets/ChangesetsListHeaderState.cs
  artifactKey: Guid(7ff9581aa143f4d41b4e351881b8f459) Importer(2089858483,b0f066a214c2f5e87bad3c948f4d605d)
Start importing Packages/com.unity.collab-proxy/Editor/Views/Changesets/ChangesetsListHeaderState.cs using Guid(7ff9581aa143f4d41b4e351881b8f459) Importer(2089858483,b0f066a214c2f5e87bad3c948f4d605d) (ScriptedImporter) -> (artifact id: 'fff67f3e58f1056b37446529f3e20549') in 0.0212114 seconds
Number of updated asset objects reloaded before import = 0Number of asset objects unloaded after import = 0

========================================================================
Received Import Request.
  Time since last request: 0.000128 seconds.
  path: Packages/com.unity.collab-proxy/Editor/UI/Tree/ListViewItemIds.cs
  artifactKey: Guid(8497dad3a6163fe40a30ca297edd7b2d) Importer(2089858483,b0f066a214c2f5e87bad3c948f4d605d)
Start importing Packages/com.unity.collab-proxy/Editor/UI/Tree/ListViewItemIds.cs using Guid(8497dad3a6163fe40a30ca297edd7b2d) Importer(2089858483,b0f066a214c2f5e87bad3c948f4d605d) (ScriptedImporter) -> (artifact id: '0ee58cd0701e6373caee2870df1e413e') in 0.0175184 seconds
Number of updated asset objects reloaded before import = 0Number of asset objects unloaded after import = 0

========================================================================
Received Import Request.
  Time since last request: 0.000211 seconds.
  path: Packages/com.unity.collab-proxy/Editor/Views/Branch/BranchListViewItem.cs
  artifactKey: Guid(ebbbce5f7ed39ab45b6f43340727ba5e) Importer(2089858483,b0f066a214c2f5e87bad3c948f4d605d)
Start importing Packages/com.unity.collab-proxy/Editor/Views/Branch/BranchListViewItem.cs using Guid(ebbbce5f7ed39ab45b6f43340727ba5e) Importer(2089858483,b0f066a214c2f5e87bad3c948f4d605d) (ScriptedImporter) -> (artifact id: '563a207b3bb20ea432e2653384d94945') in 0.0192021 seconds
Number of updated asset objects reloaded before import = 0Number of asset objects unloaded after import = 0

========================================================================
Received Import Request.
  Time since last request: 0.000035 seconds.
  path: Packages/com.unity.collab-proxy/Editor/Hub/Operations/CreateWorkspace.cs
  artifactKey: Guid(de7c5b4b6cb58e546b24137064ac9025) Importer(2089858483,b0f066a214c2f5e87bad3c948f4d605d)
Start importing Packages/com.unity.collab-proxy/Editor/Hub/Operations/CreateWorkspace.cs using Guid(de7c5b4b6cb58e546b24137064ac9025) Importer(2089858483,b0f066a214c2f5e87bad3c948f4d605d) (ScriptedImporter) -> (artifact id: '348d81cc40d1926873498b0f5c17eaf9') in 0.0226585 seconds
Number of updated asset objects reloaded before import = 0Number of asset objects unloaded after import = 0

========================================================================
Received Import Request.
  Time since last request: 0.000221 seconds.
  path: Packages/com.unity.collab-proxy/Editor/UI/Errors/ErrorsDialog.cs
  artifactKey: Guid(e27c01b3192a4dcfbd46563a4acacd59) Importer(2089858483,b0f066a214c2f5e87bad3c948f4d605d)
Start importing Packages/com.unity.collab-proxy/Editor/UI/Errors/ErrorsDialog.cs using Guid(e27c01b3192a4dcfbd46563a4acacd59) Importer(2089858483,b0f066a214c2f5e87bad3c948f4d605d) (ScriptedImporter) -> (artifact id: '353ddd28e6b1e644bfeab9ce556051da') in 0.0188736 seconds
Number of updated asset objects reloaded before import = 0Number of asset objects unloaded after import = 0

========================================================================
Received Import Request.
  Time since last request: 0.000080 seconds.
  path: Packages/com.unity.collab-proxy/Editor/Views/Changesets/ChangesetListViewItem.cs
  artifactKey: Guid(6000865ce7fbfc643abdd3d085b4422e) Importer(2089858483,b0f066a214c2f5e87bad3c948f4d605d)
Start importing Packages/com.unity.collab-proxy/Editor/Views/Changesets/ChangesetListViewItem.cs using Guid(6000865ce7fbfc643abdd3d085b4422e) Importer(2089858483,b0f066a214c2f5e87bad3c948f4d605d) (ScriptedImporter) -> (artifact id: '71214b2b65dced03ed0102b335a013b0') in 0.0190873 seconds
Number of updated asset objects reloaded before import = 0Number of asset objects unloaded after import = 0

========================================================================
Received Import Request.
  Time since last request: 0.000177 seconds.
  path: Packages/com.unity.collab-proxy/Editor/CodeEditor/Rendering/SingleCharacterElementGenerator.cs
  artifactKey: Guid(e50698d1043640dc8ef26d6236f48f1b) Importer(2089858483,b0f066a214c2f5e87bad3c948f4d605d)
Start importing Packages/com.unity.collab-proxy/Editor/CodeEditor/Rendering/SingleCharacterElementGenerator.cs using Guid(e50698d1043640dc8ef26d6236f48f1b) Importer(2089858483,b0f066a214c2f5e87bad3c948f4d605d) (ScriptedImporter) -> (artifact id: 'eab10d8b0b2b6bfdaa2c97a0a3d1ac94') in 0.0189247 seconds
Number of updated asset objects reloaded before import = 0Number of asset objects unloaded after import = 0

========================================================================
Received Import Request.
  Time since last request: 0.000243 seconds.
  path: Packages/com.unity.collab-proxy/Editor/Views/BranchExplorer/BranchExplorerViewer.cs
  artifactKey: Guid(19cfdd73a6f34b2db2d31238e87e09c5) Importer(2089858483,b0f066a214c2f5e87bad3c948f4d605d)
Start importing Packages/com.unity.collab-proxy/Editor/Views/BranchExplorer/BranchExplorerViewer.cs using Guid(19cfdd73a6f34b2db2d31238e87e09c5) Importer(2089858483,b0f066a214c2f5e87bad3c948f4d605d) (ScriptedImporter) -> (artifact id: '6da4344cac12043341bbc2c3d077189a') in 0.0628303 seconds
Number of updated asset objects reloaded before import = 0Number of asset objects unloaded after import = 0

========================================================================
Received Import Request.
  Time since last request: 0.001053 seconds.
  path: Packages/com.unity.collab-proxy/Editor/CodeEditor/Rendering/TextView.cs
  artifactKey: Guid(98a412a8c1a2436db3a14378542ffe03) Importer(2089858483,b0f066a214c2f5e87bad3c948f4d605d)
Start importing Packages/com.unity.collab-proxy/Editor/CodeEditor/Rendering/TextView.cs using Guid(98a412a8c1a2436db3a14378542ffe03) Importer(2089858483,b0f066a214c2f5e87bad3c948f4d605d) (ScriptedImporter) -> (artifact id: 'a98a1f259545398c758a5527aeebe53e') in 0.0318695 seconds
Number of updated asset objects reloaded before import = 0Number of asset objects unloaded after import = 0

========================================================================
Received Import Request.
  Time since last request: 0.002093 seconds.
  path: Packages/com.unity.collab-proxy/Editor/Views/Changesets/GetChangesetsQuery.cs
  artifactKey: Guid(cdf0cc5418c9fc44eade3d7480d7429e) Importer(2089858483,b0f066a214c2f5e87bad3c948f4d605d)
Start importing Packages/com.unity.collab-proxy/Editor/Views/Changesets/GetChangesetsQuery.cs using Guid(cdf0cc5418c9fc44eade3d7480d7429e) Importer(2089858483,b0f066a214c2f5e87bad3c948f4d605d) (ScriptedImporter) -> (artifact id: '31918d96cc0a97aa32b16b1c0ee30043') in 0.018392 seconds
Number of updated asset objects reloaded before import = 0Number of asset objects unloaded after import = 0

========================================================================
Received Import Request.
  Time since last request: 0.000418 seconds.
  path: Packages/com.unity.collab-proxy/Editor/Views/Changesets/ChangesetsViewMenu.cs
  artifactKey: Guid(397f62458d0ad3441aaaa1a738bd4f94) Importer(2089858483,b0f066a214c2f5e87bad3c948f4d605d)
Start importing Packages/com.unity.collab-proxy/Editor/Views/Changesets/ChangesetsViewMenu.cs using Guid(397f62458d0ad3441aaaa1a738bd4f94) Importer(2089858483,b0f066a214c2f5e87bad3c948f4d605d) (ScriptedImporter) -> (artifact id: '7e4f74167dc6d57c7f81373a6add20e4') in 0.0245405 seconds
Number of updated asset objects reloaded before import = 0Number of asset objects unloaded after import = 0

========================================================================
Received Import Request.
  Time since last request: 0.000236 seconds.
  path: Packages/com.unity.collab-proxy/Editor/CodeEditor/Platform/KeyGesture.cs
  artifactKey: Guid(06d2ae5c2afa4cd5b639f474ecacbd5c) Importer(2089858483,b0f066a214c2f5e87bad3c948f4d605d)
Start importing Packages/com.unity.collab-proxy/Editor/CodeEditor/Platform/KeyGesture.cs using Guid(06d2ae5c2afa4cd5b639f474ecacbd5c) Importer(2089858483,b0f066a214c2f5e87bad3c948f4d605d) (ScriptedImporter) -> (artifact id: 'ee069bc9fe2486d086f2ab604c62fda6') in 0.0202862 seconds
Number of updated asset objects reloaded before import = 0Number of asset objects unloaded after import = 0

========================================================================
Received Import Request.
  Time since last request: 0.000113 seconds.
  path: Packages/com.unity.collab-proxy/Editor/CodeEditor/TextMate/TextMateColoringTransformer.cs
  artifactKey: Guid(edabbb8e32454a61b831d5b7deed1360) Importer(2089858483,b0f066a214c2f5e87bad3c948f4d605d)
Start importing Packages/com.unity.collab-proxy/Editor/CodeEditor/TextMate/TextMateColoringTransformer.cs using Guid(edabbb8e32454a61b831d5b7deed1360) Importer(2089858483,b0f066a214c2f5e87bad3c948f4d605d) (ScriptedImporter) -> (artifact id: '4eff4954db936d5ff09e57d12aa7e4a5') in 0.020419 seconds
Number of updated asset objects reloaded before import = 0Number of asset objects unloaded after import = 0

========================================================================
Received Import Request.
  Time since last request: 0.000195 seconds.
  path: Packages/com.unity.collab-proxy/Editor/Views/CreateWorkspace/CreateWorkspaceViewState.cs
  artifactKey: Guid(41633509da720014cbd77f755b378ce7) Importer(2089858483,b0f066a214c2f5e87bad3c948f4d605d)
Start importing Packages/com.unity.collab-proxy/Editor/Views/CreateWorkspace/CreateWorkspaceViewState.cs using Guid(41633509da720014cbd77f755b378ce7) Importer(2089858483,b0f066a214c2f5e87bad3c948f4d605d) (ScriptedImporter) -> (artifact id: '60bb87d761fe909283fa0c7ab42b92e0') in 0.01927 seconds
Number of updated asset objects reloaded before import = 0Number of asset objects unloaded after import = 0

========================================================================
Received Import Request.
  Time since last request: 0.000156 seconds.
  path: Packages/com.unity.collab-proxy/Editor/Developer/UpdateReport/UpdateReportDialog.cs
  artifactKey: Guid(3cc230fb0050a994480d907e02d3508b) Importer(2089858483,b0f066a214c2f5e87bad3c948f4d605d)
Start importing Packages/com.unity.collab-proxy/Editor/Developer/UpdateReport/UpdateReportDialog.cs using Guid(3cc230fb0050a994480d907e02d3508b) Importer(2089858483,b0f066a214c2f5e87bad3c948f4d605d) (ScriptedImporter) -> (artifact id: 'db3cd81300f52f900800ffac8c3b7692') in 0.0265834 seconds
Number of updated asset objects reloaded before import = 0Number of asset objects unloaded after import = 0

========================================================================
Received Import Request.
  Time since last request: 0.000256 seconds.
  path: Packages/com.unity.collab-proxy/Editor/UI/UndoRedo/UndoRedoHelper.cs
  artifactKey: Guid(962c713f307637f459a3eb76c8aba5f0) Importer(2089858483,b0f066a214c2f5e87bad3c948f4d605d)
Start importing Packages/com.unity.collab-proxy/Editor/UI/UndoRedo/UndoRedoHelper.cs using Guid(962c713f307637f459a3eb76c8aba5f0) Importer(2089858483,b0f066a214c2f5e87bad3c948f4d605d) (ScriptedImporter) -> (artifact id: 'f0a6847ed1fa86852ff4bc3691e322b7') in 0.0217912 seconds
Number of updated asset objects reloaded before import = 0Number of asset objects unloaded after import = 0

========================================================================
Received Import Request.
  Time since last request: 0.000266 seconds.
  path: Packages/com.unity.collab-proxy/Editor/UI/Progress/ProgressControlsForDialogs.cs
  artifactKey: Guid(aa3f399d17e1dcf4c9e417ffce5eb905) Importer(2089858483,b0f066a214c2f5e87bad3c948f4d605d)
Start importing Packages/com.unity.collab-proxy/Editor/UI/Progress/ProgressControlsForDialogs.cs using Guid(aa3f399d17e1dcf4c9e417ffce5eb905) Importer(2089858483,b0f066a214c2f5e87bad3c948f4d605d) (ScriptedImporter) -> (artifact id: 'efc698ff6d473b91c9ab47f179616129') in 0.0211736 seconds
Number of updated asset objects reloaded before import = 0Number of asset objects unloaded after import = 0

========================================================================
Received Import Request.
  Time since last request: 0.000207 seconds.
  path: Packages/com.unity.collab-proxy/Editor/Views/Filters/FiltersPanel.cs
  artifactKey: Guid(1ee8c894c1a3e644fb379a46b41222d7) Importer(2089858483,b0f066a214c2f5e87bad3c948f4d605d)
Start importing Packages/com.unity.collab-proxy/Editor/Views/Filters/FiltersPanel.cs using Guid(1ee8c894c1a3e644fb379a46b41222d7) Importer(2089858483,b0f066a214c2f5e87bad3c948f4d605d) (ScriptedImporter) -> (artifact id: '1c06f06950ff57a156cd6b0f50b2dbc7') in 0.0184887 seconds
Number of updated asset objects reloaded before import = 0Number of asset objects unloaded after import = 0

========================================================================
Received Import Request.
  Time since last request: 0.000206 seconds.
  path: Packages/com.unity.collab-proxy/Editor/CodeEditor/Platform/PlatformHotkeyConfiguration.cs
  artifactKey: Guid(0038f75bdeed4f27a4ff0d1a241932b6) Importer(2089858483,b0f066a214c2f5e87bad3c948f4d605d)
Start importing Packages/com.unity.collab-proxy/Editor/CodeEditor/Platform/PlatformHotkeyConfiguration.cs using Guid(0038f75bdeed4f27a4ff0d1a241932b6) Importer(2089858483,b0f066a214c2f5e87bad3c948f4d605d) (ScriptedImporter) -> (artifact id: '12fc5272e39dd7ed71fe1983d261cbc0') in 0.0196355 seconds
Number of updated asset objects reloaded before import = 0Number of asset objects unloaded after import = 0

========================================================================
Received Import Request.
  Time since last request: 0.000233 seconds.
  path: Packages/com.unity.collab-proxy/Editor/CodeEditor/Rendering/VisualLineElementGenerator.cs
  artifactKey: Guid(46c07c86cb754c3a9e8b5c018ec0b12b) Importer(2089858483,b0f066a214c2f5e87bad3c948f4d605d)
Start importing Packages/com.unity.collab-proxy/Editor/CodeEditor/Rendering/VisualLineElementGenerator.cs using Guid(46c07c86cb754c3a9e8b5c018ec0b12b) Importer(2089858483,b0f066a214c2f5e87bad3c948f4d605d) (ScriptedImporter) -> (artifact id: '5e19112e7eeee6611ef09fd6c9dde11e') in 0.027294 seconds
Number of updated asset objects reloaded before import = 0Number of asset objects unloaded after import = 0

========================================================================
Received Import Request.
  Time since last request: 0.000179 seconds.
  path: Packages/com.unity.collab-proxy/Editor/Views/Diff/ClientDiffTreeViewItem.cs
  artifactKey: Guid(3fdd86a000d1ef04094416eefed53087) Importer(2089858483,b0f066a214c2f5e87bad3c948f4d605d)
Start importing Packages/com.unity.collab-proxy/Editor/Views/Diff/ClientDiffTreeViewItem.cs using Guid(3fdd86a000d1ef04094416eefed53087) Importer(2089858483,b0f066a214c2f5e87bad3c948f4d605d) (ScriptedImporter) -> (artifact id: 'da927a2ba31e72c3389d533c669770f8') in 0.0198748 seconds
Number of updated asset objects reloaded before import = 0Number of asset objects unloaded after import = 0

========================================================================
Received Import Request.
  Time since last request: 0.000230 seconds.
  path: Packages/com.unity.collab-proxy/Editor/Views/BrowseRepository/BrowseRepositoryViewItem.cs
  artifactKey: Guid(10358899f0bd35840af31b6f9f5b4ac0) Importer(2089858483,b0f066a214c2f5e87bad3c948f4d605d)
Start importing Packages/com.unity.collab-proxy/Editor/Views/BrowseRepository/BrowseRepositoryViewItem.cs using Guid(10358899f0bd35840af31b6f9f5b4ac0) Importer(2089858483,b0f066a214c2f5e87bad3c948f4d605d) (ScriptedImporter) -> (artifact id: '2dd8922f178b4eb27ec464694e909c25') in 0.0247564 seconds
Number of updated asset objects reloaded before import = 0Number of asset objects unloaded after import = 0

========================================================================
Received Import Request.
  Time since last request: 0.000239 seconds.
  path: Packages/com.unity.collab-proxy/Editor/CodeEditor/Editing/AbstractMargin.cs
  artifactKey: Guid(a5b0cf5fb60d4f159d80936799b33e55) Importer(2089858483,b0f066a214c2f5e87bad3c948f4d605d)
Start importing Packages/com.unity.collab-proxy/Editor/CodeEditor/Editing/AbstractMargin.cs using Guid(a5b0cf5fb60d4f159d80936799b33e55) Importer(2089858483,b0f066a214c2f5e87bad3c948f4d605d) (ScriptedImporter) -> (artifact id: '028a34c456223cd3762411635f2219be') in 0.0202101 seconds
Number of updated asset objects reloaded before import = 0Number of asset objects unloaded after import = 0

========================================================================
Received Import Request.
  Time since last request: 0.000241 seconds.
  path: Packages/com.unity.collab-proxy/Editor/CodeEditor/Utils/ThrowUtils.cs
  artifactKey: Guid(ff7e226153604720b3e883e52ec9a606) Importer(2089858483,b0f066a214c2f5e87bad3c948f4d605d)
Start importing Packages/com.unity.collab-proxy/Editor/CodeEditor/Utils/ThrowUtils.cs using Guid(ff7e226153604720b3e883e52ec9a606) Importer(2089858483,b0f066a214c2f5e87bad3c948f4d605d) (ScriptedImporter) -> (artifact id: '132e7440294b7b387e55ff79eca13733') in 0.0184103 seconds
Number of updated asset objects reloaded before import = 0Number of asset objects unloaded after import = 0

========================================================================
Received Import Request.
  Time since last request: 0.000190 seconds.
  path: Packages/com.unity.collab-proxy/Editor/UI/Progress/ProgressControlsForViews.cs
  artifactKey: Guid(2837297e95f28c44eb67b93417fce9d0) Importer(2089858483,b0f066a214c2f5e87bad3c948f4d605d)
Start importing Packages/com.unity.collab-proxy/Editor/UI/Progress/ProgressControlsForViews.cs using Guid(2837297e95f28c44eb67b93417fce9d0) Importer(2089858483,b0f066a214c2f5e87bad3c948f4d605d) (ScriptedImporter) -> (artifact id: '7675801864630fd4645a8468c4a5ed4a') in 0.0218033 seconds
Number of updated asset objects reloaded before import = 0Number of asset objects unloaded after import = 0

========================================================================
Received Import Request.
  Time since last request: 0.000150 seconds.
  path: Packages/com.unity.collab-proxy/Editor/CodeEditor/Editing/LineNumberMargin.cs
  artifactKey: Guid(dac86db891f44e408597165f056cd0a4) Importer(2089858483,b0f066a214c2f5e87bad3c948f4d605d)
Start importing Packages/com.unity.collab-proxy/Editor/CodeEditor/Editing/LineNumberMargin.cs using Guid(dac86db891f44e408597165f056cd0a4) Importer(2089858483,b0f066a214c2f5e87bad3c948f4d605d) (ScriptedImporter) -> (artifact id: '2cd34d9df221670cfb49852c028e3212') in 0.0267719 seconds
Number of updated asset objects reloaded before import = 0Number of asset objects unloaded after import = 0

========================================================================
Received Import Request.
  Time since last request: 0.000217 seconds.
  path: Packages/com.unity.collab-proxy/Editor/CodeEditor/Rendering/BackgroundGeometryBuilder.cs
  artifactKey: Guid(fa79c7e1470e47549b088019b6adeb6b) Importer(2089858483,b0f066a214c2f5e87bad3c948f4d605d)
Start importing Packages/com.unity.collab-proxy/Editor/CodeEditor/Rendering/BackgroundGeometryBuilder.cs using Guid(fa79c7e1470e47549b088019b6adeb6b) Importer(2089858483,b0f066a214c2f5e87bad3c948f4d605d) (ScriptedImporter) -> (artifact id: 'e43301d99732c544fd3dab72dba18fa5') in 0.0254828 seconds
Number of updated asset objects reloaded before import = 0Number of asset objects unloaded after import = 0

========================================================================
Received Import Request.
  Time since last request: 1.414008 seconds.
  path: Packages/com.unity.collab-proxy/Editor/Views/History/HistoryListViewMenu.cs
  artifactKey: Guid(c3cec769cd6ff2849aa09c811b62e611) Importer(2089858483,b0f066a214c2f5e87bad3c948f4d605d)
Start importing Packages/com.unity.collab-proxy/Editor/Views/History/HistoryListViewMenu.cs using Guid(c3cec769cd6ff2849aa09c811b62e611) Importer(2089858483,b0f066a214c2f5e87bad3c948f4d605d) (ScriptedImporter) -> (artifact id: '7fa8de8bf90c3752ff9347cff42e0c16') in 0.0156307 seconds
Number of updated asset objects reloaded before import = 0Number of asset objects unloaded after import = 0

========================================================================
Received Import Request.
  Time since last request: 0.000109 seconds.
  path: Packages/com.unity.collab-proxy/Editor/Inspector/Properties/Changeset/ChangesetPropertiesPanel.cs
  artifactKey: Guid(87e7b84ff9884881b9aceb446cee6ee5) Importer(2089858483,b0f066a214c2f5e87bad3c948f4d605d)
Start importing Packages/com.unity.collab-proxy/Editor/Inspector/Properties/Changeset/ChangesetPropertiesPanel.cs using Guid(87e7b84ff9884881b9aceb446cee6ee5) Importer(2089858483,b0f066a214c2f5e87bad3c948f4d605d) (ScriptedImporter) -> (artifact id: 'dc080286f733d1485e6356edc9fa10b8') in 0.0170745 seconds
Number of updated asset objects reloaded before import = 0Number of asset objects unloaded after import = 0

========================================================================
Received Import Request.
  Time since last request: 0.000128 seconds.
  path: Packages/com.unity.collab-proxy/Lib/Editor/Localization/xdiff.zh-Hans.txt
  artifactKey: Guid(7718cfa859bb1491cbbd81d7f13667f2) Importer(2089858483,b0f066a214c2f5e87bad3c948f4d605d)
Start importing Packages/com.unity.collab-proxy/Lib/Editor/Localization/xdiff.zh-Hans.txt using Guid(7718cfa859bb1491cbbd81d7f13667f2) Importer(2089858483,b0f066a214c2f5e87bad3c948f4d605d) (ScriptedImporter) -> (artifact id: 'f3e989bb9397ab157be12444dec8e508') in 0.0191722 seconds
Number of updated asset objects reloaded before import = 0Number of asset objects unloaded after import = 1

========================================================================
Received Import Request.
  Time since last request: 0.000204 seconds.
  path: Packages/com.unity.collab-proxy/Editor/Views/PendingChanges/PendingChangesViewMenu.cs
  artifactKey: Guid(5ae4d88034c6d7b42a84b0a53bb700d4) Importer(2089858483,b0f066a214c2f5e87bad3c948f4d605d)
Start importing Packages/com.unity.collab-proxy/Editor/Views/PendingChanges/PendingChangesViewMenu.cs using Guid(5ae4d88034c6d7b42a84b0a53bb700d4) Importer(2089858483,b0f066a214c2f5e87bad3c948f4d605d) (ScriptedImporter) -> (artifact id: '6aff14ff664b253a3171741f04684386') in 0.0199044 seconds
Number of updated asset objects reloaded before import = 0Number of asset objects unloaded after import = 0

========================================================================
Received Import Request.
  Time since last request: 0.000157 seconds.
  path: Packages/com.unity.collab-proxy/Editor/UI/UnityInternals/UnityEditor/Menu.cs
  artifactKey: Guid(25c3ae07f84c4ba3954e07becf193460) Importer(2089858483,b0f066a214c2f5e87bad3c948f4d605d)
Start importing Packages/com.unity.collab-proxy/Editor/UI/UnityInternals/UnityEditor/Menu.cs using Guid(25c3ae07f84c4ba3954e07becf193460) Importer(2089858483,b0f066a214c2f5e87bad3c948f4d605d) (ScriptedImporter) -> (artifact id: 'baef0893073ef58264155be598d84b27') in 0.0239101 seconds
Number of updated asset objects reloaded before import = 0Number of asset objects unloaded after import = 0

========================================================================
Received Import Request.
  Time since last request: 0.000173 seconds.
  path: Packages/com.unity.collab-proxy/Lib/Editor/Localization/common.en.txt
  artifactKey: Guid(29abf003bc40e4f079730eb88d538d98) Importer(2089858483,b0f066a214c2f5e87bad3c948f4d605d)
Start importing Packages/com.unity.collab-proxy/Lib/Editor/Localization/common.en.txt using Guid(29abf003bc40e4f079730eb88d538d98) Importer(2089858483,b0f066a214c2f5e87bad3c948f4d605d) (ScriptedImporter) -> (artifact id: 'db7b4e4067cb7196077e9a4912dc0f4e') in 0.0178689 seconds
Number of updated asset objects reloaded before import = 0Number of asset objects unloaded after import = 1

========================================================================
Received Import Request.
  Time since last request: 0.000163 seconds.
  path: Packages/com.unity.collab-proxy/Editor/UVCSToolbar/PopupWindow/BranchesList/BranchesListModel.cs
  artifactKey: Guid(6c114cb79a4a4da99813e9526b36080f) Importer(2089858483,b0f066a214c2f5e87bad3c948f4d605d)
Start importing Packages/com.unity.collab-proxy/Editor/UVCSToolbar/PopupWindow/BranchesList/BranchesListModel.cs using Guid(6c114cb79a4a4da99813e9526b36080f) Importer(2089858483,b0f066a214c2f5e87bad3c948f4d605d) (ScriptedImporter) -> (artifact id: '9dead4142bd21bb0a6abc2d30409da23') in 0.0174062 seconds
Number of updated asset objects reloaded before import = 0Number of asset objects unloaded after import = 0

========================================================================
Received Import Request.
  Time since last request: 0.000220 seconds.
  path: Packages/com.unity.collab-proxy/Editor/_Deprecated/WebApi/OrganizationCredentials.cs
  artifactKey: Guid(2e38b4690fec967478ecffad444155e6) Importer(2089858483,b0f066a214c2f5e87bad3c948f4d605d)
Start importing Packages/com.unity.collab-proxy/Editor/_Deprecated/WebApi/OrganizationCredentials.cs using Guid(2e38b4690fec967478ecffad444155e6) Importer(2089858483,b0f066a214c2f5e87bad3c948f4d605d) (ScriptedImporter) -> (artifact id: 'bd08546094025209f7c6d6c3dd87f45a') in 0.024687 seconds
Number of updated asset objects reloaded before import = 0Number of asset objects unloaded after import = 0

========================================================================
Received Import Request.
  Time since last request: 0.000443 seconds.
  path: Packages/com.unity.collab-proxy/Editor/Views/Locks/LocksTab.cs
  artifactKey: Guid(2f536f0e9a974d75b293f6aee8e2cdf2) Importer(2089858483,b0f066a214c2f5e87bad3c948f4d605d)
Start importing Packages/com.unity.collab-proxy/Editor/Views/Locks/LocksTab.cs using Guid(2f536f0e9a974d75b293f6aee8e2cdf2) Importer(2089858483,b0f066a214c2f5e87bad3c948f4d605d) (ScriptedImporter) -> (artifact id: '569123639f728a7c0f052e1a1041e237') in 0.0207634 seconds
Number of updated asset objects reloaded before import = 0Number of asset objects unloaded after import = 0

========================================================================
Received Import Request.
  Time since last request: 0.000042 seconds.
  path: Packages/com.unity.collab-proxy/Editor/Views/Locks/DrawLocksListViewItem.cs
  artifactKey: Guid(1a7e0200b2cf489bbe62e1410a7ed2e4) Importer(2089858483,b0f066a214c2f5e87bad3c948f4d605d)
Start importing Packages/com.unity.collab-proxy/Editor/Views/Locks/DrawLocksListViewItem.cs using Guid(1a7e0200b2cf489bbe62e1410a7ed2e4) Importer(2089858483,b0f066a214c2f5e87bad3c948f4d605d) (ScriptedImporter) -> (artifact id: '8361230051b7669301c6493a75964f80') in 0.0212053 seconds
Number of updated asset objects reloaded before import = 0Number of asset objects unloaded after import = 0

========================================================================
Received Import Request.
  Time since last request: 0.000224 seconds.
  path: Packages/com.unity.collab-proxy/Editor/CloudDrive/Workspaces/DirectoryContent/ItemsGridView.cs
  artifactKey: Guid(f14e29936e8d4feb9bb398b7cbb8fd5a) Importer(2089858483,b0f066a214c2f5e87bad3c948f4d605d)
Start importing Packages/com.unity.collab-proxy/Editor/CloudDrive/Workspaces/DirectoryContent/ItemsGridView.cs using Guid(f14e29936e8d4feb9bb398b7cbb8fd5a) Importer(2089858483,b0f066a214c2f5e87bad3c948f4d605d) (ScriptedImporter) -> (artifact id: '8a1927b9638df596643cd75f86245949') in 0.0199819 seconds
Number of updated asset objects reloaded before import = 0Number of asset objects unloaded after import = 0

========================================================================
Received Import Request.
  Time since last request: 0.000135 seconds.
  path: Packages/com.unity.collab-proxy/Lib/Editor/Localization/cm.en.txt
  artifactKey: Guid(ab6257926b76242c39331cb6c7e0d180) Importer(2089858483,b0f066a214c2f5e87bad3c948f4d605d)
Start importing Packages/com.unity.collab-proxy/Lib/Editor/Localization/cm.en.txt using Guid(ab6257926b76242c39331cb6c7e0d180) Importer(2089858483,b0f066a214c2f5e87bad3c948f4d605d) (ScriptedImporter) -> (artifact id: '08c0d5430e365882d9a8ae2f6c686424') in 0.0169068 seconds
Number of updated asset objects reloaded before import = 0Number of asset objects unloaded after import = 1

========================================================================
Received Import Request.
  Time since last request: 0.000209 seconds.
  path: Packages/com.unity.collab-proxy/Editor/Views/BranchExplorer/Menu/BranchExplorerViewLabelMenuOperations.cs
  artifactKey: Guid(11b2026af4f74d51a4ac170e12c3b888) Importer(2089858483,b0f066a214c2f5e87bad3c948f4d605d)
Start importing Packages/com.unity.collab-proxy/Editor/Views/BranchExplorer/Menu/BranchExplorerViewLabelMenuOperations.cs using Guid(11b2026af4f74d51a4ac170e12c3b888) Importer(2089858483,b0f066a214c2f5e87bad3c948f4d605d) (ScriptedImporter) -> (artifact id: '84c5c8c516ee9041257feae742642009') in 0.0248462 seconds
Number of updated asset objects reloaded before import = 0Number of asset objects unloaded after import = 0

========================================================================
Received Import Request.
  Time since last request: 0.000147 seconds.
  path: Packages/com.unity.collab-proxy/Editor/Views/Labels/LabelsTab.cs
  artifactKey: Guid(4b03b609705fa2945b8de9fb63a8ca68) Importer(2089858483,b0f066a214c2f5e87bad3c948f4d605d)
Start importing Packages/com.unity.collab-proxy/Editor/Views/Labels/LabelsTab.cs using Guid(4b03b609705fa2945b8de9fb63a8ca68) Importer(2089858483,b0f066a214c2f5e87bad3c948f4d605d) (ScriptedImporter) -> (artifact id: '8ca749e01708d1b6175009fae3e205dc') in 0.0220613 seconds
Number of updated asset objects reloaded before import = 0Number of asset objects unloaded after import = 0

========================================================================
Received Import Request.
  Time since last request: 0.000223 seconds.
  path: Packages/com.unity.collab-proxy/Editor/CloudDrive/Workspaces/DirectoryContent/DirectoryContentPanelMenu.cs
  artifactKey: Guid(091f2d65ecc2b10409b1f65c29e2b2a4) Importer(2089858483,b0f066a214c2f5e87bad3c948f4d605d)
Start importing Packages/com.unity.collab-proxy/Editor/CloudDrive/Workspaces/DirectoryContent/DirectoryContentPanelMenu.cs using Guid(091f2d65ecc2b10409b1f65c29e2b2a4) Importer(2089858483,b0f066a214c2f5e87bad3c948f4d605d) (ScriptedImporter) -> (artifact id: '29f5432f934a8150b046019a2fe89816') in 0.0182368 seconds
Number of updated asset objects reloaded before import = 0Number of asset objects unloaded after import = 0

========================================================================
Received Import Request.
  Time since last request: 0.000196 seconds.
  path: Packages/com.unity.collab-proxy/Editor/Configuration/CloudEdition/Welcome/CloudEditionWelcomeWindow.cs
  artifactKey: Guid(0ad54f9e1bb701142b116d0d1ed98437) Importer(2089858483,b0f066a214c2f5e87bad3c948f4d605d)
Start importing Packages/com.unity.collab-proxy/Editor/Configuration/CloudEdition/Welcome/CloudEditionWelcomeWindow.cs using Guid(0ad54f9e1bb701142b116d0d1ed98437) Importer(2089858483,b0f066a214c2f5e87bad3c948f4d605d) (ScriptedImporter) -> (artifact id: '6031bfe19204444f0759e69c945fe8c1') in 0.0200413 seconds
Number of updated asset objects reloaded before import = 0Number of asset objects unloaded after import = 0

========================================================================
Received Import Request.
  Time since last request: 0.000177 seconds.
  path: Packages/com.unity.collab-proxy/Editor/UVCSToolbar/PopupWindow/BranchesList/NoBranchesEmptyState.cs
  artifactKey: Guid(f4e5325f424d436485dacca7a8d05f0c) Importer(2089858483,b0f066a214c2f5e87bad3c948f4d605d)
Start importing Packages/com.unity.collab-proxy/Editor/UVCSToolbar/PopupWindow/BranchesList/NoBranchesEmptyState.cs using Guid(f4e5325f424d436485dacca7a8d05f0c) Importer(2089858483,b0f066a214c2f5e87bad3c948f4d605d) (ScriptedImporter) -> (artifact id: '9244eb246f79e719539d0664c11cb0f2') in 0.0228324 seconds
Number of updated asset objects reloaded before import = 0Number of asset objects unloaded after import = 0

========================================================================
Received Import Request.
  Time since last request: 0.000229 seconds.
  path: Packages/com.unity.collab-proxy/Lib/Editor/Localization/cm-help.zh-Hans.txt
  artifactKey: Guid(0038217eeabd444c4a0ec1cbc366a840) Importer(2089858483,b0f066a214c2f5e87bad3c948f4d605d)
Start importing Packages/com.unity.collab-proxy/Lib/Editor/Localization/cm-help.zh-Hans.txt using Guid(0038217eeabd444c4a0ec1cbc366a840) Importer(2089858483,b0f066a214c2f5e87bad3c948f4d605d) (ScriptedImporter) -> (artifact id: 'b2b8041f34de8ca559fb80d77120ef08') in 0.0208897 seconds
Number of updated asset objects reloaded before import = 0Number of asset objects unloaded after import = 1

========================================================================
Received Import Request.
  Time since last request: 0.000183 seconds.
  path: Packages/com.unity.collab-proxy/Editor/UI/UnityInternals/UnityEditor/SplitterGUILayout.cs
  artifactKey: Guid(cb7cc48c799b4b86937fe77898c0c8c4) Importer(2089858483,b0f066a214c2f5e87bad3c948f4d605d)
Start importing Packages/com.unity.collab-proxy/Editor/UI/UnityInternals/UnityEditor/SplitterGUILayout.cs using Guid(cb7cc48c799b4b86937fe77898c0c8c4) Importer(2089858483,b0f066a214c2f5e87bad3c948f4d605d) (ScriptedImporter) -> (artifact id: '3cef541f04806e8cd8edca1da029c424') in 0.0182521 seconds
Number of updated asset objects reloaded before import = 0Number of asset objects unloaded after import = 0

========================================================================
Received Import Request.
  Time since last request: 0.000264 seconds.
  path: Packages/com.unity.collab-proxy/Lib/Editor/Localization/basecommands.ja.txt
  artifactKey: Guid(dea6636e50e054b768afb8ed2857c2e5) Importer(2089858483,b0f066a214c2f5e87bad3c948f4d605d)
Start importing Packages/com.unity.collab-proxy/Lib/Editor/Localization/basecommands.ja.txt using Guid(dea6636e50e054b768afb8ed2857c2e5) Importer(2089858483,b0f066a214c2f5e87bad3c948f4d605d) (ScriptedImporter) -> (artifact id: 'ecaa2ef41a65a79a52182f6eb0d1e24c') in 0.020638 seconds
Number of updated asset objects reloaded before import = 0Number of asset objects unloaded after import = 1

========================================================================
Received Import Request.
  Time since last request: 0.000183 seconds.
  path: Packages/com.unity.collab-proxy/Editor/Views/Shelves/ShelveListViewItem.cs
  artifactKey: Guid(bcc8e3fcf0e9fb0478604e86fa679bcd) Importer(2089858483,b0f066a214c2f5e87bad3c948f4d605d)
Start importing Packages/com.unity.collab-proxy/Editor/Views/Shelves/ShelveListViewItem.cs using Guid(bcc8e3fcf0e9fb0478604e86fa679bcd) Importer(2089858483,b0f066a214c2f5e87bad3c948f4d605d) (ScriptedImporter) -> (artifact id: '3ce094c4d48b5c379a61fcffedbbea69') in 0.0269301 seconds
Number of updated asset objects reloaded before import = 0Number of asset objects unloaded after import = 0

========================================================================
Received Import Request.
  Time since last request: 0.000165 seconds.
  path: Packages/com.unity.collab-proxy/Editor/Views/BranchExplorer/Game/BranchRunnerGame.cs
  artifactKey: Guid(5ea6fbde01fc74fd9aef36edf64214a7) Importer(2089858483,b0f066a214c2f5e87bad3c948f4d605d)
Start importing Packages/com.unity.collab-proxy/Editor/Views/BranchExplorer/Game/BranchRunnerGame.cs using Guid(5ea6fbde01fc74fd9aef36edf64214a7) Importer(2089858483,b0f066a214c2f5e87bad3c948f4d605d) (ScriptedImporter) -> (artifact id: '23231b57ebca65ece224d4114df5c8df') in 0.0207306 seconds
Number of updated asset objects reloaded before import = 0Number of asset objects unloaded after import = 0

========================================================================
Received Import Request.
  Time since last request: 0.000200 seconds.
  path: Packages/com.unity.collab-proxy/Lib/Editor/Localization/commontypes.zh-Hans.txt
  artifactKey: Guid(45c3c447520834202a1214fd8fb24f1c) Importer(2089858483,b0f066a214c2f5e87bad3c948f4d605d)
Start importing Packages/com.unity.collab-proxy/Lib/Editor/Localization/commontypes.zh-Hans.txt using Guid(45c3c447520834202a1214fd8fb24f1c) Importer(2089858483,b0f066a214c2f5e87bad3c948f4d605d) (ScriptedImporter) -> (artifact id: 'd10dc8f9e7e74450c623752031d5bdda') in 0.0224521 seconds
Number of updated asset objects reloaded before import = 0Number of asset objects unloaded after import = 1

========================================================================
Received Import Request.
  Time since last request: 0.000197 seconds.
  path: Packages/com.unity.collab-proxy/Lib/Editor/Localization/basecommands.zh-Hant.txt
  artifactKey: Guid(a5e3865464ad84fca9a66428aea44d33) Importer(2089858483,b0f066a214c2f5e87bad3c948f4d605d)
Start importing Packages/com.unity.collab-proxy/Lib/Editor/Localization/basecommands.zh-Hant.txt using Guid(a5e3865464ad84fca9a66428aea44d33) Importer(2089858483,b0f066a214c2f5e87bad3c948f4d605d) (ScriptedImporter) -> (artifact id: '4076ee7191a8743d6fa0921a4891d474') in 0.0199215 seconds
Number of updated asset objects reloaded before import = 0Number of asset objects unloaded after import = 1

========================================================================
Received Import Request.
  Time since last request: 0.000187 seconds.
  path: Packages/com.unity.collab-proxy/Editor/Views/Merge/DrawMergeOverview.cs
  artifactKey: Guid(f8686930677b1f44d9ad7deab4888955) Importer(2089858483,b0f066a214c2f5e87bad3c948f4d605d)
Start importing Packages/com.unity.collab-proxy/Editor/Views/Merge/DrawMergeOverview.cs using Guid(f8686930677b1f44d9ad7deab4888955) Importer(2089858483,b0f066a214c2f5e87bad3c948f4d605d) (ScriptedImporter) -> (artifact id: 'd0c34baa8aa3b6e1c61957f258830139') in 0.0211226 seconds
Number of updated asset objects reloaded before import = 0Number of asset objects unloaded after import = 0

========================================================================
Received Import Request.
  Time since last request: 0.000228 seconds.
  path: Packages/com.unity.collab-proxy/Editor/_Deprecated/UI/CooldownWindowDelayer.cs
  artifactKey: Guid(f97de48c25074cb98c450adbdebf0dbb) Importer(2089858483,b0f066a214c2f5e87bad3c948f4d605d)
Start importing Packages/com.unity.collab-proxy/Editor/_Deprecated/UI/CooldownWindowDelayer.cs using Guid(f97de48c25074cb98c450adbdebf0dbb) Importer(2089858483,b0f066a214c2f5e87bad3c948f4d605d) (ScriptedImporter) -> (artifact id: '4ca091fbbaf42023a8f20cffc96cab0d') in 0.0173346 seconds
Number of updated asset objects reloaded before import = 0Number of asset objects unloaded after import = 0

========================================================================
Received Import Request.
  Time since last request: 0.000658 seconds.
  path: Packages/com.unity.collab-proxy/Editor/Views/PendingChanges/ChangeTreeViewItem.cs
  artifactKey: Guid(a9e847d045a7744b08c7a37912965cdc) Importer(2089858483,b0f066a214c2f5e87bad3c948f4d605d)
Start importing Packages/com.unity.collab-proxy/Editor/Views/PendingChanges/ChangeTreeViewItem.cs using Guid(a9e847d045a7744b08c7a37912965cdc) Importer(2089858483,b0f066a214c2f5e87bad3c948f4d605d) (ScriptedImporter) -> (artifact id: '5eff501ce41dcc4dd90115658ebeb1f2') in 0.0200772 seconds
Number of updated asset objects reloaded before import = 0Number of asset objects unloaded after import = 0

========================================================================
Received Import Request.
  Time since last request: 0.000198 seconds.
  path: Packages/com.unity.collab-proxy/Editor/CloudDrive/Workspaces/DirectoryContent/ProcessDragEvent.cs
  artifactKey: Guid(906bc1afa6344104953c1f8f08e54b11) Importer(2089858483,b0f066a214c2f5e87bad3c948f4d605d)
Start importing Packages/com.unity.collab-proxy/Editor/CloudDrive/Workspaces/DirectoryContent/ProcessDragEvent.cs using Guid(906bc1afa6344104953c1f8f08e54b11) Importer(2089858483,b0f066a214c2f5e87bad3c948f4d605d) (ScriptedImporter) -> (artifact id: '8e3b6bc51e7924cad0692f58385342e7') in 0.0187514 seconds
Number of updated asset objects reloaded before import = 0Number of asset objects unloaded after import = 0

========================================================================
Received Import Request.
  Time since last request: 0.000179 seconds.
  path: Packages/com.unity.collab-proxy/Lib/Editor/Localization/configurehelper.en.txt
  artifactKey: Guid(f8fabb85242ab4dc4916dd3486ebfed7) Importer(2089858483,b0f066a214c2f5e87bad3c948f4d605d)
Start importing Packages/com.unity.collab-proxy/Lib/Editor/Localization/configurehelper.en.txt using Guid(f8fabb85242ab4dc4916dd3486ebfed7) Importer(2089858483,b0f066a214c2f5e87bad3c948f4d605d) (ScriptedImporter) -> (artifact id: '1acaecb7f5b7a1bf0680d8e9590bf130') in 0.0194244 seconds
Number of updated asset objects reloaded before import = 0Number of asset objects unloaded after import = 1

========================================================================
Received Import Request.
  Time since last request: 0.000140 seconds.
  path: Packages/com.unity.collab-proxy/Lib/Editor/Localization/cm-help.en.txt
  artifactKey: Guid(63b4d85ff9a8149b0b6e6ac494e06c70) Importer(2089858483,b0f066a214c2f5e87bad3c948f4d605d)
Start importing Packages/com.unity.collab-proxy/Lib/Editor/Localization/cm-help.en.txt using Guid(63b4d85ff9a8149b0b6e6ac494e06c70) Importer(2089858483,b0f066a214c2f5e87bad3c948f4d605d) (ScriptedImporter) -> (artifact id: 'e0b24d21916e3b4bfdabc8009cb3b0b8') in 0.0186679 seconds
Number of updated asset objects reloaded before import = 0Number of asset objects unloaded after import = 1

========================================================================
Received Import Request.
  Time since last request: 0.000167 seconds.
  path: Packages/com.unity.collab-proxy/Editor/Views/PendingChanges/CreatedChangesetData.cs
  artifactKey: Guid(bec9a691c125414fb6dc237fe5dbdfaa) Importer(2089858483,b0f066a214c2f5e87bad3c948f4d605d)
Start importing Packages/com.unity.collab-proxy/Editor/Views/PendingChanges/CreatedChangesetData.cs using Guid(bec9a691c125414fb6dc237fe5dbdfaa) Importer(2089858483,b0f066a214c2f5e87bad3c948f4d605d) (ScriptedImporter) -> (artifact id: '193833937ccb637b8894d8fa2aa65e1e') in 0.0170151 seconds
Number of updated asset objects reloaded before import = 0Number of asset objects unloaded after import = 0

========================================================================
Received Import Request.
  Time since last request: 0.000196 seconds.
  path: Packages/com.unity.collab-proxy/Editor/CloudDrive/Workspaces/Tree/CloudWorkspacesTreeViewItem.cs
  artifactKey: Guid(7deb947d51d34c76aa03ec6d3a07a4ec) Importer(2089858483,b0f066a214c2f5e87bad3c948f4d605d)
Start importing Packages/com.unity.collab-proxy/Editor/CloudDrive/Workspaces/Tree/CloudWorkspacesTreeViewItem.cs using Guid(7deb947d51d34c76aa03ec6d3a07a4ec) Importer(2089858483,b0f066a214c2f5e87bad3c948f4d605d) (ScriptedImporter) -> (artifact id: '2da1820d1f43d8d5ef199a6af3dd29a0') in 0.0188352 seconds
Number of updated asset objects reloaded before import = 0Number of asset objects unloaded after import = 0

========================================================================
Received Import Request.
  Time since last request: 0.000263 seconds.
  path: Packages/com.unity.collab-proxy/Editor/Views/Branch/Dialogs/RenameBranchDialog.cs
  artifactKey: Guid(1de62e30afcba544e8e8da4b93a4fa39) Importer(2089858483,b0f066a214c2f5e87bad3c948f4d605d)
Start importing Packages/com.unity.collab-proxy/Editor/Views/Branch/Dialogs/RenameBranchDialog.cs using Guid(1de62e30afcba544e8e8da4b93a4fa39) Importer(2089858483,b0f066a214c2f5e87bad3c948f4d605d) (ScriptedImporter) -> (artifact id: '7fcae9f51dd74502d75a2abdb205cf51') in 0.0216276 seconds
Number of updated asset objects reloaded before import = 0Number of asset objects unloaded after import = 0

========================================================================
Received Import Request.
  Time since last request: 0.000198 seconds.
  path: Packages/com.unity.collab-proxy/Editor/Views/Labels/LabelsTab_Operations.cs
  artifactKey: Guid(31a95d07803cf9f48a127ae0fc3e5369) Importer(2089858483,b0f066a214c2f5e87bad3c948f4d605d)
Start importing Packages/com.unity.collab-proxy/Editor/Views/Labels/LabelsTab_Operations.cs using Guid(31a95d07803cf9f48a127ae0fc3e5369) Importer(2089858483,b0f066a214c2f5e87bad3c948f4d605d) (ScriptedImporter) -> (artifact id: '8d03c30c5a6d8fd2fc2c9aef1575902c') in 0.0214364 seconds
Number of updated asset objects reloaded before import = 0Number of asset objects unloaded after import = 0

========================================================================
Received Import Request.
  Time since last request: 0.000427 seconds.
  path: Packages/com.unity.collab-proxy/Lib/Editor/Localization/mergetool.zh-Hans.txt
  artifactKey: Guid(75a5697d1de324cf3879dec50dda847c) Importer(2089858483,b0f066a214c2f5e87bad3c948f4d605d)
Start importing Packages/com.unity.collab-proxy/Lib/Editor/Localization/mergetool.zh-Hans.txt using Guid(75a5697d1de324cf3879dec50dda847c) Importer(2089858483,b0f066a214c2f5e87bad3c948f4d605d) (ScriptedImporter) -> (artifact id: '25d1e86b2cc289fb44289b9b2b3d03a9') in 0.0211689 seconds
Number of updated asset objects reloaded before import = 0Number of asset objects unloaded after import = 1

========================================================================
Received Import Request.
  Time since last request: 0.000032 seconds.
  path: Packages/com.unity.collab-proxy/Lib/Editor/Localization/images.zh-Hans.txt
  artifactKey: Guid(46969e2907e104a649761ed2ce5c9acd) Importer(2089858483,b0f066a214c2f5e87bad3c948f4d605d)
Start importing Packages/com.unity.collab-proxy/Lib/Editor/Localization/images.zh-Hans.txt using Guid(46969e2907e104a649761ed2ce5c9acd) Importer(2089858483,b0f066a214c2f5e87bad3c948f4d605d) (ScriptedImporter) -> (artifact id: '19018099398bbf211bf3a97c4fa259c2') in 0.0198485 seconds
Number of updated asset objects reloaded before import = 0Number of asset objects unloaded after import = 1

========================================================================
Received Import Request.
  Time since last request: 0.000132 seconds.
  path: Packages/com.unity.collab-proxy/Editor/Configuration/CloudEdition/Welcome/SignInWithEmailPanel.cs
  artifactKey: Guid(85f4628ae66f0eb439e59db66adbc696) Importer(2089858483,b0f066a214c2f5e87bad3c948f4d605d)
Start importing Packages/com.unity.collab-proxy/Editor/Configuration/CloudEdition/Welcome/SignInWithEmailPanel.cs using Guid(85f4628ae66f0eb439e59db66adbc696) Importer(2089858483,b0f066a214c2f5e87bad3c948f4d605d) (ScriptedImporter) -> (artifact id: 'ecb24f774e9e36e26abba7c4151dd164') in 0.0338024 seconds
Number of updated asset objects reloaded before import = 0Number of asset objects unloaded after import = 0

========================================================================
Received Import Request.
  Time since last request: 0.000167 seconds.
  path: Packages/com.unity.collab-proxy/Editor/Views/PendingChanges/PendingChangesViewPendingChangeMenu.cs
  artifactKey: Guid(0092dcc3ac595ea43981eedc23012f72) Importer(2089858483,b0f066a214c2f5e87bad3c948f4d605d)
Start importing Packages/com.unity.collab-proxy/Editor/Views/PendingChanges/PendingChangesViewPendingChangeMenu.cs using Guid(0092dcc3ac595ea43981eedc23012f72) Importer(2089858483,b0f066a214c2f5e87bad3c948f4d605d) (ScriptedImporter) -> (artifact id: 'b82fbd807e733b3ceff82c5cae11d0c3') in 0.0179326 seconds
Number of updated asset objects reloaded before import = 0Number of asset objects unloaded after import = 0

========================================================================
Received Import Request.
  Time since last request: 0.000216 seconds.
  path: Packages/com.unity.collab-proxy/Lib/Editor/Localization/semantic.ja.txt
  artifactKey: Guid(f0b7b5a372cfb44338daa1754f8285f8) Importer(2089858483,b0f066a214c2f5e87bad3c948f4d605d)
Start importing Packages/com.unity.collab-proxy/Lib/Editor/Localization/semantic.ja.txt using Guid(f0b7b5a372cfb44338daa1754f8285f8) Importer(2089858483,b0f066a214c2f5e87bad3c948f4d605d) (ScriptedImporter) -> (artifact id: '9da4c617d43ff9a2f1c0e50c6f6b65dd') in 0.0470791 seconds
Number of updated asset objects reloaded before import = 0Number of asset objects unloaded after import = 1

========================================================================
Received Import Request.
  Time since last request: 0.001722 seconds.
  path: Packages/com.unity.collab-proxy/Lib/Editor/Localization/commontypes.es.txt
  artifactKey: Guid(80e155117764449b7a8a890d28cfd8c2) Importer(2089858483,b0f066a214c2f5e87bad3c948f4d605d)
Start importing Packages/com.unity.collab-proxy/Lib/Editor/Localization/commontypes.es.txt using Guid(80e155117764449b7a8a890d28cfd8c2) Importer(2089858483,b0f066a214c2f5e87bad3c948f4d605d) (ScriptedImporter) -> (artifact id: '0d10cba896d79037a0b8a160fbffd2b9') in 0.0545665 seconds
Number of updated asset objects reloaded before import = 0Number of asset objects unloaded after import = 1

========================================================================
Received Import Request.
  Time since last request: 0.000726 seconds.
  path: Packages/com.unity.collab-proxy/Lib/Editor/Localization/xdiff.zh-Hant.txt
  artifactKey: Guid(92b1f4bae4c2345e09ef78778fe593e4) Importer(2089858483,b0f066a214c2f5e87bad3c948f4d605d)
Start importing Packages/com.unity.collab-proxy/Lib/Editor/Localization/xdiff.zh-Hant.txt using Guid(92b1f4bae4c2345e09ef78778fe593e4) Importer(2089858483,b0f066a214c2f5e87bad3c948f4d605d) (ScriptedImporter) -> (artifact id: 'dad0eb87699c5cc20f97e7e06a28c5bb') in 0.0604888 seconds
Number of updated asset objects reloaded before import = 0Number of asset objects unloaded after import = 1

========================================================================
Received Import Request.
  Time since last request: 0.000338 seconds.
  path: Packages/com.unity.collab-proxy/Editor/Views/BranchExplorer/Menu/BranchExplorerViewBranchMenuOperations.cs
  artifactKey: Guid(91af864187ea4d65841241cea79c3f71) Importer(2089858483,b0f066a214c2f5e87bad3c948f4d605d)
Start importing Packages/com.unity.collab-proxy/Editor/Views/BranchExplorer/Menu/BranchExplorerViewBranchMenuOperations.cs using Guid(91af864187ea4d65841241cea79c3f71) Importer(2089858483,b0f066a214c2f5e87bad3c948f4d605d) (ScriptedImporter) -> (artifact id: '0a26fc6484fc42a97f8a99d8741fd139') in 0.0421495 seconds
Number of updated asset objects reloaded before import = 0Number of asset objects unloaded after import = 0

========================================================================
Received Import Request.
  Time since last request: 0.000217 seconds.
  path: Packages/com.unity.collab-proxy/Lib/Editor/Localization/commontypes.en.txt
  artifactKey: Guid(75d502302be264c9186a574e5db8f340) Importer(2089858483,b0f066a214c2f5e87bad3c948f4d605d)
Start importing Packages/com.unity.collab-proxy/Lib/Editor/Localization/commontypes.en.txt using Guid(75d502302be264c9186a574e5db8f340) Importer(2089858483,b0f066a214c2f5e87bad3c948f4d605d) (ScriptedImporter) -> (artifact id: '0d59d94fd8efab1cc9c452dc098bd69c') in 0.022102 seconds
Number of updated asset objects reloaded before import = 0Number of asset objects unloaded after import = 1

========================================================================
Received Import Request.
  Time since last request: 0.000163 seconds.
  path: Packages/com.unity.collab-proxy/Editor/Views/BranchExplorer/Menu/BranchExplorerViewChangesetMenuOperations.cs
  artifactKey: Guid(c9b4bc0669b544cb9b754dc80d82e74c) Importer(2089858483,b0f066a214c2f5e87bad3c948f4d605d)
Start importing Packages/com.unity.collab-proxy/Editor/Views/BranchExplorer/Menu/BranchExplorerViewChangesetMenuOperations.cs using Guid(c9b4bc0669b544cb9b754dc80d82e74c) Importer(2089858483,b0f066a214c2f5e87bad3c948f4d605d) (ScriptedImporter) -> (artifact id: '7bea70d0e481a43f44166128a3170922') in 0.0210415 seconds
Number of updated asset objects reloaded before import = 0Number of asset objects unloaded after import = 0

========================================================================
Received Import Request.
  Time since last request: 0.000200 seconds.
  path: Packages/com.unity.collab-proxy/Editor/UI/UnityInternals/UnityEditor/GenericMenu.cs
  artifactKey: Guid(821bfc9e29fe4f879430e080c75925f9) Importer(2089858483,b0f066a214c2f5e87bad3c948f4d605d)
Start importing Packages/com.unity.collab-proxy/Editor/UI/UnityInternals/UnityEditor/GenericMenu.cs using Guid(821bfc9e29fe4f879430e080c75925f9) Importer(2089858483,b0f066a214c2f5e87bad3c948f4d605d) (ScriptedImporter) -> (artifact id: '84cad09fc0b6113bda2c5d96ef335429') in 0.0182795 seconds
Number of updated asset objects reloaded before import = 0Number of asset objects unloaded after import = 0

========================================================================
Received Import Request.
  Time since last request: 0.000217 seconds.
  path: Packages/com.unity.collab-proxy/Lib/Editor/Localization/mergetool.ja.txt
  artifactKey: Guid(8983c337cf5ff4fb4b063735c7249470) Importer(2089858483,b0f066a214c2f5e87bad3c948f4d605d)
Start importing Packages/com.unity.collab-proxy/Lib/Editor/Localization/mergetool.ja.txt using Guid(8983c337cf5ff4fb4b063735c7249470) Importer(2089858483,b0f066a214c2f5e87bad3c948f4d605d) (ScriptedImporter) -> (artifact id: 'e89802a19d166ee5e510ac9b4b110237') in 0.0164635 seconds
Number of updated asset objects reloaded before import = 0Number of asset objects unloaded after import = 1

========================================================================
Received Import Request.
  Time since last request: 0.000107 seconds.
  path: Packages/com.unity.collab-proxy/Lib/Editor/Localization/clientcommon.zh-Hant.txt
  artifactKey: Guid(33a29fe30b25e405a802d7f7a68ead93) Importer(2089858483,b0f066a214c2f5e87bad3c948f4d605d)
Start importing Packages/com.unity.collab-proxy/Lib/Editor/Localization/clientcommon.zh-Hant.txt using Guid(33a29fe30b25e405a802d7f7a68ead93) Importer(2089858483,b0f066a214c2f5e87bad3c948f4d605d) (ScriptedImporter) -> (artifact id: '532ba84225d459eacfb0fc4db34d218c') in 0.018733 seconds
Number of updated asset objects reloaded before import = 0Number of asset objects unloaded after import = 1

========================================================================
Received Import Request.
  Time since last request: 0.000154 seconds.
  path: Packages/com.unity.collab-proxy/Editor/Configuration/CloudEdition/Welcome/AutoLogin.cs
  artifactKey: Guid(806bdb4f911275c4ca1ee81fde4b4d4f) Importer(2089858483,b0f066a214c2f5e87bad3c948f4d605d)
Start importing Packages/com.unity.collab-proxy/Editor/Configuration/CloudEdition/Welcome/AutoLogin.cs using Guid(806bdb4f911275c4ca1ee81fde4b4d4f) Importer(2089858483,b0f066a214c2f5e87bad3c948f4d605d) (ScriptedImporter) -> (artifact id: '04ca5c139463f2ab460ec871b4fc6658') in 0.0224305 seconds
Number of updated asset objects reloaded before import = 0Number of asset objects unloaded after import = 0

========================================================================
Received Import Request.
  Time since last request: 0.000249 seconds.
  path: Packages/com.unity.collab-proxy/Editor/CloudDrive/Workspaces/Tree/CloudWorkspacesTreeView.cs
  artifactKey: Guid(e69fc09d7758466798e76f1655c2c27f) Importer(2089858483,b0f066a214c2f5e87bad3c948f4d605d)
Start importing Packages/com.unity.collab-proxy/Editor/CloudDrive/Workspaces/Tree/CloudWorkspacesTreeView.cs using Guid(e69fc09d7758466798e76f1655c2c27f) Importer(2089858483,b0f066a214c2f5e87bad3c948f4d605d) (ScriptedImporter) -> (artifact id: '9ae0e4c9d0622080571f92cdf3bb0e0c') in 0.0253706 seconds
Number of updated asset objects reloaded before import = 0Number of asset objects unloaded after import = 0

========================================================================
Received Import Request.
  Time since last request: 0.000274 seconds.
  path: Packages/com.unity.collab-proxy/Editor/Views/Labels/LabelsSelection.cs
  artifactKey: Guid(13f8d9266e8b7224abeb0a7af444fd13) Importer(2089858483,b0f066a214c2f5e87bad3c948f4d605d)
Start importing Packages/com.unity.collab-proxy/Editor/Views/Labels/LabelsSelection.cs using Guid(13f8d9266e8b7224abeb0a7af444fd13) Importer(2089858483,b0f066a214c2f5e87bad3c948f4d605d) (ScriptedImporter) -> (artifact id: 'fe9c6ab2c707cc061eab002d916a0b6e') in 0.0208414 seconds
Number of updated asset objects reloaded before import = 0Number of asset objects unloaded after import = 0

========================================================================
Received Import Request.
  Time since last request: 0.000159 seconds.
  path: Packages/com.unity.collab-proxy/Lib/Editor/Localization/workspaceserver.ja.txt
  artifactKey: Guid(5107d60b85a9a49d3b713b1ccbb24766) Importer(2089858483,b0f066a214c2f5e87bad3c948f4d605d)
Start importing Packages/com.unity.collab-proxy/Lib/Editor/Localization/workspaceserver.ja.txt using Guid(5107d60b85a9a49d3b713b1ccbb24766) Importer(2089858483,b0f066a214c2f5e87bad3c948f4d605d) (ScriptedImporter) -> (artifact id: '9c5d33a5442de123c109a6e0cbee43f8') in 0.0242239 seconds
Number of updated asset objects reloaded before import = 0Number of asset objects unloaded after import = 1

========================================================================
Received Import Request.
  Time since last request: 0.000288 seconds.
  path: Packages/com.unity.collab-proxy/Editor/Views/PendingChanges/PendingChangesSelection.cs
  artifactKey: Guid(7a92174abe154af4b99e09e4b6cf31ee) Importer(2089858483,b0f066a214c2f5e87bad3c948f4d605d)
Start importing Packages/com.unity.collab-proxy/Editor/Views/PendingChanges/PendingChangesSelection.cs using Guid(7a92174abe154af4b99e09e4b6cf31ee) Importer(2089858483,b0f066a214c2f5e87bad3c948f4d605d) (ScriptedImporter) -> (artifact id: '27f41fb978e52769c62d457cf8a3de8b') in 0.0223604 seconds
Number of updated asset objects reloaded before import = 0Number of asset objects unloaded after import = 0

========================================================================
Received Import Request.
  Time since last request: 0.000212 seconds.
  path: Packages/com.unity.collab-proxy/Editor/CloudDrive/Workspaces/DirectoryContent/ItemsPosition.cs
  artifactKey: Guid(583732806f7c49c3aece28f1c2ad8d7b) Importer(2089858483,b0f066a214c2f5e87bad3c948f4d605d)
Start importing Packages/com.unity.collab-proxy/Editor/CloudDrive/Workspaces/DirectoryContent/ItemsPosition.cs using Guid(583732806f7c49c3aece28f1c2ad8d7b) Importer(2089858483,b0f066a214c2f5e87bad3c948f4d605d) (ScriptedImporter) -> (artifact id: 'dc9f98b012a6704e644d2357992e3f18') in 0.0213112 seconds
Number of updated asset objects reloaded before import = 0Number of asset objects unloaded after import = 0

========================================================================
Received Import Request.
  Time since last request: 0.000156 seconds.
  path: Packages/com.unity.collab-proxy/Lib/Editor/Localization/plastic-gui.ja.txt
  artifactKey: Guid(c6293b585df4e466189a95315976af97) Importer(2089858483,b0f066a214c2f5e87bad3c948f4d605d)
Start importing Packages/com.unity.collab-proxy/Lib/Editor/Localization/plastic-gui.ja.txt using Guid(c6293b585df4e466189a95315976af97) Importer(2089858483,b0f066a214c2f5e87bad3c948f4d605d) (ScriptedImporter) -> (artifact id: 'a9d2fc6302856796f9b15e6123a10163') in 0.0190304 seconds
Number of updated asset objects reloaded before import = 0Number of asset objects unloaded after import = 1

========================================================================
Received Import Request.
  Time since last request: 1.095246 seconds.
  path: Packages/com.unity.collab-proxy/Editor/Views/BranchExplorer/Options/BranchExplorerOptionsWindow.cs
  artifactKey: Guid(8f337a12580464190b8455975f146e52) Importer(2089858483,b0f066a214c2f5e87bad3c948f4d605d)
Start importing Packages/com.unity.collab-proxy/Editor/Views/BranchExplorer/Options/BranchExplorerOptionsWindow.cs using Guid(8f337a12580464190b8455975f146e52) Importer(2089858483,b0f066a214c2f5e87bad3c948f4d605d) (ScriptedImporter) -> (artifact id: 'aa925ee41847f11b871431f22ff92d25') in 0.0201189 seconds
Number of updated asset objects reloaded before import = 0Number of asset objects unloaded after import = 0

========================================================================
Received Import Request.
  Time since last request: 0.000181 seconds.
  path: Packages/com.unity.ide.visualstudio/Editor/SolutionParser.cs
  artifactKey: Guid(fbbb1ee655846b043baf6c3502b5ce49) Importer(2089858483,b0f066a214c2f5e87bad3c948f4d605d)
Start importing Packages/com.unity.ide.visualstudio/Editor/SolutionParser.cs using Guid(fbbb1ee655846b043baf6c3502b5ce49) Importer(2089858483,b0f066a214c2f5e87bad3c948f4d605d) (ScriptedImporter) -> (artifact id: 'abbbda761aba5dcfbe9f6270ce77e875') in 0.0184945 seconds
Number of updated asset objects reloaded before import = 0Number of asset objects unloaded after import = 0

========================================================================
Received Import Request.
  Time since last request: 0.000201 seconds.
  path: Packages/com.unity.ugui/Runtime/TMP/TMP_TextInfo.cs
  artifactKey: Guid(4ae64f3f72004807a9f919f9c27af0db) Importer(2089858483,b0f066a214c2f5e87bad3c948f4d605d)
Start importing Packages/com.unity.ugui/Runtime/TMP/TMP_TextInfo.cs using Guid(4ae64f3f72004807a9f919f9c27af0db) Importer(2089858483,b0f066a214c2f5e87bad3c948f4d605d) (ScriptedImporter) -> (artifact id: '8811eed9771fa2b22f91465ef3f3b0af') in 0.0196994 seconds
Number of updated asset objects reloaded before import = 0Number of asset objects unloaded after import = 0

========================================================================
Received Import Request.
  Time since last request: 0.000665 seconds.
  path: Packages/com.unity.ugui/CHANGELOG.md
  artifactKey: Guid(c851bee4305bddf438cc6ffc515991ce) Importer(2089858483,b0f066a214c2f5e87bad3c948f4d605d)
Start importing Packages/com.unity.ugui/CHANGELOG.md using Guid(c851bee4305bddf438cc6ffc515991ce) Importer(2089858483,b0f066a214c2f5e87bad3c948f4d605d) (ScriptedImporter) -> (artifact id: '13bb15aa15a977775477588f9f5066c0') in 0.0206275 seconds
Number of updated asset objects reloaded before import = 0Number of asset objects unloaded after import = 1

========================================================================
Received Import Request.
  Time since last request: 0.000029 seconds.
  path: Packages/com.unity.collab-proxy/Editor/Views/BranchExplorer/Drawing/Shapes/HomeImageOverlay.cs
  artifactKey: Guid(654349dfd493477d9aeb2dd5bd80b566) Importer(2089858483,b0f066a214c2f5e87bad3c948f4d605d)
Start importing Packages/com.unity.collab-proxy/Editor/Views/BranchExplorer/Drawing/Shapes/HomeImageOverlay.cs using Guid(654349dfd493477d9aeb2dd5bd80b566) Importer(2089858483,b0f066a214c2f5e87bad3c948f4d605d) (ScriptedImporter) -> (artifact id: 'b44027db866f12d4c6b0a937900d0f77') in 0.0235536 seconds
Number of updated asset objects reloaded before import = 0Number of asset objects unloaded after import = 0

========================================================================
Received Import Request.
  Time since last request: 0.000110 seconds.
  path: Packages/com.unity.ide.visualstudio/Editor/SolutionProjectEntry.cs
  artifactKey: Guid(5c1b8a755d2c97640bbb207c43f4cf61) Importer(2089858483,b0f066a214c2f5e87bad3c948f4d605d)
Start importing Packages/com.unity.ide.visualstudio/Editor/SolutionProjectEntry.cs using Guid(5c1b8a755d2c97640bbb207c43f4cf61) Importer(2089858483,b0f066a214c2f5e87bad3c948f4d605d) (ScriptedImporter) -> (artifact id: '8bf1156f54f67f8b0bdd61b8e0be0448') in 0.023588 seconds
Number of updated asset objects reloaded before import = 0Number of asset objects unloaded after import = 0

========================================================================
Received Import Request.
  Time since last request: 0.000352 seconds.
  path: Packages/com.unity.ugui/Runtime/TMP/FontFeatureCommon.cs
  artifactKey: Guid(326e2b1b31fc06d4fa884c803b27b46a) Importer(2089858483,b0f066a214c2f5e87bad3c948f4d605d)
Start importing Packages/com.unity.ugui/Runtime/TMP/FontFeatureCommon.cs using Guid(326e2b1b31fc06d4fa884c803b27b46a) Importer(2089858483,b0f066a214c2f5e87bad3c948f4d605d) (ScriptedImporter) -> (artifact id: 'bd23cd8ba111aa38780039ccb1164c77') in 0.0194076 seconds
Number of updated asset objects reloaded before import = 0Number of asset objects unloaded after import = 0

========================================================================
Received Import Request.
  Time since last request: 0.000174 seconds.
  path: Packages/com.unity.ide.visualstudio/Editor/VSWhere/vswhere.exe
  artifactKey: Guid(585c3fb85b32bd64e8814074e754163e) Importer(2089858483,b0f066a214c2f5e87bad3c948f4d605d)
Start importing Packages/com.unity.ide.visualstudio/Editor/VSWhere/vswhere.exe using Guid(585c3fb85b32bd64e8814074e754163e) Importer(2089858483,b0f066a214c2f5e87bad3c948f4d605d) (ScriptedImporter) -> (artifact id: '647f76a10aeded2bbe500b2a0acce38e') in 0.0182521 seconds
Number of updated asset objects reloaded before import = 0Number of asset objects unloaded after import = 1

========================================================================
Received Import Request.
  Time since last request: 0.000118 seconds.
  path: Packages/com.unity.ugui/Editor Resources/Gizmos/TMP - Input Field Icon.psd
  artifactKey: Guid(3ee40aa79cd242a5b53b0b0ca4f13f0f) Importer(2089858483,b0f066a214c2f5e87bad3c948f4d605d)
Start importing Packages/com.unity.ugui/Editor Resources/Gizmos/TMP - Input Field Icon.psd using Guid(3ee40aa79cd242a5b53b0b0ca4f13f0f) Importer(2089858483,b0f066a214c2f5e87bad3c948f4d605d) (ScriptedImporter) -> (artifact id: 'e31b96157aff30777db9240c7606e25a') in 0.0316518 seconds
Number of updated asset objects reloaded before import = 0Number of asset objects unloaded after import = 1

========================================================================
Received Import Request.
  Time since last request: 0.000166 seconds.
  path: Packages/com.unity.ide.visualstudio/Editor/Symbols.cs
  artifactKey: Guid(b9308b762484008498bb5cd1886aa491) Importer(2089858483,b0f066a214c2f5e87bad3c948f4d605d)
Start importing Packages/com.unity.ide.visualstudio/Editor/Symbols.cs using Guid(b9308b762484008498bb5cd1886aa491) Importer(2089858483,b0f066a214c2f5e87bad3c948f4d605d) (ScriptedImporter) -> (artifact id: 'ecf4aaaecb44e9b19f72a5ec2be5b09c') in 0.0229641 seconds
Number of updated asset objects reloaded before import = 0Number of asset objects unloaded after import = 0

========================================================================
Received Import Request.
  Time since last request: 0.000226 seconds.
  path: Packages/com.unity.collab-proxy/Editor/Views/BranchExplorer/Drawing/Shapes/Connections/ShapeConnectionBuilder.cs
  artifactKey: Guid(e68a46ad78cc4cec9266e64ae51c807f) Importer(2089858483,b0f066a214c2f5e87bad3c948f4d605d)
Start importing Packages/com.unity.collab-proxy/Editor/Views/BranchExplorer/Drawing/Shapes/Connections/ShapeConnectionBuilder.cs using Guid(e68a46ad78cc4cec9266e64ae51c807f) Importer(2089858483,b0f066a214c2f5e87bad3c948f4d605d) (ScriptedImporter) -> (artifact id: '08922a4b8b3b56a9c718d58614e760cc') in 0.0203076 seconds
Number of updated asset objects reloaded before import = 0Number of asset objects unloaded after import = 0

========================================================================
Received Import Request.
  Time since last request: 0.000192 seconds.
  path: Packages/com.unity.ugui/Runtime/TMP/TextMeshPro.cs
  artifactKey: Guid(9541d86e2fd84c1d9990edf0852d74ab) Importer(2089858483,b0f066a214c2f5e87bad3c948f4d605d)
Start importing Packages/com.unity.ugui/Runtime/TMP/TextMeshPro.cs using Guid(9541d86e2fd84c1d9990edf0852d74ab) Importer(2089858483,b0f066a214c2f5e87bad3c948f4d605d) (ScriptedImporter) -> (artifact id: 'c9d6dc08cf0a53d1cfc1e0be3c98675c') in 0.0276479 seconds
Number of updated asset objects reloaded before import = 0Number of asset objects unloaded after import = 1

========================================================================
Received Import Request.
  Time since last request: 0.000029 seconds.
  path: Packages/com.unity.ugui/Runtime/TMP/TMP_FontFeatureTable.cs
  artifactKey: Guid(5ea9f573d4b800a49b9d83a1f61c0a88) Importer(2089858483,b0f066a214c2f5e87bad3c948f4d605d)
Start importing Packages/com.unity.ugui/Runtime/TMP/TMP_FontFeatureTable.cs using Guid(5ea9f573d4b800a49b9d83a1f61c0a88) Importer(2089858483,b0f066a214c2f5e87bad3c948f4d605d) (ScriptedImporter) -> (artifact id: 'cfa1ef95b02831a5819be7005788fada') in 0.0230723 seconds
Number of updated asset objects reloaded before import = 0Number of asset objects unloaded after import = 0

========================================================================
Received Import Request.
  Time since last request: 0.000241 seconds.
  path: Packages/com.unity.collab-proxy/Editor/Views/Merge/Developer/IsCurrent.cs
  artifactKey: Guid(5013a6f8fee1f2a49b06f75fc5a6ece4) Importer(2089858483,b0f066a214c2f5e87bad3c948f4d605d)
Start importing Packages/com.unity.collab-proxy/Editor/Views/Merge/Developer/IsCurrent.cs using Guid(5013a6f8fee1f2a49b06f75fc5a6ece4) Importer(2089858483,b0f066a214c2f5e87bad3c948f4d605d) (ScriptedImporter) -> (artifact id: '14db5e2cdf1cecc4cb6229369f7b24d8') in 0.0231869 seconds
Number of updated asset objects reloaded before import = 0Number of asset objects unloaded after import = 0

========================================================================
Received Import Request.
  Time since last request: 0.000131 seconds.
  path: Packages/com.unity.collab-proxy/Editor/Views/BranchExplorer/Drawing/Shapes/ZIndex.cs
  artifactKey: Guid(4a3f57b0c1c9343bf9b378276e7db640) Importer(2089858483,b0f066a214c2f5e87bad3c948f4d605d)
Start importing Packages/com.unity.collab-proxy/Editor/Views/BranchExplorer/Drawing/Shapes/ZIndex.cs using Guid(4a3f57b0c1c9343bf9b378276e7db640) Importer(2089858483,b0f066a214c2f5e87bad3c948f4d605d) (ScriptedImporter) -> (artifact id: '785082a02b160b933f97fd8e99b435eb') in 0.023742 seconds
Number of updated asset objects reloaded before import = 0Number of asset objects unloaded after import = 0

========================================================================
Received Import Request.
  Time since last request: 0.000210 seconds.
  path: Packages/com.unity.ugui/Editor/TMP/TMP_FontAssetEditor.cs
  artifactKey: Guid(96b44f7d98314b139324a8a87eb66067) Importer(2089858483,b0f066a214c2f5e87bad3c948f4d605d)
Start importing Packages/com.unity.ugui/Editor/TMP/TMP_FontAssetEditor.cs using Guid(96b44f7d98314b139324a8a87eb66067) Importer(2089858483,b0f066a214c2f5e87bad3c948f4d605d) (ScriptedImporter) -> (artifact id: 'feb9a2bbebac1314e7aa628fa26fa407') in 0.0174129 seconds
Number of updated asset objects reloaded before import = 0Number of asset objects unloaded after import = 0

========================================================================
Received Import Request.
  Time since last request: 0.000199 seconds.
  path: Packages/com.unity.ide.visualstudio/Editor/ProjectGeneration/ProjectProperties.cs
  artifactKey: Guid(fa7011e2ea1ff024083fea2179f3df08) Importer(2089858483,b0f066a214c2f5e87bad3c948f4d605d)
Start importing Packages/com.unity.ide.visualstudio/Editor/ProjectGeneration/ProjectProperties.cs using Guid(fa7011e2ea1ff024083fea2179f3df08) Importer(2089858483,b0f066a214c2f5e87bad3c948f4d605d) (ScriptedImporter) -> (artifact id: '899dbc4a7976146b873a7283286f692b') in 0.0242753 seconds
Number of updated asset objects reloaded before import = 0Number of asset objects unloaded after import = 0

========================================================================
Received Import Request.
  Time since last request: 0.000481 seconds.
  path: Packages/com.unity.collab-proxy/Editor/Views/CreateWorkspace/Dialogs/RepositoriesListView.cs
  artifactKey: Guid(c18598e9d808edb4583a6aa724ffc268) Importer(2089858483,b0f066a214c2f5e87bad3c948f4d605d)
Start importing Packages/com.unity.collab-proxy/Editor/Views/CreateWorkspace/Dialogs/RepositoriesListView.cs using Guid(c18598e9d808edb4583a6aa724ffc268) Importer(2089858483,b0f066a214c2f5e87bad3c948f4d605d) (ScriptedImporter) -> (artifact id: 'cb5d20aeb50f3cd73cdf6c01d4f24f3a') in 0.0369967 seconds
Number of updated asset objects reloaded before import = 0Number of asset objects unloaded after import = 0

========================================================================
Received Import Request.
  Time since last request: 0.000207 seconds.
  path: Packages/com.unity.ugui/Runtime/TMP/TMP_InputField.cs
  artifactKey: Guid(2da0c512f12947e489f739169773d7ca) Importer(2089858483,b0f066a214c2f5e87bad3c948f4d605d)
Start importing Packages/com.unity.ugui/Runtime/TMP/TMP_InputField.cs using Guid(2da0c512f12947e489f739169773d7ca) Importer(2089858483,b0f066a214c2f5e87bad3c948f4d605d) (ScriptedImporter) -> (artifact id: '32d475c00714881bfec63de9800ff368') in 0.0405579 seconds
Number of updated asset objects reloaded before import = 0Number of asset objects unloaded after import = 1

========================================================================
Received Import Request.
  Time since last request: 0.000039 seconds.
  path: Packages/com.unity.ugui/Editor/TMP/TMPro_TextContainerEditor.cs
  artifactKey: Guid(02893ffb522b490a9fa28eedd2584309) Importer(2089858483,b0f066a214c2f5e87bad3c948f4d605d)
Start importing Packages/com.unity.ugui/Editor/TMP/TMPro_TextContainerEditor.cs using Guid(02893ffb522b490a9fa28eedd2584309) Importer(2089858483,b0f066a214c2f5e87bad3c948f4d605d) (ScriptedImporter) -> (artifact id: '46e7b515e0575e5d269ee34c9865054c') in 0.0222408 seconds
Number of updated asset objects reloaded before import = 0Number of asset objects unloaded after import = 0

========================================================================
Received Import Request.
  Time since last request: 0.000139 seconds.
  path: Packages/com.unity.collab-proxy/Editor/Views/Merge/Gluon/IncomingChangesViewMenu.cs
  artifactKey: Guid(349d4bc84d3b4fa48a1970539c06144c) Importer(2089858483,b0f066a214c2f5e87bad3c948f4d605d)
Start importing Packages/com.unity.collab-proxy/Editor/Views/Merge/Gluon/IncomingChangesViewMenu.cs using Guid(349d4bc84d3b4fa48a1970539c06144c) Importer(2089858483,b0f066a214c2f5e87bad3c948f4d605d) (ScriptedImporter) -> (artifact id: 'bb55c5a4a7f676efaaddbc4b57af8e31') in 0.020225 seconds
Number of updated asset objects reloaded before import = 0Number of asset objects unloaded after import = 0

========================================================================
Received Import Request.
  Time since last request: 0.000307 seconds.
  path: Packages/com.unity.ugui/Runtime/TMP/TMPro_MeshUtilities.cs
  artifactKey: Guid(effb76e1937b45ff8adf45e51a4c08cf) Importer(2089858483,b0f066a214c2f5e87bad3c948f4d605d)
Start importing Packages/com.unity.ugui/Runtime/TMP/TMPro_MeshUtilities.cs using Guid(effb76e1937b45ff8adf45e51a4c08cf) Importer(2089858483,b0f066a214c2f5e87bad3c948f4d605d) (ScriptedImporter) -> (artifact id: '4210c078bda2d5aecbcc19f46ae59117') in 0.0311014 seconds
Number of updated asset objects reloaded before import = 0Number of asset objects unloaded after import = 0

========================================================================
Received Import Request.
  Time since last request: 0.000494 seconds.
  path: Packages/com.unity.collab-proxy/Editor/Views/Merge/Developer/DirectoryConflicts/EvilTwinMenu.cs
  artifactKey: Guid(e2d5cd35402925349b237e34add0cabf) Importer(2089858483,b0f066a214c2f5e87bad3c948f4d605d)
Start importing Packages/com.unity.collab-proxy/Editor/Views/Merge/Developer/DirectoryConflicts/EvilTwinMenu.cs using Guid(e2d5cd35402925349b237e34add0cabf) Importer(2089858483,b0f066a214c2f5e87bad3c948f4d605d) (ScriptedImporter) -> (artifact id: 'ad022d84acbdaa3927eae9a0061f9370') in 0.0280321 seconds
Number of updated asset objects reloaded before import = 0Number of asset objects unloaded after import = 0

========================================================================
Received Import Request.
  Time since last request: 0.000277 seconds.
  path: Packages/com.unity.collab-proxy/Editor/Views/BranchExplorer/Drawing/Shapes/Painter2DExtensions.cs
  artifactKey: Guid(90c35417a995402084cf69d05578c8de) Importer(2089858483,b0f066a214c2f5e87bad3c948f4d605d)
Start importing Packages/com.unity.collab-proxy/Editor/Views/BranchExplorer/Drawing/Shapes/Painter2DExtensions.cs using Guid(90c35417a995402084cf69d05578c8de) Importer(2089858483,b0f066a214c2f5e87bad3c948f4d605d) (ScriptedImporter) -> (artifact id: 'c00402a6c9f32f48ab41609ede3fd811') in 0.0235963 seconds
Number of updated asset objects reloaded before import = 0Number of asset objects unloaded after import = 0

========================================================================
Received Import Request.
  Time since last request: 0.000438 seconds.
  path: Packages/com.unity.collab-proxy/Editor/Views/Merge/Developer/ChangeTreeViewItem.cs
  artifactKey: Guid(69ebbdad2c303214683305d65fe26726) Importer(2089858483,b0f066a214c2f5e87bad3c948f4d605d)
Start importing Packages/com.unity.collab-proxy/Editor/Views/Merge/Developer/ChangeTreeViewItem.cs using Guid(69ebbdad2c303214683305d65fe26726) Importer(2089858483,b0f066a214c2f5e87bad3c948f4d605d) (ScriptedImporter) -> (artifact id: '0ceed343f43e8ea44e2f7337da890f11') in 0.0217758 seconds
Number of updated asset objects reloaded before import = 0Number of asset objects unloaded after import = 0

========================================================================
Received Import Request.
  Time since last request: 0.000321 seconds.
  path: Packages/com.unity.ugui/Runtime/TMP/TMP_TextElement.cs
  artifactKey: Guid(543674eec776b1442a192c932e6cd9b3) Importer(2089858483,b0f066a214c2f5e87bad3c948f4d605d)
Start importing Packages/com.unity.ugui/Runtime/TMP/TMP_TextElement.cs using Guid(543674eec776b1442a192c932e6cd9b3) Importer(2089858483,b0f066a214c2f5e87bad3c948f4d605d) (ScriptedImporter) -> (artifact id: '26d17a1c1c0d7787222023225918cfe2') in 0.0227017 seconds
Number of updated asset objects reloaded before import = 0Number of asset objects unloaded after import = 0

========================================================================
Received Import Request.
  Time since last request: 0.000037 seconds.
  path: Packages/com.unity.ugui/Editor/TMP/TMP_MarkupTagUpdateUtility.cs
  artifactKey: Guid(225b67dcce9247b4c806e435b34695d2) Importer(2089858483,b0f066a214c2f5e87bad3c948f4d605d)
Start importing Packages/com.unity.ugui/Editor/TMP/TMP_MarkupTagUpdateUtility.cs using Guid(225b67dcce9247b4c806e435b34695d2) Importer(2089858483,b0f066a214c2f5e87bad3c948f4d605d) (ScriptedImporter) -> (artifact id: 'c36d47206ce0ea4ce7e7f93268cc0408') in 0.0207277 seconds
Number of updated asset objects reloaded before import = 0Number of asset objects unloaded after import = 0

========================================================================
Received Import Request.
  Time since last request: 0.000878 seconds.
  path: Packages/com.unity.ide.visualstudio/Editor/Messaging/ExceptionEventArgs.cs
  artifactKey: Guid(917a51fff055ce547b4ad1215321f3da) Importer(2089858483,b0f066a214c2f5e87bad3c948f4d605d)
Start importing Packages/com.unity.ide.visualstudio/Editor/Messaging/ExceptionEventArgs.cs using Guid(917a51fff055ce547b4ad1215321f3da) Importer(2089858483,b0f066a214c2f5e87bad3c948f4d605d) (ScriptedImporter) -> (artifact id: 'b1a91f78496109dc8730dc15d44f1ba0') in 0.0245053 seconds
Number of updated asset objects reloaded before import = 0Number of asset objects unloaded after import = 0

========================================================================
Received Import Request.
  Time since last request: 0.000519 seconds.
  path: Packages/com.unity.ugui/Editor/TMP/TMP_ColorGradientAssetMenu.cs
  artifactKey: Guid(d9647b571c5e44729b71d756b3d55317) Importer(2089858483,b0f066a214c2f5e87bad3c948f4d605d)
Start importing Packages/com.unity.ugui/Editor/TMP/TMP_ColorGradientAssetMenu.cs using Guid(d9647b571c5e44729b71d756b3d55317) Importer(2089858483,b0f066a214c2f5e87bad3c948f4d605d) (ScriptedImporter) -> (artifact id: 'f2cfdab4dd43bd893135921261e732f5') in 0.0197595 seconds
Number of updated asset objects reloaded before import = 0Number of asset objects unloaded after import = 0

========================================================================
Received Import Request.
  Time since last request: 0.000037 seconds.
  path: Packages/com.unity.ugui/Editor/TMP/TMPro_SortingLayerHelper.cs
  artifactKey: Guid(88ed537c17c34f339121fe9a7d6d7a0e) Importer(2089858483,b0f066a214c2f5e87bad3c948f4d605d)
Start importing Packages/com.unity.ugui/Editor/TMP/TMPro_SortingLayerHelper.cs using Guid(88ed537c17c34f339121fe9a7d6d7a0e) Importer(2089858483,b0f066a214c2f5e87bad3c948f4d605d) (ScriptedImporter) -> (artifact id: '10ad599fc76a71433fd6b3f32b04fc81') in 0.0238871 seconds
Number of updated asset objects reloaded before import = 0Number of asset objects unloaded after import = 0

========================================================================
Received Import Request.
  Time since last request: 0.000199 seconds.
  path: Packages/com.unity.ide.visualstudio/Editor/KnownAssemblies.cs
  artifactKey: Guid(cbccb6292dce08a489e6e742243154e7) Importer(2089858483,b0f066a214c2f5e87bad3c948f4d605d)
Start importing Packages/com.unity.ide.visualstudio/Editor/KnownAssemblies.cs using Guid(cbccb6292dce08a489e6e742243154e7) Importer(2089858483,b0f066a214c2f5e87bad3c948f4d605d) (ScriptedImporter) -> (artifact id: '8d6955a8735532cd904e88d48107038e') in 0.0249117 seconds
Number of updated asset objects reloaded before import = 0Number of asset objects unloaded after import = 0

========================================================================
Received Import Request.
  Time since last request: 0.000225 seconds.
  path: Packages/com.unity.ide.visualstudio/Editor/ProjectGeneration/FileIOProvider.cs
  artifactKey: Guid(ec80b1fb8938b3b4ab442d10390c5315) Importer(2089858483,b0f066a214c2f5e87bad3c948f4d605d)
Start importing Packages/com.unity.ide.visualstudio/Editor/ProjectGeneration/FileIOProvider.cs using Guid(ec80b1fb8938b3b4ab442d10390c5315) Importer(2089858483,b0f066a214c2f5e87bad3c948f4d605d) (ScriptedImporter) -> (artifact id: 'f284aa4f8fafbfaf3f102abef3027505') in 0.0242435 seconds
Number of updated asset objects reloaded before import = 0Number of asset objects unloaded after import = 0

========================================================================
Received Import Request.
  Time since last request: 0.000269 seconds.
  path: Packages/com.unity.ugui/Editor Resources/Textures/btn_AlignCenterGeo.psd
  artifactKey: Guid(c76700ea0062413d9f69409b4e9e151b) Importer(2089858483,b0f066a214c2f5e87bad3c948f4d605d)
Start importing Packages/com.unity.ugui/Editor Resources/Textures/btn_AlignCenterGeo.psd using Guid(c76700ea0062413d9f69409b4e9e151b) Importer(2089858483,b0f066a214c2f5e87bad3c948f4d605d) (ScriptedImporter) -> (artifact id: '5af614c988d2ff4adb19ef7b8b9c82f5') in 0.0323258 seconds
Number of updated asset objects reloaded before import = 0Number of asset objects unloaded after import = 1

========================================================================
Received Import Request.
  Time since last request: 0.000060 seconds.
  path: Packages/com.unity.ide.visualstudio/ValidationExceptions.json
  artifactKey: Guid(788fbcfc0abc6c54b9504cfee3176c22) Importer(2089858483,b0f066a214c2f5e87bad3c948f4d605d)
Start importing Packages/com.unity.ide.visualstudio/ValidationExceptions.json using Guid(788fbcfc0abc6c54b9504cfee3176c22) Importer(2089858483,b0f066a214c2f5e87bad3c948f4d605d) (ScriptedImporter) -> (artifact id: '127e5d2c76ff3a69e0ce6a3fe7b5f825') in 0.0229363 seconds
Number of updated asset objects reloaded before import = 0Number of asset objects unloaded after import = 1

========================================================================
Received Import Request.
  Time since last request: 0.000183 seconds.
  path: Packages/com.unity.ugui/Runtime/TMP/TMP_SelectionCaret.cs
  artifactKey: Guid(ca819640f53b48919bf7774744f7f15e) Importer(2089858483,b0f066a214c2f5e87bad3c948f4d605d)
Start importing Packages/com.unity.ugui/Runtime/TMP/TMP_SelectionCaret.cs using Guid(ca819640f53b48919bf7774744f7f15e) Importer(2089858483,b0f066a214c2f5e87bad3c948f4d605d) (ScriptedImporter) -> (artifact id: '327c8a7c945d985961dcd6da516d9cf2') in 0.0196572 seconds
Number of updated asset objects reloaded before import = 0Number of asset objects unloaded after import = 0

========================================================================
Received Import Request.
  Time since last request: 0.000168 seconds.
  path: Packages/com.unity.ugui/Runtime/TMP/TextContainer.cs
  artifactKey: Guid(32d40088a6124c578ad6b428df586e2e) Importer(2089858483,b0f066a214c2f5e87bad3c948f4d605d)
Start importing Packages/com.unity.ugui/Runtime/TMP/TextContainer.cs using Guid(32d40088a6124c578ad6b428df586e2e) Importer(2089858483,b0f066a214c2f5e87bad3c948f4d605d) (ScriptedImporter) -> (artifact id: '13cb9e7e9d5b12ce165d9045515422ef') in 0.0218197 seconds
Number of updated asset objects reloaded before import = 0Number of asset objects unloaded after import = 0

========================================================================
Received Import Request.
  Time since last request: 0.000532 seconds.
  path: Packages/com.unity.ugui/PackageConversionData_Assets.json
  artifactKey: Guid(0e0afa652c0031c48896a97b424d027b) Importer(2089858483,b0f066a214c2f5e87bad3c948f4d605d)
Start importing Packages/com.unity.ugui/PackageConversionData_Assets.json using Guid(0e0afa652c0031c48896a97b424d027b) Importer(2089858483,b0f066a214c2f5e87bad3c948f4d605d) (ScriptedImporter) -> (artifact id: '85a46a0639df3930827bd9e2fb55ca94') in 0.0197013 seconds
Number of updated asset objects reloaded before import = 0Number of asset objects unloaded after import = 1

========================================================================
Received Import Request.
  Time since last request: 0.000192 seconds.
  path: Packages/com.unity.ugui/Editor Resources/Textures/btn_AlignJustified.psd
  artifactKey: Guid(92027f7f8cfc4feaa477da0dc38d3d46) Importer(2089858483,b0f066a214c2f5e87bad3c948f4d605d)
Start importing Packages/com.unity.ugui/Editor Resources/Textures/btn_AlignJustified.psd using Guid(92027f7f8cfc4feaa477da0dc38d3d46) Importer(2089858483,b0f066a214c2f5e87bad3c948f4d605d) (ScriptedImporter) -> (artifact id: '87969c6c2df46c2cfe531a9943e97988') in 0.0361628 seconds
Number of updated asset objects reloaded before import = 0Number of asset objects unloaded after import = 1

========================================================================
Received Import Request.
  Time since last request: 0.000081 seconds.
  path: Packages/com.unity.ide.visualstudio/Editor/ProjectGeneration/SdkStyleProjectGeneration.cs
  artifactKey: Guid(e8aed47cdce10fd4cae32fefa2c34f8f) Importer(2089858483,b0f066a214c2f5e87bad3c948f4d605d)
Start importing Packages/com.unity.ide.visualstudio/Editor/ProjectGeneration/SdkStyleProjectGeneration.cs using Guid(e8aed47cdce10fd4cae32fefa2c34f8f) Importer(2089858483,b0f066a214c2f5e87bad3c948f4d605d) (ScriptedImporter) -> (artifact id: '7cff3fc0c21d80eb7d6e70c0a9e45c1f') in 0.0191382 seconds
Number of updated asset objects reloaded before import = 0Number of asset objects unloaded after import = 0

========================================================================
Received Import Request.
  Time since last request: 0.000128 seconds.
  path: Packages/com.unity.ide.visualstudio/Editor/SolutionProperties.cs
  artifactKey: Guid(829d4d6bc39fd1044ba4c5fc2a9c911f) Importer(2089858483,b0f066a214c2f5e87bad3c948f4d605d)
Start importing Packages/com.unity.ide.visualstudio/Editor/SolutionProperties.cs using Guid(829d4d6bc39fd1044ba4c5fc2a9c911f) Importer(2089858483,b0f066a214c2f5e87bad3c948f4d605d) (ScriptedImporter) -> (artifact id: 'af04f4b3fe56082d8b44b4d45d28bf7b') in 0.0189809 seconds
Number of updated asset objects reloaded before import = 0Number of asset objects unloaded after import = 0

========================================================================
Received Import Request.
  Time since last request: 0.000160 seconds.
  path: Packages/com.unity.ugui/Runtime/TMP/FontFeatureCommonGSUB.cs
  artifactKey: Guid(77b2d47bca9376f4a8ae69084a485957) Importer(2089858483,b0f066a214c2f5e87bad3c948f4d605d)
Start importing Packages/com.unity.ugui/Runtime/TMP/FontFeatureCommonGSUB.cs using Guid(77b2d47bca9376f4a8ae69084a485957) Importer(2089858483,b0f066a214c2f5e87bad3c948f4d605d) (ScriptedImporter) -> (artifact id: '173d0c2223b94ff7e4393a02914fc203') in 0.0212939 seconds
Number of updated asset objects reloaded before import = 0Number of asset objects unloaded after import = 0

========================================================================
Received Import Request.
  Time since last request: 0.000029 seconds.
  path: Packages/com.unity.ide.visualstudio/Editor/AssemblyInfo.cs
  artifactKey: Guid(d791d407901442e49862d3aa783ce8af) Importer(2089858483,b0f066a214c2f5e87bad3c948f4d605d)
Start importing Packages/com.unity.ide.visualstudio/Editor/AssemblyInfo.cs using Guid(d791d407901442e49862d3aa783ce8af) Importer(2089858483,b0f066a214c2f5e87bad3c948f4d605d) (ScriptedImporter) -> (artifact id: '6591c8d518c0c58827dd52c400b38404') in 0.0183158 seconds
Number of updated asset objects reloaded before import = 0Number of asset objects unloaded after import = 0

========================================================================
Received Import Request.
  Time since last request: 0.000382 seconds.
  path: Packages/com.unity.ide.visualstudio/Editor/VisualStudioForWindowsInstallation.cs
  artifactKey: Guid(be7ef402265a7a549b2e43c11d1a22c5) Importer(2089858483,b0f066a214c2f5e87bad3c948f4d605d)
Start importing Packages/com.unity.ide.visualstudio/Editor/VisualStudioForWindowsInstallation.cs using Guid(be7ef402265a7a549b2e43c11d1a22c5) Importer(2089858483,b0f066a214c2f5e87bad3c948f4d605d) (ScriptedImporter) -> (artifact id: '1ec6f28f233126441a34d8e51b461a05') in 0.018399 seconds
Number of updated asset objects reloaded before import = 0Number of asset objects unloaded after import = 0

========================================================================
Received Import Request.
  Time since last request: 0.000527 seconds.
  path: Packages/com.unity.collab-proxy/Editor/Views/Filters/Date/DateFilterButtonPanel.cs
  artifactKey: Guid(fcbf1383bda394948a6f807ea4bfa6ee) Importer(2089858483,b0f066a214c2f5e87bad3c948f4d605d)
Start importing Packages/com.unity.collab-proxy/Editor/Views/Filters/Date/DateFilterButtonPanel.cs using Guid(fcbf1383bda394948a6f807ea4bfa6ee) Importer(2089858483,b0f066a214c2f5e87bad3c948f4d605d) (ScriptedImporter) -> (artifact id: 'de14123dd6e9cd8866c5d08ff0bf3a9d') in 0.0235874 seconds
Number of updated asset objects reloaded before import = 0Number of asset objects unloaded after import = 0

========================================================================
Received Import Request.
  Time since last request: 0.000307 seconds.
  path: Packages/com.unity.ugui/Editor/Analytics/UnityEditor.UI.Analytics.asmdef
  artifactKey: Guid(8394c018a82352f41ae354f7bdad54e3) Importer(2089858483,b0f066a214c2f5e87bad3c948f4d605d)
Start importing Packages/com.unity.ugui/Editor/Analytics/UnityEditor.UI.Analytics.asmdef using Guid(8394c018a82352f41ae354f7bdad54e3) Importer(2089858483,b0f066a214c2f5e87bad3c948f4d605d) (ScriptedImporter) -> (artifact id: '5de5bf91a10537669c74813c59849b50') in 0.0232204 seconds
Number of updated asset objects reloaded before import = 0Number of asset objects unloaded after import = 1

========================================================================
Received Import Request.
  Time since last request: 0.000291 seconds.
  path: Packages/com.unity.collab-proxy/Editor/Views/Merge/Developer/MergeTreeHeaderState.cs
  artifactKey: Guid(6c8b04d6403125b4ca51861863f386ee) Importer(2089858483,b0f066a214c2f5e87bad3c948f4d605d)
Start importing Packages/com.unity.collab-proxy/Editor/Views/Merge/Developer/MergeTreeHeaderState.cs using Guid(6c8b04d6403125b4ca51861863f386ee) Importer(2089858483,b0f066a214c2f5e87bad3c948f4d605d) (ScriptedImporter) -> (artifact id: '815c521df2d84d82d87d4d1338b6f1b1') in 0.0239842 seconds
Number of updated asset objects reloaded before import = 0Number of asset objects unloaded after import = 0

========================================================================
Received Import Request.
  Time since last request: 0.000315 seconds.
  path: Packages/com.unity.ugui/Editor/TMP/TMP_SpriteAssetImporter.cs
  artifactKey: Guid(f1ea944dcf8849ebab391e461b99ccb7) Importer(2089858483,b0f066a214c2f5e87bad3c948f4d605d)
Start importing Packages/com.unity.ugui/Editor/TMP/TMP_SpriteAssetImporter.cs using Guid(f1ea944dcf8849ebab391e461b99ccb7) Importer(2089858483,b0f066a214c2f5e87bad3c948f4d605d) (ScriptedImporter) -> (artifact id: '0353adc0ea73b58813afee650aa4835c') in 0.0202983 seconds
Number of updated asset objects reloaded before import = 0Number of asset objects unloaded after import = 0

========================================================================
Received Import Request.
  Time since last request: 0.000222 seconds.
  path: Packages/com.unity.ugui/Runtime/TMP/ITextPreProcessor.cs
  artifactKey: Guid(afc31ad767318c9488de260c166cd21d) Importer(2089858483,b0f066a214c2f5e87bad3c948f4d605d)
Start importing Packages/com.unity.ugui/Runtime/TMP/ITextPreProcessor.cs using Guid(afc31ad767318c9488de260c166cd21d) Importer(2089858483,b0f066a214c2f5e87bad3c948f4d605d) (ScriptedImporter) -> (artifact id: '60c4bd6fa1a4dfe5cee2f9c24a7e71d1') in 0.0249051 seconds
Number of updated asset objects reloaded before import = 0Number of asset objects unloaded after import = 0

========================================================================
Received Import Request.
  Time since last request: 0.000265 seconds.
  path: Packages/com.unity.modules.tilemap/package.ModuleCompilationTrigger
  artifactKey: Guid(a1c42005fe7c5d78585a77ce396a5eea) Importer(2089858483,b0f066a214c2f5e87bad3c948f4d605d)
Start importing Packages/com.unity.modules.tilemap/package.ModuleCompilationTrigger using Guid(a1c42005fe7c5d78585a77ce396a5eea) Importer(2089858483,b0f066a214c2f5e87bad3c948f4d605d) (ScriptedImporter) -> (artifact id: 'a512e1e9862be2b2b3fc05871f2a6fc5') in 0.022236 seconds
Number of updated asset objects reloaded before import = 0Number of asset objects unloaded after import = 1

========================================================================
Received Import Request.
  Time since last request: 0.000165 seconds.
  path: Packages/com.unity.modules.terrainphysics/package.ModuleCompilationTrigger
  artifactKey: Guid(cbb1a39d56ce4d9ac1a46ac505893fa7) Importer(2089858483,b0f066a214c2f5e87bad3c948f4d605d)
Start importing Packages/com.unity.modules.terrainphysics/package.ModuleCompilationTrigger using Guid(cbb1a39d56ce4d9ac1a46ac505893fa7) Importer(2089858483,b0f066a214c2f5e87bad3c948f4d605d) (ScriptedImporter) -> (artifact id: '1a6bd0052ec6e8423abf439a6cfab07d') in 0.0271602 seconds
Number of updated asset objects reloaded before import = 0Number of asset objects unloaded after import = 1

========================================================================
Received Import Request.
  Time since last request: 0.000351 seconds.
  path: Packages/com.unity.collab-proxy/Editor/Views/Merge/Gluon/ChangeCategoryTreeViewItem.cs
  artifactKey: Guid(faf2afd8696f4604f82f46b06b357f06) Importer(2089858483,b0f066a214c2f5e87bad3c948f4d605d)
Start importing Packages/com.unity.collab-proxy/Editor/Views/Merge/Gluon/ChangeCategoryTreeViewItem.cs using Guid(faf2afd8696f4604f82f46b06b357f06) Importer(2089858483,b0f066a214c2f5e87bad3c948f4d605d) (ScriptedImporter) -> (artifact id: '62bdafb39c51a9caa60594587e67d063') in 0.0248841 seconds
Number of updated asset objects reloaded before import = 0Number of asset objects unloaded after import = 0

========================================================================
Received Import Request.
  Time since last request: 0.000176 seconds.
  path: Packages/com.unity.collab-proxy/Lib/Editor/TextMateSharp/Onigwrap/libonigwrap/osx-arm64/libonigwrap.dylib
  artifactKey: Guid(4c6624b0864b74bcb97dee447046746e) Importer(2089858483,b0f066a214c2f5e87bad3c948f4d605d)
Start importing Packages/com.unity.collab-proxy/Lib/Editor/TextMateSharp/Onigwrap/libonigwrap/osx-arm64/libonigwrap.dylib using Guid(4c6624b0864b74bcb97dee447046746e) Importer(2089858483,b0f066a214c2f5e87bad3c948f4d605d) (ScriptedImporter) -> (artifact id: '8a3d8d3835ba37a079995abc15f03b89') in 0.0319722 seconds
Number of updated asset objects reloaded before import = 0Number of asset objects unloaded after import = 0

========================================================================
Received Import Request.
  Time since last request: 0.000177 seconds.
  path: Packages/com.unity.ugui/Runtime/TMP/TMP_LineInfo.cs
  artifactKey: Guid(b6e75d7f429a4e7e9e1ffb4f85cff49f) Importer(2089858483,b0f066a214c2f5e87bad3c948f4d605d)
Start importing Packages/com.unity.ugui/Runtime/TMP/TMP_LineInfo.cs using Guid(b6e75d7f429a4e7e9e1ffb4f85cff49f) Importer(2089858483,b0f066a214c2f5e87bad3c948f4d605d) (ScriptedImporter) -> (artifact id: '10044ed39a9652f7b670834fe5573020') in 0.0270097 seconds
Number of updated asset objects reloaded before import = 0Number of asset objects unloaded after import = 0

========================================================================
Received Import Request.
  Time since last request: 0.000473 seconds.
  path: Packages/com.unity.ugui/Runtime/TMP/TextMeshProUGUI.cs
  artifactKey: Guid(f4688fdb7df04437aeb418b961361dc5) Importer(2089858483,b0f066a214c2f5e87bad3c948f4d605d)
Start importing Packages/com.unity.ugui/Runtime/TMP/TextMeshProUGUI.cs using Guid(f4688fdb7df04437aeb418b961361dc5) Importer(2089858483,b0f066a214c2f5e87bad3c948f4d605d) (ScriptedImporter) -> (artifact id: '73b66eaf1ae516e633b891da167b5e63') in 0.0275839 seconds
Number of updated asset objects reloaded before import = 0Number of asset objects unloaded after import = 1

========================================================================
Received Import Request.
  Time since last request: 0.000043 seconds.
  path: Packages/com.unity.modules.jsonserialize/package.json
  artifactKey: Guid(40bf3cec17fa0b49fe04443c8332d638) Importer(2089858483,b0f066a214c2f5e87bad3c948f4d605d)
Start importing Packages/com.unity.modules.jsonserialize/package.json using Guid(40bf3cec17fa0b49fe04443c8332d638) Importer(2089858483,b0f066a214c2f5e87bad3c948f4d605d) (ScriptedImporter) -> (artifact id: '0be77b961e86a0cdb827e5cc4f0f6726') in 0.0239667 seconds
Number of updated asset objects reloaded before import = 0Number of asset objects unloaded after import = 1

========================================================================
Received Import Request.
  Time since last request: 0.000131 seconds.
  path: Packages/com.unity.ugui/Runtime/TMP/TMP_Style.cs
  artifactKey: Guid(30bed781e402439ab8ce4e3357708115) Importer(2089858483,b0f066a214c2f5e87bad3c948f4d605d)
Start importing Packages/com.unity.ugui/Runtime/TMP/TMP_Style.cs using Guid(30bed781e402439ab8ce4e3357708115) Importer(2089858483,b0f066a214c2f5e87bad3c948f4d605d) (ScriptedImporter) -> (artifact id: 'a271b0c4e6ce1a7b7586f9010d9b85a2') in 0.0296097 seconds
Number of updated asset objects reloaded before import = 0Number of asset objects unloaded after import = 0

========================================================================
Received Import Request.
  Time since last request: 0.000124 seconds.
  path: Packages/com.unity.ugui/Editor Resources/Textures/btn_AlignBaseLine.psd
  artifactKey: Guid(8bc445bb79654bf496c92d0407840a92) Importer(2089858483,b0f066a214c2f5e87bad3c948f4d605d)
Start importing Packages/com.unity.ugui/Editor Resources/Textures/btn_AlignBaseLine.psd using Guid(8bc445bb79654bf496c92d0407840a92) Importer(2089858483,b0f066a214c2f5e87bad3c948f4d605d) (ScriptedImporter) -> (artifact id: 'b5d0643d24745e9cac4c7acbfdb89437') in 0.0450363 seconds
Number of updated asset objects reloaded before import = 0Number of asset objects unloaded after import = 1

========================================================================
Received Import Request.
  Time since last request: 0.000069 seconds.
  path: Packages/com.unity.collab-proxy/Editor/Views/BranchExplorer/Drawing/Shapes/Colors/BrExColors.cs
  artifactKey: Guid(4805ac0c590d4c9a8134f0df52d0fb7c) Importer(2089858483,b0f066a214c2f5e87bad3c948f4d605d)
Start importing Packages/com.unity.collab-proxy/Editor/Views/BranchExplorer/Drawing/Shapes/Colors/BrExColors.cs using Guid(4805ac0c590d4c9a8134f0df52d0fb7c) Importer(2089858483,b0f066a214c2f5e87bad3c948f4d605d) (ScriptedImporter) -> (artifact id: '16b69bfd6c72198f303653e952bca1ea') in 0.0223558 seconds
Number of updated asset objects reloaded before import = 0Number of asset objects unloaded after import = 0

========================================================================
Received Import Request.
  Time since last request: 0.000264 seconds.
  path: Packages/com.unity.ugui/Editor/TMP/TMP_ResourcesLoader.cs
  artifactKey: Guid(7241c7dc25374fc1a6ab3ef9da79c363) Importer(2089858483,b0f066a214c2f5e87bad3c948f4d605d)
Start importing Packages/com.unity.ugui/Editor/TMP/TMP_ResourcesLoader.cs using Guid(7241c7dc25374fc1a6ab3ef9da79c363) Importer(2089858483,b0f066a214c2f5e87bad3c948f4d605d) (ScriptedImporter) -> (artifact id: '0d241c5e9f8345e485ce9d071c3f2fd8') in 0.0217287 seconds
Number of updated asset objects reloaded before import = 0Number of asset objects unloaded after import = 0

========================================================================
Received Import Request.
  Time since last request: 0.000218 seconds.
  path: Packages/com.unity.ugui/Runtime/TMP/TMP_Sprite.cs
  artifactKey: Guid(968a09f153574430a6e15ae975145768) Importer(2089858483,b0f066a214c2f5e87bad3c948f4d605d)
Start importing Packages/com.unity.ugui/Runtime/TMP/TMP_Sprite.cs using Guid(968a09f153574430a6e15ae975145768) Importer(2089858483,b0f066a214c2f5e87bad3c948f4d605d) (ScriptedImporter) -> (artifact id: '6ae5ed4f8b4ad310bf43111076ed053b') in 0.0257232 seconds
Number of updated asset objects reloaded before import = 0Number of asset objects unloaded after import = 0

========================================================================
Received Import Request.
  Time since last request: 0.000244 seconds.
  path: Packages/com.unity.ide.visualstudio/Editor/ProjectGeneration/ProjectGeneration.cs
  artifactKey: Guid(9f3705b95d031e84c82f140d8e980867) Importer(2089858483,b0f066a214c2f5e87bad3c948f4d605d)
Start importing Packages/com.unity.ide.visualstudio/Editor/ProjectGeneration/ProjectGeneration.cs using Guid(9f3705b95d031e84c82f140d8e980867) Importer(2089858483,b0f066a214c2f5e87bad3c948f4d605d) (ScriptedImporter) -> (artifact id: '4b39d8a62f6353499f6b317c96ba4d69') in 0.0215223 seconds
Number of updated asset objects reloaded before import = 0Number of asset objects unloaded after import = 0

========================================================================
Received Import Request.
  Time since last request: 0.000220 seconds.
  path: Packages/com.unity.collab-proxy/Editor/Views/Merge/Developer/IsResolved.cs
  artifactKey: Guid(d6db53f93de967c489902da57a7290a1) Importer(2089858483,b0f066a214c2f5e87bad3c948f4d605d)
Start importing Packages/com.unity.collab-proxy/Editor/Views/Merge/Developer/IsResolved.cs using Guid(d6db53f93de967c489902da57a7290a1) Importer(2089858483,b0f066a214c2f5e87bad3c948f4d605d) (ScriptedImporter) -> (artifact id: '1c36e6aad45ed0a7fc839409e9f1d2b0') in 0.0190614 seconds
Number of updated asset objects reloaded before import = 0Number of asset objects unloaded after import = 0

========================================================================
Received Import Request.
  Time since last request: 0.000320 seconds.
  path: Packages/com.unity.collab-proxy/Editor/Views/BranchExplorer/Options/ConditionalFormat/FormatRuleMenu.cs
  artifactKey: Guid(7213d3635e64d445ebff386b109900c0) Importer(2089858483,b0f066a214c2f5e87bad3c948f4d605d)
Start importing Packages/com.unity.collab-proxy/Editor/Views/BranchExplorer/Options/ConditionalFormat/FormatRuleMenu.cs using Guid(7213d3635e64d445ebff386b109900c0) Importer(2089858483,b0f066a214c2f5e87bad3c948f4d605d) (ScriptedImporter) -> (artifact id: '1ef104286497309e56c899c34fe83ca5') in 0.0211486 seconds
Number of updated asset objects reloaded before import = 0Number of asset objects unloaded after import = 0

========================================================================
Received Import Request.
  Time since last request: 0.002215 seconds.
  path: Packages/com.unity.ugui/Editor Resources/Textures/btn_AlignMiddle_Light.psd
  artifactKey: Guid(066619c9c9c84f89acb1b48c11a7efe2) Importer(2089858483,b0f066a214c2f5e87bad3c948f4d605d)
Start importing Packages/com.unity.ugui/Editor Resources/Textures/btn_AlignMiddle_Light.psd using Guid(066619c9c9c84f89acb1b48c11a7efe2) Importer(2089858483,b0f066a214c2f5e87bad3c948f4d605d) (ScriptedImporter) -> (artifact id: '3fe14164b6aa508ecada3833cd64e4c2') in 0.04023 seconds
Number of updated asset objects reloaded before import = 0Number of asset objects unloaded after import = 1

========================================================================
Received Import Request.
  Time since last request: 0.000211 seconds.
  path: Packages/com.unity.collab-proxy/Editor/Views/CreateWorkspace/Dialogs/RepositoryListViewItem.cs
  artifactKey: Guid(83882c7718d0fc34f8a05141328ceac1) Importer(2089858483,b0f066a214c2f5e87bad3c948f4d605d)
Start importing Packages/com.unity.collab-proxy/Editor/Views/CreateWorkspace/Dialogs/RepositoryListViewItem.cs using Guid(83882c7718d0fc34f8a05141328ceac1) Importer(2089858483,b0f066a214c2f5e87bad3c948f4d605d) (ScriptedImporter) -> (artifact id: 'ec2a8a41b3bafd96b5d119aca02507ce') in 0.0225608 seconds
Number of updated asset objects reloaded before import = 0Number of asset objects unloaded after import = 0

========================================================================
Received Import Request.
  Time since last request: 0.000172 seconds.
  path: Packages/com.unity.collab-proxy/Lib/Editor/TextMateSharp/Onigwrap/libonigwrap/win-arm64/libonigwrap.dll
  artifactKey: Guid(239b82026980e4f48a5b4059f9811bcf) Importer(2089858483,b0f066a214c2f5e87bad3c948f4d605d)
Start importing Packages/com.unity.collab-proxy/Lib/Editor/TextMateSharp/Onigwrap/libonigwrap/win-arm64/libonigwrap.dll using Guid(239b82026980e4f48a5b4059f9811bcf) Importer(2089858483,b0f066a214c2f5e87bad3c948f4d605d) (ScriptedImporter) -> (artifact id: 'a05ea06034327f1af3f42d820c2e224a') in 0.0279827 seconds
Number of updated asset objects reloaded before import = 0Number of asset objects unloaded after import = 0

========================================================================
Received Import Request.
  Time since last request: 0.000142 seconds.
  path: Packages/com.unity.collab-proxy/Editor/Views/Labels/Dialogs/CreateLabelView.cs
  artifactKey: Guid(fb7558aa88a270a4a8bbfc4c9fd91794) Importer(2089858483,b0f066a214c2f5e87bad3c948f4d605d)
Start importing Packages/com.unity.collab-proxy/Editor/Views/Labels/Dialogs/CreateLabelView.cs using Guid(fb7558aa88a270a4a8bbfc4c9fd91794) Importer(2089858483,b0f066a214c2f5e87bad3c948f4d605d) (ScriptedImporter) -> (artifact id: 'eb10838220291f86ab3cffc1fbd73ab2') in 0.0210352 seconds
Number of updated asset objects reloaded before import = 0Number of asset objects unloaded after import = 0

========================================================================
Received Import Request.
  Time since last request: 0.000423 seconds.
  path: Packages/com.unity.ugui/Runtime/TMP/TMP_SpriteGlyph.cs
  artifactKey: Guid(5b5c6a576605b3c4aab7d27193785f27) Importer(2089858483,b0f066a214c2f5e87bad3c948f4d605d)
Start importing Packages/com.unity.ugui/Runtime/TMP/TMP_SpriteGlyph.cs using Guid(5b5c6a576605b3c4aab7d27193785f27) Importer(2089858483,b0f066a214c2f5e87bad3c948f4d605d) (ScriptedImporter) -> (artifact id: 'c0e3fc3e302f8108686e052b4de70628') in 0.0242105 seconds
Number of updated asset objects reloaded before import = 0Number of asset objects unloaded after import = 0

========================================================================
Received Import Request.
  Time since last request: 0.000034 seconds.
  path: Packages/com.unity.ide.visualstudio/Editor/VisualStudioCodeInstallation.cs
  artifactKey: Guid(1be5c96ff30e6ec40876f28fd9ab7e24) Importer(2089858483,b0f066a214c2f5e87bad3c948f4d605d)
Start importing Packages/com.unity.ide.visualstudio/Editor/VisualStudioCodeInstallation.cs using Guid(1be5c96ff30e6ec40876f28fd9ab7e24) Importer(2089858483,b0f066a214c2f5e87bad3c948f4d605d) (ScriptedImporter) -> (artifact id: 'b47874ee974e93f9afbda0c40a9b33d5') in 0.0202266 seconds
Number of updated asset objects reloaded before import = 0Number of asset objects unloaded after import = 0

========================================================================
Received Import Request.
  Time since last request: 0.000229 seconds.
  path: Packages/com.unity.ugui/Editor/TMP/TMP_InputFieldEditor.cs
  artifactKey: Guid(aa160f27c3fe4052a5850e21108811b6) Importer(2089858483,b0f066a214c2f5e87bad3c948f4d605d)
Start importing Packages/com.unity.ugui/Editor/TMP/TMP_InputFieldEditor.cs using Guid(aa160f27c3fe4052a5850e21108811b6) Importer(2089858483,b0f066a214c2f5e87bad3c948f4d605d) (ScriptedImporter) -> (artifact id: '8c1e07c2c4ae1207902558c3baf8dc82') in 0.0229202 seconds
Number of updated asset objects reloaded before import = 0Number of asset objects unloaded after import = 0

========================================================================
Received Import Request.
  Time since last request: 0.000279 seconds.
  path: Packages/com.unity.collab-proxy/Editor/Views/BranchExplorer/Zoom/BrExPan.cs
  artifactKey: Guid(3891e5e2c64b4e9eb3a1da7549427fcf) Importer(2089858483,b0f066a214c2f5e87bad3c948f4d605d)
Start importing Packages/com.unity.collab-proxy/Editor/Views/BranchExplorer/Zoom/BrExPan.cs using Guid(3891e5e2c64b4e9eb3a1da7549427fcf) Importer(2089858483,b0f066a214c2f5e87bad3c948f4d605d) (ScriptedImporter) -> (artifact id: 'c66496e6c08d1fe396a16e3408e38992') in 0.0209055 seconds
Number of updated asset objects reloaded before import = 0Number of asset objects unloaded after import = 0

========================================================================
Received Import Request.
  Time since last request: 0.000191 seconds.
  path: Packages/com.unity.ugui/Runtime/TMP/TMP_TextUtilities.cs
  artifactKey: Guid(4f0ca6874aa74540bb3d4fe5a0f86bcc) Importer(2089858483,b0f066a214c2f5e87bad3c948f4d605d)
Start importing Packages/com.unity.ugui/Runtime/TMP/TMP_TextUtilities.cs using Guid(4f0ca6874aa74540bb3d4fe5a0f86bcc) Importer(2089858483,b0f066a214c2f5e87bad3c948f4d605d) (ScriptedImporter) -> (artifact id: '8042d32e1c81489f8db4f6f33d27a0e3') in 0.0236125 seconds
Number of updated asset objects reloaded before import = 0Number of asset objects unloaded after import = 0

========================================================================
Received Import Request.
  Time since last request: 0.000249 seconds.
  path: Packages/com.unity.collab-proxy/Editor/Views/PendingChanges/Changelists/ChangelistMenu.cs
  artifactKey: Guid(1505aa96e5fd82940aacd76e6431e79d) Importer(2089858483,b0f066a214c2f5e87bad3c948f4d605d)
Start importing Packages/com.unity.collab-proxy/Editor/Views/PendingChanges/Changelists/ChangelistMenu.cs using Guid(1505aa96e5fd82940aacd76e6431e79d) Importer(2089858483,b0f066a214c2f5e87bad3c948f4d605d) (ScriptedImporter) -> (artifact id: 'e1eb898b08bcd5b38729732a5926871e') in 0.0208641 seconds
Number of updated asset objects reloaded before import = 0Number of asset objects unloaded after import = 0

========================================================================
Received Import Request.
  Time since last request: 0.000349 seconds.
  path: Packages/com.unity.ugui/Runtime/TMP/TMP_FontAssetCommon.cs
  artifactKey: Guid(f695b5f9415c40b39ae877eaff41c96e) Importer(2089858483,b0f066a214c2f5e87bad3c948f4d605d)
Start importing Packages/com.unity.ugui/Runtime/TMP/TMP_FontAssetCommon.cs using Guid(f695b5f9415c40b39ae877eaff41c96e) Importer(2089858483,b0f066a214c2f5e87bad3c948f4d605d) (ScriptedImporter) -> (artifact id: '31a9cf4c94fae0d4b2ece3693c3edb4d') in 0.0223432 seconds
Number of updated asset objects reloaded before import = 0Number of asset objects unloaded after import = 0

========================================================================
Received Import Request.
  Time since last request: 0.000032 seconds.
  path: Packages/com.unity.ugui/README.md
  artifactKey: Guid(e0ae6629cc70b514889df37fccb76832) Importer(2089858483,b0f066a214c2f5e87bad3c948f4d605d)
Start importing Packages/com.unity.ugui/README.md using Guid(e0ae6629cc70b514889df37fccb76832) Importer(2089858483,b0f066a214c2f5e87bad3c948f4d605d) (ScriptedImporter) -> (artifact id: '9fb373db18bc98da3fbc901bc1bb72c4') in 0.0324574 seconds
Number of updated asset objects reloaded before import = 0Number of asset objects unloaded after import = 1

========================================================================
Received Import Request.
  Time since last request: 0.000151 seconds.
  path: Packages/com.unity.collab-proxy/Editor/Views/PendingChanges/Dialogs/CreateChangelistDialog.cs
  artifactKey: Guid(5aee5a8d0d126ca48a331d298005381f) Importer(2089858483,b0f066a214c2f5e87bad3c948f4d605d)
Start importing Packages/com.unity.collab-proxy/Editor/Views/PendingChanges/Dialogs/CreateChangelistDialog.cs using Guid(5aee5a8d0d126ca48a331d298005381f) Importer(2089858483,b0f066a214c2f5e87bad3c948f4d605d) (ScriptedImporter) -> (artifact id: '118cef0e548012c62e5dc856eb55523a') in 0.0215857 seconds
Number of updated asset objects reloaded before import = 0Number of asset objects unloaded after import = 0

========================================================================
Received Import Request.
  Time since last request: 0.000237 seconds.
  path: Packages/com.unity.ugui/Runtime/TMP/Unity.TextMeshPro.asmdef
  artifactKey: Guid(6055be8ebefd69e48b49212b09b47b2f) Importer(2089858483,b0f066a214c2f5e87bad3c948f4d605d)
Start importing Packages/com.unity.ugui/Runtime/TMP/Unity.TextMeshPro.asmdef using Guid(6055be8ebefd69e48b49212b09b47b2f) Importer(2089858483,b0f066a214c2f5e87bad3c948f4d605d) (ScriptedImporter) -> (artifact id: 'b51565557cde6141a3c39051a837c9f9') in 0.0291584 seconds
Number of updated asset objects reloaded before import = 0Number of asset objects unloaded after import = 1

========================================================================
Received Import Request.
  Time since last request: 0.000696 seconds.
  path: Packages/com.unity.ide.visualstudio/Editor/Testing/TestResultAdaptor.cs
  artifactKey: Guid(f47f2d030bc1d415a8d15a51dbcc39a2) Importer(2089858483,b0f066a214c2f5e87bad3c948f4d605d)
Start importing Packages/com.unity.ide.visualstudio/Editor/Testing/TestResultAdaptor.cs using Guid(f47f2d030bc1d415a8d15a51dbcc39a2) Importer(2089858483,b0f066a214c2f5e87bad3c948f4d605d) (ScriptedImporter) -> (artifact id: '5ba7ad92b2c0cb769817ed9a252d7e60') in 0.0256449 seconds
Number of updated asset objects reloaded before import = 0Number of asset objects unloaded after import = 0

========================================================================
Received Import Request.
  Time since last request: 0.000137 seconds.
  path: Packages/com.unity.ide.visualstudio/Editor/ProcessRunner.cs
  artifactKey: Guid(957a5f2d2660a894d926660de2a9d577) Importer(2089858483,b0f066a214c2f5e87bad3c948f4d605d)
Start importing Packages/com.unity.ide.visualstudio/Editor/ProcessRunner.cs using Guid(957a5f2d2660a894d926660de2a9d577) Importer(2089858483,b0f066a214c2f5e87bad3c948f4d605d) (ScriptedImporter) -> (artifact id: '3754315bf0b784f36384a237f575206a') in 0.0260734 seconds
Number of updated asset objects reloaded before import = 0Number of asset objects unloaded after import = 0

========================================================================
Received Import Request.
  Time since last request: 0.000038 seconds.
  path: Packages/com.unity.collab-proxy/Editor/Views/BranchExplorer/Virtualization/ChangesetParentLinkVirtualShape.cs
  artifactKey: Guid(e34d4d09700143d698cc4baf1facbf28) Importer(2089858483,b0f066a214c2f5e87bad3c948f4d605d)
Start importing Packages/com.unity.collab-proxy/Editor/Views/BranchExplorer/Virtualization/ChangesetParentLinkVirtualShape.cs using Guid(e34d4d09700143d698cc4baf1facbf28) Importer(2089858483,b0f066a214c2f5e87bad3c948f4d605d) (ScriptedImporter) -> (artifact id: '942e99beb0e9c247c5866623be64fe4b') in 0.0224066 seconds
Number of updated asset objects reloaded before import = 0Number of asset objects unloaded after import = 0

========================================================================
Received Import Request.
  Time since last request: 0.000317 seconds.
  path: Packages/com.unity.ide.visualstudio/Editor/ProjectGeneration/TypeCacheHelper.cs
  artifactKey: Guid(eeb21ffd7b0188542b348935f4b04fe8) Importer(2089858483,b0f066a214c2f5e87bad3c948f4d605d)
Start importing Packages/com.unity.ide.visualstudio/Editor/ProjectGeneration/TypeCacheHelper.cs using Guid(eeb21ffd7b0188542b348935f4b04fe8) Importer(2089858483,b0f066a214c2f5e87bad3c948f4d605d) (ScriptedImporter) -> (artifact id: '6e32e571722a40f79697df8d2d71e65c') in 0.0255232 seconds
Number of updated asset objects reloaded before import = 0Number of asset objects unloaded after import = 0

========================================================================
Received Import Request.
  Time since last request: 0.000127 seconds.
  path: Packages/com.unity.ide.visualstudio/Editor/Messaging/MessageEventArgs.cs
  artifactKey: Guid(275143c81d816ef4286fdc67aabc20c8) Importer(2089858483,b0f066a214c2f5e87bad3c948f4d605d)
Start importing Packages/com.unity.ide.visualstudio/Editor/Messaging/MessageEventArgs.cs using Guid(275143c81d816ef4286fdc67aabc20c8) Importer(2089858483,b0f066a214c2f5e87bad3c948f4d605d) (ScriptedImporter) -> (artifact id: '2b2140409cec2e46c95d5506eca8d748') in 0.0269534 seconds
Number of updated asset objects reloaded before import = 0Number of asset objects unloaded after import = 0

========================================================================
Received Import Request.
  Time since last request: 0.000202 seconds.
  path: Packages/com.unity.ugui/Editor Resources/Textures/btn_AlignMidline_Light.psd
  artifactKey: Guid(bb42b2d967d6427983c901a4ffc8ecd9) Importer(2089858483,b0f066a214c2f5e87bad3c948f4d605d)
Start importing Packages/com.unity.ugui/Editor Resources/Textures/btn_AlignMidline_Light.psd using Guid(bb42b2d967d6427983c901a4ffc8ecd9) Importer(2089858483,b0f066a214c2f5e87bad3c948f4d605d) (ScriptedImporter) -> (artifact id: 'a2026c6f77d088874d5c3606608c90dc') in 0.0362852 seconds
Number of updated asset objects reloaded before import = 0Number of asset objects unloaded after import = 1

========================================================================
Received Import Request.
  Time since last request: 0.000031 seconds.
  path: Packages/com.unity.ugui/Runtime/TMP/TMP_ScrollbarEventHandler.cs
  artifactKey: Guid(34e150112c1c42ac83170b52d898e322) Importer(2089858483,b0f066a214c2f5e87bad3c948f4d605d)
Start importing Packages/com.unity.ugui/Runtime/TMP/TMP_ScrollbarEventHandler.cs using Guid(34e150112c1c42ac83170b52d898e322) Importer(2089858483,b0f066a214c2f5e87bad3c948f4d605d) (ScriptedImporter) -> (artifact id: '4590412432f7dd6fb7fd8ce2b242ec4f') in 0.039298 seconds
Number of updated asset objects reloaded before import = 0Number of asset objects unloaded after import = 0

========================================================================
Received Import Request.
  Time since last request: 0.000787 seconds.
  path: Packages/com.unity.ide.visualstudio/Editor/Messaging/UdpSocket.cs
  artifactKey: Guid(38cb3a4a17d2cfd41926da95ce675934) Importer(2089858483,b0f066a214c2f5e87bad3c948f4d605d)
Start importing Packages/com.unity.ide.visualstudio/Editor/Messaging/UdpSocket.cs using Guid(38cb3a4a17d2cfd41926da95ce675934) Importer(2089858483,b0f066a214c2f5e87bad3c948f4d605d) (ScriptedImporter) -> (artifact id: 'c8bcef986e40581f191b0dcc496a6ecc') in 0.0274669 seconds
Number of updated asset objects reloaded before import = 0Number of asset objects unloaded after import = 0

========================================================================
Received Import Request.
  Time since last request: 0.000251 seconds.
  path: Packages/com.unity.ugui/Editor/UGUI/UnityEditor.UI.asmdef
  artifactKey: Guid(343deaaf83e0cee4ca978e7df0b80d21) Importer(2089858483,b0f066a214c2f5e87bad3c948f4d605d)
Start importing Packages/com.unity.ugui/Editor/UGUI/UnityEditor.UI.asmdef using Guid(343deaaf83e0cee4ca978e7df0b80d21) Importer(2089858483,b0f066a214c2f5e87bad3c948f4d605d) (ScriptedImporter) -> (artifact id: '8b94df65f23f17afa646926bb3f3f24a') in 0.0233535 seconds
Number of updated asset objects reloaded before import = 0Number of asset objects unloaded after import = 1

========================================================================
Received Import Request.
  Time since last request: 0.000087 seconds.
  path: Packages/com.unity.ugui/Tests/Editor/UGUI/RectMask2D/RectMask2DCulling.cs
  artifactKey: Guid(4402dcee6e9969549bf5b33f11533208) Importer(2089858483,b0f066a214c2f5e87bad3c948f4d605d)
Start importing Packages/com.unity.ugui/Tests/Editor/UGUI/RectMask2D/RectMask2DCulling.cs using Guid(4402dcee6e9969549bf5b33f11533208) Importer(2089858483,b0f066a214c2f5e87bad3c948f4d605d) (ScriptedImporter) -> (artifact id: 'aa3d24484058e9e4771e52be2deb6366') in 0.0211239 seconds
Number of updated asset objects reloaded before import = 0Number of asset objects unloaded after import = 0

========================================================================
Received Import Request.
  Time since last request: 0.000223 seconds.
  path: Packages/com.unity.ugui/Runtime/UGUI/EventSystem/EventSystem.cs
  artifactKey: Guid(76c392e42b5098c458856cdf6ecaaaa1) Importer(2089858483,b0f066a214c2f5e87bad3c948f4d605d)
Start importing Packages/com.unity.ugui/Runtime/UGUI/EventSystem/EventSystem.cs using Guid(76c392e42b5098c458856cdf6ecaaaa1) Importer(2089858483,b0f066a214c2f5e87bad3c948f4d605d) (ScriptedImporter) -> (artifact id: '269e44e6336f9a7920fcf6e78f8a923e') in 0.0340439 seconds
Number of updated asset objects reloaded before import = 0Number of asset objects unloaded after import = 0

========================================================================
Received Import Request.
  Time since last request: 0.000272 seconds.
  path: Packages/com.unity.ugui/Tests/Runtime/UGUI/Canvas/RectMask2DWithNestedCanvasCullsUsingCorrectCanvasRect.cs
  artifactKey: Guid(735d54f21944f834f931716514c87a84) Importer(2089858483,b0f066a214c2f5e87bad3c948f4d605d)
Start importing Packages/com.unity.ugui/Tests/Runtime/UGUI/Canvas/RectMask2DWithNestedCanvasCullsUsingCorrectCanvasRect.cs using Guid(735d54f21944f834f931716514c87a84) Importer(2089858483,b0f066a214c2f5e87bad3c948f4d605d) (ScriptedImporter) -> (artifact id: 'c3fdabe94bc561395967d81ff1ba2a7d') in 0.0269205 seconds
Number of updated asset objects reloaded before import = 0Number of asset objects unloaded after import = 0

========================================================================
Received Import Request.
  Time since last request: 0.000197 seconds.
  path: Packages/com.unity.ugui/Runtime/UGUI/EventSystem/EventTrigger.cs
  artifactKey: Guid(d0b148fe25e99eb48b9724523833bab1) Importer(2089858483,b0f066a214c2f5e87bad3c948f4d605d)
Start importing Packages/com.unity.ugui/Runtime/UGUI/EventSystem/EventTrigger.cs using Guid(d0b148fe25e99eb48b9724523833bab1) Importer(2089858483,b0f066a214c2f5e87bad3c948f4d605d) (ScriptedImporter) -> (artifact id: '3a061b7c0a4a21ef9f24a873536f92ee') in 0.0214061 seconds
Number of updated asset objects reloaded before import = 0Number of asset objects unloaded after import = 0

========================================================================
Received Import Request.
  Time since last request: 0.000209 seconds.
  path: Packages/com.unity.ugui/Tests/Runtime/UGUI/NestedLayout/SceneWithNestedLayoutElementsLoadScript.cs
  artifactKey: Guid(a021b6d2ca2e9404b8a4d94343ecd068) Importer(2089858483,b0f066a214c2f5e87bad3c948f4d605d)
Start importing Packages/com.unity.ugui/Tests/Runtime/UGUI/NestedLayout/SceneWithNestedLayoutElementsLoadScript.cs using Guid(a021b6d2ca2e9404b8a4d94343ecd068) Importer(2089858483,b0f066a214c2f5e87bad3c948f4d605d) (ScriptedImporter) -> (artifact id: 'b7880096059aee593d3e03a0ec5ab951') in 0.0204386 seconds
Number of updated asset objects reloaded before import = 0Number of asset objects unloaded after import = 0

========================================================================
Received Import Request.
  Time since last request: 0.000244 seconds.
  path: Packages/com.unity.ugui/Tests/Runtime/UGUI/Slider/SliderTests.cs
  artifactKey: Guid(fc34cd6ea308f3940a729e1a44cd0e82) Importer(2089858483,b0f066a214c2f5e87bad3c948f4d605d)
Start importing Packages/com.unity.ugui/Tests/Runtime/UGUI/Slider/SliderTests.cs using Guid(fc34cd6ea308f3940a729e1a44cd0e82) Importer(2089858483,b0f066a214c2f5e87bad3c948f4d605d) (ScriptedImporter) -> (artifact id: '3cd8fb370189dedce68504886606316c') in 0.021911 seconds
Number of updated asset objects reloaded before import = 0Number of asset objects unloaded after import = 0

========================================================================
Received Import Request.
  Time since last request: 0.000349 seconds.
  path: Packages/com.unity.ugui/Editor/UGUI/UI/PropertyDrawers/ColorBlockDrawer.cs
  artifactKey: Guid(b825fd5f27403b84f97726dd9c5a5e6f) Importer(2089858483,b0f066a214c2f5e87bad3c948f4d605d)
Start importing Packages/com.unity.ugui/Editor/UGUI/UI/PropertyDrawers/ColorBlockDrawer.cs using Guid(b825fd5f27403b84f97726dd9c5a5e6f) Importer(2089858483,b0f066a214c2f5e87bad3c948f4d605d) (ScriptedImporter) -> (artifact id: '1634e6e690d95a603cee4a7dabc809e6') in 0.0215903 seconds
Number of updated asset objects reloaded before import = 0Number of asset objects unloaded after import = 0

========================================================================
Received Import Request.
  Time since last request: 0.000032 seconds.
  path: Packages/com.unity.ugui/Editor/TMP/PropertyDrawers/GlyphRectPropertyDrawer.cs
  artifactKey: Guid(8bc2b083b068f3546a9509c805e0541c) Importer(2089858483,b0f066a214c2f5e87bad3c948f4d605d)
Start importing Packages/com.unity.ugui/Editor/TMP/PropertyDrawers/GlyphRectPropertyDrawer.cs using Guid(8bc2b083b068f3546a9509c805e0541c) Importer(2089858483,b0f066a214c2f5e87bad3c948f4d605d) (ScriptedImporter) -> (artifact id: 'c6fa1be3099b3547b2e2cc1a39690772') in 0.0294789 seconds
Number of updated asset objects reloaded before import = 0Number of asset objects unloaded after import = 0

========================================================================
Received Import Request.
  Time since last request: 0.000115 seconds.
  path: Packages/com.unity.ugui/Runtime/UGUI/UI/Core/Culling/Clipping.cs
  artifactKey: Guid(67e3583b91179094094c6a188b232262) Importer(2089858483,b0f066a214c2f5e87bad3c948f4d605d)
Start importing Packages/com.unity.ugui/Runtime/UGUI/UI/Core/Culling/Clipping.cs using Guid(67e3583b91179094094c6a188b232262) Importer(2089858483,b0f066a214c2f5e87bad3c948f4d605d) (ScriptedImporter) -> (artifact id: '308d52e15434b67d0e83ad7f7e8dd250') in 0.021959 seconds
Number of updated asset objects reloaded before import = 0Number of asset objects unloaded after import = 0

========================================================================
Received Import Request.
  Time since last request: 0.000448 seconds.
  path: Packages/com.unity.ugui/Runtime/UGUI/UI/Core/Layout/HorizontalOrVerticalLayoutGroup.cs
  artifactKey: Guid(a5c214e5846a99242b348c37e49b2f59) Importer(2089858483,b0f066a214c2f5e87bad3c948f4d605d)
Start importing Packages/com.unity.ugui/Runtime/UGUI/UI/Core/Layout/HorizontalOrVerticalLayoutGroup.cs using Guid(a5c214e5846a99242b348c37e49b2f59) Importer(2089858483,b0f066a214c2f5e87bad3c948f4d605d) (ScriptedImporter) -> (artifact id: '33bf567301464e374f7540b1ac20e733') in 0.022043 seconds
Number of updated asset objects reloaded before import = 0Number of asset objects unloaded after import = 0

========================================================================
Received Import Request.
  Time since last request: 0.000271 seconds.
  path: Packages/com.unity.ugui/Tests/Runtime/UGUI/TextEditor/TextEditorTests.cs
  artifactKey: Guid(0dc62a5955cf04ec298a2c3ca4b2edf2) Importer(2089858483,b0f066a214c2f5e87bad3c948f4d605d)
Start importing Packages/com.unity.ugui/Tests/Runtime/UGUI/TextEditor/TextEditorTests.cs using Guid(0dc62a5955cf04ec298a2c3ca4b2edf2) Importer(2089858483,b0f066a214c2f5e87bad3c948f4d605d) (ScriptedImporter) -> (artifact id: 'a2570bc7d57a4d520c038c258f7a9f84') in 0.0243934 seconds
Number of updated asset objects reloaded before import = 0Number of asset objects unloaded after import = 0

========================================================================
Received Import Request.
  Time since last request: 0.000427 seconds.
  path: Packages/com.unity.ugui/Tests/Runtime/UGUI/Canvas/CheckMeshColorsAndColors32Match.cs
  artifactKey: Guid(9390296e78291b543b2f4a9761ef8139) Importer(2089858483,b0f066a214c2f5e87bad3c948f4d605d)
Start importing Packages/com.unity.ugui/Tests/Runtime/UGUI/Canvas/CheckMeshColorsAndColors32Match.cs using Guid(9390296e78291b543b2f4a9761ef8139) Importer(2089858483,b0f066a214c2f5e87bad3c948f4d605d) (ScriptedImporter) -> (artifact id: '675251a22fac57f4aec21f8005417815') in 0.0243627 seconds
Number of updated asset objects reloaded before import = 0Number of asset objects unloaded after import = 0

========================================================================
Received Import Request.
  Time since last request: 0.000165 seconds.
  path: Packages/com.unity.ugui/Tests/Runtime/UGUI/Util/ImageHook.cs
  artifactKey: Guid(5da88f348abcbd94585671a69c672781) Importer(2089858483,b0f066a214c2f5e87bad3c948f4d605d)
Start importing Packages/com.unity.ugui/Tests/Runtime/UGUI/Util/ImageHook.cs using Guid(5da88f348abcbd94585671a69c672781) Importer(2089858483,b0f066a214c2f5e87bad3c948f4d605d) (ScriptedImporter) -> (artifact id: '973a1a66b7fdab671a2f9f0faefd6188') in 0.0321228 seconds
Number of updated asset objects reloaded before import = 0Number of asset objects unloaded after import = 0

========================================================================
Received Import Request.
  Time since last request: 0.000154 seconds.
  path: Packages/com.unity.ugui/Runtime/UGUI/EventSystem/Raycasters/Physics2DRaycaster.cs
  artifactKey: Guid(56666c5a40171f54783dd416a44f42bf) Importer(2089858483,b0f066a214c2f5e87bad3c948f4d605d)
Start importing Packages/com.unity.ugui/Runtime/UGUI/EventSystem/Raycasters/Physics2DRaycaster.cs using Guid(56666c5a40171f54783dd416a44f42bf) Importer(2089858483,b0f066a214c2f5e87bad3c948f4d605d) (ScriptedImporter) -> (artifact id: '251b425840c37121477e68e458817737') in 0.0345352 seconds
Number of updated asset objects reloaded before import = 0Number of asset objects unloaded after import = 0

========================================================================
Received Import Request.
  Time since last request: 0.000351 seconds.
  path: Packages/com.unity.ugui/Editor/UGUI/EventSystem/PhysicsRaycasterEditor.cs
  artifactKey: Guid(e976a5e755c7016418f66e15223c1b90) Importer(2089858483,b0f066a214c2f5e87bad3c948f4d605d)
Start importing Packages/com.unity.ugui/Editor/UGUI/EventSystem/PhysicsRaycasterEditor.cs using Guid(e976a5e755c7016418f66e15223c1b90) Importer(2089858483,b0f066a214c2f5e87bad3c948f4d605d) (ScriptedImporter) -> (artifact id: 'b44d9c0f0164c8e1bde95c934be78953') in 0.0314453 seconds
Number of updated asset objects reloaded before import = 0Number of asset objects unloaded after import = 0

========================================================================
Received Import Request.
  Time since last request: 0.002194 seconds.
  path: Packages/com.unity.ugui/Tests/Runtime/UGUI/Graphic/ImageTests.cs
  artifactKey: Guid(a0bae4ff8f5baf64aad3b92b8aea0603) Importer(2089858483,b0f066a214c2f5e87bad3c948f4d605d)
Start importing Packages/com.unity.ugui/Tests/Runtime/UGUI/Graphic/ImageTests.cs using Guid(a0bae4ff8f5baf64aad3b92b8aea0603) Importer(2089858483,b0f066a214c2f5e87bad3c948f4d605d) (ScriptedImporter) -> (artifact id: '44143c12c7a84a3a2efac97284771c86') in 0.0311561 seconds
Number of updated asset objects reloaded before import = 0Number of asset objects unloaded after import = 0

========================================================================
Received Import Request.
  Time since last request: 0.000246 seconds.
  path: Packages/com.unity.ugui/Editor/UGUI/UI/PropertyDrawers/FontDataDrawer.cs
  artifactKey: Guid(fea12beeeb5a7a448b5e60f50e40975d) Importer(2089858483,b0f066a214c2f5e87bad3c948f4d605d)
Start importing Packages/com.unity.ugui/Editor/UGUI/UI/PropertyDrawers/FontDataDrawer.cs using Guid(fea12beeeb5a7a448b5e60f50e40975d) Importer(2089858483,b0f066a214c2f5e87bad3c948f4d605d) (ScriptedImporter) -> (artifact id: 'e103e176feffe58fed0610ddc0339f7f') in 0.0243084 seconds
Number of updated asset objects reloaded before import = 0Number of asset objects unloaded after import = 0

========================================================================
Received Import Request.
  Time since last request: 0.000468 seconds.
  path: Packages/com.unity.ugui/Tests/Runtime/UGUI/Toggle/ToggleTests.cs
  artifactKey: Guid(14427eecd0bccea468addc3492aaef57) Importer(2089858483,b0f066a214c2f5e87bad3c948f4d605d)
Start importing Packages/com.unity.ugui/Tests/Runtime/UGUI/Toggle/ToggleTests.cs using Guid(14427eecd0bccea468addc3492aaef57) Importer(2089858483,b0f066a214c2f5e87bad3c948f4d605d) (ScriptedImporter) -> (artifact id: '18cf03bd37db3f0be80e2f63842e8167') in 0.0307723 seconds
Number of updated asset objects reloaded before import = 0Number of asset objects unloaded after import = 0

========================================================================
Received Import Request.
  Time since last request: 0.000324 seconds.
  path: Packages/com.unity.ugui/Runtime/UGUI/UI/Core/Culling/RectangularVertexClipper.cs
  artifactKey: Guid(c606041f02fc7d542b1429806872292b) Importer(2089858483,b0f066a214c2f5e87bad3c948f4d605d)
Start importing Packages/com.unity.ugui/Runtime/UGUI/UI/Core/Culling/RectangularVertexClipper.cs using Guid(c606041f02fc7d542b1429806872292b) Importer(2089858483,b0f066a214c2f5e87bad3c948f4d605d) (ScriptedImporter) -> (artifact id: 'bbdaa41cd83f7ae2e7d62d9d694f4ebe') in 0.0347701 seconds
Number of updated asset objects reloaded before import = 0Number of asset objects unloaded after import = 0

========================================================================
Received Import Request.
  Time since last request: 0.000032 seconds.
  path: Packages/com.unity.modules.animation/package.ModuleCompilationTrigger
  artifactKey: Guid(db8e609a39b9b231fccc54e5fa4cbd1b) Importer(2089858483,b0f066a214c2f5e87bad3c948f4d605d)
Start importing Packages/com.unity.modules.animation/package.ModuleCompilationTrigger using Guid(db8e609a39b9b231fccc54e5fa4cbd1b) Importer(2089858483,b0f066a214c2f5e87bad3c948f4d605d) (ScriptedImporter) -> (artifact id: '2b9b93e076f6661d6b60fadf5d9932b9') in 0.0391404 seconds
Number of updated asset objects reloaded before import = 0Number of asset objects unloaded after import = 1

========================================================================
Received Import Request.
  Time since last request: 0.000037 seconds.
  path: Packages/com.unity.ugui/Runtime/UGUI/UI/Core/Navigation.cs
  artifactKey: Guid(61d491d99e9292c4a81d7d01a74781ea) Importer(2089858483,b0f066a214c2f5e87bad3c948f4d605d)
Start importing Packages/com.unity.ugui/Runtime/UGUI/UI/Core/Navigation.cs using Guid(61d491d99e9292c4a81d7d01a74781ea) Importer(2089858483,b0f066a214c2f5e87bad3c948f4d605d) (ScriptedImporter) -> (artifact id: '2d3eaf725b241de78d422e505c017e56') in 0.0303667 seconds
Number of updated asset objects reloaded before import = 0Number of asset objects unloaded after import = 0

========================================================================
Received Import Request.
  Time since last request: 0.000673 seconds.
  path: Packages/com.unity.ugui/Runtime/UGUI/EventSystem/EventTriggerType.cs
  artifactKey: Guid(3fa274f26b1574c40b949e114327022e) Importer(2089858483,b0f066a214c2f5e87bad3c948f4d605d)
Start importing Packages/com.unity.ugui/Runtime/UGUI/EventSystem/EventTriggerType.cs using Guid(3fa274f26b1574c40b949e114327022e) Importer(2089858483,b0f066a214c2f5e87bad3c948f4d605d) (ScriptedImporter) -> (artifact id: '90f7dc19d8d52d59fa5036ef05217b0b') in 0.023844 seconds
Number of updated asset objects reloaded before import = 0Number of asset objects unloaded after import = 0

========================================================================
Received Import Request.
  Time since last request: 0.000548 seconds.
  path: Packages/com.unity.ugui/Editor/TMP/PropertyDrawers/TMP_GlyphPropertyDrawer.cs
  artifactKey: Guid(c4777500b5da6094e956c3d4f04de4db) Importer(2089858483,b0f066a214c2f5e87bad3c948f4d605d)
Start importing Packages/com.unity.ugui/Editor/TMP/PropertyDrawers/TMP_GlyphPropertyDrawer.cs using Guid(c4777500b5da6094e956c3d4f04de4db) Importer(2089858483,b0f066a214c2f5e87bad3c948f4d605d) (ScriptedImporter) -> (artifact id: '95dd2055b4fea4f52034dc078480f46b') in 0.0262472 seconds
Number of updated asset objects reloaded before import = 0Number of asset objects unloaded after import = 0

========================================================================
Received Import Request.
  Time since last request: 0.000443 seconds.
  path: Packages/com.unity.ugui/Editor/UGUI/UI/GridLayoutGroupEditor.cs
  artifactKey: Guid(6a981cd1456bec84b86e1c66773f57f5) Importer(2089858483,b0f066a214c2f5e87bad3c948f4d605d)
Start importing Packages/com.unity.ugui/Editor/UGUI/UI/GridLayoutGroupEditor.cs using Guid(6a981cd1456bec84b86e1c66773f57f5) Importer(2089858483,b0f066a214c2f5e87bad3c948f4d605d) (ScriptedImporter) -> (artifact id: 'bfa96b8ac8d6116dca33a9ee00e518ae') in 0.0251453 seconds
Number of updated asset objects reloaded before import = 0Number of asset objects unloaded after import = 0

========================================================================
Received Import Request.
  Time since last request: 0.000040 seconds.
  path: Packages/com.unity.ugui/Runtime/UGUI/EventSystem/UIElements/WorldDocumentRaycaster.cs
  artifactKey: Guid(2c727e4c005e5114fb3348a38c4cebbf) Importer(2089858483,b0f066a214c2f5e87bad3c948f4d605d)
Start importing Packages/com.unity.ugui/Runtime/UGUI/EventSystem/UIElements/WorldDocumentRaycaster.cs using Guid(2c727e4c005e5114fb3348a38c4cebbf) Importer(2089858483,b0f066a214c2f5e87bad3c948f4d605d) (ScriptedImporter) -> (artifact id: '93fc740a0875fa7f9e50f4ba241641fa') in 0.0522947 seconds
Number of updated asset objects reloaded before import = 0Number of asset objects unloaded after import = 0

========================================================================
Received Import Request.
  Time since last request: 0.000047 seconds.
  path: Packages/com.unity.modules.director/package.json
  artifactKey: Guid(ec02776fe29df900b897106d61977735) Importer(2089858483,b0f066a214c2f5e87bad3c948f4d605d)
Start importing Packages/com.unity.modules.director/package.json using Guid(ec02776fe29df900b897106d61977735) Importer(2089858483,b0f066a214c2f5e87bad3c948f4d605d) (ScriptedImporter) -> (artifact id: '702ad9f769b437a1b1fad00b05177490') in 0.0282221 seconds
Number of updated asset objects reloaded before import = 0Number of asset objects unloaded after import = 1

========================================================================
Received Import Request.
  Time since last request: 0.000076 seconds.
  path: Packages/com.unity.ugui/Runtime/UGUI/EventSystem/InputModules/PointerInputModule.cs
  artifactKey: Guid(cbab8835092323a4389f2dc7d8f6c781) Importer(2089858483,b0f066a214c2f5e87bad3c948f4d605d)
Start importing Packages/com.unity.ugui/Runtime/UGUI/EventSystem/InputModules/PointerInputModule.cs using Guid(cbab8835092323a4389f2dc7d8f6c781) Importer(2089858483,b0f066a214c2f5e87bad3c948f4d605d) (ScriptedImporter) -> (artifact id: 'cee9b5d8f15beb64cc4c4b1c3535bbcf') in 0.029635 seconds
Number of updated asset objects reloaded before import = 0Number of asset objects unloaded after import = 0

========================================================================
Received Import Request.
  Time since last request: 0.000251 seconds.
  path: Packages/com.unity.modules.androidjni/package.ModuleCompilationTrigger
  artifactKey: Guid(c82e859b16636ddd2ca4a1f63fd34938) Importer(2089858483,b0f066a214c2f5e87bad3c948f4d605d)
Start importing Packages/com.unity.modules.androidjni/package.ModuleCompilationTrigger using Guid(c82e859b16636ddd2ca4a1f63fd34938) Importer(2089858483,b0f066a214c2f5e87bad3c948f4d605d) (ScriptedImporter) -> (artifact id: '4caafa7e0adf280e75aa8ec1eca54075') in 0.0216204 seconds
Number of updated asset objects reloaded before import = 0Number of asset objects unloaded after import = 1

========================================================================
Received Import Request.
  Time since last request: 0.000287 seconds.
  path: Packages/com.unity.ugui/Tests/Runtime/UGUI/MaskClipping/RectMask2DClipping.cs
  artifactKey: Guid(529fde071171dfd4e99d45ca81a3ac7b) Importer(2089858483,b0f066a214c2f5e87bad3c948f4d605d)
Start importing Packages/com.unity.ugui/Tests/Runtime/UGUI/MaskClipping/RectMask2DClipping.cs using Guid(529fde071171dfd4e99d45ca81a3ac7b) Importer(2089858483,b0f066a214c2f5e87bad3c948f4d605d) (ScriptedImporter) -> (artifact id: '2d79138396eefdb99efd6007fac4e4cf') in 0.0240526 seconds
Number of updated asset objects reloaded before import = 0Number of asset objects unloaded after import = 0

========================================================================
Received Import Request.
  Time since last request: 0.000121 seconds.
  path: Packages/com.unity.modules.adaptiveperformance/package.json
  artifactKey: Guid(4c413a81cadcce7038e446e56570117e) Importer(2089858483,b0f066a214c2f5e87bad3c948f4d605d)
Start importing Packages/com.unity.modules.adaptiveperformance/package.json using Guid(4c413a81cadcce7038e446e56570117e) Importer(2089858483,b0f066a214c2f5e87bad3c948f4d605d) (ScriptedImporter) -> (artifact id: 'a2a5d1750f918a71b3f36e552a234862') in 0.0191275 seconds
Number of updated asset objects reloaded before import = 0Number of asset objects unloaded after import = 1

========================================================================
Received Import Request.
  Time since last request: 0.000228 seconds.
  path: Packages/com.unity.ugui/Tests/Runtime/TMP/TMP_CanvasTests.cs
  artifactKey: Guid(5348cbfcd4f74699b33fe6b43747a016) Importer(2089858483,b0f066a214c2f5e87bad3c948f4d605d)
Start importing Packages/com.unity.ugui/Tests/Runtime/TMP/TMP_CanvasTests.cs using Guid(5348cbfcd4f74699b33fe6b43747a016) Importer(2089858483,b0f066a214c2f5e87bad3c948f4d605d) (ScriptedImporter) -> (artifact id: 'ba669762fc2c2ebe0f0bfbc6a808c5d1') in 0.0205858 seconds
Number of updated asset objects reloaded before import = 0Number of asset objects unloaded after import = 0

========================================================================
Received Import Request.
  Time since last request: 0.000331 seconds.
  path: Packages/com.unity.ugui/Runtime/UGUI/UI/Core/Culling/IClipRegion.cs
  artifactKey: Guid(371b6b9c8adc50745ace66a6fdf67481) Importer(2089858483,b0f066a214c2f5e87bad3c948f4d605d)
Start importing Packages/com.unity.ugui/Runtime/UGUI/UI/Core/Culling/IClipRegion.cs using Guid(371b6b9c8adc50745ace66a6fdf67481) Importer(2089858483,b0f066a214c2f5e87bad3c948f4d605d) (ScriptedImporter) -> (artifact id: '7e0ae423c131ae08bca0ea10646a27b8') in 0.0207443 seconds
Number of updated asset objects reloaded before import = 0Number of asset objects unloaded after import = 0

========================================================================
Received Import Request.
  Time since last request: 0.000252 seconds.
  path: Packages/com.unity.ugui/Tests/Runtime/UGUI/Canvas/SiblingOrderChangesLayout.cs
  artifactKey: Guid(c32df609537c54c46adf92992a673693) Importer(2089858483,b0f066a214c2f5e87bad3c948f4d605d)
Start importing Packages/com.unity.ugui/Tests/Runtime/UGUI/Canvas/SiblingOrderChangesLayout.cs using Guid(c32df609537c54c46adf92992a673693) Importer(2089858483,b0f066a214c2f5e87bad3c948f4d605d) (ScriptedImporter) -> (artifact id: '964e9924a9dcb6263e403259e419c984') in 0.0187938 seconds
Number of updated asset objects reloaded before import = 0Number of asset objects unloaded after import = 0

========================================================================
Received Import Request.
  Time since last request: 0.000231 seconds.
  path: Packages/com.unity.ugui/Tests/Runtime/UGUI/LayoutGroup/LayoutGroupArrangement.cs
  artifactKey: Guid(e9a32780b69dcdb438da3e3f43202f54) Importer(2089858483,b0f066a214c2f5e87bad3c948f4d605d)
Start importing Packages/com.unity.ugui/Tests/Runtime/UGUI/LayoutGroup/LayoutGroupArrangement.cs using Guid(e9a32780b69dcdb438da3e3f43202f54) Importer(2089858483,b0f066a214c2f5e87bad3c948f4d605d) (ScriptedImporter) -> (artifact id: 'dbfcc5125cbf4499f2eced435c746297') in 0.0175102 seconds
Number of updated asset objects reloaded before import = 0Number of asset objects unloaded after import = 0

========================================================================
Received Import Request.
  Time since last request: 0.000173 seconds.
  path: Packages/com.unity.test-framework/UnityEditor.TestRunner/Api/RunState.cs
  artifactKey: Guid(8bb59cb2f66d156418ca1bd1e2703233) Importer(2089858483,b0f066a214c2f5e87bad3c948f4d605d)
Start importing Packages/com.unity.test-framework/UnityEditor.TestRunner/Api/RunState.cs using Guid(8bb59cb2f66d156418ca1bd1e2703233) Importer(2089858483,b0f066a214c2f5e87bad3c948f4d605d) (ScriptedImporter) -> (artifact id: '505a8ad72190bd28dedc4322fa0edb44') in 0.0188375 seconds
Number of updated asset objects reloaded before import = 0Number of asset objects unloaded after import = 0

========================================================================
Received Import Request.
  Time since last request: 0.000479 seconds.
  path: Packages/com.unity.ugui/Editor/UGUI/UI/ToggleEditor.cs
  artifactKey: Guid(d36a7c7a1ed377c4b8008e53032d7dcf) Importer(2089858483,b0f066a214c2f5e87bad3c948f4d605d)
Start importing Packages/com.unity.ugui/Editor/UGUI/UI/ToggleEditor.cs using Guid(d36a7c7a1ed377c4b8008e53032d7dcf) Importer(2089858483,b0f066a214c2f5e87bad3c948f4d605d) (ScriptedImporter) -> (artifact id: '67a33bd32c5b90c40575f505edb10b9d') in 0.0273739 seconds
Number of updated asset objects reloaded before import = 0Number of asset objects unloaded after import = 0

========================================================================
Received Import Request.
  Time since last request: 0.000465 seconds.
  path: Packages/com.unity.ugui/Editor/UGUI/EventSystem/EventTriggerEditor.cs
  artifactKey: Guid(37b164a494cd92a498526852ecceedef) Importer(2089858483,b0f066a214c2f5e87bad3c948f4d605d)
Start importing Packages/com.unity.ugui/Editor/UGUI/EventSystem/EventTriggerEditor.cs using Guid(37b164a494cd92a498526852ecceedef) Importer(2089858483,b0f066a214c2f5e87bad3c948f4d605d) (ScriptedImporter) -> (artifact id: '90bd4bcb39ae610668719edf0c03315a') in 0.0375948 seconds
Number of updated asset objects reloaded before import = 0Number of asset objects unloaded after import = 0

========================================================================
Received Import Request.
  Time since last request: 0.000033 seconds.
  path: Packages/com.unity.ugui/Runtime/UGUI/EventSystem/EventData/BaseEventData.cs
  artifactKey: Guid(91f495459b6e34f419ac123740d798b1) Importer(2089858483,b0f066a214c2f5e87bad3c948f4d605d)
Start importing Packages/com.unity.ugui/Runtime/UGUI/EventSystem/EventData/BaseEventData.cs using Guid(91f495459b6e34f419ac123740d798b1) Importer(2089858483,b0f066a214c2f5e87bad3c948f4d605d) (ScriptedImporter) -> (artifact id: '2588c32cb76d1ae554defda68a168a84') in 0.0339156 seconds
Number of updated asset objects reloaded before import = 0Number of asset objects unloaded after import = 0

========================================================================
Received Import Request.
  Time since last request: 0.000039 seconds.
  path: Packages/com.unity.ugui/Tests/Editor/TMP/Unity.TextMeshPro.Editor.Tests.asmdef
  artifactKey: Guid(656e461844099ae43a609ff6109b0877) Importer(2089858483,b0f066a214c2f5e87bad3c948f4d605d)
Start importing Packages/com.unity.ugui/Tests/Editor/TMP/Unity.TextMeshPro.Editor.Tests.asmdef using Guid(656e461844099ae43a609ff6109b0877) Importer(2089858483,b0f066a214c2f5e87bad3c948f4d605d) (ScriptedImporter) -> (artifact id: 'aea270220fd273e7200fba6204c3c15d') in 0.0359306 seconds
Number of updated asset objects reloaded before import = 0Number of asset objects unloaded after import = 1

========================================================================
Received Import Request.
  Time since last request: 0.000877 seconds.
  path: Packages/com.unity.ugui/Editor/UGUI/UI/SpriteDrawUtility.cs
  artifactKey: Guid(260b531edc40677429c0198d6961e448) Importer(2089858483,b0f066a214c2f5e87bad3c948f4d605d)
Start importing Packages/com.unity.ugui/Editor/UGUI/UI/SpriteDrawUtility.cs using Guid(260b531edc40677429c0198d6961e448) Importer(2089858483,b0f066a214c2f5e87bad3c948f4d605d) (ScriptedImporter) -> (artifact id: '6d5e117c3d29ea7c2168ebeb7f2fb260') in 0.0529154 seconds
Number of updated asset objects reloaded before import = 0Number of asset objects unloaded after import = 0

========================================================================
Received Import Request.
  Time since last request: 0.000041 seconds.
  path: Packages/com.unity.ugui/Tests/Runtime/UGUI/Image/ImageFilledGenerateWork.cs
  artifactKey: Guid(1a70a790a43cd0d4a96f75746841f764) Importer(2089858483,b0f066a214c2f5e87bad3c948f4d605d)
Start importing Packages/com.unity.ugui/Tests/Runtime/UGUI/Image/ImageFilledGenerateWork.cs using Guid(1a70a790a43cd0d4a96f75746841f764) Importer(2089858483,b0f066a214c2f5e87bad3c948f4d605d) (ScriptedImporter) -> (artifact id: 'bd82d4d430bc8e91972637b46c1b7189') in 0.0365862 seconds
Number of updated asset objects reloaded before import = 0Number of asset objects unloaded after import = 0

========================================================================
Received Import Request.
  Time since last request: 0.000449 seconds.
  path: Packages/com.unity.modules.cloth/package.ModuleCompilationTrigger
  artifactKey: Guid(082fbee38a82835433261a5e9c00e267) Importer(2089858483,b0f066a214c2f5e87bad3c948f4d605d)
Start importing Packages/com.unity.modules.cloth/package.ModuleCompilationTrigger using Guid(082fbee38a82835433261a5e9c00e267) Importer(2089858483,b0f066a214c2f5e87bad3c948f4d605d) (ScriptedImporter) -> (artifact id: '75bbb1a7eee430a7d9858b2f32b611b9') in 0.0939969 seconds
Number of updated asset objects reloaded before import = 0Number of asset objects unloaded after import = 1

========================================================================
Received Import Request.
  Time since last request: 0.001889 seconds.
  path: Packages/com.unity.ugui/Editor/UGUI/UI/HorizontalOrVerticalLayoutGroupEditor.cs
  artifactKey: Guid(cb319974ad8ebd44aa1e1fbb02640b5b) Importer(2089858483,b0f066a214c2f5e87bad3c948f4d605d)
Start importing Packages/com.unity.ugui/Editor/UGUI/UI/HorizontalOrVerticalLayoutGroupEditor.cs using Guid(cb319974ad8ebd44aa1e1fbb02640b5b) Importer(2089858483,b0f066a214c2f5e87bad3c948f4d605d) (ScriptedImporter) -> (artifact id: '5294c5a112492f73008ec3101f80edfb') in 0.0414459 seconds
Number of updated asset objects reloaded before import = 0Number of asset objects unloaded after import = 0

========================================================================
Received Import Request.
  Time since last request: 0.000315 seconds.
  path: Packages/com.unity.ugui/Runtime/UGUI/UI/Core/Utility/VertexHelper.cs
  artifactKey: Guid(c459424081436584c8cec10767f9ac38) Importer(2089858483,b0f066a214c2f5e87bad3c948f4d605d)
Start importing Packages/com.unity.ugui/Runtime/UGUI/UI/Core/Utility/VertexHelper.cs using Guid(c459424081436584c8cec10767f9ac38) Importer(2089858483,b0f066a214c2f5e87bad3c948f4d605d) (ScriptedImporter) -> (artifact id: '19cb4f9c3060ed6437d56a7afb7a3f35') in 0.04774 seconds
Number of updated asset objects reloaded before import = 0Number of asset objects unloaded after import = 0

========================================================================
Received Import Request.
  Time since last request: 0.001286 seconds.
  path: Packages/com.unity.test-framework/UnityEditor.TestRunner/Api/ITestTreeRebuildCallbacks.cs
  artifactKey: Guid(4230e406313f1db43a4b548e7a3ad2e2) Importer(2089858483,b0f066a214c2f5e87bad3c948f4d605d)
Start importing Packages/com.unity.test-framework/UnityEditor.TestRunner/Api/ITestTreeRebuildCallbacks.cs using Guid(4230e406313f1db43a4b548e7a3ad2e2) Importer(2089858483,b0f066a214c2f5e87bad3c948f4d605d) (ScriptedImporter) -> (artifact id: '2b74e9c5bccc10bd652c6a1e36dd9d9e') in 0.0401051 seconds
Number of updated asset objects reloaded before import = 0Number of asset objects unloaded after import = 0

========================================================================
Received Import Request.
  Time since last request: 0.000555 seconds.
  path: Packages/com.unity.ugui/Editor/UGUI/UI/SliderEditor.cs
  artifactKey: Guid(bc98484caab3b6d4facbcff38be93380) Importer(2089858483,b0f066a214c2f5e87bad3c948f4d605d)
Start importing Packages/com.unity.ugui/Editor/UGUI/UI/SliderEditor.cs using Guid(bc98484caab3b6d4facbcff38be93380) Importer(2089858483,b0f066a214c2f5e87bad3c948f4d605d) (ScriptedImporter) -> (artifact id: '9ca7940917c7042fe3b780520aa221ee') in 0.0292148 seconds
Number of updated asset objects reloaded before import = 0Number of asset objects unloaded after import = 0

========================================================================
Received Import Request.
  Time since last request: 0.000452 seconds.
  path: Packages/com.unity.test-framework/UnityEditor.TestRunner/Api/TestMode.cs
  artifactKey: Guid(cad095eccea17b741bc4cd264e7441cd) Importer(2089858483,b0f066a214c2f5e87bad3c948f4d605d)
Start importing Packages/com.unity.test-framework/UnityEditor.TestRunner/Api/TestMode.cs using Guid(cad095eccea17b741bc4cd264e7441cd) Importer(2089858483,b0f066a214c2f5e87bad3c948f4d605d) (ScriptedImporter) -> (artifact id: '8c19bd730b1028f2247bc76f55f5b8ef') in 0.0252088 seconds
Number of updated asset objects reloaded before import = 0Number of asset objects unloaded after import = 0

========================================================================
Received Import Request.
  Time since last request: 0.000041 seconds.
  path: Packages/com.unity.test-framework/UnityEditor.TestRunner/Api/ITestResultAdaptor.cs
  artifactKey: Guid(4f90cfe4bf5cfb44f84a5b11387f2a42) Importer(2089858483,b0f066a214c2f5e87bad3c948f4d605d)
Start importing Packages/com.unity.test-framework/UnityEditor.TestRunner/Api/ITestResultAdaptor.cs using Guid(4f90cfe4bf5cfb44f84a5b11387f2a42) Importer(2089858483,b0f066a214c2f5e87bad3c948f4d605d) (ScriptedImporter) -> (artifact id: '7974aa709ad6dd336f796e8aa8fd2911') in 0.0350932 seconds
Number of updated asset objects reloaded before import = 0Number of asset objects unloaded after import = 0

========================================================================
Received Import Request.
  Time since last request: 0.000477 seconds.
  path: Packages/com.unity.modules.wind/package.json
  artifactKey: Guid(b83f06ac0c0696e9563230865ca72b81) Importer(2089858483,b0f066a214c2f5e87bad3c948f4d605d)
Start importing Packages/com.unity.modules.wind/package.json using Guid(b83f06ac0c0696e9563230865ca72b81) Importer(2089858483,b0f066a214c2f5e87bad3c948f4d605d) (ScriptedImporter) -> (artifact id: '3d6a2a46db4fe2f0d4ff6a4b3fdcdaa6') in 0.0277296 seconds
Number of updated asset objects reloaded before import = 0Number of asset objects unloaded after import = 1

========================================================================
Received Import Request.
  Time since last request: 0.000035 seconds.
  path: Packages/com.unity.test-framework/UnityEditor.TestRunner/Api/ITestAdaptorFactory.cs
  artifactKey: Guid(803abab0f7e17044db56f8760186dbd1) Importer(2089858483,b0f066a214c2f5e87bad3c948f4d605d)
Start importing Packages/com.unity.test-framework/UnityEditor.TestRunner/Api/ITestAdaptorFactory.cs using Guid(803abab0f7e17044db56f8760186dbd1) Importer(2089858483,b0f066a214c2f5e87bad3c948f4d605d) (ScriptedImporter) -> (artifact id: 'd8ef394b88892bf38b9d83c275729804') in 0.0249338 seconds
Number of updated asset objects reloaded before import = 0Number of asset objects unloaded after import = 0

========================================================================
Received Import Request.
  Time since last request: 0.000613 seconds.
  path: Packages/com.unity.ugui/Tests/Editor/UGUI/WrapperWindowFixture.cs
  artifactKey: Guid(fc31799bd6dc1f74a8adfee1acd05a9b) Importer(2089858483,b0f066a214c2f5e87bad3c948f4d605d)
Start importing Packages/com.unity.ugui/Tests/Editor/UGUI/WrapperWindowFixture.cs using Guid(fc31799bd6dc1f74a8adfee1acd05a9b) Importer(2089858483,b0f066a214c2f5e87bad3c948f4d605d) (ScriptedImporter) -> (artifact id: 'ba08e5472e5e03fa1383e1efb6be97a9') in 0.0251051 seconds
Number of updated asset objects reloaded before import = 0Number of asset objects unloaded after import = 0

========================================================================
Received Import Request.
  Time since last request: 0.000755 seconds.
  path: Packages/com.unity.ugui/Runtime/UGUI/Properties/AssemblyInfo.cs
  artifactKey: Guid(7d7bd4bcc815cfb44b9990c29dabdb9f) Importer(2089858483,b0f066a214c2f5e87bad3c948f4d605d)
Start importing Packages/com.unity.ugui/Runtime/UGUI/Properties/AssemblyInfo.cs using Guid(7d7bd4bcc815cfb44b9990c29dabdb9f) Importer(2089858483,b0f066a214c2f5e87bad3c948f4d605d) (ScriptedImporter) -> (artifact id: '8afa37b2a7518d53aceae48b8c8dae6f') in 0.0238367 seconds
Number of updated asset objects reloaded before import = 0Number of asset objects unloaded after import = 0

========================================================================
Received Import Request.
  Time since last request: 0.000057 seconds.
  path: Packages/com.unity.ugui/Runtime/UGUI/UI/Core/Selectable.cs
  artifactKey: Guid(7a98125502f715b4b83cfb77b434e436) Importer(2089858483,b0f066a214c2f5e87bad3c948f4d605d)
Start importing Packages/com.unity.ugui/Runtime/UGUI/UI/Core/Selectable.cs using Guid(7a98125502f715b4b83cfb77b434e436) Importer(2089858483,b0f066a214c2f5e87bad3c948f4d605d) (ScriptedImporter) -> (artifact id: '2b36162f214344e8b21f346309219b0a') in 0.035177 seconds
Number of updated asset objects reloaded before import = 0Number of asset objects unloaded after import = 0

========================================================================
Received Import Request.
  Time since last request: 0.000059 seconds.
  path: Packages/com.unity.ugui/Tests/Editor/UGUI/RectMask2D/RectTransformPosition.cs
  artifactKey: Guid(fb660d86885d89a499a31c6ab6f26269) Importer(2089858483,b0f066a214c2f5e87bad3c948f4d605d)
Start importing Packages/com.unity.ugui/Tests/Editor/UGUI/RectMask2D/RectTransformPosition.cs using Guid(fb660d86885d89a499a31c6ab6f26269) Importer(2089858483,b0f066a214c2f5e87bad3c948f4d605d) (ScriptedImporter) -> (artifact id: '99908117504485eb8f4ebd586e7bdd58') in 0.0274503 seconds
Number of updated asset objects reloaded before import = 0Number of asset objects unloaded after import = 0

========================================================================
Received Import Request.
  Time since last request: 0.000224 seconds.
  path: Packages/com.unity.ugui/Tests/Runtime/UGUI/Graphic/NavigationTests.cs
  artifactKey: Guid(aca0de4e74f6cdf41a449805f345a4f5) Importer(2089858483,b0f066a214c2f5e87bad3c948f4d605d)
Start importing Packages/com.unity.ugui/Tests/Runtime/UGUI/Graphic/NavigationTests.cs using Guid(aca0de4e74f6cdf41a449805f345a4f5) Importer(2089858483,b0f066a214c2f5e87bad3c948f4d605d) (ScriptedImporter) -> (artifact id: '7a64bd38e50b2455fa0b753f03d9afe9') in 0.0194554 seconds
Number of updated asset objects reloaded before import = 0Number of asset objects unloaded after import = 0

========================================================================
Received Import Request.
  Time since last request: 0.000414 seconds.
  path: Packages/com.unity.ugui/Editor/UGUI/UI/LayoutElementEditor.cs
  artifactKey: Guid(7693972390a4ed841a986c0c452c1058) Importer(2089858483,b0f066a214c2f5e87bad3c948f4d605d)
Start importing Packages/com.unity.ugui/Editor/UGUI/UI/LayoutElementEditor.cs using Guid(7693972390a4ed841a986c0c452c1058) Importer(2089858483,b0f066a214c2f5e87bad3c948f4d605d) (ScriptedImporter) -> (artifact id: '97f3fce061bf422133b93b23bc14357e') in 0.0298491 seconds
Number of updated asset objects reloaded before import = 0Number of asset objects unloaded after import = 0

========================================================================
Received Import Request.
  Time since last request: 0.000289 seconds.
  path: Packages/com.unity.ugui/Runtime/UGUI/UI/Core/FontData.cs
  artifactKey: Guid(13cd966480ec3354bb318ee1aeccff6f) Importer(2089858483,b0f066a214c2f5e87bad3c948f4d605d)
Start importing Packages/com.unity.ugui/Runtime/UGUI/UI/Core/FontData.cs using Guid(13cd966480ec3354bb318ee1aeccff6f) Importer(2089858483,b0f066a214c2f5e87bad3c948f4d605d) (ScriptedImporter) -> (artifact id: '112efa82666d08b391aa5bcf624777f0') in 0.0221562 seconds
Number of updated asset objects reloaded before import = 0Number of asset objects unloaded after import = 0

========================================================================
Received Import Request.
  Time since last request: 0.000381 seconds.
  path: Packages/com.unity.test-framework/UnityEditor.TestRunner/CommandLineParser/ICommandLineOption.cs
  artifactKey: Guid(f445ca0c614a846449fcd8ae648c24e2) Importer(2089858483,b0f066a214c2f5e87bad3c948f4d605d)
Start importing Packages/com.unity.test-framework/UnityEditor.TestRunner/CommandLineParser/ICommandLineOption.cs using Guid(f445ca0c614a846449fcd8ae648c24e2) Importer(2089858483,b0f066a214c2f5e87bad3c948f4d605d) (ScriptedImporter) -> (artifact id: '6b5619ecd27f948bc19ba1fc9bbd326f') in 0.0264837 seconds
Number of updated asset objects reloaded before import = 0Number of asset objects unloaded after import = 0

========================================================================
Received Import Request.
  Time since last request: 0.000245 seconds.
  path: Packages/com.unity.test-framework/UnityEditor.TestRunner/Api/TestAdaptor.cs
  artifactKey: Guid(6e0e62db88935c74288c97c907243bd0) Importer(2089858483,b0f066a214c2f5e87bad3c948f4d605d)
Start importing Packages/com.unity.test-framework/UnityEditor.TestRunner/Api/TestAdaptor.cs using Guid(6e0e62db88935c74288c97c907243bd0) Importer(2089858483,b0f066a214c2f5e87bad3c948f4d605d) (ScriptedImporter) -> (artifact id: 'd49317dda975fbbded0a8ce42df561ab') in 0.0202743 seconds
Number of updated asset objects reloaded before import = 0Number of asset objects unloaded after import = 0

========================================================================
Received Import Request.
  Time since last request: 0.000187 seconds.
  path: Packages/com.unity.test-framework/UnityEditor.TestRunner/UnityTestProtocol/Messages/EditorVersionMessage.cs
  artifactKey: Guid(02ef7627f46742ae83071af8bf22f1af) Importer(2089858483,b0f066a214c2f5e87bad3c948f4d605d)
Start importing Packages/com.unity.test-framework/UnityEditor.TestRunner/UnityTestProtocol/Messages/EditorVersionMessage.cs using Guid(02ef7627f46742ae83071af8bf22f1af) Importer(2089858483,b0f066a214c2f5e87bad3c948f4d605d) (ScriptedImporter) -> (artifact id: 'a36bc363269dab63790d0a9d4cc4d1fe') in 0.0237334 seconds
Number of updated asset objects reloaded before import = 0Number of asset objects unloaded after import = 0

========================================================================
Received Import Request.
  Time since last request: 0.000480 seconds.
  path: Packages/com.unity.test-framework/UnityEngine.TestRunner/NUnitExtensions/Commands/BeforeAfterTestCommandState.cs
  artifactKey: Guid(7f65567c9026afb4db5de3355accc636) Importer(2089858483,b0f066a214c2f5e87bad3c948f4d605d)
Start importing Packages/com.unity.test-framework/UnityEngine.TestRunner/NUnitExtensions/Commands/BeforeAfterTestCommandState.cs using Guid(7f65567c9026afb4db5de3355accc636) Importer(2089858483,b0f066a214c2f5e87bad3c948f4d605d) (ScriptedImporter) -> (artifact id: 'd98e11570244d05e3bb31258d341e2d0') in 0.020721 seconds
Number of updated asset objects reloaded before import = 0Number of asset objects unloaded after import = 0

========================================================================
Received Import Request.
  Time since last request: 0.000275 seconds.
  path: Packages/com.unity.test-framework/UnityEngine.TestRunner/TestRunner/Messages/IEditModeTestYieldInstruction.cs
  artifactKey: Guid(898bc38486fc899428fbe5bd6adfe473) Importer(2089858483,b0f066a214c2f5e87bad3c948f4d605d)
Start importing Packages/com.unity.test-framework/UnityEngine.TestRunner/TestRunner/Messages/IEditModeTestYieldInstruction.cs using Guid(898bc38486fc899428fbe5bd6adfe473) Importer(2089858483,b0f066a214c2f5e87bad3c948f4d605d) (ScriptedImporter) -> (artifact id: 'f7ba0c33c49d71e969410c7b6dc04acd') in 0.0288029 seconds
Number of updated asset objects reloaded before import = 0Number of asset objects unloaded after import = 0

========================================================================
Received Import Request.
  Time since last request: 0.000036 seconds.
  path: Packages/com.unity.test-framework/UnityEditor.TestRunner/GUI/Controls/ISelectionDropDownContentProvider.cs
  artifactKey: Guid(c2247a4dfeae4607949780b219a7d3c8) Importer(2089858483,b0f066a214c2f5e87bad3c948f4d605d)
Start importing Packages/com.unity.test-framework/UnityEditor.TestRunner/GUI/Controls/ISelectionDropDownContentProvider.cs using Guid(c2247a4dfeae4607949780b219a7d3c8) Importer(2089858483,b0f066a214c2f5e87bad3c948f4d605d) (ScriptedImporter) -> (artifact id: 'ff505f43f1c4ada70e4adea3a23d69f0') in 0.0243721 seconds
Number of updated asset objects reloaded before import = 0Number of asset objects unloaded after import = 0

========================================================================
Received Import Request.
  Time since last request: 0.000377 seconds.
  path: Packages/com.unity.test-framework/UnityEditor.TestRunner/TestRun/Tasks/SaveUndoIndexTask.cs
  artifactKey: Guid(cc0ce06a7515c044bb8db4c75db84114) Importer(2089858483,b0f066a214c2f5e87bad3c948f4d605d)
Start importing Packages/com.unity.test-framework/UnityEditor.TestRunner/TestRun/Tasks/SaveUndoIndexTask.cs using Guid(cc0ce06a7515c044bb8db4c75db84114) Importer(2089858483,b0f066a214c2f5e87bad3c948f4d605d) (ScriptedImporter) -> (artifact id: 'dfd76c2e9c61c289fa04bf8fd05a4636') in 0.0202866 seconds
Number of updated asset objects reloaded before import = 0Number of asset objects unloaded after import = 0

========================================================================
Received Import Request.
  Time since last request: 0.000138 seconds.
  path: Packages/com.unity.ide.vscode/Editor/VSCodeScriptEditor.cs
  artifactKey: Guid(ac3f13489022aa34d861a0320a6917b9) Importer(2089858483,b0f066a214c2f5e87bad3c948f4d605d)
Start importing Packages/com.unity.ide.vscode/Editor/VSCodeScriptEditor.cs using Guid(ac3f13489022aa34d861a0320a6917b9) Importer(2089858483,b0f066a214c2f5e87bad3c948f4d605d) (ScriptedImporter) -> (artifact id: '4ae9190678c8524dcb252b99003e8807') in 0.0219851 seconds
Number of updated asset objects reloaded before import = 0Number of asset objects unloaded after import = 0

========================================================================
Received Import Request.
  Time since last request: 0.000232 seconds.
  path: Packages/com.unity.multiplayer.center/Editor/Analytics/AnalyticsUtils.cs
  artifactKey: Guid(54407f5deee4439eb1885bee01956e9c) Importer(2089858483,b0f066a214c2f5e87bad3c948f4d605d)
Start importing Packages/com.unity.multiplayer.center/Editor/Analytics/AnalyticsUtils.cs using Guid(54407f5deee4439eb1885bee01956e9c) Importer(2089858483,b0f066a214c2f5e87bad3c948f4d605d) (ScriptedImporter) -> (artifact id: 'cba50d8e7c075003f367029c6a5111c0') in 0.0218442 seconds
Number of updated asset objects reloaded before import = 0Number of asset objects unloaded after import = 0

========================================================================
Received Import Request.
  Time since last request: 0.000163 seconds.
  path: Packages/com.unity.test-framework/UnityEngine.TestRunner/NUnitExtensions/Runner/WorkItemFactory.cs
  artifactKey: Guid(5c15bf0966eb95847a4260d830a30d30) Importer(2089858483,b0f066a214c2f5e87bad3c948f4d605d)
Start importing Packages/com.unity.test-framework/UnityEngine.TestRunner/NUnitExtensions/Runner/WorkItemFactory.cs using Guid(5c15bf0966eb95847a4260d830a30d30) Importer(2089858483,b0f066a214c2f5e87bad3c948f4d605d) (ScriptedImporter) -> (artifact id: '29e32e8f3a43b3710c557e3e9d35b536') in 0.0209922 seconds
Number of updated asset objects reloaded before import = 0Number of asset objects unloaded after import = 0

========================================================================
Received Import Request.
  Time since last request: 0.000083 seconds.
  path: Packages/com.unity.test-framework/UnityEngine.TestRunner/NUnitExtensions/Attributes/PreservedValuesAttribute.cs
  artifactKey: Guid(528c8790cf844716aead80624be893aa) Importer(2089858483,b0f066a214c2f5e87bad3c948f4d605d)
Start importing Packages/com.unity.test-framework/UnityEngine.TestRunner/NUnitExtensions/Attributes/PreservedValuesAttribute.cs using Guid(528c8790cf844716aead80624be893aa) Importer(2089858483,b0f066a214c2f5e87bad3c948f4d605d) (ScriptedImporter) -> (artifact id: 'a05a571a94c1df7d166cbe46dfcd3996') in 0.0186816 seconds
Number of updated asset objects reloaded before import = 0Number of asset objects unloaded after import = 0

========================================================================
Received Import Request.
  Time since last request: 0.000211 seconds.
  path: Packages/com.unity.test-framework/UnityEditor.TestRunner/TestRunner/EditorEnumeratorTestWorkItem.cs
  artifactKey: Guid(1ebc1994f9a3d5649a1201d3a84b38df) Importer(2089858483,b0f066a214c2f5e87bad3c948f4d605d)
Start importing Packages/com.unity.test-framework/UnityEditor.TestRunner/TestRunner/EditorEnumeratorTestWorkItem.cs using Guid(1ebc1994f9a3d5649a1201d3a84b38df) Importer(2089858483,b0f066a214c2f5e87bad3c948f4d605d) (ScriptedImporter) -> (artifact id: '38b2aa18aa27a328bd124936b0419514') in 0.0195622 seconds
Number of updated asset objects reloaded before import = 0Number of asset objects unloaded after import = 0

========================================================================
Received Import Request.
  Time since last request: 0.000290 seconds.
  path: Packages/com.unity.multiplayer.center/Common/IOnboardingSectionAnalyticsProvider.cs
  artifactKey: Guid(833328f3bcf144cc94f92e286e86b427) Importer(2089858483,b0f066a214c2f5e87bad3c948f4d605d)
Start importing Packages/com.unity.multiplayer.center/Common/IOnboardingSectionAnalyticsProvider.cs using Guid(833328f3bcf144cc94f92e286e86b427) Importer(2089858483,b0f066a214c2f5e87bad3c948f4d605d) (ScriptedImporter) -> (artifact id: 'ab30bb2ffbada6fafbd4d9d00fcf0b84') in 0.0225923 seconds
Number of updated asset objects reloaded before import = 0Number of asset objects unloaded after import = 0

========================================================================
Received Import Request.
  Time since last request: 0.000135 seconds.
  path: Packages/com.unity.test-framework/UnityEditor.TestRunner/TestRun/TestJobRunner.cs
  artifactKey: Guid(0b677ddfd54046c498a20446baa4f932) Importer(2089858483,b0f066a214c2f5e87bad3c948f4d605d)
Start importing Packages/com.unity.test-framework/UnityEditor.TestRunner/TestRun/TestJobRunner.cs using Guid(0b677ddfd54046c498a20446baa4f932) Importer(2089858483,b0f066a214c2f5e87bad3c948f4d605d) (ScriptedImporter) -> (artifact id: '39c7c784ed45b04c6f88d7db40052b82') in 0.0178858 seconds
Number of updated asset objects reloaded before import = 0Number of asset objects unloaded after import = 0

========================================================================
Received Import Request.
  Time since last request: 0.000301 seconds.
  path: Packages/com.unity.test-framework/UnityEditor.TestRunner/GUI/Controls/BitUtility.cs
  artifactKey: Guid(24a5f331fec74c9aa9e1e5d74b5a9589) Importer(2089858483,b0f066a214c2f5e87bad3c948f4d605d)
Start importing Packages/com.unity.test-framework/UnityEditor.TestRunner/GUI/Controls/BitUtility.cs using Guid(24a5f331fec74c9aa9e1e5d74b5a9589) Importer(2089858483,b0f066a214c2f5e87bad3c948f4d605d) (ScriptedImporter) -> (artifact id: 'a5eeede77932db317ab7ab26b1f64957') in 0.019638 seconds
Number of updated asset objects reloaded before import = 0Number of asset objects unloaded after import = 0

========================================================================
Received Import Request.
  Time since last request: 0.000232 seconds.
  path: Packages/com.unity.modules.assetbundle/package.ModuleCompilationTrigger
  artifactKey: Guid(222fc39b0c85d800342910da2cd64781) Importer(2089858483,b0f066a214c2f5e87bad3c948f4d605d)
Start importing Packages/com.unity.modules.assetbundle/package.ModuleCompilationTrigger using Guid(222fc39b0c85d800342910da2cd64781) Importer(2089858483,b0f066a214c2f5e87bad3c948f4d605d) (ScriptedImporter) -> (artifact id: '33b5ebcb508798b6411c0fbd66257690') in 0.0178907 seconds
Number of updated asset objects reloaded before import = 0Number of asset objects unloaded after import = 1

========================================================================
Received Import Request.
  Time since last request: 0.000265 seconds.
  path: Packages/com.unity.test-framework/UnityEditor.TestRunner/TestRun/Tasks/Events/RunStartedInvocationEvent.cs
  artifactKey: Guid(59267e29055f657429098a57e13debe1) Importer(2089858483,b0f066a214c2f5e87bad3c948f4d605d)
Start importing Packages/com.unity.test-framework/UnityEditor.TestRunner/TestRun/Tasks/Events/RunStartedInvocationEvent.cs using Guid(59267e29055f657429098a57e13debe1) Importer(2089858483,b0f066a214c2f5e87bad3c948f4d605d) (ScriptedImporter) -> (artifact id: '987ef62e48d305eada792efa63af74ce') in 0.0249833 seconds
Number of updated asset objects reloaded before import = 0Number of asset objects unloaded after import = 0

========================================================================
Received Import Request.
  Time since last request: 0.000399 seconds.
  path: Packages/com.unity.test-framework/UnityEngine.TestRunner/Utils/IPostBuildCleanup.cs
  artifactKey: Guid(ff67c526455160f4690a44f74dee4cbe) Importer(2089858483,b0f066a214c2f5e87bad3c948f4d605d)
Start importing Packages/com.unity.test-framework/UnityEngine.TestRunner/Utils/IPostBuildCleanup.cs using Guid(ff67c526455160f4690a44f74dee4cbe) Importer(2089858483,b0f066a214c2f5e87bad3c948f4d605d) (ScriptedImporter) -> (artifact id: 'f0f1403329ee70ef9cded8a56c83939a') in 0.0219829 seconds
Number of updated asset objects reloaded before import = 0Number of asset objects unloaded after import = 0

========================================================================
Received Import Request.
  Time since last request: 0.000179 seconds.
  path: Packages/com.unity.modules.xr/package.json
  artifactKey: Guid(2c814623cb42764d304be0c5ddd03ceb) Importer(2089858483,b0f066a214c2f5e87bad3c948f4d605d)
Start importing Packages/com.unity.modules.xr/package.json using Guid(2c814623cb42764d304be0c5ddd03ceb) Importer(2089858483,b0f066a214c2f5e87bad3c948f4d605d) (ScriptedImporter) -> (artifact id: '28fd36e48db8213243e2d1eadc35442f') in 0.0229641 seconds
Number of updated asset objects reloaded before import = 0Number of asset objects unloaded after import = 1

========================================================================
Received Import Request.
  Time since last request: 0.000054 seconds.
  path: Packages/com.unity.test-framework/UnityEditor.TestRunner/TestRun/Tasks/PerformUndoTask.cs
  artifactKey: Guid(fb1abebffd37bd4458c84e15a5d7ab04) Importer(2089858483,b0f066a214c2f5e87bad3c948f4d605d)
Start importing Packages/com.unity.test-framework/UnityEditor.TestRunner/TestRun/Tasks/PerformUndoTask.cs using Guid(fb1abebffd37bd4458c84e15a5d7ab04) Importer(2089858483,b0f066a214c2f5e87bad3c948f4d605d) (ScriptedImporter) -> (artifact id: 'd998a61595be2f4b77501222cbc31c59') in 0.0227812 seconds
Number of updated asset objects reloaded before import = 0Number of asset objects unloaded after import = 0

========================================================================
Received Import Request.
  Time since last request: 0.000191 seconds.
  path: Packages/com.unity.test-framework/UnityEngine.TestRunner/NUnitExtensions/Attributes/UnitySetUpAttribute.cs
  artifactKey: Guid(cc6401f13df54ba44bfd7cdc93c7d64d) Importer(2089858483,b0f066a214c2f5e87bad3c948f4d605d)
Start importing Packages/com.unity.test-framework/UnityEngine.TestRunner/NUnitExtensions/Attributes/UnitySetUpAttribute.cs using Guid(cc6401f13df54ba44bfd7cdc93c7d64d) Importer(2089858483,b0f066a214c2f5e87bad3c948f4d605d) (ScriptedImporter) -> (artifact id: '1fbbf507f08b3c220c8e9d1e17cf749d') in 0.0173252 seconds
Number of updated asset objects reloaded before import = 0Number of asset objects unloaded after import = 0

========================================================================
Received Import Request.
  Time since last request: 0.000197 seconds.
  path: Packages/com.unity.test-framework/UnityEditor.TestRunner/TestLaunchers/PlatformSetup/AndroidPlatformSetup.cs
  artifactKey: Guid(961642509dec50b44a293d26240140ec) Importer(2089858483,b0f066a214c2f5e87bad3c948f4d605d)
Start importing Packages/com.unity.test-framework/UnityEditor.TestRunner/TestLaunchers/PlatformSetup/AndroidPlatformSetup.cs using Guid(961642509dec50b44a293d26240140ec) Importer(2089858483,b0f066a214c2f5e87bad3c948f4d605d) (ScriptedImporter) -> (artifact id: '8027e069820d5f0a9aaa78eecdae8e49') in 0.0219465 seconds
Number of updated asset objects reloaded before import = 0Number of asset objects unloaded after import = 0

========================================================================
Received Import Request.
  Time since last request: 0.000036 seconds.
  path: Packages/com.unity.test-framework/UnityEngine.TestRunner/TestRunner/Callbacks/PlayModeRunnerCallback.cs
  artifactKey: Guid(3cf5cb9e1ef590c48b1f919f2a7bd895) Importer(2089858483,b0f066a214c2f5e87bad3c948f4d605d)
Start importing Packages/com.unity.test-framework/UnityEngine.TestRunner/TestRunner/Callbacks/PlayModeRunnerCallback.cs using Guid(3cf5cb9e1ef590c48b1f919f2a7bd895) Importer(2089858483,b0f066a214c2f5e87bad3c948f4d605d) (ScriptedImporter) -> (artifact id: 'dc6d3a5c139c867bd542ced99bb9f85b') in 0.0239192 seconds
Number of updated asset objects reloaded before import = 0Number of asset objects unloaded after import = 0

========================================================================
Received Import Request.
  Time since last request: 0.000212 seconds.
  path: Packages/com.unity.test-framework/UnityEditor.TestRunner/GUI/Views/TestListGUIBase.cs
  artifactKey: Guid(b8abb41ceb6f62c45a00197ae59224c1) Importer(2089858483,b0f066a214c2f5e87bad3c948f4d605d)
Start importing Packages/com.unity.test-framework/UnityEditor.TestRunner/GUI/Views/TestListGUIBase.cs using Guid(b8abb41ceb6f62c45a00197ae59224c1) Importer(2089858483,b0f066a214c2f5e87bad3c948f4d605d) (ScriptedImporter) -> (artifact id: 'c0eab26eb859b235ac378b8acab9e17c') in 0.0206458 seconds
Number of updated asset objects reloaded before import = 0Number of asset objects unloaded after import = 0

========================================================================
Received Import Request.
  Time since last request: 0.001158 seconds.
  path: Packages/com.unity.test-framework/UnityEngine.TestRunner/NUnitExtensions/Commands/RetryCommand.cs
  artifactKey: Guid(f180b12c4cff494c91056caa03f9c109) Importer(2089858483,b0f066a214c2f5e87bad3c948f4d605d)
Start importing Packages/com.unity.test-framework/UnityEngine.TestRunner/NUnitExtensions/Commands/RetryCommand.cs using Guid(f180b12c4cff494c91056caa03f9c109) Importer(2089858483,b0f066a214c2f5e87bad3c948f4d605d) (ScriptedImporter) -> (artifact id: 'c2e84324ee073a48a3a5dc4c1d953cc5') in 0.0250044 seconds
Number of updated asset objects reloaded before import = 0Number of asset objects unloaded after import = 0

========================================================================
Received Import Request.
  Time since last request: 0.000229 seconds.
  path: Packages/com.unity.test-framework/UnityEditor.TestRunner/TestLaunchers/Helpers/PrebuildSetupAttributeFinder.cs
  artifactKey: Guid(3c4ccfb0896bcf44da13e152b267aa49) Importer(2089858483,b0f066a214c2f5e87bad3c948f4d605d)
Start importing Packages/com.unity.test-framework/UnityEditor.TestRunner/TestLaunchers/Helpers/PrebuildSetupAttributeFinder.cs using Guid(3c4ccfb0896bcf44da13e152b267aa49) Importer(2089858483,b0f066a214c2f5e87bad3c948f4d605d) (ScriptedImporter) -> (artifact id: '3139cdf285fa845690d07d9a17a60c4b') in 0.019906 seconds
Number of updated asset objects reloaded before import = 0Number of asset objects unloaded after import = 0

========================================================================
Received Import Request.
  Time since last request: 0.000373 seconds.
  path: Packages/com.unity.test-framework/UnityEditor.TestRunner/GUI/TestAssets/ITestScriptAssetsCreator.cs
  artifactKey: Guid(e7f72702c2f04b999739380ef9c0de5f) Importer(2089858483,b0f066a214c2f5e87bad3c948f4d605d)
Start importing Packages/com.unity.test-framework/UnityEditor.TestRunner/GUI/TestAssets/ITestScriptAssetsCreator.cs using Guid(e7f72702c2f04b999739380ef9c0de5f) Importer(2089858483,b0f066a214c2f5e87bad3c948f4d605d) (ScriptedImporter) -> (artifact id: 'c70cdb4809d848a68fcc8015b6e9184c') in 0.0191701 seconds
Number of updated asset objects reloaded before import = 0Number of asset objects unloaded after import = 0

========================================================================
Received Import Request.
  Time since last request: 0.000234 seconds.
  path: Packages/com.unity.test-framework/UnityEditor.TestRunner/TestRun/Tasks/Scene/RestoreSceneSetupTask.cs
  artifactKey: Guid(337f28535644395459f6de8c60d9db37) Importer(2089858483,b0f066a214c2f5e87bad3c948f4d605d)
Start importing Packages/com.unity.test-framework/UnityEditor.TestRunner/TestRun/Tasks/Scene/RestoreSceneSetupTask.cs using Guid(337f28535644395459f6de8c60d9db37) Importer(2089858483,b0f066a214c2f5e87bad3c948f4d605d) (ScriptedImporter) -> (artifact id: '8b977cd6deff04383caebda405ca69e9') in 0.0215241 seconds
Number of updated asset objects reloaded before import = 0Number of asset objects unloaded after import = 0

========================================================================
Received Import Request.
  Time since last request: 0.000193 seconds.
  path: Packages/com.unity.test-framework/UnityEngine.TestRunner/TestRunner/TestTaskWrapper.cs
  artifactKey: Guid(5aec7938f118041779fb739b38477100) Importer(2089858483,b0f066a214c2f5e87bad3c948f4d605d)
Start importing Packages/com.unity.test-framework/UnityEngine.TestRunner/TestRunner/TestTaskWrapper.cs using Guid(5aec7938f118041779fb739b38477100) Importer(2089858483,b0f066a214c2f5e87bad3c948f4d605d) (ScriptedImporter) -> (artifact id: '2f6911c76fb0d511dc37af249bc0e216') in 0.020834 seconds
Number of updated asset objects reloaded before import = 0Number of asset objects unloaded after import = 0

========================================================================
Received Import Request.
  Time since last request: 0.000221 seconds.
  path: Packages/com.unity.test-framework/UnityEditor.TestRunner/TestRun/Tasks/RegisterFilesForCleanupVerificationTask.cs
  artifactKey: Guid(a398fde47a0349a40a9bdf8988c392c9) Importer(2089858483,b0f066a214c2f5e87bad3c948f4d605d)
Start importing Packages/com.unity.test-framework/UnityEditor.TestRunner/TestRun/Tasks/RegisterFilesForCleanupVerificationTask.cs using Guid(a398fde47a0349a40a9bdf8988c392c9) Importer(2089858483,b0f066a214c2f5e87bad3c948f4d605d) (ScriptedImporter) -> (artifact id: 'da121291d69ba4172d546958a70639f5') in 0.0247466 seconds
Number of updated asset objects reloaded before import = 0Number of asset objects unloaded after import = 0

========================================================================
Received Import Request.
  Time since last request: 0.000247 seconds.
  path: Packages/com.unity.test-framework/UnityEditor.TestRunner/GUI/TestAssets/ICustomScriptAssemblyMappingFinder.cs
  artifactKey: Guid(0cd0deb81d984e58952ccd7e1dd6b2bb) Importer(2089858483,b0f066a214c2f5e87bad3c948f4d605d)
Start importing Packages/com.unity.test-framework/UnityEditor.TestRunner/GUI/TestAssets/ICustomScriptAssemblyMappingFinder.cs using Guid(0cd0deb81d984e58952ccd7e1dd6b2bb) Importer(2089858483,b0f066a214c2f5e87bad3c948f4d605d) (ScriptedImporter) -> (artifact id: '49981a7080f9aefa7094c1b7ac0a8477') in 0.0212533 seconds
Number of updated asset objects reloaded before import = 0Number of asset objects unloaded after import = 0

========================================================================
Received Import Request.
  Time since last request: 0.000244 seconds.
  path: Packages/com.unity.test-framework/UnityEditor.TestRunner/TestRunner/Callbacks/WindowResultUpdaterDataHolder.cs
  artifactKey: Guid(82075836be5e0c64bbe84e1f9436682e) Importer(2089858483,b0f066a214c2f5e87bad3c948f4d605d)
Start importing Packages/com.unity.test-framework/UnityEditor.TestRunner/TestRunner/Callbacks/WindowResultUpdaterDataHolder.cs using Guid(82075836be5e0c64bbe84e1f9436682e) Importer(2089858483,b0f066a214c2f5e87bad3c948f4d605d) (ScriptedImporter) -> (artifact id: 'da10027b930e7c96643cb6698d62b22a') in 0.0182865 seconds
Number of updated asset objects reloaded before import = 0Number of asset objects unloaded after import = 0

========================================================================
Received Import Request.
  Time since last request: 0.000200 seconds.
  path: Packages/com.unity.test-framework/UnityEngine.TestRunner/NUnitExtensions/Commands/EnumerableTestMethodCommand.cs
  artifactKey: Guid(19a6f000f81e24c4a826c1abd43e77c7) Importer(2089858483,b0f066a214c2f5e87bad3c948f4d605d)
Start importing Packages/com.unity.test-framework/UnityEngine.TestRunner/NUnitExtensions/Commands/EnumerableTestMethodCommand.cs using Guid(19a6f000f81e24c4a826c1abd43e77c7) Importer(2089858483,b0f066a214c2f5e87bad3c948f4d605d) (ScriptedImporter) -> (artifact id: '998e4f1753d7abdd4d2014173cc605c3') in 0.0239446 seconds
Number of updated asset objects reloaded before import = 0Number of asset objects unloaded after import = 0

========================================================================
Received Import Request.
  Time since last request: 0.000318 seconds.
  path: Packages/com.unity.test-framework/UnityEngine.TestRunner/Assertions/AllocatingGCMemoryConstraint.cs
  artifactKey: Guid(d09858396dd7adb4bbdb22ea0c8c3a37) Importer(2089858483,b0f066a214c2f5e87bad3c948f4d605d)
Start importing Packages/com.unity.test-framework/UnityEngine.TestRunner/Assertions/AllocatingGCMemoryConstraint.cs using Guid(d09858396dd7adb4bbdb22ea0c8c3a37) Importer(2089858483,b0f066a214c2f5e87bad3c948f4d605d) (ScriptedImporter) -> (artifact id: 'eb5663198ab41200d6c0479b676e11ca') in 0.0213438 seconds
Number of updated asset objects reloaded before import = 0Number of asset objects unloaded after import = 0

========================================================================
Received Import Request.
  Time since last request: 0.000194 seconds.
  path: Packages/com.unity.test-framework/UnityEngine.TestRunner/Utils/IPrebuildSetup.cs
  artifactKey: Guid(acc16f0c684508f44813662a300c574b) Importer(2089858483,b0f066a214c2f5e87bad3c948f4d605d)
Start importing Packages/com.unity.test-framework/UnityEngine.TestRunner/Utils/IPrebuildSetup.cs using Guid(acc16f0c684508f44813662a300c574b) Importer(2089858483,b0f066a214c2f5e87bad3c948f4d605d) (ScriptedImporter) -> (artifact id: '7bd9b2f08a6ae523fe60e870d82fd3e7') in 0.0232643 seconds
Number of updated asset objects reloaded before import = 0Number of asset objects unloaded after import = 0

========================================================================
Received Import Request.
  Time since last request: 0.000258 seconds.
  path: Packages/com.unity.test-framework/UnityEditor.TestRunner/TestLaunchers/EditModeLauncherContextSettings.cs
  artifactKey: Guid(a582090813554df479fb9ca03e9857d3) Importer(2089858483,b0f066a214c2f5e87bad3c948f4d605d)
Start importing Packages/com.unity.test-framework/UnityEditor.TestRunner/TestLaunchers/EditModeLauncherContextSettings.cs using Guid(a582090813554df479fb9ca03e9857d3) Importer(2089858483,b0f066a214c2f5e87bad3c948f4d605d) (ScriptedImporter) -> (artifact id: '382cf62ce0157cea757afcdff3c6fcab') in 0.0186006 seconds
Number of updated asset objects reloaded before import = 0Number of asset objects unloaded after import = 0

========================================================================
Received Import Request.
  Time since last request: 0.000283 seconds.
  path: Packages/com.unity.multiplayer.center/Editor/Unity.Multiplayer.Center.Editor.asmdef
  artifactKey: Guid(be17709716f1648caa5de6d0c38103ed) Importer(2089858483,b0f066a214c2f5e87bad3c948f4d605d)
Start importing Packages/com.unity.multiplayer.center/Editor/Unity.Multiplayer.Center.Editor.asmdef using Guid(be17709716f1648caa5de6d0c38103ed) Importer(2089858483,b0f066a214c2f5e87bad3c948f4d605d) (ScriptedImporter) -> (artifact id: '2bf53621fa91484bf0bc561a6894fcdb') in 0.0169249 seconds
Number of updated asset objects reloaded before import = 0Number of asset objects unloaded after import = 1

========================================================================
Received Import Request.
  Time since last request: 0.000034 seconds.
  path: Packages/com.unity.test-framework/UnityEditor.TestRunner/UnityTestProtocol/Messages/BuildSettingsMessage.cs
  artifactKey: Guid(3b3dcba2081245eb916aee8fd3459fc8) Importer(2089858483,b0f066a214c2f5e87bad3c948f4d605d)
Start importing Packages/com.unity.test-framework/UnityEditor.TestRunner/UnityTestProtocol/Messages/BuildSettingsMessage.cs using Guid(3b3dcba2081245eb916aee8fd3459fc8) Importer(2089858483,b0f066a214c2f5e87bad3c948f4d605d) (ScriptedImporter) -> (artifact id: '9a25124ba9dd791547c1f9ad09da0263') in 0.0254881 seconds
Number of updated asset objects reloaded before import = 0Number of asset objects unloaded after import = 0

========================================================================
Received Import Request.
  Time since last request: 0.000273 seconds.
  path: Packages/com.unity.test-framework/UnityEngine.TestRunner/Utils/Vector4ComparerWithEqualsOperator.cs
  artifactKey: Guid(44100f5f60f351348b9719b46d46cebe) Importer(2089858483,b0f066a214c2f5e87bad3c948f4d605d)
Start importing Packages/com.unity.test-framework/UnityEngine.TestRunner/Utils/Vector4ComparerWithEqualsOperator.cs using Guid(44100f5f60f351348b9719b46d46cebe) Importer(2089858483,b0f066a214c2f5e87bad3c948f4d605d) (ScriptedImporter) -> (artifact id: 'e54e2661b435c1976ed59293716937ee') in 0.0202761 seconds
Number of updated asset objects reloaded before import = 0Number of asset objects unloaded after import = 0

========================================================================
Received Import Request.
  Time since last request: 0.000296 seconds.
  path: Packages/com.unity.test-framework/UnityEditor.TestRunner/NUnitExtension/Attributes/TestPlayerBuildModifierAttribute.cs
  artifactKey: Guid(dd57b1176859fc84e93586103d3b5f73) Importer(2089858483,b0f066a214c2f5e87bad3c948f4d605d)
Start importing Packages/com.unity.test-framework/UnityEditor.TestRunner/NUnitExtension/Attributes/TestPlayerBuildModifierAttribute.cs using Guid(dd57b1176859fc84e93586103d3b5f73) Importer(2089858483,b0f066a214c2f5e87bad3c948f4d605d) (ScriptedImporter) -> (artifact id: 'bea6471620eedf48835206ab5f781135') in 0.0194796 seconds
Number of updated asset objects reloaded before import = 0Number of asset objects unloaded after import = 0

========================================================================
Received Import Request.
  Time since last request: 0.000150 seconds.
  path: Packages/com.unity.test-framework/UnityEngine.TestRunner/Utils/CoroutineRunner.cs
  artifactKey: Guid(24a158219395ebf44a60547b97784ddc) Importer(2089858483,b0f066a214c2f5e87bad3c948f4d605d)
Start importing Packages/com.unity.test-framework/UnityEngine.TestRunner/Utils/CoroutineRunner.cs using Guid(24a158219395ebf44a60547b97784ddc) Importer(2089858483,b0f066a214c2f5e87bad3c948f4d605d) (ScriptedImporter) -> (artifact id: 'a3e90b6c574115287d8715b2ee78f36a') in 0.0249806 seconds
Number of updated asset objects reloaded before import = 0Number of asset objects unloaded after import = 0

========================================================================
Received Import Request.
  Time since last request: 0.000202 seconds.
  path: Packages/com.unity.test-framework/UnityEditor.TestRunner/CommandLineTest/TestState.cs
  artifactKey: Guid(317f06562c344e22991ba4117cf7b71c) Importer(2089858483,b0f066a214c2f5e87bad3c948f4d605d)
Start importing Packages/com.unity.test-framework/UnityEditor.TestRunner/CommandLineTest/TestState.cs using Guid(317f06562c344e22991ba4117cf7b71c) Importer(2089858483,b0f066a214c2f5e87bad3c948f4d605d) (ScriptedImporter) -> (artifact id: 'f9758b1219564269b43ff29ffe97cad9') in 0.0210957 seconds
Number of updated asset objects reloaded before import = 0Number of asset objects unloaded after import = 0

========================================================================
Received Import Request.
  Time since last request: 0.000387 seconds.
  path: Packages/com.unity.test-framework/UnityEditor.TestRunner/TestRun/Tasks/ExitPlayModeTask.cs
  artifactKey: Guid(5842bd968af34a328bb5a3f3c78db54a) Importer(2089858483,b0f066a214c2f5e87bad3c948f4d605d)
Start importing Packages/com.unity.test-framework/UnityEditor.TestRunner/TestRun/Tasks/ExitPlayModeTask.cs using Guid(5842bd968af34a328bb5a3f3c78db54a) Importer(2089858483,b0f066a214c2f5e87bad3c948f4d605d) (ScriptedImporter) -> (artifact id: '4b677feca76c5091c2cbe80e8423e36c') in 0.028452 seconds
Number of updated asset objects reloaded before import = 0Number of asset objects unloaded after import = 0

========================================================================
Received Import Request.
  Time since last request: 0.000229 seconds.
  path: Packages/com.unity.test-framework/UnityEditor.TestRunner/TestRun/RequiredTestRunDataMissingException.cs
  artifactKey: Guid(416b65350c010294db54ceca7fd02072) Importer(2089858483,b0f066a214c2f5e87bad3c948f4d605d)
Start importing Packages/com.unity.test-framework/UnityEditor.TestRunner/TestRun/RequiredTestRunDataMissingException.cs using Guid(416b65350c010294db54ceca7fd02072) Importer(2089858483,b0f066a214c2f5e87bad3c948f4d605d) (ScriptedImporter) -> (artifact id: 'c4926053cc21562bf5b09d1fea670de7') in 0.0218718 seconds
Number of updated asset objects reloaded before import = 0Number of asset objects unloaded after import = 0

========================================================================
Received Import Request.
  Time since last request: 0.000259 seconds.
  path: Packages/com.unity.test-framework/UnityEngine.TestRunner/TestRunner/RemoteHelpers/PlayerConnectionMessageIds.cs
  artifactKey: Guid(41d60936b62cc6d4ca7fe628b22b0e40) Importer(2089858483,b0f066a214c2f5e87bad3c948f4d605d)
Start importing Packages/com.unity.test-framework/UnityEngine.TestRunner/TestRunner/RemoteHelpers/PlayerConnectionMessageIds.cs using Guid(41d60936b62cc6d4ca7fe628b22b0e40) Importer(2089858483,b0f066a214c2f5e87bad3c948f4d605d) (ScriptedImporter) -> (artifact id: '2c4d78b8e8b57d53a1dc4d9c614ec428') in 0.0234994 seconds
Number of updated asset objects reloaded before import = 0Number of asset objects unloaded after import = 0

========================================================================
Received Import Request.
  Time since last request: 0.000204 seconds.
  path: Packages/com.unity.test-framework/UnityEngine.TestRunner/TestRunner/RemoteHelpers/RemoteTestResultData.cs
  artifactKey: Guid(03e4d63665d06f04c8a6cf68133c1592) Importer(2089858483,b0f066a214c2f5e87bad3c948f4d605d)
Start importing Packages/com.unity.test-framework/UnityEngine.TestRunner/TestRunner/RemoteHelpers/RemoteTestResultData.cs using Guid(03e4d63665d06f04c8a6cf68133c1592) Importer(2089858483,b0f066a214c2f5e87bad3c948f4d605d) (ScriptedImporter) -> (artifact id: '46f0b6394834045fd78d21715191586a') in 0.0208151 seconds
Number of updated asset objects reloaded before import = 0Number of asset objects unloaded after import = 0

========================================================================
Received Import Request.
  Time since last request: 0.000197 seconds.
  path: Packages/com.unity.multiplayer.center/Editor/Questionnaire/QuestionnaireObject.cs
  artifactKey: Guid(c3677cd9ede84e78b2fff6331c6301da) Importer(2089858483,b0f066a214c2f5e87bad3c948f4d605d)
Start importing Packages/com.unity.multiplayer.center/Editor/Questionnaire/QuestionnaireObject.cs using Guid(c3677cd9ede84e78b2fff6331c6301da) Importer(2089858483,b0f066a214c2f5e87bad3c948f4d605d) (ScriptedImporter) -> (artifact id: 'b5245223d4ea81cf55fd67bcf2fd8341') in 0.0208687 seconds
Number of updated asset objects reloaded before import = 0Number of asset objects unloaded after import = 0

========================================================================
Received Import Request.
  Time since last request: 0.000211 seconds.
  path: Packages/com.unity.test-framework/UnityEditor.TestRunner/TestLaunchers/RemotePlayerLogController.cs
  artifactKey: Guid(edd2a1fe1acbbde43aad39862bb3f4a8) Importer(2089858483,b0f066a214c2f5e87bad3c948f4d605d)
Start importing Packages/com.unity.test-framework/UnityEditor.TestRunner/TestLaunchers/RemotePlayerLogController.cs using Guid(edd2a1fe1acbbde43aad39862bb3f4a8) Importer(2089858483,b0f066a214c2f5e87bad3c948f4d605d) (ScriptedImporter) -> (artifact id: '7852474ef7a7f51d0d00a0dacba58458') in 0.025189 seconds
Number of updated asset objects reloaded before import = 0Number of asset objects unloaded after import = 0

========================================================================
Received Import Request.
  Time since last request: 0.000219 seconds.
  path: Packages/com.unity.test-framework/UnityEditor.TestRunner/TestRunner/Utils/EditorCompilationInterfaceProxy.cs
  artifactKey: Guid(c9b23632c77de204abfe8bf7168d48c0) Importer(2089858483,b0f066a214c2f5e87bad3c948f4d605d)
Start importing Packages/com.unity.test-framework/UnityEditor.TestRunner/TestRunner/Utils/EditorCompilationInterfaceProxy.cs using Guid(c9b23632c77de204abfe8bf7168d48c0) Importer(2089858483,b0f066a214c2f5e87bad3c948f4d605d) (ScriptedImporter) -> (artifact id: 'd65d45fabac7ec6bf124c96044393729') in 0.0216971 seconds
Number of updated asset objects reloaded before import = 0Number of asset objects unloaded after import = 0

========================================================================
Received Import Request.
  Time since last request: 0.000174 seconds.
  path: Packages/com.unity.multiplayer.center/Editor/Features/PackageManagement.cs
  artifactKey: Guid(676a3852811f4199813ce7f6dbac6880) Importer(2089858483,b0f066a214c2f5e87bad3c948f4d605d)
Start importing Packages/com.unity.multiplayer.center/Editor/Features/PackageManagement.cs using Guid(676a3852811f4199813ce7f6dbac6880) Importer(2089858483,b0f066a214c2f5e87bad3c948f4d605d) (ScriptedImporter) -> (artifact id: 'dd350c6de2c73c98e7809eba2eb1dd0c') in 0.0250503 seconds
Number of updated asset objects reloaded before import = 0Number of asset objects unloaded after import = 0

========================================================================
Received Import Request.
  Time since last request: 0.000200 seconds.
  path: Packages/com.unity.test-framework/UnityEditor.TestRunner/NUnitExtension/TestRunnerStateSerializer.cs
  artifactKey: Guid(124533853216377448d786fd7c725701) Importer(2089858483,b0f066a214c2f5e87bad3c948f4d605d)
Start importing Packages/com.unity.test-framework/UnityEditor.TestRunner/NUnitExtension/TestRunnerStateSerializer.cs using Guid(124533853216377448d786fd7c725701) Importer(2089858483,b0f066a214c2f5e87bad3c948f4d605d) (ScriptedImporter) -> (artifact id: '98c4fd530bee41cb538541a4bcc4efe3') in 0.0347329 seconds
Number of updated asset objects reloaded before import = 0Number of asset objects unloaded after import = 0

========================================================================
Received Import Request.
  Time since last request: 0.000240 seconds.
  path: Packages/com.unity.test-framework/UnityEditor.TestRunner/CommandLineTest/SettingsBuilder.cs
  artifactKey: Guid(b7468a027a77337478e133b40b42b4f9) Importer(2089858483,b0f066a214c2f5e87bad3c948f4d605d)
Start importing Packages/com.unity.test-framework/UnityEditor.TestRunner/CommandLineTest/SettingsBuilder.cs using Guid(b7468a027a77337478e133b40b42b4f9) Importer(2089858483,b0f066a214c2f5e87bad3c948f4d605d) (ScriptedImporter) -> (artifact id: 'a29e01e9ae2936f5ccc311de10053749') in 0.0218887 seconds
Number of updated asset objects reloaded before import = 0Number of asset objects unloaded after import = 0

========================================================================
Received Import Request.
  Time since last request: 0.000190 seconds.
  path: Packages/com.unity.test-framework/UnityEditor.TestRunner/GUI/IAssetsDatabaseHelper.cs
  artifactKey: Guid(208e46d59ff6e304db0318377d20f5a1) Importer(2089858483,b0f066a214c2f5e87bad3c948f4d605d)
Start importing Packages/com.unity.test-framework/UnityEditor.TestRunner/GUI/IAssetsDatabaseHelper.cs using Guid(208e46d59ff6e304db0318377d20f5a1) Importer(2089858483,b0f066a214c2f5e87bad3c948f4d605d) (ScriptedImporter) -> (artifact id: '6a020c2f906cd3e21b89a12c85cfb33b') in 0.0194228 seconds
Number of updated asset objects reloaded before import = 0Number of asset objects unloaded after import = 0

========================================================================
Received Import Request.
  Time since last request: 0.000218 seconds.
  path: Packages/com.unity.test-framework/UnityEditor.TestRunner/TestRun/Tasks/Events/RegisterCallbackDelegatorEventsTask.cs
  artifactKey: Guid(311d065aced2092409deadf0c0934f61) Importer(2089858483,b0f066a214c2f5e87bad3c948f4d605d)
Start importing Packages/com.unity.test-framework/UnityEditor.TestRunner/TestRun/Tasks/Events/RegisterCallbackDelegatorEventsTask.cs using Guid(311d065aced2092409deadf0c0934f61) Importer(2089858483,b0f066a214c2f5e87bad3c948f4d605d) (ScriptedImporter) -> (artifact id: '1a47c8ba9cdb60787eaded88a4e87320') in 0.0336335 seconds
Number of updated asset objects reloaded before import = 0Number of asset objects unloaded after import = 0

========================================================================
Received Import Request.
  Time since last request: 0.000409 seconds.
  path: Packages/com.unity.test-framework/UnityEngine.TestRunner/NUnitExtensions/Commands/SetUpTearDownCommand.cs
  artifactKey: Guid(e0db3f3921670cd4ca2e925737c3fba4) Importer(2089858483,b0f066a214c2f5e87bad3c948f4d605d)
Start importing Packages/com.unity.test-framework/UnityEngine.TestRunner/NUnitExtensions/Commands/SetUpTearDownCommand.cs using Guid(e0db3f3921670cd4ca2e925737c3fba4) Importer(2089858483,b0f066a214c2f5e87bad3c948f4d605d) (ScriptedImporter) -> (artifact id: 'cefcc868cf4ea6039067eedb57662f1e') in 0.0231102 seconds
Number of updated asset objects reloaded before import = 0Number of asset objects unloaded after import = 0

========================================================================
Received Import Request.
  Time since last request: 0.000619 seconds.
  path: Packages/com.unity.test-framework/UnityEngine.TestRunner/Assertions/UnityTestTimeoutException.cs
  artifactKey: Guid(ffb335140c799c4408411d81789fb05c) Importer(2089858483,b0f066a214c2f5e87bad3c948f4d605d)
Start importing Packages/com.unity.test-framework/UnityEngine.TestRunner/Assertions/UnityTestTimeoutException.cs using Guid(ffb335140c799c4408411d81789fb05c) Importer(2089858483,b0f066a214c2f5e87bad3c948f4d605d) (ScriptedImporter) -> (artifact id: '07e46ae4e2b305b0b33afedadb924b84') in 0.0228653 seconds
Number of updated asset objects reloaded before import = 0Number of asset objects unloaded after import = 0

========================================================================
Received Import Request.
  Time since last request: 0.000331 seconds.
  path: Packages/com.unity.test-framework/UnityEditor.TestRunner/UnityTestProtocol/Data/PlayerSettings.cs
  artifactKey: Guid(d52ad1cdc75642419ac24e88b43a3821) Importer(2089858483,b0f066a214c2f5e87bad3c948f4d605d)
Start importing Packages/com.unity.test-framework/UnityEditor.TestRunner/UnityTestProtocol/Data/PlayerSettings.cs using Guid(d52ad1cdc75642419ac24e88b43a3821) Importer(2089858483,b0f066a214c2f5e87bad3c948f4d605d) (ScriptedImporter) -> (artifact id: 'f5c11564b645659848b62c1ff548385b') in 0.0230397 seconds
Number of updated asset objects reloaded before import = 0Number of asset objects unloaded after import = 0

========================================================================
Received Import Request.
  Time since last request: 0.001449 seconds.
  path: Packages/com.unity.test-framework/UnityEngine.TestRunner/NUnitExtensions/Attributes/TestMustExpectAllLogsAttribute.cs
  artifactKey: Guid(3803f736886e77842995ddbc3531afaa) Importer(2089858483,b0f066a214c2f5e87bad3c948f4d605d)
Start importing Packages/com.unity.test-framework/UnityEngine.TestRunner/NUnitExtensions/Attributes/TestMustExpectAllLogsAttribute.cs using Guid(3803f736886e77842995ddbc3531afaa) Importer(2089858483,b0f066a214c2f5e87bad3c948f4d605d) (ScriptedImporter) -> (artifact id: '96eca7998e271f5623ac871a91113c8c') in 0.0266497 seconds
Number of updated asset objects reloaded before import = 0Number of asset objects unloaded after import = 0

========================================================================
Received Import Request.
  Time since last request: 0.000225 seconds.
  path: Packages/com.unity.test-framework/UnityEngine.TestRunner/TestRunner/TestListenerWrapper.cs
  artifactKey: Guid(73deb9b8722aa284eab27c4dc90956c6) Importer(2089858483,b0f066a214c2f5e87bad3c948f4d605d)
Start importing Packages/com.unity.test-framework/UnityEngine.TestRunner/TestRunner/TestListenerWrapper.cs using Guid(73deb9b8722aa284eab27c4dc90956c6) Importer(2089858483,b0f066a214c2f5e87bad3c948f4d605d) (ScriptedImporter) -> (artifact id: '334c8589fd1ea7987b8195aa419905f8') in 0.0294865 seconds
Number of updated asset objects reloaded before import = 0Number of asset objects unloaded after import = 0

========================================================================
Received Import Request.
  Time since last request: 0.000223 seconds.
  path: Packages/com.unity.test-framework/UnityEditor.TestRunner/UnityTestProtocol/TesRunDataHolder.cs
  artifactKey: Guid(7dc341f3ffc346738912e0ae5aa6c7e4) Importer(2089858483,b0f066a214c2f5e87bad3c948f4d605d)
Start importing Packages/com.unity.test-framework/UnityEditor.TestRunner/UnityTestProtocol/TesRunDataHolder.cs using Guid(7dc341f3ffc346738912e0ae5aa6c7e4) Importer(2089858483,b0f066a214c2f5e87bad3c948f4d605d) (ScriptedImporter) -> (artifact id: '147b90409a2b38ba23964c677744bb65') in 0.0184524 seconds
Number of updated asset objects reloaded before import = 0Number of asset objects unloaded after import = 0

========================================================================
Received Import Request.
  Time since last request: 0.000087 seconds.
  path: Packages/com.unity.test-framework/UnityEditor.TestRunner/UnityTestProtocol/UtpMessageBuilder.cs
  artifactKey: Guid(319fe8cda376431bb7987d94f916819b) Importer(2089858483,b0f066a214c2f5e87bad3c948f4d605d)
Start importing Packages/com.unity.test-framework/UnityEditor.TestRunner/UnityTestProtocol/UtpMessageBuilder.cs using Guid(319fe8cda376431bb7987d94f916819b) Importer(2089858483,b0f066a214c2f5e87bad3c948f4d605d) (ScriptedImporter) -> (artifact id: '79aedecf983636d4cf16d18c8078a5e2') in 0.0183214 seconds
Number of updated asset objects reloaded before import = 0Number of asset objects unloaded after import = 0

========================================================================
Received Import Request.
  Time since last request: 0.000246 seconds.
  path: Packages/com.unity.test-framework/UnityEditor.TestRunner/TestRun/Tasks/Scene/ISceneWrapper.cs
  artifactKey: Guid(c24a1e88fc49dce47930834ff9997443) Importer(2089858483,b0f066a214c2f5e87bad3c948f4d605d)
Start importing Packages/com.unity.test-framework/UnityEditor.TestRunner/TestRun/Tasks/Scene/ISceneWrapper.cs using Guid(c24a1e88fc49dce47930834ff9997443) Importer(2089858483,b0f066a214c2f5e87bad3c948f4d605d) (ScriptedImporter) -> (artifact id: 'cc05638bb711d7f473a8e26deae4559c') in 0.0253834 seconds
Number of updated asset objects reloaded before import = 0Number of asset objects unloaded after import = 0

========================================================================
Received Import Request.
  Time since last request: 0.000371 seconds.
  path: Packages/com.unity.test-framework/UnityEngine.TestRunner/NUnitExtensions/ConstructDelegator.cs
  artifactKey: Guid(b42e1db66fe9c634798674cb9e1df2ca) Importer(2089858483,b0f066a214c2f5e87bad3c948f4d605d)
Start importing Packages/com.unity.test-framework/UnityEngine.TestRunner/NUnitExtensions/ConstructDelegator.cs using Guid(b42e1db66fe9c634798674cb9e1df2ca) Importer(2089858483,b0f066a214c2f5e87bad3c948f4d605d) (ScriptedImporter) -> (artifact id: 'a72afdf0a6e6e54ec5ba5399506ae90c') in 0.019195 seconds
Number of updated asset objects reloaded before import = 0Number of asset objects unloaded after import = 0

========================================================================
Received Import Request.
  Time since last request: 0.000253 seconds.
  path: Packages/com.unity.multiplayer.center/Third Party Notices.md
  artifactKey: Guid(c8f6fa942856442b8bd72594d3ce7363) Importer(2089858483,b0f066a214c2f5e87bad3c948f4d605d)
Start importing Packages/com.unity.multiplayer.center/Third Party Notices.md using Guid(c8f6fa942856442b8bd72594d3ce7363) Importer(2089858483,b0f066a214c2f5e87bad3c948f4d605d) (ScriptedImporter) -> (artifact id: '30124697f980ebda0869f18eb7703a90') in 0.0198658 seconds
Number of updated asset objects reloaded before import = 0Number of asset objects unloaded after import = 1

========================================================================
Received Import Request.
  Time since last request: 0.000174 seconds.
  path: Packages/com.unity.test-framework/UnityEngine.TestRunner/NUnitExtensions/Runner/UnityTestAssemblyRunner.cs
  artifactKey: Guid(874e40a588dbb1e48bc128d686337d4e) Importer(2089858483,b0f066a214c2f5e87bad3c948f4d605d)
Start importing Packages/com.unity.test-framework/UnityEngine.TestRunner/NUnitExtensions/Runner/UnityTestAssemblyRunner.cs using Guid(874e40a588dbb1e48bc128d686337d4e) Importer(2089858483,b0f066a214c2f5e87bad3c948f4d605d) (ScriptedImporter) -> (artifact id: '3bf48bc098f1daa31c039b48ddf1de22') in 0.0197697 seconds
Number of updated asset objects reloaded before import = 0Number of asset objects unloaded after import = 0

========================================================================
Received Import Request.
  Time since last request: 0.000232 seconds.
  path: Packages/com.unity.test-framework/UnityEngine.TestRunner/TestRunner/RuntimeTestRunnerFilter.cs
  artifactKey: Guid(a025ba7ee40d0104db8d08b1d9eabb0d) Importer(2089858483,b0f066a214c2f5e87bad3c948f4d605d)
Start importing Packages/com.unity.test-framework/UnityEngine.TestRunner/TestRunner/RuntimeTestRunnerFilter.cs using Guid(a025ba7ee40d0104db8d08b1d9eabb0d) Importer(2089858483,b0f066a214c2f5e87bad3c948f4d605d) (ScriptedImporter) -> (artifact id: '11c4079bbeb5abfd1bf5bb4a987cfc05') in 0.0176826 seconds
Number of updated asset objects reloaded before import = 0Number of asset objects unloaded after import = 0

========================================================================
Received Import Request.
  Time since last request: 0.000234 seconds.
  path: Packages/com.unity.test-framework/UnityEngine.TestRunner/Utils/IPrebuildSetupWithTestData.cs
  artifactKey: Guid(58082d6ef6fd84b288e832c55741961e) Importer(2089858483,b0f066a214c2f5e87bad3c948f4d605d)
Start importing Packages/com.unity.test-framework/UnityEngine.TestRunner/Utils/IPrebuildSetupWithTestData.cs using Guid(58082d6ef6fd84b288e832c55741961e) Importer(2089858483,b0f066a214c2f5e87bad3c948f4d605d) (ScriptedImporter) -> (artifact id: 'b0070830b61ba17128e016ca83300bd6') in 0.0158612 seconds
Number of updated asset objects reloaded before import = 0Number of asset objects unloaded after import = 0

========================================================================
Received Import Request.
  Time since last request: 0.000268 seconds.
  path: Packages/com.unity.test-framework/UnityEditor.TestRunner/GUI/TestAssets/IFolderPathTestCompilationContextProvider.cs
  artifactKey: Guid(e5f4a89476c1448abc7e0a9719b13b36) Importer(2089858483,b0f066a214c2f5e87bad3c948f4d605d)
Start importing Packages/com.unity.test-framework/UnityEditor.TestRunner/GUI/TestAssets/IFolderPathTestCompilationContextProvider.cs using Guid(e5f4a89476c1448abc7e0a9719b13b36) Importer(2089858483,b0f066a214c2f5e87bad3c948f4d605d) (ScriptedImporter) -> (artifact id: '25e4f60fdadd5d996c0adf71cd9c1461') in 0.0186658 seconds
Number of updated asset objects reloaded before import = 0Number of asset objects unloaded after import = 0

========================================================================
Received Import Request.
  Time since last request: 0.000181 seconds.
  path: Packages/com.unity.timeline/Editor/Activation/ActivationTrackEditor.cs
  artifactKey: Guid(4fbcc9b1f6ace8c4f8724a88dccca5f8) Importer(2089858483,b0f066a214c2f5e87bad3c948f4d605d)
Start importing Packages/com.unity.timeline/Editor/Activation/ActivationTrackEditor.cs using Guid(4fbcc9b1f6ace8c4f8724a88dccca5f8) Importer(2089858483,b0f066a214c2f5e87bad3c948f4d605d) (ScriptedImporter) -> (artifact id: 'ce854cf58a67411057f6c4bb12b2fcff') in 0.0172968 seconds
Number of updated asset objects reloaded before import = 0Number of asset objects unloaded after import = 0

========================================================================
Received Import Request.
  Time since last request: 0.000183 seconds.
  path: Packages/com.unity.timeline/Editor/Animation/CurveDataSource.cs
  artifactKey: Guid(87a1ae9719ec25d44a4dbec20ec0f892) Importer(2089858483,b0f066a214c2f5e87bad3c948f4d605d)
Start importing Packages/com.unity.timeline/Editor/Animation/CurveDataSource.cs using Guid(87a1ae9719ec25d44a4dbec20ec0f892) Importer(2089858483,b0f066a214c2f5e87bad3c948f4d605d) (ScriptedImporter) -> (artifact id: 'ae1cf881ae174d327ca32f654551a41e') in 0.0183367 seconds
Number of updated asset objects reloaded before import = 0Number of asset objects unloaded after import = 0

========================================================================
Received Import Request.
  Time since last request: 0.000168 seconds.
  path: Packages/com.unity.timeline/Editor/Animation/TimelineAnimationUtilities.cs
  artifactKey: Guid(9685354eb873b8d4699078b307b0f260) Importer(2089858483,b0f066a214c2f5e87bad3c948f4d605d)
Start importing Packages/com.unity.timeline/Editor/Animation/TimelineAnimationUtilities.cs using Guid(9685354eb873b8d4699078b307b0f260) Importer(2089858483,b0f066a214c2f5e87bad3c948f4d605d) (ScriptedImporter) -> (artifact id: '8ec6867c5fd28ee4201f8bc235ceb647') in 0.0178081 seconds
Number of updated asset objects reloaded before import = 0Number of asset objects unloaded after import = 0

========================================================================
Received Import Request.
  Time since last request: 0.000273 seconds.
  path: Packages/com.unity.timeline/Runtime/TimelineAttributes.cs
  artifactKey: Guid(3e99141cd5dbef844a4338bb87930b89) Importer(2089858483,b0f066a214c2f5e87bad3c948f4d605d)
Start importing Packages/com.unity.timeline/Runtime/TimelineAttributes.cs using Guid(3e99141cd5dbef844a4338bb87930b89) Importer(2089858483,b0f066a214c2f5e87bad3c948f4d605d) (ScriptedImporter) -> (artifact id: 'c3db194030f1992d5e81a165d593b110') in 0.0211659 seconds
Number of updated asset objects reloaded before import = 0Number of asset objects unloaded after import = 0

========================================================================
Received Import Request.
  Time since last request: 0.000197 seconds.
  path: Packages/com.unity.multiplayer.center/Tests/Editor/QuickstartTabTests.cs
  artifactKey: Guid(29cbd1c6a8c9419aac357b8d4edbdc84) Importer(2089858483,b0f066a214c2f5e87bad3c948f4d605d)
Start importing Packages/com.unity.multiplayer.center/Tests/Editor/QuickstartTabTests.cs using Guid(29cbd1c6a8c9419aac357b8d4edbdc84) Importer(2089858483,b0f066a214c2f5e87bad3c948f4d605d) (ScriptedImporter) -> (artifact id: '29f6bc32010caa1d2394f2a2d0ce0243') in 0.0167578 seconds
Number of updated asset objects reloaded before import = 0Number of asset objects unloaded after import = 0

========================================================================
Received Import Request.
  Time since last request: 0.000189 seconds.
  path: Packages/com.unity.timeline/Editor/Signals/SignalEventDrawer.cs
  artifactKey: Guid(6ba7805325c426c43b8e85b5be4eae36) Importer(2089858483,b0f066a214c2f5e87bad3c948f4d605d)
Start importing Packages/com.unity.timeline/Editor/Signals/SignalEventDrawer.cs using Guid(6ba7805325c426c43b8e85b5be4eae36) Importer(2089858483,b0f066a214c2f5e87bad3c948f4d605d) (ScriptedImporter) -> (artifact id: 'b850e62d62a5071c44a18efda54266d3') in 0.0181256 seconds
Number of updated asset objects reloaded before import = 0Number of asset objects unloaded after import = 0

========================================================================
Received Import Request.
  Time since last request: 0.000311 seconds.
  path: Packages/com.unity.timeline/Editor/Utilities/BindingUtility.cs
  artifactKey: Guid(ef5fa6e2005defb4ab5142723827b58e) Importer(2089858483,b0f066a214c2f5e87bad3c948f4d605d)
Start importing Packages/com.unity.timeline/Editor/Utilities/BindingUtility.cs using Guid(ef5fa6e2005defb4ab5142723827b58e) Importer(2089858483,b0f066a214c2f5e87bad3c948f4d605d) (ScriptedImporter) -> (artifact id: '07b9af0011e7b64c14c61a1a54ca4fe4') in 0.0223399 seconds
Number of updated asset objects reloaded before import = 0Number of asset objects unloaded after import = 0

========================================================================
Received Import Request.
  Time since last request: 0.000255 seconds.
  path: Packages/com.unity.timeline/Editor/Recording/TimelineRecording.cs
  artifactKey: Guid(ef4c81c9368d5a340b14c2fec1cad345) Importer(2089858483,b0f066a214c2f5e87bad3c948f4d605d)
Start importing Packages/com.unity.timeline/Editor/Recording/TimelineRecording.cs using Guid(ef4c81c9368d5a340b14c2fec1cad345) Importer(2089858483,b0f066a214c2f5e87bad3c948f4d605d) (ScriptedImporter) -> (artifact id: '5d48a250d07a38336b1bf334b792baf9') in 0.022116 seconds
Number of updated asset objects reloaded before import = 0Number of asset objects unloaded after import = 0

========================================================================
Received Import Request.
  Time since last request: 0.000319 seconds.
  path: Packages/com.unity.timeline/README.md
  artifactKey: Guid(f66454863bc106549a6b53849ee63b41) Importer(2089858483,b0f066a214c2f5e87bad3c948f4d605d)
Start importing Packages/com.unity.timeline/README.md using Guid(f66454863bc106549a6b53849ee63b41) Importer(2089858483,b0f066a214c2f5e87bad3c948f4d605d) (ScriptedImporter) -> (artifact id: '3bea4dda8babfb0833031026444fc8ee') in 0.0250495 seconds
Number of updated asset objects reloaded before import = 0Number of asset objects unloaded after import = 1

========================================================================
Received Import Request.
  Time since last request: 0.000136 seconds.
  path: Packages/com.unity.multiplayer.center/Editor/MultiplayerCenterWindow/UI/RecommendationView/SolutionSelectionView.cs
  artifactKey: Guid(f1e4f3f59aa446bfb097357fa8ad4a8b) Importer(2089858483,b0f066a214c2f5e87bad3c948f4d605d)
Start importing Packages/com.unity.multiplayer.center/Editor/MultiplayerCenterWindow/UI/RecommendationView/SolutionSelectionView.cs using Guid(f1e4f3f59aa446bfb097357fa8ad4a8b) Importer(2089858483,b0f066a214c2f5e87bad3c948f4d605d) (ScriptedImporter) -> (artifact id: 'a75ffec4cf472b30131aa867dabae296') in 0.0224487 seconds
Number of updated asset objects reloaded before import = 0Number of asset objects unloaded after import = 0

========================================================================
Received Import Request.
  Time since last request: 0.000201 seconds.
  path: Packages/com.unity.modules.hierarchycore/package.json
  artifactKey: Guid(9b1a5759726ef9d39a0ab82047b615f1) Importer(2089858483,b0f066a214c2f5e87bad3c948f4d605d)
Start importing Packages/com.unity.modules.hierarchycore/package.json using Guid(9b1a5759726ef9d39a0ab82047b615f1) Importer(2089858483,b0f066a214c2f5e87bad3c948f4d605d) (ScriptedImporter) -> (artifact id: '28bf322b48bfc9b212dc1580cadce945') in 0.019801 seconds
Number of updated asset objects reloaded before import = 0Number of asset objects unloaded after import = 1

========================================================================
Received Import Request.
  Time since last request: 0.000382 seconds.
  path: Packages/com.unity.timeline/Runtime/Unity.Timeline.asmdef
  artifactKey: Guid(f06555f75b070af458a003d92f9efb00) Importer(2089858483,b0f066a214c2f5e87bad3c948f4d605d)
Start importing Packages/com.unity.timeline/Runtime/Unity.Timeline.asmdef using Guid(f06555f75b070af458a003d92f9efb00) Importer(2089858483,b0f066a214c2f5e87bad3c948f4d605d) (ScriptedImporter) -> (artifact id: '596f7e3cb9cd548d424ca754fe0004e4') in 0.0171344 seconds
Number of updated asset objects reloaded before import = 0Number of asset objects unloaded after import = 1

========================================================================
Received Import Request.
  Time since last request: 0.000175 seconds.
  path: Packages/com.unity.timeline/Editor/Animation/AnimationOffsetMenu.cs
  artifactKey: Guid(9ace5095cc37ed849b52109d2ee305d4) Importer(2089858483,b0f066a214c2f5e87bad3c948f4d605d)
Start importing Packages/com.unity.timeline/Editor/Animation/AnimationOffsetMenu.cs using Guid(9ace5095cc37ed849b52109d2ee305d4) Importer(2089858483,b0f066a214c2f5e87bad3c948f4d605d) (ScriptedImporter) -> (artifact id: 'dbd8d3db2194e3e26908cb6aa4479eae') in 0.0177304 seconds
Number of updated asset objects reloaded before import = 0Number of asset objects unloaded after import = 0

========================================================================
Received Import Request.
  Time since last request: 0.000192 seconds.
  path: Packages/com.unity.timeline/DocCodeExamples/TimelineEditorExamples.cs
  artifactKey: Guid(6cd9f16fc29247c8af731c6b3b0a990f) Importer(2089858483,b0f066a214c2f5e87bad3c948f4d605d)
Start importing Packages/com.unity.timeline/DocCodeExamples/TimelineEditorExamples.cs using Guid(6cd9f16fc29247c8af731c6b3b0a990f) Importer(2089858483,b0f066a214c2f5e87bad3c948f4d605d) (ScriptedImporter) -> (artifact id: 'b937e2fe5a020f29b5900c41aeb3ea3b') in 0.0162794 seconds
Number of updated asset objects reloaded before import = 0Number of asset objects unloaded after import = 0

========================================================================
Received Import Request.
  Time since last request: 0.000504 seconds.
  path: Packages/com.unity.timeline/Editor/treeview/IRowGUI.cs
  artifactKey: Guid(5ecec8cdc3ff99e4a9c65635d7e6b043) Importer(2089858483,b0f066a214c2f5e87bad3c948f4d605d)
Start importing Packages/com.unity.timeline/Editor/treeview/IRowGUI.cs using Guid(5ecec8cdc3ff99e4a9c65635d7e6b043) Importer(2089858483,b0f066a214c2f5e87bad3c948f4d605d) (ScriptedImporter) -> (artifact id: '610090b89b40e4a5bc1f14d0c07b68e3') in 0.0250311 seconds
Number of updated asset objects reloaded before import = 0Number of asset objects unloaded after import = 0

========================================================================
Received Import Request.
  Time since last request: 0.000268 seconds.
  path: Packages/com.unity.timeline/Editor/Actions/MarkerActions.cs
  artifactKey: Guid(5da77d4d078922b4c8466e9e35fb3f5e) Importer(2089858483,b0f066a214c2f5e87bad3c948f4d605d)
Start importing Packages/com.unity.timeline/Editor/Actions/MarkerActions.cs using Guid(5da77d4d078922b4c8466e9e35fb3f5e) Importer(2089858483,b0f066a214c2f5e87bad3c948f4d605d) (ScriptedImporter) -> (artifact id: 'e51518231b22a0079afb71edef9c5d0c') in 0.0225482 seconds
Number of updated asset objects reloaded before import = 0Number of asset objects unloaded after import = 0

========================================================================
Received Import Request.
  Time since last request: 0.000329 seconds.
  path: Packages/com.unity.timeline/Editor/StyleSheets/ClipInspector.uss
  artifactKey: Guid(eded20d65a4c8a7489e4df3772953e51) Importer(2089858483,b0f066a214c2f5e87bad3c948f4d605d)
Start importing Packages/com.unity.timeline/Editor/StyleSheets/ClipInspector.uss using Guid(eded20d65a4c8a7489e4df3772953e51) Importer(2089858483,b0f066a214c2f5e87bad3c948f4d605d) (ScriptedImporter) -> (artifact id: 'db59e408601e3d3f0fdfa48cdbd3ccfe') in 0.0304432 seconds
Number of updated asset objects reloaded before import = 0Number of asset objects unloaded after import = 1

========================================================================
Received Import Request.
  Time since last request: 0.000104 seconds.
  path: Packages/com.unity.timeline/Editor/CustomEditors/ClipEditor.cs
  artifactKey: Guid(2537ddddebaa455409dec422eb08fd7e) Importer(2089858483,b0f066a214c2f5e87bad3c948f4d605d)
Start importing Packages/com.unity.timeline/Editor/CustomEditors/ClipEditor.cs using Guid(2537ddddebaa455409dec422eb08fd7e) Importer(2089858483,b0f066a214c2f5e87bad3c948f4d605d) (ScriptedImporter) -> (artifact id: '13ea1e485c67466656beeaa5883bc54b') in 0.0199935 seconds
Number of updated asset objects reloaded before import = 0Number of asset objects unloaded after import = 0

========================================================================
Received Import Request.
  Time since last request: 0.001408 seconds.
  path: Packages/com.unity.timeline/Editor/Signals/SignalReceiverInspector.cs
  artifactKey: Guid(70b265ed18dc14041bedc0263d4578ef) Importer(2089858483,b0f066a214c2f5e87bad3c948f4d605d)
Start importing Packages/com.unity.timeline/Editor/Signals/SignalReceiverInspector.cs using Guid(70b265ed18dc14041bedc0263d4578ef) Importer(2089858483,b0f066a214c2f5e87bad3c948f4d605d) (ScriptedImporter) -> (artifact id: 'b3ff9d9ed3b7a4e9a9d1c4ace09b808e') in 0.0240152 seconds
Number of updated asset objects reloaded before import = 0Number of asset objects unloaded after import = 0

========================================================================
Received Import Request.
  Time since last request: 0.000886 seconds.
  path: Packages/com.unity.multiplayer.center/Editor/MultiplayerCenterWindow/UI/Icons/d_PackageManager.png
  artifactKey: Guid(1b4c88814ec6241eb8e327515399c006) Importer(2089858483,b0f066a214c2f5e87bad3c948f4d605d)
Start importing Packages/com.unity.multiplayer.center/Editor/MultiplayerCenterWindow/UI/Icons/d_PackageManager.png using Guid(1b4c88814ec6241eb8e327515399c006) Importer(2089858483,b0f066a214c2f5e87bad3c948f4d605d) (ScriptedImporter) -> (artifact id: '9091a914dcd9d6c9e5fdd6e9295eb4fe') in 0.0468506 seconds
Number of updated asset objects reloaded before import = 0Number of asset objects unloaded after import = 1

========================================================================
Received Import Request.
  Time since last request: 0.000204 seconds.
  path: Packages/com.unity.multiplayer.center/Tests/Editor/SectionHeaderTests.cs
  artifactKey: Guid(6cfa81557736450abfb73264580451c1) Importer(2089858483,b0f066a214c2f5e87bad3c948f4d605d)
Start importing Packages/com.unity.multiplayer.center/Tests/Editor/SectionHeaderTests.cs using Guid(6cfa81557736450abfb73264580451c1) Importer(2089858483,b0f066a214c2f5e87bad3c948f4d605d) (ScriptedImporter) -> (artifact id: 'a36c9be86f4c2a1ff0dc82aef53da66d') in 0.0852727 seconds
Number of updated asset objects reloaded before import = 0Number of asset objects unloaded after import = 0

========================================================================
Received Import Request.
  Time since last request: 0.009692 seconds.
  path: Packages/com.unity.timeline/Editor/Attributes/ShortcutAttribute.cs
  artifactKey: Guid(c50a694a8232898498c1cdd47ce9873f) Importer(2089858483,b0f066a214c2f5e87bad3c948f4d605d)
Start importing Packages/com.unity.timeline/Editor/Attributes/ShortcutAttribute.cs using Guid(c50a694a8232898498c1cdd47ce9873f) Importer(2089858483,b0f066a214c2f5e87bad3c948f4d605d) (ScriptedImporter) -> (artifact id: 'f3d102263f4a6e4a7c3d153cd0db98b2') in 0.0934917 seconds
Number of updated asset objects reloaded before import = 0Number of asset objects unloaded after import = 0

========================================================================
Received Import Request.
  Time since last request: 0.001584 seconds.
  path: Packages/com.unity.timeline/CHANGELOG.md
  artifactKey: Guid(4a0757ee0236f39489520769ae710288) Importer(2089858483,b0f066a214c2f5e87bad3c948f4d605d)
Start importing Packages/com.unity.timeline/CHANGELOG.md using Guid(4a0757ee0236f39489520769ae710288) Importer(2089858483,b0f066a214c2f5e87bad3c948f4d605d) (ScriptedImporter) -> (artifact id: '50328619590e750a42f3220cffdcf9ab') in 0.0460486 seconds
Number of updated asset objects reloaded before import = 0Number of asset objects unloaded after import = 1

========================================================================
Received Import Request.
  Time since last request: 0.000035 seconds.
  path: Packages/com.unity.multiplayer.center/Editor/MultiplayerCenterWindow/UI/Icons/NGO@2x.png
  artifactKey: Guid(83b28bcaaf34b4fd580114fb05d9f160) Importer(2089858483,b0f066a214c2f5e87bad3c948f4d605d)
Start importing Packages/com.unity.multiplayer.center/Editor/MultiplayerCenterWindow/UI/Icons/NGO@2x.png using Guid(83b28bcaaf34b4fd580114fb05d9f160) Importer(2089858483,b0f066a214c2f5e87bad3c948f4d605d) (ScriptedImporter) -> (artifact id: 'dcf7c974df1044f580a6948e43b0f059') in 0.0862414 seconds
Number of updated asset objects reloaded before import = 0Number of asset objects unloaded after import = 1

========================================================================
Received Import Request.
  Time since last request: 0.000517 seconds.
  path: Packages/com.unity.test-framework/UnityEditor.TestRunner/UnityTestProtocol/TestState.cs
  artifactKey: Guid(77f432980bb30084299a138e15c6f571) Importer(2089858483,b0f066a214c2f5e87bad3c948f4d605d)
Start importing Packages/com.unity.test-framework/UnityEditor.TestRunner/UnityTestProtocol/TestState.cs using Guid(77f432980bb30084299a138e15c6f571) Importer(2089858483,b0f066a214c2f5e87bad3c948f4d605d) (ScriptedImporter) -> (artifact id: '0f63a558b470a8f198f48c8743718856') in 0.0393823 seconds
Number of updated asset objects reloaded before import = 0Number of asset objects unloaded after import = 0

========================================================================
Received Import Request.
  Time since last request: 0.000234 seconds.
  path: Packages/com.unity.test-framework/UnityEngine.TestRunner/TestRunner/RemoteHelpers/RemoteTestData.cs
  artifactKey: Guid(b135ec222fdcd11468014c90d11d6821) Importer(2089858483,b0f066a214c2f5e87bad3c948f4d605d)
Start importing Packages/com.unity.test-framework/UnityEngine.TestRunner/TestRunner/RemoteHelpers/RemoteTestData.cs using Guid(b135ec222fdcd11468014c90d11d6821) Importer(2089858483,b0f066a214c2f5e87bad3c948f4d605d) (ScriptedImporter) -> (artifact id: '061737414fb607b6081cfd2888cafdbd') in 0.0540447 seconds
Number of updated asset objects reloaded before import = 0Number of asset objects unloaded after import = 0

========================================================================
Received Import Request.
  Time since last request: 0.000292 seconds.
  path: Packages/com.unity.timeline/Editor/Manipulators/TimeAreaAutoPanner.cs
  artifactKey: Guid(02e1fe0a338b35545a5fed1345848332) Importer(2089858483,b0f066a214c2f5e87bad3c948f4d605d)
Start importing Packages/com.unity.timeline/Editor/Manipulators/TimeAreaAutoPanner.cs using Guid(02e1fe0a338b35545a5fed1345848332) Importer(2089858483,b0f066a214c2f5e87bad3c948f4d605d) (ScriptedImporter) -> (artifact id: '1bac5107d12999acfc4dc421fe2ccbea') in 0.0481297 seconds
Number of updated asset objects reloaded before import = 0Number of asset objects unloaded after import = 0

========================================================================
Received Import Request.
  Time since last request: 0.000485 seconds.
  path: Packages/com.unity.timeline/Editor/Actions/MarkerAction.cs
  artifactKey: Guid(03d19e545aea1b446b1c56530a4438ae) Importer(2089858483,b0f066a214c2f5e87bad3c948f4d605d)
Start importing Packages/com.unity.timeline/Editor/Actions/MarkerAction.cs using Guid(03d19e545aea1b446b1c56530a4438ae) Importer(2089858483,b0f066a214c2f5e87bad3c948f4d605d) (ScriptedImporter) -> (artifact id: '5a1e995ed15634ca2fe3e2a93986da4c') in 0.0281344 seconds
Number of updated asset objects reloaded before import = 0Number of asset objects unloaded after import = 0

========================================================================
Received Import Request.
  Time since last request: 0.000445 seconds.
  path: Packages/com.unity.ugui/Editor/TMP/PropertyDrawers/TMP_SpriteCharacterPropertyDrawer.cs
  artifactKey: Guid(37cff9f5a86ae494c8cb04423580480d) Importer(2089858483,b0f066a214c2f5e87bad3c948f4d605d)
Start importing Packages/com.unity.ugui/Editor/TMP/PropertyDrawers/TMP_SpriteCharacterPropertyDrawer.cs using Guid(37cff9f5a86ae494c8cb04423580480d) Importer(2089858483,b0f066a214c2f5e87bad3c948f4d605d) (ScriptedImporter) -> (artifact id: 'cc78148ffb9b19bf281b862c46e767e8') in 0.0307276 seconds
Number of updated asset objects reloaded before import = 0Number of asset objects unloaded after import = 0

========================================================================
Received Import Request.
  Time since last request: 0.000038 seconds.
  path: Packages/com.unity.ugui/Editor/TMP/HDRP/TMP_BaseHDRPUnlitShaderGUI.cs
  artifactKey: Guid(645409e9544820042937871953f20509) Importer(2089858483,b0f066a214c2f5e87bad3c948f4d605d)
Start importing Packages/com.unity.ugui/Editor/TMP/HDRP/TMP_BaseHDRPUnlitShaderGUI.cs using Guid(645409e9544820042937871953f20509) Importer(2089858483,b0f066a214c2f5e87bad3c948f4d605d) (ScriptedImporter) -> (artifact id: '2ceb1f402249eeacd2fa2bc3c5667811') in 0.0603839 seconds
Number of updated asset objects reloaded before import = 0Number of asset objects unloaded after import = 0

========================================================================
Received Import Request.
  Time since last request: 0.000400 seconds.
  path: Packages/com.unity.ugui/Tests/Runtime/UGUI/EventSystem/InputModuleTests/DragCallbackCheck.cs
  artifactKey: Guid(76c82729ad712f14bae1a8a279c52ac3) Importer(2089858483,b0f066a214c2f5e87bad3c948f4d605d)
Start importing Packages/com.unity.ugui/Tests/Runtime/UGUI/EventSystem/InputModuleTests/DragCallbackCheck.cs using Guid(76c82729ad712f14bae1a8a279c52ac3) Importer(2089858483,b0f066a214c2f5e87bad3c948f4d605d) (ScriptedImporter) -> (artifact id: '8c448b7b1fcc26e07b3e6e8fee30ef9b') in 0.0404251 seconds
Number of updated asset objects reloaded before import = 0Number of asset objects unloaded after import = 0

========================================================================
Received Import Request.
  Time since last request: 0.000424 seconds.
  path: Packages/com.unity.ugui/Runtime/UGUI/UI/Core/IGraphicEnabledDisabled.cs
  artifactKey: Guid(928dc55e2c8c3ee4dad33b6d561cb6ea) Importer(2089858483,b0f066a214c2f5e87bad3c948f4d605d)
Start importing Packages/com.unity.ugui/Runtime/UGUI/UI/Core/IGraphicEnabledDisabled.cs using Guid(928dc55e2c8c3ee4dad33b6d561cb6ea) Importer(2089858483,b0f066a214c2f5e87bad3c948f4d605d) (ScriptedImporter) -> (artifact id: 'cf725a78b83bfa96f0e76f5b09995d47') in 0.0641678 seconds
Number of updated asset objects reloaded before import = 0Number of asset objects unloaded after import = 0

========================================================================
Received Import Request.
  Time since last request: 0.000322 seconds.
  path: Packages/com.unity.test-framework/UnityEngine.TestRunner/NUnitExtensions/Commands/TimeoutCommand.cs
  artifactKey: Guid(7d2d4145ec6c42dabb2d7af8e58224db) Importer(2089858483,b0f066a214c2f5e87bad3c948f4d605d)
Start importing Packages/com.unity.test-framework/UnityEngine.TestRunner/NUnitExtensions/Commands/TimeoutCommand.cs using Guid(7d2d4145ec6c42dabb2d7af8e58224db) Importer(2089858483,b0f066a214c2f5e87bad3c948f4d605d) (ScriptedImporter) -> (artifact id: '2baee4f3d64c8ec6ba9495f80d777d0c') in 0.028008 seconds
Number of updated asset objects reloaded before import = 0Number of asset objects unloaded after import = 0

========================================================================
Received Import Request.
  Time since last request: 0.000221 seconds.
  path: Packages/com.unity.timeline/Editor/Window/TimelineWindowTimeControl.cs
  artifactKey: Guid(6f25fb081e85cb743b272c2f7fbc2f6b) Importer(2089858483,b0f066a214c2f5e87bad3c948f4d605d)
Start importing Packages/com.unity.timeline/Editor/Window/TimelineWindowTimeControl.cs using Guid(6f25fb081e85cb743b272c2f7fbc2f6b) Importer(2089858483,b0f066a214c2f5e87bad3c948f4d605d) (ScriptedImporter) -> (artifact id: '75490572fc37cd88afe1bb678914b172') in 0.0860523 seconds
Number of updated asset objects reloaded before import = 0Number of asset objects unloaded after import = 0

========================================================================
Received Import Request.
  Time since last request: 0.000901 seconds.
  path: Packages/com.unity.timeline/Runtime/Utilities/BlendUtility.cs
  artifactKey: Guid(e63c16ba902c4dfeb9fb2e8c105e1347) Importer(2089858483,b0f066a214c2f5e87bad3c948f4d605d)
Start importing Packages/com.unity.timeline/Runtime/Utilities/BlendUtility.cs using Guid(e63c16ba902c4dfeb9fb2e8c105e1347) Importer(2089858483,b0f066a214c2f5e87bad3c948f4d605d) (ScriptedImporter) -> (artifact id: '9f536361f6041260e8cd535380a0a3d3') in 0.0316417 seconds
Number of updated asset objects reloaded before import = 0Number of asset objects unloaded after import = 0

========================================================================
Received Import Request.
  Time since last request: 0.000034 seconds.
  path: Packages/com.unity.timeline/Editor/Window/TimelineWindow_ActiveTimeline.cs
  artifactKey: Guid(b7abcd1a72bb7174ca58e813c6eee9c2) Importer(2089858483,b0f066a214c2f5e87bad3c948f4d605d)
Start importing Packages/com.unity.timeline/Editor/Window/TimelineWindow_ActiveTimeline.cs using Guid(b7abcd1a72bb7174ca58e813c6eee9c2) Importer(2089858483,b0f066a214c2f5e87bad3c948f4d605d) (ScriptedImporter) -> (artifact id: '6ec533ec4f3dea9672637d87dda64591') in 0.0315949 seconds
Number of updated asset objects reloaded before import = 0Number of asset objects unloaded after import = 0

========================================================================
Received Import Request.
  Time since last request: 0.000324 seconds.
  path: Packages/com.unity.timeline/Editor/Window/TimelineWindow_PlayRange.cs
  artifactKey: Guid(14d748c963c7b3549bed45457cc92c4f) Importer(2089858483,b0f066a214c2f5e87bad3c948f4d605d)
Start importing Packages/com.unity.timeline/Editor/Window/TimelineWindow_PlayRange.cs using Guid(14d748c963c7b3549bed45457cc92c4f) Importer(2089858483,b0f066a214c2f5e87bad3c948f4d605d) (ScriptedImporter) -> (artifact id: '9771354ba24a459e2faa7d87b72cfcb9') in 0.0230171 seconds
Number of updated asset objects reloaded before import = 0Number of asset objects unloaded after import = 0

========================================================================
Received Import Request.
  Time since last request: 0.000420 seconds.
  path: Packages/com.unity.timeline/Editor/Window/TimelineWindow.cs
  artifactKey: Guid(f817a38900380be47942905e17e7d39b) Importer(2089858483,b0f066a214c2f5e87bad3c948f4d605d)
Start importing Packages/com.unity.timeline/Editor/Window/TimelineWindow.cs using Guid(f817a38900380be47942905e17e7d39b) Importer(2089858483,b0f066a214c2f5e87bad3c948f4d605d) (ScriptedImporter) -> (artifact id: '232df74d76b550a7a14994ef375f85fc') in 0.0255025 seconds
Number of updated asset objects reloaded before import = 0Number of asset objects unloaded after import = 0

========================================================================
Received Import Request.
  Time since last request: 0.000669 seconds.
  path: Packages/com.unity.timeline/Runtime/Animation/AnimationOutputWeightProcessor.cs
  artifactKey: Guid(a429b38ee9d48c7408c8870baf406034) Importer(2089858483,b0f066a214c2f5e87bad3c948f4d605d)
Start importing Packages/com.unity.timeline/Runtime/Animation/AnimationOutputWeightProcessor.cs using Guid(a429b38ee9d48c7408c8870baf406034) Importer(2089858483,b0f066a214c2f5e87bad3c948f4d605d) (ScriptedImporter) -> (artifact id: '43d0cb2f843c6a79b5f27a2b65927df4') in 0.0425784 seconds
Number of updated asset objects reloaded before import = 0Number of asset objects unloaded after import = 0

========================================================================
Received Import Request.
  Time since last request: 0.000650 seconds.
  path: Packages/com.unity.timeline/Editor/Utilities/StyleManager.cs
  artifactKey: Guid(5f31f28cc64c91042976555c016ffd5f) Importer(2089858483,b0f066a214c2f5e87bad3c948f4d605d)
Start importing Packages/com.unity.timeline/Editor/Utilities/StyleManager.cs using Guid(5f31f28cc64c91042976555c016ffd5f) Importer(2089858483,b0f066a214c2f5e87bad3c948f4d605d) (ScriptedImporter) -> (artifact id: 'ed6e90247ebc60ae302b8ca368201de4') in 0.022499 seconds
Number of updated asset objects reloaded before import = 0Number of asset objects unloaded after import = 0

========================================================================
Received Import Request.
  Time since last request: 0.001076 seconds.
  path: Packages/com.unity.timeline/Editor/Window/TimelineWindow_TimeArea.cs
  artifactKey: Guid(b846f69b139b3a341a5699a09fa52b2c) Importer(2089858483,b0f066a214c2f5e87bad3c948f4d605d)
Start importing Packages/com.unity.timeline/Editor/Window/TimelineWindow_TimeArea.cs using Guid(b846f69b139b3a341a5699a09fa52b2c) Importer(2089858483,b0f066a214c2f5e87bad3c948f4d605d) (ScriptedImporter) -> (artifact id: 'e1d373a5565d65d6610297f5d2ec41ff') in 0.0257134 seconds
Number of updated asset objects reloaded before import = 0Number of asset objects unloaded after import = 0

========================================================================
Received Import Request.
  Time since last request: 0.000261 seconds.
  path: Packages/com.unity.timeline/Editor/Manipulators/AddDelete/AddDeleteItemModeRipple.cs
  artifactKey: Guid(88338eb35defad644a48718188e8f219) Importer(2089858483,b0f066a214c2f5e87bad3c948f4d605d)
Start importing Packages/com.unity.timeline/Editor/Manipulators/AddDelete/AddDeleteItemModeRipple.cs using Guid(88338eb35defad644a48718188e8f219) Importer(2089858483,b0f066a214c2f5e87bad3c948f4d605d) (ScriptedImporter) -> (artifact id: '3d3926d510b041f62d2023eb7e6a5721') in 0.0507634 seconds
Number of updated asset objects reloaded before import = 0Number of asset objects unloaded after import = 0

========================================================================
Received Import Request.
  Time since last request: 0.000160 seconds.
  path: Packages/com.unity.timeline/Editor/Manipulators/AddDelete/AddDeleteItemModeReplace.cs
  artifactKey: Guid(ea28dc637ae40484da709200d3328587) Importer(2089858483,b0f066a214c2f5e87bad3c948f4d605d)
Start importing Packages/com.unity.timeline/Editor/Manipulators/AddDelete/AddDeleteItemModeReplace.cs using Guid(ea28dc637ae40484da709200d3328587) Importer(2089858483,b0f066a214c2f5e87bad3c948f4d605d) (ScriptedImporter) -> (artifact id: '5337c780b165e5931e6a1dde10726515') in 0.0236953 seconds
Number of updated asset objects reloaded before import = 0Number of asset objects unloaded after import = 0

========================================================================
Received Import Request.
  Time since last request: 0.000212 seconds.
  path: Packages/com.unity.timeline/Runtime/Attributes/TimelineHelpURLAttribute.cs
  artifactKey: Guid(c35b6ea5f1d7cd74eac79413eb70670c) Importer(2089858483,b0f066a214c2f5e87bad3c948f4d605d)
Start importing Packages/com.unity.timeline/Runtime/Attributes/TimelineHelpURLAttribute.cs using Guid(c35b6ea5f1d7cd74eac79413eb70670c) Importer(2089858483,b0f066a214c2f5e87bad3c948f4d605d) (ScriptedImporter) -> (artifact id: 'b28633456b7b1f9cb96e595b4c6344ff') in 0.0199533 seconds
Number of updated asset objects reloaded before import = 0Number of asset objects unloaded after import = 0

========================================================================
Received Import Request.
  Time since last request: 0.000195 seconds.
  path: Packages/com.unity.timeline/Runtime/Playables/TimeControlPlayable.cs
  artifactKey: Guid(1db879070d9a45f4c86cdf5e59616df5) Importer(2089858483,b0f066a214c2f5e87bad3c948f4d605d)
Start importing Packages/com.unity.timeline/Runtime/Playables/TimeControlPlayable.cs using Guid(1db879070d9a45f4c86cdf5e59616df5) Importer(2089858483,b0f066a214c2f5e87bad3c948f4d605d) (ScriptedImporter) -> (artifact id: 'a15a467b38b36b192ac3f82cdfa780c6') in 0.0275899 seconds
Number of updated asset objects reloaded before import = 0Number of asset objects unloaded after import = 0

========================================================================
Received Import Request.
  Time since last request: 0.000046 seconds.
  path: Packages/com.unity.timeline/Editor/Manipulators/Trim/TrimItemModeReplace.cs
  artifactKey: Guid(769f6f5dd7c8f2d4c9ab1caba0bd2628) Importer(2089858483,b0f066a214c2f5e87bad3c948f4d605d)
Start importing Packages/com.unity.timeline/Editor/Manipulators/Trim/TrimItemModeReplace.cs using Guid(769f6f5dd7c8f2d4c9ab1caba0bd2628) Importer(2089858483,b0f066a214c2f5e87bad3c948f4d605d) (ScriptedImporter) -> (artifact id: '967ebe9d0617919c88df98703ee5e800') in 0.0293225 seconds
Number of updated asset objects reloaded before import = 0Number of asset objects unloaded after import = 0

========================================================================
Received Import Request.
  Time since last request: 0.000984 seconds.
  path: Packages/com.unity.timeline/Runtime/Events/Marker.cs
  artifactKey: Guid(89b48a03f6f43e94e87cc8d2104d3d4d) Importer(2089858483,b0f066a214c2f5e87bad3c948f4d605d)
Start importing Packages/com.unity.timeline/Runtime/Events/Marker.cs using Guid(89b48a03f6f43e94e87cc8d2104d3d4d) Importer(2089858483,b0f066a214c2f5e87bad3c948f4d605d) (ScriptedImporter) -> (artifact id: '1dbc58c8da241899d5a6c84b5ee4aaf6') in 0.0314906 seconds
Number of updated asset objects reloaded before import = 0Number of asset objects unloaded after import = 0

========================================================================
Received Import Request.
  Time since last request: 0.000348 seconds.
  path: Packages/com.unity.timeline/Editor/Window/TimelineWindow_TrackGui.cs
  artifactKey: Guid(08d23c0b73905c148b525c3c93fff580) Importer(2089858483,b0f066a214c2f5e87bad3c948f4d605d)
Start importing Packages/com.unity.timeline/Editor/Window/TimelineWindow_TrackGui.cs using Guid(08d23c0b73905c148b525c3c93fff580) Importer(2089858483,b0f066a214c2f5e87bad3c948f4d605d) (ScriptedImporter) -> (artifact id: '6e9fc3f8aaecde6f2272a6e3e0ca3884') in 0.0241586 seconds
Number of updated asset objects reloaded before import = 0Number of asset objects unloaded after import = 0

========================================================================
Received Import Request.
  Time since last request: 0.000202 seconds.
  path: Packages/com.unity.test-framework/UnityEditor.TestRunner/TestRunner/Messages/EnterPlayMode.cs
  artifactKey: Guid(9bd5a110ed89025499ddee8c7e73778e) Importer(2089858483,b0f066a214c2f5e87bad3c948f4d605d)
Start importing Packages/com.unity.test-framework/UnityEditor.TestRunner/TestRunner/Messages/EnterPlayMode.cs using Guid(9bd5a110ed89025499ddee8c7e73778e) Importer(2089858483,b0f066a214c2f5e87bad3c948f4d605d) (ScriptedImporter) -> (artifact id: '00c9b881b8d13c05bfa5cad1a2aaba63') in 0.0298747 seconds
Number of updated asset objects reloaded before import = 0Number of asset objects unloaded after import = 0

========================================================================
Received Import Request.
  Time since last request: 0.000166 seconds.
  path: Packages/com.unity.timeline/Editor/State/SequenceState.cs
  artifactKey: Guid(09f4db536a377bc40a9ac110af702bfa) Importer(2089858483,b0f066a214c2f5e87bad3c948f4d605d)
Start importing Packages/com.unity.timeline/Editor/State/SequenceState.cs using Guid(09f4db536a377bc40a9ac110af702bfa) Importer(2089858483,b0f066a214c2f5e87bad3c948f4d605d) (ScriptedImporter) -> (artifact id: '1853dec5ab70cb619af08dc84404964a') in 0.031734 seconds
Number of updated asset objects reloaded before import = 0Number of asset objects unloaded after import = 0

========================================================================
Received Import Request.
  Time since last request: 0.000875 seconds.
  path: Packages/com.unity.test-framework/UnityEngine.TestRunner/TestRunner/Callbacks/TestResultRendererCallback.cs
  artifactKey: Guid(dfc336f10b83bd74eaded16a658275c7) Importer(2089858483,b0f066a214c2f5e87bad3c948f4d605d)
Start importing Packages/com.unity.test-framework/UnityEngine.TestRunner/TestRunner/Callbacks/TestResultRendererCallback.cs using Guid(dfc336f10b83bd74eaded16a658275c7) Importer(2089858483,b0f066a214c2f5e87bad3c948f4d605d) (ScriptedImporter) -> (artifact id: '6921ab49e78724c09b3da3d29f4e4ed7') in 0.0364661 seconds
Number of updated asset objects reloaded before import = 0Number of asset objects unloaded after import = 0

========================================================================
Received Import Request.
  Time since last request: 0.000309 seconds.
  path: Packages/com.unity.test-framework/UnityEditor.TestRunner/UnityTestProtocol/Messages/QualitySettingsMessage.cs
  artifactKey: Guid(6cf74526594248e88be90b91eb2dbe1c) Importer(2089858483,b0f066a214c2f5e87bad3c948f4d605d)
Start importing Packages/com.unity.test-framework/UnityEditor.TestRunner/UnityTestProtocol/Messages/QualitySettingsMessage.cs using Guid(6cf74526594248e88be90b91eb2dbe1c) Importer(2089858483,b0f066a214c2f5e87bad3c948f4d605d) (ScriptedImporter) -> (artifact id: '5f8687d32f581d294fd4bb8d045b4f9d') in 0.0288067 seconds
Number of updated asset objects reloaded before import = 0Number of asset objects unloaded after import = 0

========================================================================
Received Import Request.
  Time since last request: 0.000327 seconds.
  path: Packages/com.unity.test-framework/UnityEditor.TestRunner/TestRun/Tasks/Events/RunFinishedInvocationEvent.cs
  artifactKey: Guid(a8ea9765889ae054c9b32cce583af855) Importer(2089858483,b0f066a214c2f5e87bad3c948f4d605d)
Start importing Packages/com.unity.test-framework/UnityEditor.TestRunner/TestRun/Tasks/Events/RunFinishedInvocationEvent.cs using Guid(a8ea9765889ae054c9b32cce583af855) Importer(2089858483,b0f066a214c2f5e87bad3c948f4d605d) (ScriptedImporter) -> (artifact id: '52296e931abf8e96fe5779ced1ca2845') in 0.0249088 seconds
Number of updated asset objects reloaded before import = 0Number of asset objects unloaded after import = 0

========================================================================
Received Import Request.
  Time since last request: 0.000227 seconds.
  path: Packages/com.unity.timeline/Editor/TimelineUtility.cs
  artifactKey: Guid(a3949cc8bd731bb47bedf6589367d0c9) Importer(2089858483,b0f066a214c2f5e87bad3c948f4d605d)
Start importing Packages/com.unity.timeline/Editor/TimelineUtility.cs using Guid(a3949cc8bd731bb47bedf6589367d0c9) Importer(2089858483,b0f066a214c2f5e87bad3c948f4d605d) (ScriptedImporter) -> (artifact id: 'a9cc5b11e865c04cc33d8f9040fffbc7') in 0.0205961 seconds
Number of updated asset objects reloaded before import = 0Number of asset objects unloaded after import = 0

========================================================================
Received Import Request.
  Time since last request: 0.000076 seconds.
  path: Packages/com.unity.ugui/Editor/UGUI/UI/InterceptedEventsPreview.cs
  artifactKey: Guid(127023922adddf744b59fa7b0b0c3030) Importer(2089858483,b0f066a214c2f5e87bad3c948f4d605d)
Start importing Packages/com.unity.ugui/Editor/UGUI/UI/InterceptedEventsPreview.cs using Guid(127023922adddf744b59fa7b0b0c3030) Importer(2089858483,b0f066a214c2f5e87bad3c948f4d605d) (ScriptedImporter) -> (artifact id: 'a358ca7a421476e18d456c1b11157d24') in 0.0220865 seconds
Number of updated asset objects reloaded before import = 0Number of asset objects unloaded after import = 0

========================================================================
Received Import Request.
  Time since last request: 0.000250 seconds.
  path: Packages/com.unity.timeline/Runtime/ClipCaps.cs
  artifactKey: Guid(667a99762bdf5484fbaa02573fd396e2) Importer(2089858483,b0f066a214c2f5e87bad3c948f4d605d)
Start importing Packages/com.unity.timeline/Runtime/ClipCaps.cs using Guid(667a99762bdf5484fbaa02573fd396e2) Importer(2089858483,b0f066a214c2f5e87bad3c948f4d605d) (ScriptedImporter) -> (artifact id: '0bb809c389e829f5da0e94b19c16a914') in 0.0284426 seconds
Number of updated asset objects reloaded before import = 0Number of asset objects unloaded after import = 0

========================================================================
Received Import Request.
  Time since last request: 0.000133 seconds.
  path: Packages/com.unity.timeline/Runtime/Evaluation/RuntimeClip.cs
  artifactKey: Guid(70a190a1b304d1e43995af35d09231d6) Importer(2089858483,b0f066a214c2f5e87bad3c948f4d605d)
Start importing Packages/com.unity.timeline/Runtime/Evaluation/RuntimeClip.cs using Guid(70a190a1b304d1e43995af35d09231d6) Importer(2089858483,b0f066a214c2f5e87bad3c948f4d605d) (ScriptedImporter) -> (artifact id: '41ce1c402ed1dba42cfef5d9642c2c7b') in 0.0213134 seconds
Number of updated asset objects reloaded before import = 0Number of asset objects unloaded after import = 0

========================================================================
Received Import Request.
  Time since last request: 0.000059 seconds.
  path: Packages/com.unity.timeline/Editor/Actions/TrackAction.cs
  artifactKey: Guid(bcac94f4ceb0c8049bf47480708ca7e2) Importer(2089858483,b0f066a214c2f5e87bad3c948f4d605d)
Start importing Packages/com.unity.timeline/Editor/Actions/TrackAction.cs using Guid(bcac94f4ceb0c8049bf47480708ca7e2) Importer(2089858483,b0f066a214c2f5e87bad3c948f4d605d) (ScriptedImporter) -> (artifact id: '340e9c6de563950692e5a6086ef3bb00') in 0.0198656 seconds
Number of updated asset objects reloaded before import = 0Number of asset objects unloaded after import = 0

========================================================================
Received Import Request.
  Time since last request: 0.000245 seconds.
  path: Packages/com.unity.test-framework/UnityEngine.TestRunner/Utils/PostBuildCleanupWithTestDataAttribute.cs
  artifactKey: Guid(e440d63dae5d049ca83c823c9f246b17) Importer(2089858483,b0f066a214c2f5e87bad3c948f4d605d)
Start importing Packages/com.unity.test-framework/UnityEngine.TestRunner/Utils/PostBuildCleanupWithTestDataAttribute.cs using Guid(e440d63dae5d049ca83c823c9f246b17) Importer(2089858483,b0f066a214c2f5e87bad3c948f4d605d) (ScriptedImporter) -> (artifact id: '7f58a877a80cc55d72593d2094232902') in 0.0196358 seconds
Number of updated asset objects reloaded before import = 0Number of asset objects unloaded after import = 0

========================================================================
Received Import Request.
  Time since last request: 0.000304 seconds.
  path: Packages/com.unity.test-framework/UnityEditor.TestRunner/TestRunner/Utils/IEditorLoadedTestAssemblyProvider.cs
  artifactKey: Guid(936b6288befc460409cfdff3ac92fc95) Importer(2089858483,b0f066a214c2f5e87bad3c948f4d605d)
Start importing Packages/com.unity.test-framework/UnityEditor.TestRunner/TestRunner/Utils/IEditorLoadedTestAssemblyProvider.cs using Guid(936b6288befc460409cfdff3ac92fc95) Importer(2089858483,b0f066a214c2f5e87bad3c948f4d605d) (ScriptedImporter) -> (artifact id: '8b874ee454648cf7231ae2d9764da368') in 0.0211686 seconds
Number of updated asset objects reloaded before import = 0Number of asset objects unloaded after import = 0

========================================================================
Received Import Request.
  Time since last request: 0.000380 seconds.
  path: Packages/com.unity.timeline/Editor/Window/WindowConstants.cs
  artifactKey: Guid(6d768b1bb52e2c64ba818933dbdd8452) Importer(2089858483,b0f066a214c2f5e87bad3c948f4d605d)
Start importing Packages/com.unity.timeline/Editor/Window/WindowConstants.cs using Guid(6d768b1bb52e2c64ba818933dbdd8452) Importer(2089858483,b0f066a214c2f5e87bad3c948f4d605d) (ScriptedImporter) -> (artifact id: 'bb36f99d52e1b8d53c3e25ae23f2cd61') in 0.0273199 seconds
Number of updated asset objects reloaded before import = 0Number of asset objects unloaded after import = 0

========================================================================
Received Import Request.
  Time since last request: 0.000231 seconds.
  path: Packages/com.unity.ide.vscode/CONTRIBUTING.md
  artifactKey: Guid(fcb9be00baf924c4183fc0313e6185c5) Importer(2089858483,b0f066a214c2f5e87bad3c948f4d605d)
Start importing Packages/com.unity.ide.vscode/CONTRIBUTING.md using Guid(fcb9be00baf924c4183fc0313e6185c5) Importer(2089858483,b0f066a214c2f5e87bad3c948f4d605d) (ScriptedImporter) -> (artifact id: '660abfd24da3b5067b9b94275faed882') in 0.0279716 seconds
Number of updated asset objects reloaded before import = 0Number of asset objects unloaded after import = 1

========================================================================
Received Import Request.
  Time since last request: 0.000235 seconds.
  path: Packages/com.unity.ugui/Editor/UGUI/UI/InputFieldEditor.cs
  artifactKey: Guid(21d2d5d6901f2ca43a8015c60ada4e2c) Importer(2089858483,b0f066a214c2f5e87bad3c948f4d605d)
Start importing Packages/com.unity.ugui/Editor/UGUI/UI/InputFieldEditor.cs using Guid(21d2d5d6901f2ca43a8015c60ada4e2c) Importer(2089858483,b0f066a214c2f5e87bad3c948f4d605d) (ScriptedImporter) -> (artifact id: '9d47807db3567d5aadce5271be862fc1') in 0.0189032 seconds
Number of updated asset objects reloaded before import = 0Number of asset objects unloaded after import = 0

========================================================================
Received Import Request.
  Time since last request: 0.000228 seconds.
  path: Packages/com.unity.test-framework/UnityEngine.TestRunner/Assertions/UnhandledLogMessageException.cs
  artifactKey: Guid(a8ed4063f2beecd41a234a582202f3c4) Importer(2089858483,b0f066a214c2f5e87bad3c948f4d605d)
Start importing Packages/com.unity.test-framework/UnityEngine.TestRunner/Assertions/UnhandledLogMessageException.cs using Guid(a8ed4063f2beecd41a234a582202f3c4) Importer(2089858483,b0f066a214c2f5e87bad3c948f4d605d) (ScriptedImporter) -> (artifact id: '89f5b38c0148acb48a23b8e734c586c6') in 0.0400711 seconds
Number of updated asset objects reloaded before import = 0Number of asset objects unloaded after import = 0

========================================================================
Received Import Request.
  Time since last request: 0.000451 seconds.
  path: Packages/com.unity.test-framework/UnityEditor.TestRunner/TestRun/Tasks/Player/DetermineRuntimePlatformTask.cs
  artifactKey: Guid(006c3457e983424bbdead50009cd0e00) Importer(2089858483,b0f066a214c2f5e87bad3c948f4d605d)
Start importing Packages/com.unity.test-framework/UnityEditor.TestRunner/TestRun/Tasks/Player/DetermineRuntimePlatformTask.cs using Guid(006c3457e983424bbdead50009cd0e00) Importer(2089858483,b0f066a214c2f5e87bad3c948f4d605d) (ScriptedImporter) -> (artifact id: '661934f78593ba87b487e9c57a914475') in 0.0275481 seconds
Number of updated asset objects reloaded before import = 0Number of asset objects unloaded after import = 0

========================================================================
Received Import Request.
  Time since last request: 0.000270 seconds.
  path: Packages/com.unity.test-framework/UnityEditor.TestRunner/TestLaunchers/PlatformSetup/Switch2PlatformSetup.cs
  artifactKey: Guid(078a3968c1fd87047890f314894a20a1) Importer(2089858483,b0f066a214c2f5e87bad3c948f4d605d)
Start importing Packages/com.unity.test-framework/UnityEditor.TestRunner/TestLaunchers/PlatformSetup/Switch2PlatformSetup.cs using Guid(078a3968c1fd87047890f314894a20a1) Importer(2089858483,b0f066a214c2f5e87bad3c948f4d605d) (ScriptedImporter) -> (artifact id: '0f6b9da25050d641357a7a88e3446311') in 0.02414 seconds
Number of updated asset objects reloaded before import = 0Number of asset objects unloaded after import = 0

========================================================================
Received Import Request.
  Time since last request: 0.000238 seconds.
  path: Packages/com.unity.timeline/Editor/Window/TimelineWindow_EditorCallbacks.cs
  artifactKey: Guid(d1c9c1ed454d0594b951eb6a76ac62ad) Importer(2089858483,b0f066a214c2f5e87bad3c948f4d605d)
Start importing Packages/com.unity.timeline/Editor/Window/TimelineWindow_EditorCallbacks.cs using Guid(d1c9c1ed454d0594b951eb6a76ac62ad) Importer(2089858483,b0f066a214c2f5e87bad3c948f4d605d) (ScriptedImporter) -> (artifact id: 'e57bf714221c0808af961b6402441218') in 0.0204263 seconds
Number of updated asset objects reloaded before import = 0Number of asset objects unloaded after import = 0

========================================================================
Received Import Request.
  Time since last request: 0.000168 seconds.
  path: Packages/com.unity.ugui/Runtime/UGUI/UI/Core/SetPropertyUtility.cs
  artifactKey: Guid(b9ba34e0b1884454fbc4257260e22b64) Importer(2089858483,b0f066a214c2f5e87bad3c948f4d605d)
Start importing Packages/com.unity.ugui/Runtime/UGUI/UI/Core/SetPropertyUtility.cs using Guid(b9ba34e0b1884454fbc4257260e22b64) Importer(2089858483,b0f066a214c2f5e87bad3c948f4d605d) (ScriptedImporter) -> (artifact id: '6e81a7d55fde365920c066c142473dba') in 0.0216048 seconds
Number of updated asset objects reloaded before import = 0Number of asset objects unloaded after import = 0

========================================================================
Received Import Request.
  Time since last request: 0.000159 seconds.
  path: Packages/com.unity.modules.wind/package.ModuleCompilationTrigger
  artifactKey: Guid(2adec19fac7df68adf1fd6eb83197bb1) Importer(2089858483,b0f066a214c2f5e87bad3c948f4d605d)
Start importing Packages/com.unity.modules.wind/package.ModuleCompilationTrigger using Guid(2adec19fac7df68adf1fd6eb83197bb1) Importer(2089858483,b0f066a214c2f5e87bad3c948f4d605d) (ScriptedImporter) -> (artifact id: '7160e7e61e19316a27743d3bb6772ff8') in 0.0282057 seconds
Number of updated asset objects reloaded before import = 0Number of asset objects unloaded after import = 1

========================================================================
Received Import Request.
  Time since last request: 0.000106 seconds.
  path: Packages/com.unity.multiplayer.center/Editor/OnBoarding/GettingStartedTabView.cs
  artifactKey: Guid(d2c2caab1f2642afa6c07dec054fd34f) Importer(2089858483,b0f066a214c2f5e87bad3c948f4d605d)
Start importing Packages/com.unity.multiplayer.center/Editor/OnBoarding/GettingStartedTabView.cs using Guid(d2c2caab1f2642afa6c07dec054fd34f) Importer(2089858483,b0f066a214c2f5e87bad3c948f4d605d) (ScriptedImporter) -> (artifact id: 'd89a234577312dfb2f2326d603793a8c') in 0.0338764 seconds
Number of updated asset objects reloaded before import = 0Number of asset objects unloaded after import = 0

========================================================================
Received Import Request.
  Time since last request: 0.000266 seconds.
  path: Packages/com.unity.timeline/Editor/StyleSheets/Images/Icons/TrackLockButtonDisabled.png
  artifactKey: Guid(fef7487d8b06bba408f70354e2463ce4) Importer(2089858483,b0f066a214c2f5e87bad3c948f4d605d)
Start importing Packages/com.unity.timeline/Editor/StyleSheets/Images/Icons/TrackLockButtonDisabled.png using Guid(fef7487d8b06bba408f70354e2463ce4) Importer(2089858483,b0f066a214c2f5e87bad3c948f4d605d) (ScriptedImporter) -> (artifact id: '1e36ba58ca517ce63050eb29db80fbd1') in 0.0546052 seconds
Number of updated asset objects reloaded before import = 0Number of asset objects unloaded after import = 1

========================================================================
Received Import Request.
  Time since last request: 0.000131 seconds.
  path: Packages/com.unity.timeline/Editor/StyleSheets/Images/Icons/d_TimelineCollapseMarkerButtonEnabled.png
  artifactKey: Guid(2446ee609b613cd4e9142ccc55cb7c43) Importer(2089858483,b0f066a214c2f5e87bad3c948f4d605d)
Start importing Packages/com.unity.timeline/Editor/StyleSheets/Images/Icons/d_TimelineCollapseMarkerButtonEnabled.png using Guid(2446ee609b613cd4e9142ccc55cb7c43) Importer(2089858483,b0f066a214c2f5e87bad3c948f4d605d) (ScriptedImporter) -> (artifact id: '808f268d55c1515b9cbf9403f1e9640d') in 0.2231812 seconds
Number of updated asset objects reloaded before import = 0Number of asset objects unloaded after import = 1

========================================================================
Received Import Request.
  Time since last request: 0.000079 seconds.
  path: Packages/com.unity.timeline/Editor/Window/ViewModel/TimelineAssetViewModel.cs
  artifactKey: Guid(d79cb9ecc0d4a6d428ab98a681a33897) Importer(2089858483,b0f066a214c2f5e87bad3c948f4d605d)
Start importing Packages/com.unity.timeline/Editor/Window/ViewModel/TimelineAssetViewModel.cs using Guid(d79cb9ecc0d4a6d428ab98a681a33897) Importer(2089858483,b0f066a214c2f5e87bad3c948f4d605d) (ScriptedImporter) -> (artifact id: 'da08aa35b4abb9652bdb2f1d97b5706c') in 0.051492 seconds
Number of updated asset objects reloaded before import = 0Number of asset objects unloaded after import = 0

========================================================================
Received Import Request.
  Time since last request: 0.000038 seconds.
  path: Packages/com.unity.timeline/Editor/StyleSheets/Images/Icons/d_TrackMarkerButtonEnabled@2x.png
  artifactKey: Guid(6192986415256ca47a97a97507406f5e) Importer(2089858483,b0f066a214c2f5e87bad3c948f4d605d)
Start importing Packages/com.unity.timeline/Editor/StyleSheets/Images/Icons/d_TrackMarkerButtonEnabled@2x.png using Guid(6192986415256ca47a97a97507406f5e) Importer(2089858483,b0f066a214c2f5e87bad3c948f4d605d) (ScriptedImporter) -> (artifact id: 'af03b3bb59e7ade983be6417d2372ee8') in 0.0479704 seconds
Number of updated asset objects reloaded before import = 0Number of asset objects unloaded after import = 1

========================================================================
Received Import Request.
  Time since last request: 0.000206 seconds.
  path: Packages/com.unity.timeline/Editor/StyleSheets/Images/Icons/TimelineSelector.png
  artifactKey: Guid(73f5ebb64da7b2a40ab6bffac80f1a61) Importer(2089858483,b0f066a214c2f5e87bad3c948f4d605d)
Start importing Packages/com.unity.timeline/Editor/StyleSheets/Images/Icons/TimelineSelector.png using Guid(73f5ebb64da7b2a40ab6bffac80f1a61) Importer(2089858483,b0f066a214c2f5e87bad3c948f4d605d) (ScriptedImporter) -> (artifact id: 'ee1a9ed8fb22a20a6fda09ac0abca25b') in 0.0431765 seconds
Number of updated asset objects reloaded before import = 0Number of asset objects unloaded after import = 1

========================================================================
Received Import Request.
  Time since last request: 0.000165 seconds.
  path: Packages/com.unity.timeline/Editor/StyleSheets/Images/Icons/d_TrackMuteButtonEnabled.png
  artifactKey: Guid(ac5017dfbeee42347b3b45ecc572674e) Importer(2089858483,b0f066a214c2f5e87bad3c948f4d605d)
Start importing Packages/com.unity.timeline/Editor/StyleSheets/Images/Icons/d_TrackMuteButtonEnabled.png using Guid(ac5017dfbeee42347b3b45ecc572674e) Importer(2089858483,b0f066a214c2f5e87bad3c948f4d605d) (ScriptedImporter) -> (artifact id: 'db1e2e987f87f7e1055365c212e81e2e') in 0.0289711 seconds
Number of updated asset objects reloaded before import = 0Number of asset objects unloaded after import = 1

========================================================================
Received Import Request.
  Time since last request: 0.000285 seconds.
  path: Packages/com.unity.timeline/Editor/StyleSheets/Images/DarkSkin/TimelineKeyframe.png
  artifactKey: Guid(8eba099eb091faf419fecdcd5cdabfd7) Importer(2089858483,b0f066a214c2f5e87bad3c948f4d605d)
Start importing Packages/com.unity.timeline/Editor/StyleSheets/Images/DarkSkin/TimelineKeyframe.png using Guid(8eba099eb091faf419fecdcd5cdabfd7) Importer(2089858483,b0f066a214c2f5e87bad3c948f4d605d) (ScriptedImporter) -> (artifact id: '2021a0c7bf88cfe558151f4dee0c82bf') in 0.0427823 seconds
Number of updated asset objects reloaded before import = 0Number of asset objects unloaded after import = 1

========================================================================
Received Import Request.
  Time since last request: 0.000052 seconds.
  path: Packages/com.unity.timeline/Editor/StyleSheets/Images/Icons/d_TrackAvatarButtonDisabled.png
  artifactKey: Guid(91746a504b59769439bb2749c314d231) Importer(2089858483,b0f066a214c2f5e87bad3c948f4d605d)
Start importing Packages/com.unity.timeline/Editor/StyleSheets/Images/Icons/d_TrackAvatarButtonDisabled.png using Guid(91746a504b59769439bb2749c314d231) Importer(2089858483,b0f066a214c2f5e87bad3c948f4d605d) (ScriptedImporter) -> (artifact id: 'd7a6d1d4c209172a4fc4acc9240661ac') in 0.1043598 seconds
Number of updated asset objects reloaded before import = 0Number of asset objects unloaded after import = 1

========================================================================
Received Import Request.
  Time since last request: 0.000466 seconds.
  path: Packages/com.unity.timeline/Runtime/Events/Signals/SignalAsset.cs
  artifactKey: Guid(d6fa2d92fc1b3f34da284357edf89c3b) Importer(2089858483,b0f066a214c2f5e87bad3c948f4d605d)
Start importing Packages/com.unity.timeline/Runtime/Events/Signals/SignalAsset.cs using Guid(d6fa2d92fc1b3f34da284357edf89c3b) Importer(2089858483,b0f066a214c2f5e87bad3c948f4d605d) (ScriptedImporter) -> (artifact id: '5be709e31abb828c6a2437b1c4882173') in 0.0256362 seconds
Number of updated asset objects reloaded before import = 0Number of asset objects unloaded after import = 0

========================================================================
Received Import Request.
  Time since last request: 0.000105 seconds.
  path: Packages/com.unity.timeline/Editor/StyleSheets/Images/DarkSkin/TimelineLoop.png
  artifactKey: Guid(360dded8761e81d4d98c10f469d55492) Importer(2089858483,b0f066a214c2f5e87bad3c948f4d605d)
Start importing Packages/com.unity.timeline/Editor/StyleSheets/Images/DarkSkin/TimelineLoop.png using Guid(360dded8761e81d4d98c10f469d55492) Importer(2089858483,b0f066a214c2f5e87bad3c948f4d605d) (ScriptedImporter) -> (artifact id: '5448aec24ee925afeb8bab7818672d70') in 0.0466727 seconds
Number of updated asset objects reloaded before import = 0Number of asset objects unloaded after import = 1

========================================================================
Received Import Request.
  Time since last request: 0.000174 seconds.
  path: Packages/com.unity.timeline/Editor/Utilities/Scopes/LabelWidthScope.cs
  artifactKey: Guid(9d095bb54df44c01a27e76a2b060a072) Importer(2089858483,b0f066a214c2f5e87bad3c948f4d605d)
Start importing Packages/com.unity.timeline/Editor/Utilities/Scopes/LabelWidthScope.cs using Guid(9d095bb54df44c01a27e76a2b060a072) Importer(2089858483,b0f066a214c2f5e87bad3c948f4d605d) (ScriptedImporter) -> (artifact id: 'c122d9ad16e19e6d4d0ffa3f43a0d56d') in 0.1891399 seconds
Number of updated asset objects reloaded before import = 0Number of asset objects unloaded after import = 0

========================================================================
Received Import Request.
  Time since last request: 0.003525 seconds.
  path: Packages/com.unity.timeline/Editor/treeview/TrackGui/TimelineTrackErrorGUI.cs
  artifactKey: Guid(e00dc5a0cda466b41b09a50bd18b4916) Importer(2089858483,b0f066a214c2f5e87bad3c948f4d605d)
Start importing Packages/com.unity.timeline/Editor/treeview/TrackGui/TimelineTrackErrorGUI.cs using Guid(e00dc5a0cda466b41b09a50bd18b4916) Importer(2089858483,b0f066a214c2f5e87bad3c948f4d605d) (ScriptedImporter) -> (artifact id: 'bd72e729bb19bb7b54e804d59fb2be98') in 0.0343837 seconds
Number of updated asset objects reloaded before import = 0Number of asset objects unloaded after import = 0

========================================================================
Received Import Request.
  Time since last request: 0.001158 seconds.
  path: Packages/com.unity.timeline/Editor/StyleSheets/Images/Icons/TrackMuteButtonEnabled@2x.png
  artifactKey: Guid(512aaee9b220348408a2e518f98d6e14) Importer(2089858483,b0f066a214c2f5e87bad3c948f4d605d)
Start importing Packages/com.unity.timeline/Editor/StyleSheets/Images/Icons/TrackMuteButtonEnabled@2x.png using Guid(512aaee9b220348408a2e518f98d6e14) Importer(2089858483,b0f066a214c2f5e87bad3c948f4d605d) (ScriptedImporter) -> (artifact id: '853d966aaf1d3ef226c03a8e09094c4a') in 0.1164722 seconds
Number of updated asset objects reloaded before import = 0Number of asset objects unloaded after import = 1

========================================================================
Received Import Request.
  Time since last request: 0.000390 seconds.
  path: Packages/com.unity.timeline/Editor/StyleSheets/Images/Icons/TrackMuteButtonDisabled.png
  artifactKey: Guid(5216b1b48296ef345ad2d2ec43105bf0) Importer(2089858483,b0f066a214c2f5e87bad3c948f4d605d)
Start importing Packages/com.unity.timeline/Editor/StyleSheets/Images/Icons/TrackMuteButtonDisabled.png using Guid(5216b1b48296ef345ad2d2ec43105bf0) Importer(2089858483,b0f066a214c2f5e87bad3c948f4d605d) (ScriptedImporter) -> (artifact id: '6815dbfe0cc433f7971f9e8f424be7f5') in 0.0843001 seconds
Number of updated asset objects reloaded before import = 0Number of asset objects unloaded after import = 1

========================================================================
Received Import Request.
  Time since last request: 0.003134 seconds.
  path: Packages/com.unity.timeline/Editor/StyleSheets/Images/LightSkin/TimelineAutokey.png
  artifactKey: Guid(af3aec622aef40c45813b39e405966a3) Importer(2089858483,b0f066a214c2f5e87bad3c948f4d605d)
Start importing Packages/com.unity.timeline/Editor/StyleSheets/Images/LightSkin/TimelineAutokey.png using Guid(af3aec622aef40c45813b39e405966a3) Importer(2089858483,b0f066a214c2f5e87bad3c948f4d605d) (ScriptedImporter) -> (artifact id: '3492b2aac9b373dc5b93343ad06c8b14') in 0.0719483 seconds
Number of updated asset objects reloaded before import = 0Number of asset objects unloaded after import = 1

========================================================================
Received Import Request.
  Time since last request: 0.000049 seconds.
  path: Packages/com.unity.timeline/Editor/StyleSheets/Images/LightSkin/TimelineDisabledBackground.png
  artifactKey: Guid(0304baf8d224f3e47b22d872c8dcd412) Importer(2089858483,b0f066a214c2f5e87bad3c948f4d605d)
Start importing Packages/com.unity.timeline/Editor/StyleSheets/Images/LightSkin/TimelineDisabledBackground.png using Guid(0304baf8d224f3e47b22d872c8dcd412) Importer(2089858483,b0f066a214c2f5e87bad3c948f4d605d) (ScriptedImporter) -> (artifact id: 'f0c87cd3969ff06295663d47c0ad7ae6') in 0.0497405 seconds
Number of updated asset objects reloaded before import = 0Number of asset objects unloaded after import = 1

========================================================================
Received Import Request.
  Time since last request: 0.000659 seconds.
  path: Packages/com.unity.timeline/Editor/StyleSheets/Images/Icons/TrackRecordButtonEnabled@2x.png
  artifactKey: Guid(8fdae4ac756ed6047b01021ff0cc3ebb) Importer(2089858483,b0f066a214c2f5e87bad3c948f4d605d)
Start importing Packages/com.unity.timeline/Editor/StyleSheets/Images/Icons/TrackRecordButtonEnabled@2x.png using Guid(8fdae4ac756ed6047b01021ff0cc3ebb) Importer(2089858483,b0f066a214c2f5e87bad3c948f4d605d) (ScriptedImporter) -> (artifact id: 'f0d226ade02d81ff78793bacaeecac76') in 0.0494227 seconds
Number of updated asset objects reloaded before import = 0Number of asset objects unloaded after import = 1

========================================================================
Received Import Request.
  Time since last request: 0.000443 seconds.
  path: Packages/com.unity.timeline/Editor/StyleSheets/Images/Icons/TrackMuteButtonDisabled@2x.png
  artifactKey: Guid(db31466324572e740a431e4e0e03a016) Importer(2089858483,b0f066a214c2f5e87bad3c948f4d605d)
Start importing Packages/com.unity.timeline/Editor/StyleSheets/Images/Icons/TrackMuteButtonDisabled@2x.png using Guid(db31466324572e740a431e4e0e03a016) Importer(2089858483,b0f066a214c2f5e87bad3c948f4d605d) (ScriptedImporter) -> (artifact id: '7476ca75e11ff82238699c918a9b09b6') in 0.0410074 seconds
Number of updated asset objects reloaded before import = 0Number of asset objects unloaded after import = 1

========================================================================
Received Import Request.
  Time since last request: 0.000263 seconds.
  path: Packages/com.unity.timeline/Editor/StyleSheets/Images/Icons/TrackCurvesButtonDisabled@2x.png
  artifactKey: Guid(a383d8b1327c9254896ad76d6efaf357) Importer(2089858483,b0f066a214c2f5e87bad3c948f4d605d)
Start importing Packages/com.unity.timeline/Editor/StyleSheets/Images/Icons/TrackCurvesButtonDisabled@2x.png using Guid(a383d8b1327c9254896ad76d6efaf357) Importer(2089858483,b0f066a214c2f5e87bad3c948f4d605d) (ScriptedImporter) -> (artifact id: '7c1ccf3c3fb63546323baaeca128c112') in 0.033559 seconds
Number of updated asset objects reloaded before import = 0Number of asset objects unloaded after import = 1

========================================================================
Received Import Request.
  Time since last request: 0.000188 seconds.
  path: Packages/com.unity.timeline/Editor/Manipulators/Utils/EditModeMixUtils.cs
  artifactKey: Guid(505965fb9ab352b4d88882d7c8d822bf) Importer(2089858483,b0f066a214c2f5e87bad3c948f4d605d)
Start importing Packages/com.unity.timeline/Editor/Manipulators/Utils/EditModeMixUtils.cs using Guid(505965fb9ab352b4d88882d7c8d822bf) Importer(2089858483,b0f066a214c2f5e87bad3c948f4d605d) (ScriptedImporter) -> (artifact id: '0e85b3083624fc139ce9debcf66f9af6') in 0.0299389 seconds
Number of updated asset objects reloaded before import = 0Number of asset objects unloaded after import = 0

========================================================================
Received Import Request.
  Time since last request: 0.000362 seconds.
  path: Packages/com.unity.timeline/Editor/treeview/Drawers/TrackDrawer.cs
  artifactKey: Guid(9a0f991b6c2f45b44b92e163f9969e8e) Importer(2089858483,b0f066a214c2f5e87bad3c948f4d605d)
Start importing Packages/com.unity.timeline/Editor/treeview/Drawers/TrackDrawer.cs using Guid(9a0f991b6c2f45b44b92e163f9969e8e) Importer(2089858483,b0f066a214c2f5e87bad3c948f4d605d) (ScriptedImporter) -> (artifact id: 'a29e218184ac1f42a5dff434ffd2134f') in 0.0338371 seconds
Number of updated asset objects reloaded before import = 0Number of asset objects unloaded after import = 0

========================================================================
Received Import Request.
  Time since last request: 0.000188 seconds.
  path: Packages/com.unity.timeline/Editor/Utilities/Scopes/GUIColorOverride.cs
  artifactKey: Guid(44507a833d0ca8a42aaec1c3d752eb5f) Importer(2089858483,b0f066a214c2f5e87bad3c948f4d605d)
Start importing Packages/com.unity.timeline/Editor/Utilities/Scopes/GUIColorOverride.cs using Guid(44507a833d0ca8a42aaec1c3d752eb5f) Importer(2089858483,b0f066a214c2f5e87bad3c948f4d605d) (ScriptedImporter) -> (artifact id: '2eb27b72d2af2737366d6a27a0b2989c') in 0.0186723 seconds
Number of updated asset objects reloaded before import = 0Number of asset objects unloaded after import = 0

========================================================================
Received Import Request.
  Time since last request: 0.000235 seconds.
  path: Packages/com.unity.timeline/Editor/StyleSheets/Images/DarkSkin/TimelineIconClipIn.png
  artifactKey: Guid(ab1e2f0dfb0df5e40bb95359b3d8ed3a) Importer(2089858483,b0f066a214c2f5e87bad3c948f4d605d)
Start importing Packages/com.unity.timeline/Editor/StyleSheets/Images/DarkSkin/TimelineIconClipIn.png using Guid(ab1e2f0dfb0df5e40bb95359b3d8ed3a) Importer(2089858483,b0f066a214c2f5e87bad3c948f4d605d) (ScriptedImporter) -> (artifact id: '513a8dbc520f0c1e9e1408422699a6f4') in 0.0465348 seconds
Number of updated asset objects reloaded before import = 0Number of asset objects unloaded after import = 1

========================================================================
Received Import Request.
  Time since last request: 0.000355 seconds.
  path: Packages/com.unity.timeline/Editor/Utilities/SequenceSelectorNameFormater.cs
  artifactKey: Guid(1861286ba69badd439188a65bebf3cda) Importer(2089858483,b0f066a214c2f5e87bad3c948f4d605d)
Start importing Packages/com.unity.timeline/Editor/Utilities/SequenceSelectorNameFormater.cs using Guid(1861286ba69badd439188a65bebf3cda) Importer(2089858483,b0f066a214c2f5e87bad3c948f4d605d) (ScriptedImporter) -> (artifact id: '66a0184ea7e17482922a494018163923') in 0.0355715 seconds
Number of updated asset objects reloaded before import = 0Number of asset objects unloaded after import = 0

========================================================================
Received Import Request.
  Time since last request: 0.000327 seconds.
  path: Packages/com.unity.ugui/Editor/UGUI/UI/SelectableEditor.cs
  artifactKey: Guid(e9253e696cd45794d9aec6d4de366b6e) Importer(2089858483,b0f066a214c2f5e87bad3c948f4d605d)
Start importing Packages/com.unity.ugui/Editor/UGUI/UI/SelectableEditor.cs using Guid(e9253e696cd45794d9aec6d4de366b6e) Importer(2089858483,b0f066a214c2f5e87bad3c948f4d605d) (ScriptedImporter) -> (artifact id: 'b998ce9aaa17ed19ac3ef21bf27171fc') in 0.027344 seconds
Number of updated asset objects reloaded before import = 0Number of asset objects unloaded after import = 0

========================================================================
Received Import Request.
  Time since last request: 0.000214 seconds.
  path: Packages/com.unity.timeline/Editor/Extensions/AnimationTrackExtensions.cs
  artifactKey: Guid(5a31542ccf4e8584ca4f60843e9d02d0) Importer(2089858483,b0f066a214c2f5e87bad3c948f4d605d)
Start importing Packages/com.unity.timeline/Editor/Extensions/AnimationTrackExtensions.cs using Guid(5a31542ccf4e8584ca4f60843e9d02d0) Importer(2089858483,b0f066a214c2f5e87bad3c948f4d605d) (ScriptedImporter) -> (artifact id: '42017706f89918d21faae2d4906d6e42') in 0.0248849 seconds
Number of updated asset objects reloaded before import = 0Number of asset objects unloaded after import = 0

========================================================================
Received Import Request.
  Time since last request: 0.000300 seconds.
  path: Packages/com.unity.timeline/Editor/Window/TimelineWindow_StateChange.cs
  artifactKey: Guid(b926af22079e00e4a8c073321194cea1) Importer(2089858483,b0f066a214c2f5e87bad3c948f4d605d)
Start importing Packages/com.unity.timeline/Editor/Window/TimelineWindow_StateChange.cs using Guid(b926af22079e00e4a8c073321194cea1) Importer(2089858483,b0f066a214c2f5e87bad3c948f4d605d) (ScriptedImporter) -> (artifact id: 'f0005e667877b63a54b67e23cf0396be') in 0.0252584 seconds
Number of updated asset objects reloaded before import = 0Number of asset objects unloaded after import = 0

========================================================================
Received Import Request.
  Time since last request: 0.000445 seconds.
  path: Packages/com.unity.timeline/Editor/Utilities/MarkerModifier.cs
  artifactKey: Guid(7cfaad4e53832d94c9421d2dd1ad82f7) Importer(2089858483,b0f066a214c2f5e87bad3c948f4d605d)
Start importing Packages/com.unity.timeline/Editor/Utilities/MarkerModifier.cs using Guid(7cfaad4e53832d94c9421d2dd1ad82f7) Importer(2089858483,b0f066a214c2f5e87bad3c948f4d605d) (ScriptedImporter) -> (artifact id: '2f3b9b115efbdeff047b9b9cd129295a') in 0.0496812 seconds
Number of updated asset objects reloaded before import = 0Number of asset objects unloaded after import = 0

========================================================================
Received Import Request.
  Time since last request: 0.000156 seconds.
  path: Packages/com.unity.ugui/Editor/UGUI/UI/PropertyDrawers/NavigationDrawer.cs
  artifactKey: Guid(fb27f3049fe06c246803a4a4c5b7fda3) Importer(2089858483,b0f066a214c2f5e87bad3c948f4d605d)
Start importing Packages/com.unity.ugui/Editor/UGUI/UI/PropertyDrawers/NavigationDrawer.cs using Guid(fb27f3049fe06c246803a4a4c5b7fda3) Importer(2089858483,b0f066a214c2f5e87bad3c948f4d605d) (ScriptedImporter) -> (artifact id: '5f9bcfe2c50e0e6220eb2959ae3a1eb3') in 0.0820332 seconds
Number of updated asset objects reloaded before import = 0Number of asset objects unloaded after import = 0

========================================================================
Received Import Request.
  Time since last request: 0.000528 seconds.
  path: Packages/com.unity.ai.navigation/Gizmos/NavMeshLink Icon.png
  artifactKey: Guid(92f4afa3e25264f5b964937ccea49ff2) Importer(2089858483,b0f066a214c2f5e87bad3c948f4d605d)
Start importing Packages/com.unity.ai.navigation/Gizmos/NavMeshLink Icon.png using Guid(92f4afa3e25264f5b964937ccea49ff2) Importer(2089858483,b0f066a214c2f5e87bad3c948f4d605d) (ScriptedImporter) -> (artifact id: '6e27cff23c8d4cfb33075abdf2d8d7ad') in 0.0427744 seconds
Number of updated asset objects reloaded before import = 0Number of asset objects unloaded after import = 1

========================================================================
Received Import Request.
  Time since last request: 0.000053 seconds.
  path: Packages/com.unity.ai.navigation/EditorResources/Overlay/d_NavigationOverlay@128.png
  artifactKey: Guid(80899a9fbe3d3364eac2c5924c0a28cf) Importer(2089858483,b0f066a214c2f5e87bad3c948f4d605d)
Start importing Packages/com.unity.ai.navigation/EditorResources/Overlay/d_NavigationOverlay@128.png using Guid(80899a9fbe3d3364eac2c5924c0a28cf) Importer(2089858483,b0f066a214c2f5e87bad3c948f4d605d) (ScriptedImporter) -> (artifact id: 'e7ea83758c0e08e7801dec93883067ed') in 0.0402337 seconds
Number of updated asset objects reloaded before import = 0Number of asset objects unloaded after import = 1

========================================================================
Received Import Request.
  Time since last request: 0.000225 seconds.
  path: Packages/com.unity.ai.navigation/Editor/ConversionSystem/SystemConverterContainer.cs
  artifactKey: Guid(6c78b1d765d234b9c9e3a1d2b0667c47) Importer(2089858483,b0f066a214c2f5e87bad3c948f4d605d)
Start importing Packages/com.unity.ai.navigation/Editor/ConversionSystem/SystemConverterContainer.cs using Guid(6c78b1d765d234b9c9e3a1d2b0667c47) Importer(2089858483,b0f066a214c2f5e87bad3c948f4d605d) (ScriptedImporter) -> (artifact id: '5e9d8f4288e3f632e53f976f0b921d39') in 0.0273068 seconds
Number of updated asset objects reloaded before import = 0Number of asset objects unloaded after import = 0

========================================================================
Received Import Request.
  Time since last request: 0.000311 seconds.
  path: Packages/com.unity.ai.navigation/Editor/ConversionSystem/ConverterItemInfo.cs
  artifactKey: Guid(fac6f414adf2e4556865a180b1529cbb) Importer(2089858483,b0f066a214c2f5e87bad3c948f4d605d)
Start importing Packages/com.unity.ai.navigation/Editor/ConversionSystem/ConverterItemInfo.cs using Guid(fac6f414adf2e4556865a180b1529cbb) Importer(2089858483,b0f066a214c2f5e87bad3c948f4d605d) (ScriptedImporter) -> (artifact id: '714f8895e9c822a6fe78e550a11b5cff') in 0.0230101 seconds
Number of updated asset objects reloaded before import = 0Number of asset objects unloaded after import = 0

========================================================================
Received Import Request.
  Time since last request: 0.000040 seconds.
  path: Packages/com.unity.ai.navigation/Editor/NavigationOverlay.cs
  artifactKey: Guid(c660403886dc4a449f55327665b10bbb) Importer(2089858483,b0f066a214c2f5e87bad3c948f4d605d)
Start importing Packages/com.unity.ai.navigation/Editor/NavigationOverlay.cs using Guid(c660403886dc4a449f55327665b10bbb) Importer(2089858483,b0f066a214c2f5e87bad3c948f4d605d) (ScriptedImporter) -> (artifact id: '85cbdb5989596d0f8b6bad420ca471de') in 0.0245559 seconds
Number of updated asset objects reloaded before import = 0Number of asset objects unloaded after import = 0

========================================================================
Received Import Request.
  Time since last request: 0.000198 seconds.
  path: Packages/com.unity.ai.navigation/Editor/ConversionSystem/RunItemContext.cs
  artifactKey: Guid(0a841ce8d078944bb8dc02dc43952c91) Importer(2089858483,b0f066a214c2f5e87bad3c948f4d605d)
Start importing Packages/com.unity.ai.navigation/Editor/ConversionSystem/RunItemContext.cs using Guid(0a841ce8d078944bb8dc02dc43952c91) Importer(2089858483,b0f066a214c2f5e87bad3c948f4d605d) (ScriptedImporter) -> (artifact id: 'f22e965646aa592bd5d367fb8e87dedf') in 0.0278051 seconds
Number of updated asset objects reloaded before import = 0Number of asset objects unloaded after import = 0

========================================================================
Received Import Request.
  Time since last request: 0.000072 seconds.
  path: Packages/com.unity.ai.navigation/Runtime/NavMeshSurface.cs
  artifactKey: Guid(7a5ac11cc976e418e8d13136b07e1f52) Importer(2089858483,b0f066a214c2f5e87bad3c948f4d605d)
Start importing Packages/com.unity.ai.navigation/Runtime/NavMeshSurface.cs using Guid(7a5ac11cc976e418e8d13136b07e1f52) Importer(2089858483,b0f066a214c2f5e87bad3c948f4d605d) (ScriptedImporter) -> (artifact id: 'ea907e9db602275cbdf70eb198bdb318') in 0.0315986 seconds
Number of updated asset objects reloaded before import = 0Number of asset objects unloaded after import = 1

========================================================================
Received Import Request.
  Time since last request: 0.000038 seconds.
  path: Packages/com.unity.ai.navigation/Editor/Updater/NavMeshSceneConverter.cs
  artifactKey: Guid(5747e6c564aaa4e468d457a54f2e508d) Importer(2089858483,b0f066a214c2f5e87bad3c948f4d605d)
Start importing Packages/com.unity.ai.navigation/Editor/Updater/NavMeshSceneConverter.cs using Guid(5747e6c564aaa4e468d457a54f2e508d) Importer(2089858483,b0f066a214c2f5e87bad3c948f4d605d) (ScriptedImporter) -> (artifact id: '0afe5ee00a8c547f2ebc614e88aa4cf5') in 0.03436 seconds
Number of updated asset objects reloaded before import = 0Number of asset objects unloaded after import = 0

========================================================================
Received Import Request.
  Time since last request: 0.000452 seconds.
  path: Packages/com.unity.modules.hierarchycore/package.ModuleCompilationTrigger
  artifactKey: Guid(d104359075a97392b803d3d5aebc77f7) Importer(2089858483,b0f066a214c2f5e87bad3c948f4d605d)
Start importing Packages/com.unity.modules.hierarchycore/package.ModuleCompilationTrigger using Guid(d104359075a97392b803d3d5aebc77f7) Importer(2089858483,b0f066a214c2f5e87bad3c948f4d605d) (ScriptedImporter) -> (artifact id: '251fa94918e10b758ea90921cc044b26') in 0.0309733 seconds
Number of updated asset objects reloaded before import = 0Number of asset objects unloaded after import = 1

========================================================================
Received Import Request.
  Time since last request: 0.000431 seconds.
  path: Packages/com.unity.test-framework/package.json
  artifactKey: Guid(d6a2e6e4803de7b43baacdc355fc144d) Importer(2089858483,b0f066a214c2f5e87bad3c948f4d605d)
Start importing Packages/com.unity.test-framework/package.json using Guid(d6a2e6e4803de7b43baacdc355fc144d) Importer(2089858483,b0f066a214c2f5e87bad3c948f4d605d) (ScriptedImporter) -> (artifact id: 'a06cb72d15f7fc180699d73d85e8d1e9') in 0.0431648 seconds
Number of updated asset objects reloaded before import = 0Number of asset objects unloaded after import = 1

========================================================================
Received Import Request.
  Time since last request: 0.000697 seconds.
  path: Packages/com.unity.test-framework/UnityEditor.TestRunner/TestRun/Tasks/BuildTestTreeTask.cs
  artifactKey: Guid(a0288e1c9324e824bab7e2044a72a434) Importer(2089858483,b0f066a214c2f5e87bad3c948f4d605d)
Start importing Packages/com.unity.test-framework/UnityEditor.TestRunner/TestRun/Tasks/BuildTestTreeTask.cs using Guid(a0288e1c9324e824bab7e2044a72a434) Importer(2089858483,b0f066a214c2f5e87bad3c948f4d605d) (ScriptedImporter) -> (artifact id: '4ad0f5947ef8f82c8eb778dbc930d094') in 0.0268091 seconds
Number of updated asset objects reloaded before import = 0Number of asset objects unloaded after import = 0

========================================================================
Received Import Request.
  Time since last request: 0.002313 seconds.
  path: Packages/com.unity.collab-proxy/Editor/Views/PendingChanges/Dialogs/EmptyCommentDialog.cs
  artifactKey: Guid(6a9d8351b7dac6e4c8e7b27d5cbdd70c) Importer(2089858483,b0f066a214c2f5e87bad3c948f4d605d)
Start importing Packages/com.unity.collab-proxy/Editor/Views/PendingChanges/Dialogs/EmptyCommentDialog.cs using Guid(6a9d8351b7dac6e4c8e7b27d5cbdd70c) Importer(2089858483,b0f066a214c2f5e87bad3c948f4d605d) (ScriptedImporter) -> (artifact id: 'c0e38863afb37dda829d8fa3ac889350') in 0.0438604 seconds
Number of updated asset objects reloaded before import = 0Number of asset objects unloaded after import = 0

========================================================================
Received Import Request.
  Time since last request: 0.000897 seconds.
  path: Packages/com.unity.timeline/Editor/Utilities/PropertyCollector.cs
  artifactKey: Guid(1f3a562675833b4448299e4f627b0cec) Importer(2089858483,b0f066a214c2f5e87bad3c948f4d605d)
Start importing Packages/com.unity.timeline/Editor/Utilities/PropertyCollector.cs using Guid(1f3a562675833b4448299e4f627b0cec) Importer(2089858483,b0f066a214c2f5e87bad3c948f4d605d) (ScriptedImporter) -> (artifact id: 'c0623b37250f03bcf35ea7889d60326d') in 0.0309645 seconds
Number of updated asset objects reloaded before import = 0Number of asset objects unloaded after import = 0

========================================================================
Received Import Request.
  Time since last request: 0.000920 seconds.
  path: Packages/com.unity.timeline/Editor/StyleSheets/Images/Icons/d_TimelineEditModeMixOFF.png
  artifactKey: Guid(39d9575ed0465354cb02b69ea18526de) Importer(2089858483,b0f066a214c2f5e87bad3c948f4d605d)
Start importing Packages/com.unity.timeline/Editor/StyleSheets/Images/Icons/d_TimelineEditModeMixOFF.png using Guid(39d9575ed0465354cb02b69ea18526de) Importer(2089858483,b0f066a214c2f5e87bad3c948f4d605d) (ScriptedImporter) -> (artifact id: '4c8c84269af10c14464e348842f596bb') in 0.0758695 seconds
Number of updated asset objects reloaded before import = 0Number of asset objects unloaded after import = 1

========================================================================
Received Import Request.
  Time since last request: 0.000167 seconds.
  path: Packages/com.unity.timeline/Editor/Manipulators/EditModeInputHandler.cs
  artifactKey: Guid(459f6a07ee4a58b42ba2568b097c3ec4) Importer(2089858483,b0f066a214c2f5e87bad3c948f4d605d)
Start importing Packages/com.unity.timeline/Editor/Manipulators/EditModeInputHandler.cs using Guid(459f6a07ee4a58b42ba2568b097c3ec4) Importer(2089858483,b0f066a214c2f5e87bad3c948f4d605d) (ScriptedImporter) -> (artifact id: '80fbc322b35cadc05cc18df74c0dd18f') in 0.0278153 seconds
Number of updated asset objects reloaded before import = 0Number of asset objects unloaded after import = 0

========================================================================
Received Import Request.
  Time since last request: 0.000051 seconds.
  path: Packages/com.unity.modules.video/package.ModuleCompilationTrigger
  artifactKey: Guid(f62135e79edb837b2d2ee3c524da864c) Importer(2089858483,b0f066a214c2f5e87bad3c948f4d605d)
Start importing Packages/com.unity.modules.video/package.ModuleCompilationTrigger using Guid(f62135e79edb837b2d2ee3c524da864c) Importer(2089858483,b0f066a214c2f5e87bad3c948f4d605d) (ScriptedImporter) -> (artifact id: 'fbef896ba770d1d66a5e75280f32ee33') in 0.0249645 seconds
Number of updated asset objects reloaded before import = 0Number of asset objects unloaded after import = 1

========================================================================
Received Import Request.
  Time since last request: 0.002790 seconds.
  path: Packages/com.unity.timeline/Editor/Window/TimelineMarkerHeaderGUI.cs
  artifactKey: Guid(4068e97704a16794ea218ba560cdc1e9) Importer(2089858483,b0f066a214c2f5e87bad3c948f4d605d)
Start importing Packages/com.unity.timeline/Editor/Window/TimelineMarkerHeaderGUI.cs using Guid(4068e97704a16794ea218ba560cdc1e9) Importer(2089858483,b0f066a214c2f5e87bad3c948f4d605d) (ScriptedImporter) -> (artifact id: 'bbd8e8d265caed7c44d36657a9d9ae5c') in 0.0274127 seconds
Number of updated asset objects reloaded before import = 0Number of asset objects unloaded after import = 0

========================================================================
Received Import Request.
  Time since last request: 0.000191 seconds.
  path: Packages/com.unity.timeline/Runtime/AssetUpgrade/TrackUpgrade.cs
  artifactKey: Guid(c68f34993bfe85e489158a29c99a20b5) Importer(2089858483,b0f066a214c2f5e87bad3c948f4d605d)
Start importing Packages/com.unity.timeline/Runtime/AssetUpgrade/TrackUpgrade.cs using Guid(c68f34993bfe85e489158a29c99a20b5) Importer(2089858483,b0f066a214c2f5e87bad3c948f4d605d) (ScriptedImporter) -> (artifact id: '1aa2d1e3c2f0337466a6e21065c53842') in 0.0192703 seconds
Number of updated asset objects reloaded before import = 0Number of asset objects unloaded after import = 0

========================================================================
Received Import Request.
  Time since last request: 0.000147 seconds.
  path: Packages/com.unity.ai.navigation/EditorResources/Overlay/NavigationOverlay On.png
  artifactKey: Guid(c136efa5cc6d99a4d9e7bad0209aea25) Importer(2089858483,b0f066a214c2f5e87bad3c948f4d605d)
Start importing Packages/com.unity.ai.navigation/EditorResources/Overlay/NavigationOverlay On.png using Guid(c136efa5cc6d99a4d9e7bad0209aea25) Importer(2089858483,b0f066a214c2f5e87bad3c948f4d605d) (ScriptedImporter) -> (artifact id: 'd89924127b6f5cd08ac6d4ecb9cfeaa9') in 0.0295639 seconds
Number of updated asset objects reloaded before import = 0Number of asset objects unloaded after import = 1

========================================================================
Received Import Request.
  Time since last request: 0.000159 seconds.
  path: Packages/com.unity.ide.rider/Rider/Editor/Properties/AssemblyInfo.cs
  artifactKey: Guid(8472c6472e6d4301873871a9e8fcf952) Importer(2089858483,b0f066a214c2f5e87bad3c948f4d605d)
Start importing Packages/com.unity.ide.rider/Rider/Editor/Properties/AssemblyInfo.cs using Guid(8472c6472e6d4301873871a9e8fcf952) Importer(2089858483,b0f066a214c2f5e87bad3c948f4d605d) (ScriptedImporter) -> (artifact id: '21fb7e3b4a7138266e5dad7142e61c26') in 0.0193551 seconds
Number of updated asset objects reloaded before import = 0Number of asset objects unloaded after import = 0

========================================================================
Received Import Request.
  Time since last request: 0.000340 seconds.
  path: Packages/com.unity.ide.rider/LICENSE.md
  artifactKey: Guid(5598b14661b5f4c43bed757f34b6d172) Importer(2089858483,b0f066a214c2f5e87bad3c948f4d605d)
Start importing Packages/com.unity.ide.rider/LICENSE.md using Guid(5598b14661b5f4c43bed757f34b6d172) Importer(2089858483,b0f066a214c2f5e87bad3c948f4d605d) (ScriptedImporter) -> (artifact id: '116318dba8321f8da688a9f3042120c6') in 0.0244133 seconds
Number of updated asset objects reloaded before import = 0Number of asset objects unloaded after import = 1

========================================================================
Received Import Request.
  Time since last request: 0.000092 seconds.
  path: Packages/com.unity.ai.navigation/EditorResources/Overlay/NavigationOverlay On@32.png
  artifactKey: Guid(f7a3e2b3beab29040bc1a68f0ad0045c) Importer(2089858483,b0f066a214c2f5e87bad3c948f4d605d)
Start importing Packages/com.unity.ai.navigation/EditorResources/Overlay/NavigationOverlay On@32.png using Guid(f7a3e2b3beab29040bc1a68f0ad0045c) Importer(2089858483,b0f066a214c2f5e87bad3c948f4d605d) (ScriptedImporter) -> (artifact id: 'e630dafcd57bc62d037c73535c0d5193') in 0.033191 seconds
Number of updated asset objects reloaded before import = 0Number of asset objects unloaded after import = 1

========================================================================
Received Import Request.
  Time since last request: 0.000171 seconds.
  path: Packages/com.unity.ide.rider/Rider/Editor/Util/RiderPathUtil.cs
  artifactKey: Guid(4d34a9510a5b9d21381c93e73867a193) Importer(2089858483,b0f066a214c2f5e87bad3c948f4d605d)
Start importing Packages/com.unity.ide.rider/Rider/Editor/Util/RiderPathUtil.cs using Guid(4d34a9510a5b9d21381c93e73867a193) Importer(2089858483,b0f066a214c2f5e87bad3c948f4d605d) (ScriptedImporter) -> (artifact id: '6f7b554c3eb0dded95d6acceb60b2220') in 0.0218485 seconds
Number of updated asset objects reloaded before import = 0Number of asset objects unloaded after import = 0

========================================================================
Received Import Request.
  Time since last request: 0.000397 seconds.
  path: Packages/com.unity.ide.rider/CONTRIBUTING.md
  artifactKey: Guid(5e83f8baac96eaa47bdd9ca781cd2002) Importer(2089858483,b0f066a214c2f5e87bad3c948f4d605d)
Start importing Packages/com.unity.ide.rider/CONTRIBUTING.md using Guid(5e83f8baac96eaa47bdd9ca781cd2002) Importer(2089858483,b0f066a214c2f5e87bad3c948f4d605d) (ScriptedImporter) -> (artifact id: '50dff09387a813577a1ec54f4021bb38') in 0.0254993 seconds
Number of updated asset objects reloaded before import = 0Number of asset objects unloaded after import = 1

========================================================================
Received Import Request.
  Time since last request: 0.000163 seconds.
  path: Packages/com.unity.ide.rider/Rider/Editor/UnitTesting/CallbackInitializer.cs
  artifactKey: Guid(aa1c6b1a353ab464782fc1e7c051eb02) Importer(2089858483,b0f066a214c2f5e87bad3c948f4d605d)
Start importing Packages/com.unity.ide.rider/Rider/Editor/UnitTesting/CallbackInitializer.cs using Guid(aa1c6b1a353ab464782fc1e7c051eb02) Importer(2089858483,b0f066a214c2f5e87bad3c948f4d605d) (ScriptedImporter) -> (artifact id: 'cc2dfc391915e531058ba075f14a6bdd') in 0.0183408 seconds
Number of updated asset objects reloaded before import = 0Number of asset objects unloaded after import = 0

========================================================================
Received Import Request.
  Time since last request: 0.000257 seconds.
  path: Packages/com.unity.modules.particlesystem/package.ModuleCompilationTrigger
  artifactKey: Guid(17f093324b67f5bd57e55b546736750e) Importer(2089858483,b0f066a214c2f5e87bad3c948f4d605d)
Start importing Packages/com.unity.modules.particlesystem/package.ModuleCompilationTrigger using Guid(17f093324b67f5bd57e55b546736750e) Importer(2089858483,b0f066a214c2f5e87bad3c948f4d605d) (ScriptedImporter) -> (artifact id: '684a37aead54bf1c599f888790382304') in 0.0180306 seconds
Number of updated asset objects reloaded before import = 0Number of asset objects unloaded after import = 1

========================================================================
Received Import Request.
  Time since last request: 0.000266 seconds.
  path: Packages/com.unity.ide.rider/Rider/Editor/RiderInitializer.cs
  artifactKey: Guid(f5a0cc9645f0e2d4fb816156dcf3f4dd) Importer(2089858483,b0f066a214c2f5e87bad3c948f4d605d)
Start importing Packages/com.unity.ide.rider/Rider/Editor/RiderInitializer.cs using Guid(f5a0cc9645f0e2d4fb816156dcf3f4dd) Importer(2089858483,b0f066a214c2f5e87bad3c948f4d605d) (ScriptedImporter) -> (artifact id: 'e018f33be4366e6b4e7121927d8db390') in 0.0229305 seconds
Number of updated asset objects reloaded before import = 0Number of asset objects unloaded after import = 0

========================================================================
Received Import Request.
  Time since last request: 0.000218 seconds.
  path: Packages/com.unity.modules.ai/package.ModuleCompilationTrigger
  artifactKey: Guid(e2d09a26ce46dc617b54e49a534ace20) Importer(2089858483,b0f066a214c2f5e87bad3c948f4d605d)
Start importing Packages/com.unity.modules.ai/package.ModuleCompilationTrigger using Guid(e2d09a26ce46dc617b54e49a534ace20) Importer(2089858483,b0f066a214c2f5e87bad3c948f4d605d) (ScriptedImporter) -> (artifact id: 'a79a5f3fd549be1868472658bd9fc68b') in 0.0194577 seconds
Number of updated asset objects reloaded before import = 0Number of asset objects unloaded after import = 1

========================================================================
Received Import Request.
  Time since last request: 0.000244 seconds.
  path: Packages/com.unity.ai.navigation/EditorResources/Overlay/NavigationOverlay@64.png
  artifactKey: Guid(fc46fceb4d1516544b7f503337211f65) Importer(2089858483,b0f066a214c2f5e87bad3c948f4d605d)
Start importing Packages/com.unity.ai.navigation/EditorResources/Overlay/NavigationOverlay@64.png using Guid(fc46fceb4d1516544b7f503337211f65) Importer(2089858483,b0f066a214c2f5e87bad3c948f4d605d) (ScriptedImporter) -> (artifact id: 'f314cd50f326f7172be4956f112dfbd0') in 0.0296583 seconds
Number of updated asset objects reloaded before import = 0Number of asset objects unloaded after import = 1

========================================================================
Received Import Request.
  Time since last request: 0.000130 seconds.
  path: Packages/com.unity.timeline/Editor/StyleSheets/Extensions/common.uss
  artifactKey: Guid(ada555936059fa149bb48537842ee230) Importer(2089858483,b0f066a214c2f5e87bad3c948f4d605d)
Start importing Packages/com.unity.timeline/Editor/StyleSheets/Extensions/common.uss using Guid(ada555936059fa149bb48537842ee230) Importer(2089858483,b0f066a214c2f5e87bad3c948f4d605d) (ScriptedImporter) -> (artifact id: '04b1aee47ab09c2be346a7f33f1fe23c') in 0.0259584 seconds
Number of updated asset objects reloaded before import = 0Number of asset objects unloaded after import = 1

========================================================================
Received Import Request.
  Time since last request: 0.000159 seconds.
  path: Packages/com.unity.timeline/Editor/Recording/AnimationTrackRecorder.cs
  artifactKey: Guid(a0a02e768c802b641b6793fa864f1c2c) Importer(2089858483,b0f066a214c2f5e87bad3c948f4d605d)
Start importing Packages/com.unity.timeline/Editor/Recording/AnimationTrackRecorder.cs using Guid(a0a02e768c802b641b6793fa864f1c2c) Importer(2089858483,b0f066a214c2f5e87bad3c948f4d605d) (ScriptedImporter) -> (artifact id: '8b23105a5be6ca84d3acd07cac7290a2') in 0.0214149 seconds
Number of updated asset objects reloaded before import = 0Number of asset objects unloaded after import = 0

========================================================================
Received Import Request.
  Time since last request: 0.000234 seconds.
  path: Packages/com.unity.timeline/Editor/treeview/ManipulationsTimeline.cs
  artifactKey: Guid(d029640460cf8ff47bbbfe69f49ddf29) Importer(2089858483,b0f066a214c2f5e87bad3c948f4d605d)
Start importing Packages/com.unity.timeline/Editor/treeview/ManipulationsTimeline.cs using Guid(d029640460cf8ff47bbbfe69f49ddf29) Importer(2089858483,b0f066a214c2f5e87bad3c948f4d605d) (ScriptedImporter) -> (artifact id: '72f5f3ce3d8bcb7c88299f4503c5bffb') in 0.0224777 seconds
Number of updated asset objects reloaded before import = 0Number of asset objects unloaded after import = 0

========================================================================
Received Import Request.
  Time since last request: 0.000243 seconds.
  path: Packages/com.unity.timeline/Editor/Utilities/EndNameEditAction.cs
  artifactKey: Guid(a48cf3df437ebff49a373111669364c0) Importer(2089858483,b0f066a214c2f5e87bad3c948f4d605d)
Start importing Packages/com.unity.timeline/Editor/Utilities/EndNameEditAction.cs using Guid(a48cf3df437ebff49a373111669364c0) Importer(2089858483,b0f066a214c2f5e87bad3c948f4d605d) (ScriptedImporter) -> (artifact id: 'acccbeaee27635a499a593de36b5aaee') in 0.0181558 seconds
Number of updated asset objects reloaded before import = 0Number of asset objects unloaded after import = 0

========================================================================
Received Import Request.
  Time since last request: 0.000223 seconds.
  path: Packages/com.unity.timeline/Editor/StyleSheets/Images/Icons/TrackRecordButtonDisabled.png
  artifactKey: Guid(495998c718a094540bbe57ae5ab07647) Importer(2089858483,b0f066a214c2f5e87bad3c948f4d605d)
Start importing Packages/com.unity.timeline/Editor/StyleSheets/Images/Icons/TrackRecordButtonDisabled.png using Guid(495998c718a094540bbe57ae5ab07647) Importer(2089858483,b0f066a214c2f5e87bad3c948f4d605d) (ScriptedImporter) -> (artifact id: '6a638de7c849666eae4044e72436f60f') in 0.0263999 seconds
Number of updated asset objects reloaded before import = 0Number of asset objects unloaded after import = 1

========================================================================
Received Import Request.
  Time since last request: 0.000194 seconds.
  path: Packages/com.unity.timeline/Editor/UnityEditorInternals.cs
  artifactKey: Guid(f9045505a91f4aee87d5768fffc7de5c) Importer(2089858483,b0f066a214c2f5e87bad3c948f4d605d)
Start importing Packages/com.unity.timeline/Editor/UnityEditorInternals.cs using Guid(f9045505a91f4aee87d5768fffc7de5c) Importer(2089858483,b0f066a214c2f5e87bad3c948f4d605d) (ScriptedImporter) -> (artifact id: 'fe2549faf3311be0f89915242970961c') in 0.0187643 seconds
Number of updated asset objects reloaded before import = 0Number of asset objects unloaded after import = 0

========================================================================
Received Import Request.
  Time since last request: 0.000256 seconds.
  path: Packages/com.unity.ide.rider/Rider/Editor/RiderScriptEditor.cs
  artifactKey: Guid(c4095d72f77fbb64ea39b8b3ca246622) Importer(2089858483,b0f066a214c2f5e87bad3c948f4d605d)
Start importing Packages/com.unity.ide.rider/Rider/Editor/RiderScriptEditor.cs using Guid(c4095d72f77fbb64ea39b8b3ca246622) Importer(2089858483,b0f066a214c2f5e87bad3c948f4d605d) (ScriptedImporter) -> (artifact id: 'db48a8cd6a3e1db491e90fc18ca1d45d') in 0.0174473 seconds
Number of updated asset objects reloaded before import = 0Number of asset objects unloaded after import = 0

========================================================================
Received Import Request.
  Time since last request: 0.000095 seconds.
  path: Packages/com.unity.timeline/Runtime/Utilities/IPropertyPreview.cs
  artifactKey: Guid(b5f0881228e5827438f74e9b7b33c2dc) Importer(2089858483,b0f066a214c2f5e87bad3c948f4d605d)
Start importing Packages/com.unity.timeline/Runtime/Utilities/IPropertyPreview.cs using Guid(b5f0881228e5827438f74e9b7b33c2dc) Importer(2089858483,b0f066a214c2f5e87bad3c948f4d605d) (ScriptedImporter) -> (artifact id: '21ffda799e9d60f147a227eb9f8bb40c') in 0.0179509 seconds
Number of updated asset objects reloaded before import = 0Number of asset objects unloaded after import = 0

========================================================================
Received Import Request.
  Time since last request: 0.000196 seconds.
  path: Packages/com.unity.timeline/Editor/treeview/Snapping/IAttractable.cs
  artifactKey: Guid(6bfec54ce89b0b642a65d44def023b99) Importer(2089858483,b0f066a214c2f5e87bad3c948f4d605d)
Start importing Packages/com.unity.timeline/Editor/treeview/Snapping/IAttractable.cs using Guid(6bfec54ce89b0b642a65d44def023b99) Importer(2089858483,b0f066a214c2f5e87bad3c948f4d605d) (ScriptedImporter) -> (artifact id: '5e4c5f0a315d02fc1fad56a90ec7102b') in 0.0189933 seconds
Number of updated asset objects reloaded before import = 0Number of asset objects unloaded after import = 0

========================================================================
Received Import Request.
  Time since last request: 0.000068 seconds.
  path: Packages/com.unity.ide.rider/Rider/Editor/UnitTesting/TestEvent.cs
  artifactKey: Guid(f9413c47b3a14a64e8810ce76d1a6032) Importer(2089858483,b0f066a214c2f5e87bad3c948f4d605d)
Start importing Packages/com.unity.ide.rider/Rider/Editor/UnitTesting/TestEvent.cs using Guid(f9413c47b3a14a64e8810ce76d1a6032) Importer(2089858483,b0f066a214c2f5e87bad3c948f4d605d) (ScriptedImporter) -> (artifact id: '372911dc59a06ee2d7bb9eaee1e7b6c4') in 0.0230404 seconds
Number of updated asset objects reloaded before import = 0Number of asset objects unloaded after import = 0

========================================================================
Received Import Request.
  Time since last request: 0.000118 seconds.
  path: Packages/com.unity.multiplayer.center/Editor/Recommendations/RecommendationData_6000.0.recommendations
  artifactKey: Guid(b66d076cdcfe3b14388de66307a0e7ff) Importer(2089858483,b0f066a214c2f5e87bad3c948f4d605d)
Start importing Packages/com.unity.multiplayer.center/Editor/Recommendations/RecommendationData_6000.0.recommendations using Guid(b66d076cdcfe3b14388de66307a0e7ff) Importer(2089858483,b0f066a214c2f5e87bad3c948f4d605d) (ScriptedImporter) -> (artifact id: '4a728548953fa535f4721f8ee52a1cea') in 0.0298341 seconds
Number of updated asset objects reloaded before import = 0Number of asset objects unloaded after import = 1

========================================================================
Received Import Request.
  Time since last request: 0.000034 seconds.
  path: Packages/com.unity.ide.rider/Rider/Editor/LogFileOpener.cs
  artifactKey: Guid(aeb8068359664ab5a8d6420381f87510) Importer(2089858483,b0f066a214c2f5e87bad3c948f4d605d)
Start importing Packages/com.unity.ide.rider/Rider/Editor/LogFileOpener.cs using Guid(aeb8068359664ab5a8d6420381f87510) Importer(2089858483,b0f066a214c2f5e87bad3c948f4d605d) (ScriptedImporter) -> (artifact id: '6d7bfd896496bb31b838544bdf067dfe') in 0.0482848 seconds
Number of updated asset objects reloaded before import = 0Number of asset objects unloaded after import = 0

========================================================================
Received Import Request.
  Time since last request: 0.000044 seconds.
  path: Packages/com.unity.modules.accessibility/package.ModuleCompilationTrigger
  artifactKey: Guid(4745d06d5a7ca576dcf9e5e67b417652) Importer(2089858483,b0f066a214c2f5e87bad3c948f4d605d)
Start importing Packages/com.unity.modules.accessibility/package.ModuleCompilationTrigger using Guid(4745d06d5a7ca576dcf9e5e67b417652) Importer(2089858483,b0f066a214c2f5e87bad3c948f4d605d) (ScriptedImporter) -> (artifact id: '671814c533345e051bf17d2040e43873') in 0.0838577 seconds
Number of updated asset objects reloaded before import = 0Number of asset objects unloaded after import = 1

========================================================================
Received Import Request.
  Time since last request: 0.012633 seconds.
  path: Packages/com.unity.modules.vectorgraphics/package.ModuleCompilationTrigger
  artifactKey: Guid(3cc1ebf2abb7fef6871ad48f499b6e21) Importer(2089858483,b0f066a214c2f5e87bad3c948f4d605d)
Start importing Packages/com.unity.modules.vectorgraphics/package.ModuleCompilationTrigger using Guid(3cc1ebf2abb7fef6871ad48f499b6e21) Importer(2089858483,b0f066a214c2f5e87bad3c948f4d605d) (ScriptedImporter) -> (artifact id: '12e66154e32fd4df643249030f32f0a2') in 0.03866 seconds
Number of updated asset objects reloaded before import = 0Number of asset objects unloaded after import = 1

========================================================================
Received Import Request.
  Time since last request: 0.000597 seconds.
  path: Packages/com.unity.modules.terrain/package.ModuleCompilationTrigger
  artifactKey: Guid(23032f4383e95e772bce465c5896d0fd) Importer(2089858483,b0f066a214c2f5e87bad3c948f4d605d)
Start importing Packages/com.unity.modules.terrain/package.ModuleCompilationTrigger using Guid(23032f4383e95e772bce465c5896d0fd) Importer(2089858483,b0f066a214c2f5e87bad3c948f4d605d) (ScriptedImporter) -> (artifact id: '3349f67e4c05896c446d921a968ef088') in 0.0289356 seconds
Number of updated asset objects reloaded before import = 0Number of asset objects unloaded after import = 1

========================================================================
Received Import Request.
  Time since last request: 0.000033 seconds.
  path: Packages/com.unity.modules.unitywebrequestassetbundle/package.json
  artifactKey: Guid(05f7f519769978b79b31d063a7fc6fa1) Importer(2089858483,b0f066a214c2f5e87bad3c948f4d605d)
Start importing Packages/com.unity.modules.unitywebrequestassetbundle/package.json using Guid(05f7f519769978b79b31d063a7fc6fa1) Importer(2089858483,b0f066a214c2f5e87bad3c948f4d605d) (ScriptedImporter) -> (artifact id: '39041c61c6e9c02a502c9617957885f1') in 0.0363217 seconds
Number of updated asset objects reloaded before import = 0Number of asset objects unloaded after import = 1

========================================================================
Received Import Request.
  Time since last request: 0.000202 seconds.
  path: Packages/com.unity.timeline/Editor/StyleSheets/Images/Icons/d_TimelineEditModeRippleOFF.png
  artifactKey: Guid(411e6f19c19fa0546af83aeb59c2ed4b) Importer(2089858483,b0f066a214c2f5e87bad3c948f4d605d)
Start importing Packages/com.unity.timeline/Editor/StyleSheets/Images/Icons/d_TimelineEditModeRippleOFF.png using Guid(411e6f19c19fa0546af83aeb59c2ed4b) Importer(2089858483,b0f066a214c2f5e87bad3c948f4d605d) (ScriptedImporter) -> (artifact id: 'dbea00e39188e659adf0f56058c9ea5f') in 0.0571157 seconds
Number of updated asset objects reloaded before import = 0Number of asset objects unloaded after import = 1

========================================================================
Received Import Request.
  Time since last request: 0.001804 seconds.
  path: Packages/com.unity.timeline/Editor/CurveEditUtility.cs
  artifactKey: Guid(9e2b7a65f0a52974193ed497d145b0bc) Importer(2089858483,b0f066a214c2f5e87bad3c948f4d605d)
Start importing Packages/com.unity.timeline/Editor/CurveEditUtility.cs using Guid(9e2b7a65f0a52974193ed497d145b0bc) Importer(2089858483,b0f066a214c2f5e87bad3c948f4d605d) (ScriptedImporter) -> (artifact id: '1ef2cd828e130d89b6d5b6bc25eaabfa') in 0.0326095 seconds
Number of updated asset objects reloaded before import = 0Number of asset objects unloaded after import = 0

========================================================================
Received Import Request.
  Time since last request: 0.000249 seconds.
  path: Packages/com.unity.multiplayer.center/Editor/Recommendations/RecommenderSystemData.cs
  artifactKey: Guid(38a11839c22b4e67aa2e508d906edf65) Importer(2089858483,b0f066a214c2f5e87bad3c948f4d605d)
Start importing Packages/com.unity.multiplayer.center/Editor/Recommendations/RecommenderSystemData.cs using Guid(38a11839c22b4e67aa2e508d906edf65) Importer(2089858483,b0f066a214c2f5e87bad3c948f4d605d) (ScriptedImporter) -> (artifact id: 'b32b6f23baa065656c94e595f7f3362a') in 0.0318968 seconds
Number of updated asset objects reloaded before import = 0Number of asset objects unloaded after import = 0

========================================================================
Received Import Request.
  Time since last request: 0.000030 seconds.
  path: Packages/com.unity.ai.navigation/Editor/NavMeshModifierVolumeEditor.cs
  artifactKey: Guid(c0f3bef2a67ae4e139538afec3e59b03) Importer(2089858483,b0f066a214c2f5e87bad3c948f4d605d)
Start importing Packages/com.unity.ai.navigation/Editor/NavMeshModifierVolumeEditor.cs using Guid(c0f3bef2a67ae4e139538afec3e59b03) Importer(2089858483,b0f066a214c2f5e87bad3c948f4d605d) (ScriptedImporter) -> (artifact id: '044f83c3e6298b0ea9ff12adf655f987') in 0.0244347 seconds
Number of updated asset objects reloaded before import = 0Number of asset objects unloaded after import = 0

========================================================================
Received Import Request.
  Time since last request: 0.000156 seconds.
  path: Packages/com.unity.multiplayer.center/Editor/Recommendations/RecommendationType.cs
  artifactKey: Guid(b46a48f780f84026b9d1e73ee1b0121d) Importer(2089858483,b0f066a214c2f5e87bad3c948f4d605d)
Start importing Packages/com.unity.multiplayer.center/Editor/Recommendations/RecommendationType.cs using Guid(b46a48f780f84026b9d1e73ee1b0121d) Importer(2089858483,b0f066a214c2f5e87bad3c948f4d605d) (ScriptedImporter) -> (artifact id: 'a85cd45f24eca5a02fd1b141e53ca586') in 0.0542076 seconds
Number of updated asset objects reloaded before import = 0Number of asset objects unloaded after import = 0

========================================================================
Received Import Request.
  Time since last request: 0.001757 seconds.
  path: Packages/com.unity.ai.navigation/Editor/Updater/Unity.AI.Navigation.Updater.asmdef
  artifactKey: Guid(1664e92176d434ccd902c1705fefe682) Importer(2089858483,b0f066a214c2f5e87bad3c948f4d605d)
Start importing Packages/com.unity.ai.navigation/Editor/Updater/Unity.AI.Navigation.Updater.asmdef using Guid(1664e92176d434ccd902c1705fefe682) Importer(2089858483,b0f066a214c2f5e87bad3c948f4d605d) (ScriptedImporter) -> (artifact id: '528f683078f03ee3b734c49e3605fea7') in 0.0584171 seconds
Number of updated asset objects reloaded before import = 0Number of asset objects unloaded after import = 1

========================================================================
Received Import Request.
  Time since last request: 0.000216 seconds.
  path: Packages/com.unity.timeline/Runtime/Utilities/TimeUtility.cs
  artifactKey: Guid(f779e779d62b5ca49b658236c337845d) Importer(2089858483,b0f066a214c2f5e87bad3c948f4d605d)
Start importing Packages/com.unity.timeline/Runtime/Utilities/TimeUtility.cs using Guid(f779e779d62b5ca49b658236c337845d) Importer(2089858483,b0f066a214c2f5e87bad3c948f4d605d) (ScriptedImporter) -> (artifact id: 'e2d6a0d7f2d6ec66872310fc3d4f7363') in 0.033107 seconds
Number of updated asset objects reloaded before import = 0Number of asset objects unloaded after import = 0

========================================================================
Received Import Request.
  Time since last request: 0.000040 seconds.
  path: Packages/com.unity.timeline/Editor/StyleSheets/Images/Icons/TimelineClipFG.png
  artifactKey: Guid(33b1871a2d09cfa459a93f4e8feb5c41) Importer(2089858483,b0f066a214c2f5e87bad3c948f4d605d)
Start importing Packages/com.unity.timeline/Editor/StyleSheets/Images/Icons/TimelineClipFG.png using Guid(33b1871a2d09cfa459a93f4e8feb5c41) Importer(2089858483,b0f066a214c2f5e87bad3c948f4d605d) (ScriptedImporter) -> (artifact id: '0ce6c9eb53d59aa70483d092f6752c68') in 0.0512474 seconds
Number of updated asset objects reloaded before import = 0Number of asset objects unloaded after import = 1

========================================================================
Received Import Request.
  Time since last request: 0.000181 seconds.
  path: Packages/com.unity.timeline/Editor/StyleSheets/res/Timeline_LightSkin.txt
  artifactKey: Guid(3235ecefad2a6a645aa0222aca200aeb) Importer(2089858483,b0f066a214c2f5e87bad3c948f4d605d)
Start importing Packages/com.unity.timeline/Editor/StyleSheets/res/Timeline_LightSkin.txt using Guid(3235ecefad2a6a645aa0222aca200aeb) Importer(2089858483,b0f066a214c2f5e87bad3c948f4d605d) (ScriptedImporter) -> (artifact id: 'fe601c332dc964451751250c1eff2d80') in 0.0253309 seconds
Number of updated asset objects reloaded before import = 0Number of asset objects unloaded after import = 1

========================================================================
Received Import Request.
  Time since last request: 0.000174 seconds.
  path: Packages/com.unity.timeline/Editor/treeview/Drawers/Layers/ItemsLayer.cs
  artifactKey: Guid(ef97f39912c138b4cabdccedfb24093b) Importer(2089858483,b0f066a214c2f5e87bad3c948f4d605d)
Start importing Packages/com.unity.timeline/Editor/treeview/Drawers/Layers/ItemsLayer.cs using Guid(ef97f39912c138b4cabdccedfb24093b) Importer(2089858483,b0f066a214c2f5e87bad3c948f4d605d) (ScriptedImporter) -> (artifact id: '4b69e6408aa2f24cfd6865aec116437b') in 0.0230727 seconds
Number of updated asset objects reloaded before import = 0Number of asset objects unloaded after import = 0

========================================================================
Received Import Request.
  Time since last request: 0.000178 seconds.
  path: Packages/com.unity.timeline/Editor/treeview/ItemGui/TimelineMarkerGUI.cs
  artifactKey: Guid(8d34348f8b97a334291f5cf31adc5d67) Importer(2089858483,b0f066a214c2f5e87bad3c948f4d605d)
Start importing Packages/com.unity.timeline/Editor/treeview/ItemGui/TimelineMarkerGUI.cs using Guid(8d34348f8b97a334291f5cf31adc5d67) Importer(2089858483,b0f066a214c2f5e87bad3c948f4d605d) (ScriptedImporter) -> (artifact id: 'fad99ea0539d3f6e3527e932896a7ed1') in 0.0175762 seconds
Number of updated asset objects reloaded before import = 0Number of asset objects unloaded after import = 0

========================================================================
Received Import Request.
  Time since last request: 0.000267 seconds.
  path: Packages/com.unity.timeline/Editor/inspectors/ClipInspector/ClipInspectorSelectionInfo.cs
  artifactKey: Guid(57a39be2178cca94ab21e15c082e3ab6) Importer(2089858483,b0f066a214c2f5e87bad3c948f4d605d)
Start importing Packages/com.unity.timeline/Editor/inspectors/ClipInspector/ClipInspectorSelectionInfo.cs using Guid(57a39be2178cca94ab21e15c082e3ab6) Importer(2089858483,b0f066a214c2f5e87bad3c948f4d605d) (ScriptedImporter) -> (artifact id: 'f2661c3bb5bb964e9f602c7871054f47') in 0.0222536 seconds
Number of updated asset objects reloaded before import = 0Number of asset objects unloaded after import = 0

========================================================================
Received Import Request.
  Time since last request: 0.000255 seconds.
  path: Packages/com.unity.timeline/Editor/Signals/TreeView/SignalListFactory.cs
  artifactKey: Guid(01cd96d8687272f4898cfd1562079dd7) Importer(2089858483,b0f066a214c2f5e87bad3c948f4d605d)
Start importing Packages/com.unity.timeline/Editor/Signals/TreeView/SignalListFactory.cs using Guid(01cd96d8687272f4898cfd1562079dd7) Importer(2089858483,b0f066a214c2f5e87bad3c948f4d605d) (ScriptedImporter) -> (artifact id: '89872665b3dc589814c3f0203ea83425') in 0.0184827 seconds
Number of updated asset objects reloaded before import = 0Number of asset objects unloaded after import = 0

========================================================================
Received Import Request.
  Time since last request: 0.000431 seconds.
  path: Packages/com.unity.timeline/Editor/Manipulators/TimelineClipGroup.cs
  artifactKey: Guid(b8c3bda3a988b5f4c910a5c3f722d0be) Importer(2089858483,b0f066a214c2f5e87bad3c948f4d605d)
Start importing Packages/com.unity.timeline/Editor/Manipulators/TimelineClipGroup.cs using Guid(b8c3bda3a988b5f4c910a5c3f722d0be) Importer(2089858483,b0f066a214c2f5e87bad3c948f4d605d) (ScriptedImporter) -> (artifact id: '1ce3ef594fb64ef64f061033e3b70806') in 0.0185069 seconds
Number of updated asset objects reloaded before import = 0Number of asset objects unloaded after import = 0

========================================================================
Received Import Request.
  Time since last request: 0.000092 seconds.
  path: Packages/com.unity.timeline/Editor/StyleSheets/Images/Icons/d_TrackCurvesButtonEnabled.png
  artifactKey: Guid(fbcdeb07ee516a64daa01ce462874280) Importer(2089858483,b0f066a214c2f5e87bad3c948f4d605d)
Start importing Packages/com.unity.timeline/Editor/StyleSheets/Images/Icons/d_TrackCurvesButtonEnabled.png using Guid(fbcdeb07ee516a64daa01ce462874280) Importer(2089858483,b0f066a214c2f5e87bad3c948f4d605d) (ScriptedImporter) -> (artifact id: '9a64a90e707b69bec3124962ee31f36e') in 0.0380344 seconds
Number of updated asset objects reloaded before import = 0Number of asset objects unloaded after import = 1

========================================================================
Received Import Request.
  Time since last request: 0.001881 seconds.
  path: Packages/com.unity.multiplayer.center/Tests/Editor/AssemblyInfo.cs
  artifactKey: Guid(89ffa359141b49fea9bfa6a1db3b18be) Importer(2089858483,b0f066a214c2f5e87bad3c948f4d605d)
Start importing Packages/com.unity.multiplayer.center/Tests/Editor/AssemblyInfo.cs using Guid(89ffa359141b49fea9bfa6a1db3b18be) Importer(2089858483,b0f066a214c2f5e87bad3c948f4d605d) (ScriptedImporter) -> (artifact id: '4d0363be6790f90925d19f7b1a33ee0d') in 0.0527996 seconds
Number of updated asset objects reloaded before import = 0Number of asset objects unloaded after import = 0

========================================================================
Received Import Request.
  Time since last request: 0.000257 seconds.
  path: Packages/com.unity.timeline/Editor/inspectors/TimeFieldDrawer.cs
  artifactKey: Guid(b0c73ea1c5ff95e43806e9002c155070) Importer(2089858483,b0f066a214c2f5e87bad3c948f4d605d)
Start importing Packages/com.unity.timeline/Editor/inspectors/TimeFieldDrawer.cs using Guid(b0c73ea1c5ff95e43806e9002c155070) Importer(2089858483,b0f066a214c2f5e87bad3c948f4d605d) (ScriptedImporter) -> (artifact id: 'ad3e0d03a42b14886e326e44c703e781') in 0.0860397 seconds
Number of updated asset objects reloaded before import = 0Number of asset objects unloaded after import = 0

========================================================================
Received Import Request.
  Time since last request: 0.000035 seconds.
  path: Packages/com.unity.timeline/Editor/treeview/TrackGui/TimelineGroupGUI.cs
  artifactKey: Guid(7072e9e47288bac4d8c6bdfb2cf785a4) Importer(2089858483,b0f066a214c2f5e87bad3c948f4d605d)
Start importing Packages/com.unity.timeline/Editor/treeview/TrackGui/TimelineGroupGUI.cs using Guid(7072e9e47288bac4d8c6bdfb2cf785a4) Importer(2089858483,b0f066a214c2f5e87bad3c948f4d605d) (ScriptedImporter) -> (artifact id: 'fc042eef705250ec3dec9c99d5812c19') in 0.0290419 seconds
Number of updated asset objects reloaded before import = 0Number of asset objects unloaded after import = 0

========================================================================
Received Import Request.
  Time since last request: 0.000377 seconds.
  path: Packages/com.unity.timeline/Editor/Manipulators/Sequence/RectangleZoom.cs
  artifactKey: Guid(5aa8f57287fc17149bcd798be813180b) Importer(2089858483,b0f066a214c2f5e87bad3c948f4d605d)
Start importing Packages/com.unity.timeline/Editor/Manipulators/Sequence/RectangleZoom.cs using Guid(5aa8f57287fc17149bcd798be813180b) Importer(2089858483,b0f066a214c2f5e87bad3c948f4d605d) (ScriptedImporter) -> (artifact id: '3a51f682e08ad3a4432040e96e75e2fa') in 0.0640076 seconds
Number of updated asset objects reloaded before import = 0Number of asset objects unloaded after import = 0

========================================================================
Received Import Request.
  Time since last request: 0.004474 seconds.
  path: Packages/com.unity.timeline/Editor/Recording/TimelineRecording_Monobehaviour.cs
  artifactKey: Guid(9805855c8e379ed4cad77f639aaddb73) Importer(2089858483,b0f066a214c2f5e87bad3c948f4d605d)
Start importing Packages/com.unity.timeline/Editor/Recording/TimelineRecording_Monobehaviour.cs using Guid(9805855c8e379ed4cad77f639aaddb73) Importer(2089858483,b0f066a214c2f5e87bad3c948f4d605d) (ScriptedImporter) -> (artifact id: '2b312f4c422ab076bdae782658478f27') in 0.0655369 seconds
Number of updated asset objects reloaded before import = 0Number of asset objects unloaded after import = 0

========================================================================
Received Import Request.
  Time since last request: 0.001909 seconds.
  path: Packages/com.unity.multiplayer.center/Tests/Editor/UserChoicesMigrationTests.cs
  artifactKey: Guid(15513aed5d41411c887ccfe14c103337) Importer(2089858483,b0f066a214c2f5e87bad3c948f4d605d)
Start importing Packages/com.unity.multiplayer.center/Tests/Editor/UserChoicesMigrationTests.cs using Guid(15513aed5d41411c887ccfe14c103337) Importer(2089858483,b0f066a214c2f5e87bad3c948f4d605d) (ScriptedImporter) -> (artifact id: '8d0baef63a3e4a95f6c133e0abb7e24c') in 0.0369307 seconds
Number of updated asset objects reloaded before import = 0Number of asset objects unloaded after import = 0

========================================================================
Received Import Request.
  Time since last request: 0.002721 seconds.
  path: Packages/com.unity.timeline/Editor/Manipulators/HeaderSplitterManipulator.cs
  artifactKey: Guid(7db6186effeb4d159963cad6defd26e5) Importer(2089858483,b0f066a214c2f5e87bad3c948f4d605d)
Start importing Packages/com.unity.timeline/Editor/Manipulators/HeaderSplitterManipulator.cs using Guid(7db6186effeb4d159963cad6defd26e5) Importer(2089858483,b0f066a214c2f5e87bad3c948f4d605d) (ScriptedImporter) -> (artifact id: '6a257b2ffec19c46824f9e4e42d0888d') in 0.0290968 seconds
Number of updated asset objects reloaded before import = 0Number of asset objects unloaded after import = 0

========================================================================
Received Import Request.
  Time since last request: 0.000843 seconds.
  path: Packages/com.unity.timeline/Editor/StyleSheets/Images/DarkSkin/TimelineSignalCollapsed.png
  artifactKey: Guid(d91793cd853a258448e4d5545bb38e45) Importer(2089858483,b0f066a214c2f5e87bad3c948f4d605d)
Start importing Packages/com.unity.timeline/Editor/StyleSheets/Images/DarkSkin/TimelineSignalCollapsed.png using Guid(d91793cd853a258448e4d5545bb38e45) Importer(2089858483,b0f066a214c2f5e87bad3c948f4d605d) (ScriptedImporter) -> (artifact id: 'e235d5480c64afbabc57d81cc368afa9') in 0.0695006 seconds
Number of updated asset objects reloaded before import = 0Number of asset objects unloaded after import = 1

========================================================================
Received Import Request.
  Time since last request: 0.000161 seconds.
  path: Packages/com.unity.timeline/Editor/StyleSheets/Images/DarkSkin/TimelineMarkerItem.png
  artifactKey: Guid(c133595e3c100774496e03e66fa69259) Importer(2089858483,b0f066a214c2f5e87bad3c948f4d605d)
Start importing Packages/com.unity.timeline/Editor/StyleSheets/Images/DarkSkin/TimelineMarkerItem.png using Guid(c133595e3c100774496e03e66fa69259) Importer(2089858483,b0f066a214c2f5e87bad3c948f4d605d) (ScriptedImporter) -> (artifact id: 'fcdc08adaa6aa7358028caa64cd07982') in 0.0449274 seconds
Number of updated asset objects reloaded before import = 0Number of asset objects unloaded after import = 1

========================================================================
Received Import Request.
  Time since last request: 0.000035 seconds.
  path: Packages/com.unity.ai.navigation/Runtime/NavMeshModifier.cs
  artifactKey: Guid(1e3fdca004f2d45fe8abbed571a8abd5) Importer(2089858483,b0f066a214c2f5e87bad3c948f4d605d)
Start importing Packages/com.unity.ai.navigation/Runtime/NavMeshModifier.cs using Guid(1e3fdca004f2d45fe8abbed571a8abd5) Importer(2089858483,b0f066a214c2f5e87bad3c948f4d605d) (ScriptedImporter) -> (artifact id: '5096a0a1b0603735dc36123be590e32e') in 0.0620312 seconds
Number of updated asset objects reloaded before import = 0Number of asset objects unloaded after import = 1

========================================================================
Received Import Request.
  Time since last request: 0.000038 seconds.
  path: Packages/com.unity.timeline/Editor/TimelineEditor.cs
  artifactKey: Guid(c072e5b741a87974385c270827879cbf) Importer(2089858483,b0f066a214c2f5e87bad3c948f4d605d)
Start importing Packages/com.unity.timeline/Editor/TimelineEditor.cs using Guid(c072e5b741a87974385c270827879cbf) Importer(2089858483,b0f066a214c2f5e87bad3c948f4d605d) (ScriptedImporter) -> (artifact id: 'a49a6611612b04b8bcfb47948a91f323') in 0.0396978 seconds
Number of updated asset objects reloaded before import = 0Number of asset objects unloaded after import = 0

========================================================================
Received Import Request.
  Time since last request: 0.000368 seconds.
  path: Packages/com.unity.timeline/Runtime/CurveEditUtility.cs
  artifactKey: Guid(e2fcd03f719148d192d0c26cfff47b3c) Importer(2089858483,b0f066a214c2f5e87bad3c948f4d605d)
Start importing Packages/com.unity.timeline/Runtime/CurveEditUtility.cs using Guid(e2fcd03f719148d192d0c26cfff47b3c) Importer(2089858483,b0f066a214c2f5e87bad3c948f4d605d) (ScriptedImporter) -> (artifact id: 'ab788f20ee66d4df7921d34f7c95ccc9') in 0.0411195 seconds
Number of updated asset objects reloaded before import = 0Number of asset objects unloaded after import = 0

========================================================================
Received Import Request.
  Time since last request: 0.000057 seconds.
  path: Packages/com.unity.timeline/Editor/Window/Modes/TimelineDisabledMode.cs
  artifactKey: Guid(4c5eb52d37bb6714a98af73df7d9cf2c) Importer(2089858483,b0f066a214c2f5e87bad3c948f4d605d)
Start importing Packages/com.unity.timeline/Editor/Window/Modes/TimelineDisabledMode.cs using Guid(4c5eb52d37bb6714a98af73df7d9cf2c) Importer(2089858483,b0f066a214c2f5e87bad3c948f4d605d) (ScriptedImporter) -> (artifact id: 'c00fe307ef5708679fcff0b78266aa7d') in 0.0470784 seconds
Number of updated asset objects reloaded before import = 0Number of asset objects unloaded after import = 0

========================================================================
Received Import Request.
  Time since last request: 0.000402 seconds.
  path: Packages/com.unity.timeline/Editor/State/SequenceHierarchy.cs
  artifactKey: Guid(6901fab4d5157ac48b9f263730387c03) Importer(2089858483,b0f066a214c2f5e87bad3c948f4d605d)
Start importing Packages/com.unity.timeline/Editor/State/SequenceHierarchy.cs using Guid(6901fab4d5157ac48b9f263730387c03) Importer(2089858483,b0f066a214c2f5e87bad3c948f4d605d) (ScriptedImporter) -> (artifact id: '48214dc06f8f336dcf1200ad0129fbb9') in 0.0553576 seconds
Number of updated asset objects reloaded before import = 0Number of asset objects unloaded after import = 0

========================================================================
Received Import Request.
  Time since last request: 0.000083 seconds.
  path: Packages/com.unity.timeline/Editor/treeview/Control.cs
  artifactKey: Guid(077690d334440b044bdd51b26b3e9413) Importer(2089858483,b0f066a214c2f5e87bad3c948f4d605d)
Start importing Packages/com.unity.timeline/Editor/treeview/Control.cs using Guid(077690d334440b044bdd51b26b3e9413) Importer(2089858483,b0f066a214c2f5e87bad3c948f4d605d) (ScriptedImporter) -> (artifact id: '1031475f415094f66117cde240713e3d') in 0.0339607 seconds
Number of updated asset objects reloaded before import = 0Number of asset objects unloaded after import = 0

========================================================================
Received Import Request.
  Time since last request: 0.000123 seconds.
  path: Packages/com.unity.ai.navigation/Editor/NavigationWindow.cs
  artifactKey: Guid(e86a4b8c5b2b8425b9a3a007619c3a88) Importer(2089858483,b0f066a214c2f5e87bad3c948f4d605d)
Start importing Packages/com.unity.ai.navigation/Editor/NavigationWindow.cs using Guid(e86a4b8c5b2b8425b9a3a007619c3a88) Importer(2089858483,b0f066a214c2f5e87bad3c948f4d605d) (ScriptedImporter) -> (artifact id: '14f08c094951f619b8163d7b433d61dc') in 0.0728311 seconds
Number of updated asset objects reloaded before import = 0Number of asset objects unloaded after import = 0

========================================================================
Received Import Request.
  Time since last request: 0.000179 seconds.
  path: Packages/com.unity.multiplayer.center/Editor/MultiplayerCenterWindow/UI/Icons/Check.png
  artifactKey: Guid(4f78a544322c742b89e63fb68557b1d2) Importer(2089858483,b0f066a214c2f5e87bad3c948f4d605d)
Start importing Packages/com.unity.multiplayer.center/Editor/MultiplayerCenterWindow/UI/Icons/Check.png using Guid(4f78a544322c742b89e63fb68557b1d2) Importer(2089858483,b0f066a214c2f5e87bad3c948f4d605d) (ScriptedImporter) -> (artifact id: 'bc1a0994edc164d5fa789d80ec4286cd') in 0.0860027 seconds
Number of updated asset objects reloaded before import = 0Number of asset objects unloaded after import = 1

========================================================================
Received Import Request.
  Time since last request: 0.002524 seconds.
  path: Packages/com.unity.timeline/Editor/treeview/Manipulator.cs
  artifactKey: Guid(2bf68308f6cdff141ab98cd34174e4f1) Importer(2089858483,b0f066a214c2f5e87bad3c948f4d605d)
Start importing Packages/com.unity.timeline/Editor/treeview/Manipulator.cs using Guid(2bf68308f6cdff141ab98cd34174e4f1) Importer(2089858483,b0f066a214c2f5e87bad3c948f4d605d) (ScriptedImporter) -> (artifact id: 'df8e2bdd56efe0623f2f99da15acdfa4') in 0.0299649 seconds
Number of updated asset objects reloaded before import = 0Number of asset objects unloaded after import = 0

========================================================================
Received Import Request.
  Time since last request: 0.001202 seconds.
  path: Packages/com.unity.timeline/Editor/Manipulators/Sequence/SelectAndMoveItem.cs
  artifactKey: Guid(f4f988528bbbb0846a4cb50efb4587a5) Importer(2089858483,b0f066a214c2f5e87bad3c948f4d605d)
Start importing Packages/com.unity.timeline/Editor/Manipulators/Sequence/SelectAndMoveItem.cs using Guid(f4f988528bbbb0846a4cb50efb4587a5) Importer(2089858483,b0f066a214c2f5e87bad3c948f4d605d) (ScriptedImporter) -> (artifact id: '46f1c925f68e132531ecbdb113bc880c') in 0.047647 seconds
Number of updated asset objects reloaded before import = 0Number of asset objects unloaded after import = 0

========================================================================
Received Import Request.
  Time since last request: 0.000259 seconds.
  path: Packages/com.unity.multiplayer.center/Editor/MultiplayerCenterWindow/UI/Icons/ClientHosted.png
  artifactKey: Guid(b2ce704e56cc84fb3b347499263c6244) Importer(2089858483,b0f066a214c2f5e87bad3c948f4d605d)
Start importing Packages/com.unity.multiplayer.center/Editor/MultiplayerCenterWindow/UI/Icons/ClientHosted.png using Guid(b2ce704e56cc84fb3b347499263c6244) Importer(2089858483,b0f066a214c2f5e87bad3c948f4d605d) (ScriptedImporter) -> (artifact id: 'dac515d541813acd3b9603b353458e0d') in 0.0713717 seconds
Number of updated asset objects reloaded before import = 0Number of asset objects unloaded after import = 1

========================================================================
Received Import Request.
  Time since last request: 0.001012 seconds.
  path: Packages/com.unity.modules.unitywebrequestassetbundle/package.ModuleCompilationTrigger
  artifactKey: Guid(7610600f5c83e01041a6fe849d39279f) Importer(2089858483,b0f066a214c2f5e87bad3c948f4d605d)
Start importing Packages/com.unity.modules.unitywebrequestassetbundle/package.ModuleCompilationTrigger using Guid(7610600f5c83e01041a6fe849d39279f) Importer(2089858483,b0f066a214c2f5e87bad3c948f4d605d) (ScriptedImporter) -> (artifact id: '856ebf9e7017c7af25f0d11bf837cf52') in 0.0226682 seconds
Number of updated asset objects reloaded before import = 0Number of asset objects unloaded after import = 1

========================================================================
Received Import Request.
  Time since last request: 0.000450 seconds.
  path: Packages/com.unity.timeline/Editor/Shortcuts.cs
  artifactKey: Guid(c35a186b967e6a24d9d844d412fe08a3) Importer(2089858483,b0f066a214c2f5e87bad3c948f4d605d)
Start importing Packages/com.unity.timeline/Editor/Shortcuts.cs using Guid(c35a186b967e6a24d9d844d412fe08a3) Importer(2089858483,b0f066a214c2f5e87bad3c948f4d605d) (ScriptedImporter) -> (artifact id: '557cc858095e97d5ccbfd08182092ec7') in 0.0182633 seconds
Number of updated asset objects reloaded before import = 0Number of asset objects unloaded after import = 0

========================================================================
Received Import Request.
  Time since last request: 0.000175 seconds.
  path: Packages/com.unity.timeline/Editor/StyleSheets/Images/Icons/d_TrackAvatarButtonEnabled@2x.png
  artifactKey: Guid(fd12dbe3b63ae464f824b4a74c0e1766) Importer(2089858483,b0f066a214c2f5e87bad3c948f4d605d)
Start importing Packages/com.unity.timeline/Editor/StyleSheets/Images/Icons/d_TrackAvatarButtonEnabled@2x.png using Guid(fd12dbe3b63ae464f824b4a74c0e1766) Importer(2089858483,b0f066a214c2f5e87bad3c948f4d605d) (ScriptedImporter) -> (artifact id: 'adf7e88ec7ae39494304867bf0ae5a57') in 0.0437784 seconds
Number of updated asset objects reloaded before import = 0Number of asset objects unloaded after import = 1

========================================================================
Received Import Request.
  Time since last request: 0.000311 seconds.
  path: Packages/com.unity.timeline/Runtime/TimelineAsset_CreateRemove.cs
  artifactKey: Guid(93665e8b67658804d99c4487228cc050) Importer(2089858483,b0f066a214c2f5e87bad3c948f4d605d)
Start importing Packages/com.unity.timeline/Runtime/TimelineAsset_CreateRemove.cs using Guid(93665e8b67658804d99c4487228cc050) Importer(2089858483,b0f066a214c2f5e87bad3c948f4d605d) (ScriptedImporter) -> (artifact id: '3065e2668cca0d34b27443feeb72cbdf') in 0.0226493 seconds
Number of updated asset objects reloaded before import = 0Number of asset objects unloaded after import = 0

========================================================================
Received Import Request.
  Time since last request: 0.000228 seconds.
  path: Packages/com.unity.timeline/Editor/treeview/IPropertyKeyDataSource.cs
  artifactKey: Guid(ee83d5e1ad2ac4c9aa39e3a6f256062e) Importer(2089858483,b0f066a214c2f5e87bad3c948f4d605d)
Start importing Packages/com.unity.timeline/Editor/treeview/IPropertyKeyDataSource.cs using Guid(ee83d5e1ad2ac4c9aa39e3a6f256062e) Importer(2089858483,b0f066a214c2f5e87bad3c948f4d605d) (ScriptedImporter) -> (artifact id: '7ebed5e8a4fe30182457f08042a83812') in 0.0191445 seconds
Number of updated asset objects reloaded before import = 0Number of asset objects unloaded after import = 0

========================================================================
Received Import Request.
  Time since last request: 0.000256 seconds.
  path: Packages/com.unity.multiplayer.center/Editor/MultiplayerCenterWindow/UI/MultiplayerCenterWindow.uss
  artifactKey: Guid(bac00d6e07f0b4305bb395363c89d92b) Importer(2089858483,b0f066a214c2f5e87bad3c948f4d605d)
Start importing Packages/com.unity.multiplayer.center/Editor/MultiplayerCenterWindow/UI/MultiplayerCenterWindow.uss using Guid(bac00d6e07f0b4305bb395363c89d92b) Importer(2089858483,b0f066a214c2f5e87bad3c948f4d605d) (ScriptedImporter) -> (artifact id: '16e96856db7b41b11d260f0568173d83') in 0.0569157 seconds
Number of updated asset objects reloaded before import = 0Number of asset objects unloaded after import = 19

========================================================================
Received Import Request.
  Time since last request: 0.000037 seconds.
  path: Packages/com.unity.timeline/Editor/Recording/TimelineRecordingContextualResponder.cs
  artifactKey: Guid(a59c2e62fbd97f84f92c3b546e3903cb) Importer(2089858483,b0f066a214c2f5e87bad3c948f4d605d)
Start importing Packages/com.unity.timeline/Editor/Recording/TimelineRecordingContextualResponder.cs using Guid(a59c2e62fbd97f84f92c3b546e3903cb) Importer(2089858483,b0f066a214c2f5e87bad3c948f4d605d) (ScriptedImporter) -> (artifact id: '6bf8e1b95a9cb0d95714a84987116578') in 0.0330291 seconds
Number of updated asset objects reloaded before import = 0Number of asset objects unloaded after import = 0

========================================================================
Received Import Request.
  Time since last request: 0.000234 seconds.
  path: Packages/com.unity.modules.audio/package.ModuleCompilationTrigger
  artifactKey: Guid(042dc296246916648e55a43d0eeb2036) Importer(2089858483,b0f066a214c2f5e87bad3c948f4d605d)
Start importing Packages/com.unity.modules.audio/package.ModuleCompilationTrigger using Guid(042dc296246916648e55a43d0eeb2036) Importer(2089858483,b0f066a214c2f5e87bad3c948f4d605d) (ScriptedImporter) -> (artifact id: '364d485bc3dd0863d3bbf04b02b78f71') in 0.0225816 seconds
Number of updated asset objects reloaded before import = 0Number of asset objects unloaded after import = 1

========================================================================
Received Import Request.
  Time since last request: 0.000210 seconds.
  path: Packages/com.unity.test-framework/UnityEngine.TestRunner/NUnitExtensions/Runner/IEnumerableTestMethodCommand.cs
  artifactKey: Guid(dbd43d8a3b8122d4e89b055f53382b11) Importer(2089858483,b0f066a214c2f5e87bad3c948f4d605d)
Start importing Packages/com.unity.test-framework/UnityEngine.TestRunner/NUnitExtensions/Runner/IEnumerableTestMethodCommand.cs using Guid(dbd43d8a3b8122d4e89b055f53382b11) Importer(2089858483,b0f066a214c2f5e87bad3c948f4d605d) (ScriptedImporter) -> (artifact id: 'a28bd4a972b38c6a01b919bb35cd1e39') in 0.0180431 seconds
Number of updated asset objects reloaded before import = 0Number of asset objects unloaded after import = 0

========================================================================
Received Import Request.
  Time since last request: 0.000187 seconds.
  path: Packages/com.unity.test-framework/UnityEngine.TestRunner/UnityTestProtocol/TestFinishMessage.cs
  artifactKey: Guid(2cc8cb8ea0b84a54b6caf6601d63ece6) Importer(2089858483,b0f066a214c2f5e87bad3c948f4d605d)
Start importing Packages/com.unity.test-framework/UnityEngine.TestRunner/UnityTestProtocol/TestFinishMessage.cs using Guid(2cc8cb8ea0b84a54b6caf6601d63ece6) Importer(2089858483,b0f066a214c2f5e87bad3c948f4d605d) (ScriptedImporter) -> (artifact id: '37e8848a6ed8505dc9d5112df0e24fd4') in 0.0191803 seconds
Number of updated asset objects reloaded before import = 0Number of asset objects unloaded after import = 0

========================================================================
Received Import Request.
  Time since last request: 0.000324 seconds.
  path: Packages/com.unity.test-framework/UnityEditor.TestRunner/TestLaunchers/Helpers/PostbuildCleanupWithJobDataAttributeFinder.cs
  artifactKey: Guid(13b82b28a28254683a40756c27493b61) Importer(2089858483,b0f066a214c2f5e87bad3c948f4d605d)
Start importing Packages/com.unity.test-framework/UnityEditor.TestRunner/TestLaunchers/Helpers/PostbuildCleanupWithJobDataAttributeFinder.cs using Guid(13b82b28a28254683a40756c27493b61) Importer(2089858483,b0f066a214c2f5e87bad3c948f4d605d) (ScriptedImporter) -> (artifact id: '8084e2a5347fb482841a2f0ffc3103e5') in 0.0193151 seconds
Number of updated asset objects reloaded before import = 0Number of asset objects unloaded after import = 0

========================================================================
Received Import Request.
  Time since last request: 0.000154 seconds.
  path: Packages/com.unity.test-framework/UnityEngine.TestRunner/UnityTestProtocol/TestState.cs
  artifactKey: Guid(c3a9378562b345c4ac08e605d35c0d93) Importer(2089858483,b0f066a214c2f5e87bad3c948f4d605d)
Start importing Packages/com.unity.test-framework/UnityEngine.TestRunner/UnityTestProtocol/TestState.cs using Guid(c3a9378562b345c4ac08e605d35c0d93) Importer(2089858483,b0f066a214c2f5e87bad3c948f4d605d) (ScriptedImporter) -> (artifact id: '091c10ac5815f844702e7fbbcdb3e7de') in 0.0262986 seconds
Number of updated asset objects reloaded before import = 0Number of asset objects unloaded after import = 0

========================================================================
Received Import Request.
  Time since last request: 0.000112 seconds.
  path: Packages/com.unity.timeline/Editor/inspectors/DirectorNamedColorInspector.cs
  artifactKey: Guid(9c8ceb9efacb4974bb3b7e2a87137b07) Importer(2089858483,b0f066a214c2f5e87bad3c948f4d605d)
Start importing Packages/com.unity.timeline/Editor/inspectors/DirectorNamedColorInspector.cs using Guid(9c8ceb9efacb4974bb3b7e2a87137b07) Importer(2089858483,b0f066a214c2f5e87bad3c948f4d605d) (ScriptedImporter) -> (artifact id: '03c14a234e4c9aa1ef4f6b8011b43286') in 0.0277319 seconds
Number of updated asset objects reloaded before import = 0Number of asset objects unloaded after import = 0

========================================================================
Received Import Request.
  Time since last request: 0.000511 seconds.
  path: Packages/com.unity.multiplayer.center/Editor/Recommendations/RecommenderSystemDataObject.cs
  artifactKey: Guid(b6a02e450cd04bb781e7728f2056251c) Importer(2089858483,b0f066a214c2f5e87bad3c948f4d605d)
Start importing Packages/com.unity.multiplayer.center/Editor/Recommendations/RecommenderSystemDataObject.cs using Guid(b6a02e450cd04bb781e7728f2056251c) Importer(2089858483,b0f066a214c2f5e87bad3c948f4d605d) (ScriptedImporter) -> (artifact id: 'e2e63177ccefe07242bca72e73b91f3f') in 0.0446967 seconds
Number of updated asset objects reloaded before import = 0Number of asset objects unloaded after import = 0

========================================================================
Received Import Request.
  Time since last request: 0.000340 seconds.
  path: Packages/com.unity.timeline/Editor/TimelineHelpers.cs
  artifactKey: Guid(5a7f0d89a47f18c41b6ddf60dfae1bde) Importer(2089858483,b0f066a214c2f5e87bad3c948f4d605d)
Start importing Packages/com.unity.timeline/Editor/TimelineHelpers.cs using Guid(5a7f0d89a47f18c41b6ddf60dfae1bde) Importer(2089858483,b0f066a214c2f5e87bad3c948f4d605d) (ScriptedImporter) -> (artifact id: 'f7303aeb403b682dfe418906e56792ec') in 0.0273511 seconds
Number of updated asset objects reloaded before import = 0Number of asset objects unloaded after import = 0

========================================================================
Received Import Request.
  Time since last request: 0.000204 seconds.
  path: Packages/com.unity.timeline/Runtime/AssetUpgrade/AnimationTrackUpgrade.cs
  artifactKey: Guid(3b0c53b13a1539949b3b212e049151d1) Importer(2089858483,b0f066a214c2f5e87bad3c948f4d605d)
Start importing Packages/com.unity.timeline/Runtime/AssetUpgrade/AnimationTrackUpgrade.cs using Guid(3b0c53b13a1539949b3b212e049151d1) Importer(2089858483,b0f066a214c2f5e87bad3c948f4d605d) (ScriptedImporter) -> (artifact id: '2af7c8e5596be3ca792d9a793e668614') in 0.0187142 seconds
Number of updated asset objects reloaded before import = 0Number of asset objects unloaded after import = 0

========================================================================
Received Import Request.
  Time since last request: 0.000289 seconds.
  path: Packages/com.unity.timeline/Editor/Window/TimelineEditorWindow.cs
  artifactKey: Guid(dfe0d35963084dcc899e4d32cca85455) Importer(2089858483,b0f066a214c2f5e87bad3c948f4d605d)
Start importing Packages/com.unity.timeline/Editor/Window/TimelineEditorWindow.cs using Guid(dfe0d35963084dcc899e4d32cca85455) Importer(2089858483,b0f066a214c2f5e87bad3c948f4d605d) (ScriptedImporter) -> (artifact id: '689e04a66c7fb6d97eddf87de4e4ee67') in 0.0219878 seconds
Number of updated asset objects reloaded before import = 0Number of asset objects unloaded after import = 0

========================================================================
Received Import Request.
  Time since last request: 0.000367 seconds.
  path: Packages/com.unity.timeline/Runtime/Properties/AssemblyInfo.cs
  artifactKey: Guid(0bb74b1c097396c49b1691e6a938f814) Importer(2089858483,b0f066a214c2f5e87bad3c948f4d605d)
Start importing Packages/com.unity.timeline/Runtime/Properties/AssemblyInfo.cs using Guid(0bb74b1c097396c49b1691e6a938f814) Importer(2089858483,b0f066a214c2f5e87bad3c948f4d605d) (ScriptedImporter) -> (artifact id: '9e9610f12cf0294e5f2968053011aa01') in 0.0199191 seconds
Number of updated asset objects reloaded before import = 0Number of asset objects unloaded after import = 0

========================================================================
Received Import Request.
  Time since last request: 0.000272 seconds.
  path: Packages/com.unity.ext.nunit/Third Party Notices.md
  artifactKey: Guid(bfcb3ba499f7d452b92d9a9cc3378788) Importer(2089858483,b0f066a214c2f5e87bad3c948f4d605d)
Start importing Packages/com.unity.ext.nunit/Third Party Notices.md using Guid(bfcb3ba499f7d452b92d9a9cc3378788) Importer(2089858483,b0f066a214c2f5e87bad3c948f4d605d) (ScriptedImporter) -> (artifact id: '6d6517bbe058a81eb37cb5d90c3c28da') in 0.0214223 seconds
Number of updated asset objects reloaded before import = 0Number of asset objects unloaded after import = 1

========================================================================
Received Import Request.
  Time since last request: 0.000228 seconds.
  path: Packages/com.unity.timeline/Runtime/Utilities/AnimatorBindingCache.cs
  artifactKey: Guid(d0080567f62c3f94cb75b2927a349e22) Importer(2089858483,b0f066a214c2f5e87bad3c948f4d605d)
Start importing Packages/com.unity.timeline/Runtime/Utilities/AnimatorBindingCache.cs using Guid(d0080567f62c3f94cb75b2927a349e22) Importer(2089858483,b0f066a214c2f5e87bad3c948f4d605d) (ScriptedImporter) -> (artifact id: '926d721a4b88580303b38ae209d8e0db') in 0.0160538 seconds
Number of updated asset objects reloaded before import = 0Number of asset objects unloaded after import = 0

========================================================================
Received Import Request.
  Time since last request: 0.000154 seconds.
  path: Packages/com.unity.ai.navigation/Editor/ConversionSystem/Unity.AI.Navigation.Editor.ConversionSystem.asmdef
  artifactKey: Guid(c57630adab7a340ec94f10e4fcac12f1) Importer(2089858483,b0f066a214c2f5e87bad3c948f4d605d)
Start importing Packages/com.unity.ai.navigation/Editor/ConversionSystem/Unity.AI.Navigation.Editor.ConversionSystem.asmdef using Guid(c57630adab7a340ec94f10e4fcac12f1) Importer(2089858483,b0f066a214c2f5e87bad3c948f4d605d) (ScriptedImporter) -> (artifact id: '8bd0c6f9ee993c8a91228ff39c9820bf') in 0.015222 seconds
Number of updated asset objects reloaded before import = 0Number of asset objects unloaded after import = 1

========================================================================
Received Import Request.
  Time since last request: 0.000159 seconds.
  path: Packages/com.unity.timeline/Editor/StyleSheets/Images/Icons/d_TrackLockButtonEnabled@2x.png
  artifactKey: Guid(2c85066ea99cfbe4f90294bf295ce543) Importer(2089858483,b0f066a214c2f5e87bad3c948f4d605d)
Start importing Packages/com.unity.timeline/Editor/StyleSheets/Images/Icons/d_TrackLockButtonEnabled@2x.png using Guid(2c85066ea99cfbe4f90294bf295ce543) Importer(2089858483,b0f066a214c2f5e87bad3c948f4d605d) (ScriptedImporter) -> (artifact id: 'e01ef5328800da60d35e913775a0f557') in 0.0283491 seconds
Number of updated asset objects reloaded before import = 0Number of asset objects unloaded after import = 1

========================================================================
Received Import Request.
  Time since last request: 0.000031 seconds.
  path: Packages/com.unity.multiplayer.center/Editor/MultiplayerCenterWindow/UI/Icons/d_PackageManager@2x.png
  artifactKey: Guid(a6fd0c627f5aa48fa81512221e70a11e) Importer(2089858483,b0f066a214c2f5e87bad3c948f4d605d)
Start importing Packages/com.unity.multiplayer.center/Editor/MultiplayerCenterWindow/UI/Icons/d_PackageManager@2x.png using Guid(a6fd0c627f5aa48fa81512221e70a11e) Importer(2089858483,b0f066a214c2f5e87bad3c948f4d605d) (ScriptedImporter) -> (artifact id: 'a6508cc83d56b7a64835cfc0cbc31057') in 0.0330627 seconds
Number of updated asset objects reloaded before import = 0Number of asset objects unloaded after import = 1

========================================================================
Received Import Request.
  Time since last request: 0.000132 seconds.
  path: Packages/com.unity.test-framework/UnityEditor.TestRunner/UnityTestProtocol/IUtpMessageReporter.cs
  artifactKey: Guid(952b3dc7b47846947b37c8d3ae46579a) Importer(2089858483,b0f066a214c2f5e87bad3c948f4d605d)
Start importing Packages/com.unity.test-framework/UnityEditor.TestRunner/UnityTestProtocol/IUtpMessageReporter.cs using Guid(952b3dc7b47846947b37c8d3ae46579a) Importer(2089858483,b0f066a214c2f5e87bad3c948f4d605d) (ScriptedImporter) -> (artifact id: '30bf844bacfd938d998cc0b59f211711') in 0.0294233 seconds
Number of updated asset objects reloaded before import = 0Number of asset objects unloaded after import = 0

========================================================================
Received Import Request.
  Time since last request: 0.000370 seconds.
  path: Packages/com.unity.timeline/Editor/treeview/TrackGui/TimelineTrackGUI.cs
  artifactKey: Guid(b3b27007577486c4d8dc088f989b288c) Importer(2089858483,b0f066a214c2f5e87bad3c948f4d605d)
Start importing Packages/com.unity.timeline/Editor/treeview/TrackGui/TimelineTrackGUI.cs using Guid(b3b27007577486c4d8dc088f989b288c) Importer(2089858483,b0f066a214c2f5e87bad3c948f4d605d) (ScriptedImporter) -> (artifact id: '856be59637a7e08b6858cea3c1a61d56') in 0.0307404 seconds
Number of updated asset objects reloaded before import = 0Number of asset objects unloaded after import = 0

========================================================================
Received Import Request.
  Time since last request: 0.000241 seconds.
  path: Packages/com.unity.timeline/Editor/Animation/BindingTreeViewDataSource.cs
  artifactKey: Guid(9c2177aaf0fde92439246adc2dc0bfa2) Importer(2089858483,b0f066a214c2f5e87bad3c948f4d605d)
Start importing Packages/com.unity.timeline/Editor/Animation/BindingTreeViewDataSource.cs using Guid(9c2177aaf0fde92439246adc2dc0bfa2) Importer(2089858483,b0f066a214c2f5e87bad3c948f4d605d) (ScriptedImporter) -> (artifact id: '963a1e9db415efde442b073e6c27c894') in 0.019865 seconds
Number of updated asset objects reloaded before import = 0Number of asset objects unloaded after import = 0

========================================================================
Received Import Request.
  Time since last request: 0.000237 seconds.
  path: Packages/com.unity.multiplayer.center/Tests/Runtime/Unity.Multiplayer.Center.Tests.asmdef
  artifactKey: Guid(2664430aff4254d79887d32c3fc1e221) Importer(2089858483,b0f066a214c2f5e87bad3c948f4d605d)
Start importing Packages/com.unity.multiplayer.center/Tests/Runtime/Unity.Multiplayer.Center.Tests.asmdef using Guid(2664430aff4254d79887d32c3fc1e221) Importer(2089858483,b0f066a214c2f5e87bad3c948f4d605d) (ScriptedImporter) -> (artifact id: '77fddd7360e4eecc74f93d2fdf05a184') in 0.0335548 seconds
Number of updated asset objects reloaded before import = 0Number of asset objects unloaded after import = 1

========================================================================
Received Import Request.
  Time since last request: 0.004246 seconds.
  path: Packages/com.unity.ai.navigation/Editor/ConversionSystem/converter_widget.uxml
  artifactKey: Guid(aaa3e510761864dac9b71f85526490d6) Importer(2089858483,b0f066a214c2f5e87bad3c948f4d605d)
Start importing Packages/com.unity.ai.navigation/Editor/ConversionSystem/converter_widget.uxml using Guid(aaa3e510761864dac9b71f85526490d6) Importer(2089858483,b0f066a214c2f5e87bad3c948f4d605d) (ScriptedImporter) -> (artifact id: 'e8c1e68797d8d88f29992d21b04d9839') in 0.0787639 seconds
Number of updated asset objects reloaded before import = 0Number of asset objects unloaded after import = 2

========================================================================
Received Import Request.
  Time since last request: 0.000124 seconds.
  path: Packages/com.unity.multiplayer.center/Editor/MultiplayerCenterWindow/UI/Icons/d_PackageInstalled@2x.png
  artifactKey: Guid(318df756abab5463e9aa361360784865) Importer(2089858483,b0f066a214c2f5e87bad3c948f4d605d)
Start importing Packages/com.unity.multiplayer.center/Editor/MultiplayerCenterWindow/UI/Icons/d_PackageInstalled@2x.png using Guid(318df756abab5463e9aa361360784865) Importer(2089858483,b0f066a214c2f5e87bad3c948f4d605d) (ScriptedImporter) -> (artifact id: '99d2e407f175900d2824fcdf346288a6') in 0.0576035 seconds
Number of updated asset objects reloaded before import = 0Number of asset objects unloaded after import = 1

========================================================================
Received Import Request.
  Time since last request: 0.000290 seconds.
  path: Packages/com.unity.test-framework/UnityEditor.TestRunner/Api/CallbacksDelegator.cs
  artifactKey: Guid(0de03ebd74e2b474fa23d05ab42d0cd8) Importer(2089858483,b0f066a214c2f5e87bad3c948f4d605d)
Start importing Packages/com.unity.test-framework/UnityEditor.TestRunner/Api/CallbacksDelegator.cs using Guid(0de03ebd74e2b474fa23d05ab42d0cd8) Importer(2089858483,b0f066a214c2f5e87bad3c948f4d605d) (ScriptedImporter) -> (artifact id: '063b0bb0283629ce0010bfdcd7f215ab') in 0.0403455 seconds
Number of updated asset objects reloaded before import = 0Number of asset objects unloaded after import = 0

========================================================================
Received Import Request.
  Time since last request: 0.000037 seconds.
  path: Packages/com.unity.timeline/Editor/StyleSheets/Images/Icons/d_TimelineEditModeReplaceOFF.png
  artifactKey: Guid(912fd71cbf4cbe140b4f240bedbc1f3e) Importer(2089858483,b0f066a214c2f5e87bad3c948f4d605d)
Start importing Packages/com.unity.timeline/Editor/StyleSheets/Images/Icons/d_TimelineEditModeReplaceOFF.png using Guid(912fd71cbf4cbe140b4f240bedbc1f3e) Importer(2089858483,b0f066a214c2f5e87bad3c948f4d605d) (ScriptedImporter) -> (artifact id: 'f09fc19ce82f8b45e042bc78b156178c') in 0.0888384 seconds
Number of updated asset objects reloaded before import = 0Number of asset objects unloaded after import = 1

========================================================================
Received Import Request.
  Time since last request: 0.003556 seconds.
  path: Packages/com.unity.ugui/Runtime/UGUI/EventSystem/InputModules/TouchInputModule.cs
  artifactKey: Guid(2d49b7c1bcd2e07499844da127be038d) Importer(2089858483,b0f066a214c2f5e87bad3c948f4d605d)
Start importing Packages/com.unity.ugui/Runtime/UGUI/EventSystem/InputModules/TouchInputModule.cs using Guid(2d49b7c1bcd2e07499844da127be038d) Importer(2089858483,b0f066a214c2f5e87bad3c948f4d605d) (ScriptedImporter) -> (artifact id: 'b8a6279dfd0e1b1f0c2eb9bb598ced20') in 0.0185144 seconds
Number of updated asset objects reloaded before import = 0Number of asset objects unloaded after import = 0

========================================================================
Received Import Request.
  Time since last request: 0.000181 seconds.
  path: Packages/com.unity.timeline/Runtime/Control/ControlPlayableAsset.cs
  artifactKey: Guid(48853ae485fa386428341ac1ea122570) Importer(2089858483,b0f066a214c2f5e87bad3c948f4d605d)
Start importing Packages/com.unity.timeline/Runtime/Control/ControlPlayableAsset.cs using Guid(48853ae485fa386428341ac1ea122570) Importer(2089858483,b0f066a214c2f5e87bad3c948f4d605d) (ScriptedImporter) -> (artifact id: 'e1373b2fc5cfbe6eb22d3193bb866218') in 0.0180087 seconds
Number of updated asset objects reloaded before import = 0Number of asset objects unloaded after import = 0

========================================================================
Received Import Request.
  Time since last request: 0.000214 seconds.
  path: Packages/com.unity.multiplayer.center/Editor/Analytics/DebugAnalytics.cs
  artifactKey: Guid(dd20f32039084a12a8e48dffd4d58f48) Importer(2089858483,b0f066a214c2f5e87bad3c948f4d605d)
Start importing Packages/com.unity.multiplayer.center/Editor/Analytics/DebugAnalytics.cs using Guid(dd20f32039084a12a8e48dffd4d58f48) Importer(2089858483,b0f066a214c2f5e87bad3c948f4d605d) (ScriptedImporter) -> (artifact id: '7197748bd0622f89e8365368bb2507cc') in 0.0176297 seconds
Number of updated asset objects reloaded before import = 0Number of asset objects unloaded after import = 0

========================================================================
Received Import Request.
  Time since last request: 0.000141 seconds.
  path: Packages/com.unity.multiplayer.center/Editor/Recommendations/RecommendationAuthoringData.cs
  artifactKey: Guid(71b3035ad4d343cbbe033e93369d187e) Importer(2089858483,b0f066a214c2f5e87bad3c948f4d605d)
Start importing Packages/com.unity.multiplayer.center/Editor/Recommendations/RecommendationAuthoringData.cs using Guid(71b3035ad4d343cbbe033e93369d187e) Importer(2089858483,b0f066a214c2f5e87bad3c948f4d605d) (ScriptedImporter) -> (artifact id: '3cf8bf72a2644dae3f7b74a3b0795716') in 0.020742 seconds
Number of updated asset objects reloaded before import = 0Number of asset objects unloaded after import = 0

========================================================================
Received Import Request.
  Time since last request: 0.000293 seconds.
  path: Packages/com.unity.ai.navigation/EditorResources/Overlay/NavigationOverlay@256.png
  artifactKey: Guid(1497075210b6dcd4c8f31ecfc6c5c79c) Importer(2089858483,b0f066a214c2f5e87bad3c948f4d605d)
Start importing Packages/com.unity.ai.navigation/EditorResources/Overlay/NavigationOverlay@256.png using Guid(1497075210b6dcd4c8f31ecfc6c5c79c) Importer(2089858483,b0f066a214c2f5e87bad3c948f4d605d) (ScriptedImporter) -> (artifact id: '21cdc5c32c7cff74961ba03f1eb8761a') in 0.03813 seconds
Number of updated asset objects reloaded before import = 0Number of asset objects unloaded after import = 1

========================================================================
Received Import Request.
  Time since last request: 0.000333 seconds.
  path: Packages/com.unity.ugui/Tests/Runtime/UGUI/EventSystem/RaycastSortingTests.cs
  artifactKey: Guid(0ca2545d76d1fb34fa45a9f1e432d259) Importer(2089858483,b0f066a214c2f5e87bad3c948f4d605d)
Start importing Packages/com.unity.ugui/Tests/Runtime/UGUI/EventSystem/RaycastSortingTests.cs using Guid(0ca2545d76d1fb34fa45a9f1e432d259) Importer(2089858483,b0f066a214c2f5e87bad3c948f4d605d) (ScriptedImporter) -> (artifact id: '5a7c445ad66af4b44b51210374b8f8c0') in 0.0164238 seconds
Number of updated asset objects reloaded before import = 0Number of asset objects unloaded after import = 0

========================================================================
Received Import Request.
  Time since last request: 0.000259 seconds.
  path: Packages/com.unity.ai.navigation/Editor/Updater/NavigationConverterContainer.cs
  artifactKey: Guid(14f573b87e1ac42568de3d97da3a0f03) Importer(2089858483,b0f066a214c2f5e87bad3c948f4d605d)
Start importing Packages/com.unity.ai.navigation/Editor/Updater/NavigationConverterContainer.cs using Guid(14f573b87e1ac42568de3d97da3a0f03) Importer(2089858483,b0f066a214c2f5e87bad3c948f4d605d) (ScriptedImporter) -> (artifact id: '64f842ae407fcf81bade25ad6719cb23') in 0.0166648 seconds
Number of updated asset objects reloaded before import = 0Number of asset objects unloaded after import = 0

========================================================================
Received Import Request.
  Time since last request: 0.000179 seconds.
  path: Packages/com.unity.timeline/Editor/Utilities/TypeUtility.cs
  artifactKey: Guid(4c1821c1816c6fa44967b8ecb79ea7e4) Importer(2089858483,b0f066a214c2f5e87bad3c948f4d605d)
Start importing Packages/com.unity.timeline/Editor/Utilities/TypeUtility.cs using Guid(4c1821c1816c6fa44967b8ecb79ea7e4) Importer(2089858483,b0f066a214c2f5e87bad3c948f4d605d) (ScriptedImporter) -> (artifact id: '6f0539b64bba8dc92bd2412d8f2bd797') in 0.0161156 seconds
Number of updated asset objects reloaded before import = 0Number of asset objects unloaded after import = 0

========================================================================
Received Import Request.
  Time since last request: 0.000275 seconds.
  path: Packages/com.unity.timeline/Editor/inspectors/ClipInspector/ClipInspector.cs
  artifactKey: Guid(dff73c4907c95264c8fc095a81f9d51e) Importer(2089858483,b0f066a214c2f5e87bad3c948f4d605d)
Start importing Packages/com.unity.timeline/Editor/inspectors/ClipInspector/ClipInspector.cs using Guid(dff73c4907c95264c8fc095a81f9d51e) Importer(2089858483,b0f066a214c2f5e87bad3c948f4d605d) (ScriptedImporter) -> (artifact id: 'a78963dd010bdd3452aa95c66625be57') in 0.0268925 seconds
Number of updated asset objects reloaded before import = 0Number of asset objects unloaded after import = 0

========================================================================
Received Import Request.
  Time since last request: 0.000351 seconds.
  path: Packages/com.unity.test-framework/UnityEngine.TestRunner/TestRunner/Callbacks/RemoteTestResultSender.cs
  artifactKey: Guid(20793418366caf14293b29c55df5e9ec) Importer(2089858483,b0f066a214c2f5e87bad3c948f4d605d)
Start importing Packages/com.unity.test-framework/UnityEngine.TestRunner/TestRunner/Callbacks/RemoteTestResultSender.cs using Guid(20793418366caf14293b29c55df5e9ec) Importer(2089858483,b0f066a214c2f5e87bad3c948f4d605d) (ScriptedImporter) -> (artifact id: 'cd3809637dff3c66279db6f369afdd5b') in 0.0182035 seconds
Number of updated asset objects reloaded before import = 0Number of asset objects unloaded after import = 0

========================================================================
Received Import Request.
  Time since last request: 0.000265 seconds.
  path: Packages/com.unity.modules.unityanalytics/package.ModuleCompilationTrigger
  artifactKey: Guid(71136fc5cf34f2cc10be0e33c0b08019) Importer(2089858483,b0f066a214c2f5e87bad3c948f4d605d)
Start importing Packages/com.unity.modules.unityanalytics/package.ModuleCompilationTrigger using Guid(71136fc5cf34f2cc10be0e33c0b08019) Importer(2089858483,b0f066a214c2f5e87bad3c948f4d605d) (ScriptedImporter) -> (artifact id: '3bbfe0209001f2c25d64823032638794') in 0.0191907 seconds
Number of updated asset objects reloaded before import = 0Number of asset objects unloaded after import = 1

========================================================================
Received Import Request.
  Time since last request: 0.000220 seconds.
  path: Packages/com.unity.ugui/Tests/Runtime/UGUI/EventSystem/InputModuleTests/MouseUpdate.cs
  artifactKey: Guid(19c6f364c1e81cb4f829a057824639ad) Importer(2089858483,b0f066a214c2f5e87bad3c948f4d605d)
Start importing Packages/com.unity.ugui/Tests/Runtime/UGUI/EventSystem/InputModuleTests/MouseUpdate.cs using Guid(19c6f364c1e81cb4f829a057824639ad) Importer(2089858483,b0f066a214c2f5e87bad3c948f4d605d) (ScriptedImporter) -> (artifact id: '0194b195e2d3d051c03fdb5cc7d7bb62') in 0.0187981 seconds
Number of updated asset objects reloaded before import = 0Number of asset objects unloaded after import = 0

========================================================================
Received Import Request.
  Time since last request: 0.000187 seconds.
  path: Packages/com.unity.test-framework/UnityEditor.TestRunner/Api/IgnoreTest.cs
  artifactKey: Guid(a785dd14005a471483d6732fabeee0ea) Importer(2089858483,b0f066a214c2f5e87bad3c948f4d605d)
Start importing Packages/com.unity.test-framework/UnityEditor.TestRunner/Api/IgnoreTest.cs using Guid(a785dd14005a471483d6732fabeee0ea) Importer(2089858483,b0f066a214c2f5e87bad3c948f4d605d) (ScriptedImporter) -> (artifact id: 'b56775b8062aef64ee6a022055fab443') in 0.0176718 seconds
Number of updated asset objects reloaded before import = 0Number of asset objects unloaded after import = 0

========================================================================
Received Import Request.
  Time since last request: 0.000203 seconds.
  path: Packages/com.unity.timeline/Runtime/AssetUpgrade/ClipUpgrade.cs
  artifactKey: Guid(6a4f0c91a28ece04198b200dd55145d0) Importer(2089858483,b0f066a214c2f5e87bad3c948f4d605d)
Start importing Packages/com.unity.timeline/Runtime/AssetUpgrade/ClipUpgrade.cs using Guid(6a4f0c91a28ece04198b200dd55145d0) Importer(2089858483,b0f066a214c2f5e87bad3c948f4d605d) (ScriptedImporter) -> (artifact id: '4ef3f1e7d05b0bae7f61d4b1a9487fa2') in 0.0158806 seconds
Number of updated asset objects reloaded before import = 0Number of asset objects unloaded after import = 0

========================================================================
Received Import Request.
  Time since last request: 0.000201 seconds.
  path: Packages/com.unity.timeline/Editor/StyleSheets/Images/DarkSkin/TimelinePingPong.png
  artifactKey: Guid(d3b5c4f7d6b94f64085b3713bffa680e) Importer(2089858483,b0f066a214c2f5e87bad3c948f4d605d)
Start importing Packages/com.unity.timeline/Editor/StyleSheets/Images/DarkSkin/TimelinePingPong.png using Guid(d3b5c4f7d6b94f64085b3713bffa680e) Importer(2089858483,b0f066a214c2f5e87bad3c948f4d605d) (ScriptedImporter) -> (artifact id: '089696ebcd5ff6620bc45a6c7497302b') in 0.0291627 seconds
Number of updated asset objects reloaded before import = 0Number of asset objects unloaded after import = 1

========================================================================
Received Import Request.
  Time since last request: 0.000131 seconds.
  path: Packages/com.unity.timeline/Editor/Animation/AnimationTrackActions.cs
  artifactKey: Guid(d4553f2006f48b6448553cb525d2876e) Importer(2089858483,b0f066a214c2f5e87bad3c948f4d605d)
Start importing Packages/com.unity.timeline/Editor/Animation/AnimationTrackActions.cs using Guid(d4553f2006f48b6448553cb525d2876e) Importer(2089858483,b0f066a214c2f5e87bad3c948f4d605d) (ScriptedImporter) -> (artifact id: '2ad058535b5655b1c5c60d26013b7134') in 0.0162409 seconds
Number of updated asset objects reloaded before import = 0Number of asset objects unloaded after import = 0

========================================================================
Received Import Request.
  Time since last request: 0.000242 seconds.
  path: Packages/com.unity.test-framework/UnityEditor.TestRunner/TestRun/Tasks/PlayModeRunTask.cs
  artifactKey: Guid(4769fe1e7475c8843b092338acbcad25) Importer(2089858483,b0f066a214c2f5e87bad3c948f4d605d)
Start importing Packages/com.unity.test-framework/UnityEditor.TestRunner/TestRun/Tasks/PlayModeRunTask.cs using Guid(4769fe1e7475c8843b092338acbcad25) Importer(2089858483,b0f066a214c2f5e87bad3c948f4d605d) (ScriptedImporter) -> (artifact id: '3b95b3852621219128e7029d0eea7e35') in 0.0190776 seconds
Number of updated asset objects reloaded before import = 0Number of asset objects unloaded after import = 0

========================================================================
Received Import Request.
  Time since last request: 0.000088 seconds.
  path: Packages/com.unity.timeline/Editor/StyleSheets/Images/LightSkin/TimelinePingPong.png
  artifactKey: Guid(88d697f38121de443ba144702e5122d9) Importer(2089858483,b0f066a214c2f5e87bad3c948f4d605d)
Start importing Packages/com.unity.timeline/Editor/StyleSheets/Images/LightSkin/TimelinePingPong.png using Guid(88d697f38121de443ba144702e5122d9) Importer(2089858483,b0f066a214c2f5e87bad3c948f4d605d) (ScriptedImporter) -> (artifact id: 'f66ca48b1a469ff68ca23f90626c3448') in 0.02755 seconds
Number of updated asset objects reloaded before import = 0Number of asset objects unloaded after import = 1

========================================================================
Received Import Request.
  Time since last request: 0.000180 seconds.
  path: Packages/com.unity.multiplayer.center/Editor/MultiplayerCenterWindow/UI/QuestionnaireView.cs
  artifactKey: Guid(bcf305fff4614e26a6979b63e954f6d6) Importer(2089858483,b0f066a214c2f5e87bad3c948f4d605d)
Start importing Packages/com.unity.multiplayer.center/Editor/MultiplayerCenterWindow/UI/QuestionnaireView.cs using Guid(bcf305fff4614e26a6979b63e954f6d6) Importer(2089858483,b0f066a214c2f5e87bad3c948f4d605d) (ScriptedImporter) -> (artifact id: '77ff13435c92ea4932f2abb2134f8d6d') in 0.0211373 seconds
Number of updated asset objects reloaded before import = 0Number of asset objects unloaded after import = 0

========================================================================
Received Import Request.
  Time since last request: 0.000377 seconds.
  path: Packages/com.unity.test-framework/UnityEditor.TestRunner/Api/Analytics/AnalyticsReporter.cs
  artifactKey: Guid(a85430cc5a4a4279a992be322de12b29) Importer(2089858483,b0f066a214c2f5e87bad3c948f4d605d)
Start importing Packages/com.unity.test-framework/UnityEditor.TestRunner/Api/Analytics/AnalyticsReporter.cs using Guid(a85430cc5a4a4279a992be322de12b29) Importer(2089858483,b0f066a214c2f5e87bad3c948f4d605d) (ScriptedImporter) -> (artifact id: 'adc71a99757daf4182b10d8807236395') in 0.0214287 seconds
Number of updated asset objects reloaded before import = 0Number of asset objects unloaded after import = 0

========================================================================
Received Import Request.
  Time since last request: 0.000249 seconds.
  path: Packages/com.unity.test-framework/UnityEngine.TestRunner/TestRunner/Callbacks/PlayerQuitHandler.cs
  artifactKey: Guid(f8ed0b11850145c4995dd76170bb2500) Importer(2089858483,b0f066a214c2f5e87bad3c948f4d605d)
Start importing Packages/com.unity.test-framework/UnityEngine.TestRunner/TestRunner/Callbacks/PlayerQuitHandler.cs using Guid(f8ed0b11850145c4995dd76170bb2500) Importer(2089858483,b0f066a214c2f5e87bad3c948f4d605d) (ScriptedImporter) -> (artifact id: '2d5289844cc1c015f8841683bed4384f') in 0.0182636 seconds
Number of updated asset objects reloaded before import = 0Number of asset objects unloaded after import = 0

========================================================================
Received Import Request.
  Time since last request: 0.000335 seconds.
  path: Packages/com.unity.test-framework/UnityEditor.TestRunner/CommandLineTest/RunSettings.cs
  artifactKey: Guid(59d3f5586b341a74c84c8f72144a4568) Importer(2089858483,b0f066a214c2f5e87bad3c948f4d605d)
Start importing Packages/com.unity.test-framework/UnityEditor.TestRunner/CommandLineTest/RunSettings.cs using Guid(59d3f5586b341a74c84c8f72144a4568) Importer(2089858483,b0f066a214c2f5e87bad3c948f4d605d) (ScriptedImporter) -> (artifact id: 'd8dc6dd3c2d5b17adb37c0b37aee1fe5') in 0.0214016 seconds
Number of updated asset objects reloaded before import = 0Number of asset objects unloaded after import = 0

========================================================================
Received Import Request.
  Time since last request: 0.002880 seconds.
  path: Packages/com.unity.test-framework/UnityEditor.TestRunner/Api/CallbacksHolder.cs
  artifactKey: Guid(4884ccc3528cb2e40a0e6f0a19a2b35b) Importer(2089858483,b0f066a214c2f5e87bad3c948f4d605d)
Start importing Packages/com.unity.test-framework/UnityEditor.TestRunner/Api/CallbacksHolder.cs using Guid(4884ccc3528cb2e40a0e6f0a19a2b35b) Importer(2089858483,b0f066a214c2f5e87bad3c948f4d605d) (ScriptedImporter) -> (artifact id: '71d796addff6e6ed1d4d50a7aa7e1809') in 0.0214021 seconds
Number of updated asset objects reloaded before import = 0Number of asset objects unloaded after import = 0

========================================================================
Received Import Request.
  Time since last request: 0.000297 seconds.
  path: Packages/com.unity.test-framework/UnityEditor.TestRunner/TestRun/TestJobDataHolder.cs
  artifactKey: Guid(612b00d793cac3c49808ab3ee5428f16) Importer(2089858483,b0f066a214c2f5e87bad3c948f4d605d)
Start importing Packages/com.unity.test-framework/UnityEditor.TestRunner/TestRun/TestJobDataHolder.cs using Guid(612b00d793cac3c49808ab3ee5428f16) Importer(2089858483,b0f066a214c2f5e87bad3c948f4d605d) (ScriptedImporter) -> (artifact id: '9bde128499530ec025040c9caefac833') in 0.0191794 seconds
Number of updated asset objects reloaded before import = 0Number of asset objects unloaded after import = 0

========================================================================
Received Import Request.
  Time since last request: 0.000195 seconds.
  path: Packages/com.unity.timeline/Editor/Manipulators/Utils/EditModeUtils.cs
  artifactKey: Guid(70eae1897c9d308448eb3bb0b5be9f58) Importer(2089858483,b0f066a214c2f5e87bad3c948f4d605d)
Start importing Packages/com.unity.timeline/Editor/Manipulators/Utils/EditModeUtils.cs using Guid(70eae1897c9d308448eb3bb0b5be9f58) Importer(2089858483,b0f066a214c2f5e87bad3c948f4d605d) (ScriptedImporter) -> (artifact id: 'cbd4a9a686d44a3b9dede3c68e38e8b8') in 0.0200982 seconds
Number of updated asset objects reloaded before import = 0Number of asset objects unloaded after import = 0

========================================================================
Received Import Request.
  Time since last request: 0.000205 seconds.
  path: Packages/com.unity.timeline/Editor/StyleSheets/Images/Icons/d_TrackCurvesButtonDisabled@2x.png
  artifactKey: Guid(1f3ea4caa6e0ec74388e4d7d16690e68) Importer(2089858483,b0f066a214c2f5e87bad3c948f4d605d)
Start importing Packages/com.unity.timeline/Editor/StyleSheets/Images/Icons/d_TrackCurvesButtonDisabled@2x.png using Guid(1f3ea4caa6e0ec74388e4d7d16690e68) Importer(2089858483,b0f066a214c2f5e87bad3c948f4d605d) (ScriptedImporter) -> (artifact id: '30c77cc71b425d7305354f8e920f3d23') in 0.0288198 seconds
Number of updated asset objects reloaded before import = 0Number of asset objects unloaded after import = 1

========================================================================
Received Import Request.
  Time since last request: 0.000258 seconds.
  path: Packages/com.unity.ugui/Editor/TMP/PropertyDrawers/TMP_CharacterPropertyDrawer.cs
  artifactKey: Guid(01ada73c4792aba4c937ff5d92cce866) Importer(2089858483,b0f066a214c2f5e87bad3c948f4d605d)
Start importing Packages/com.unity.ugui/Editor/TMP/PropertyDrawers/TMP_CharacterPropertyDrawer.cs using Guid(01ada73c4792aba4c937ff5d92cce866) Importer(2089858483,b0f066a214c2f5e87bad3c948f4d605d) (ScriptedImporter) -> (artifact id: '4b42b3d63238eecea92097a1f66a7e29') in 0.0223794 seconds
Number of updated asset objects reloaded before import = 0Number of asset objects unloaded after import = 0

========================================================================
Received Import Request.
  Time since last request: 0.000128 seconds.
  path: Packages/com.unity.test-framework/UnityEngine.TestRunner/NUnitExtensions/Runner/FeatureFlags.cs
  artifactKey: Guid(b97961a82e5e4e66b8f6fa0ce8b5b9e2) Importer(2089858483,b0f066a214c2f5e87bad3c948f4d605d)
Start importing Packages/com.unity.test-framework/UnityEngine.TestRunner/NUnitExtensions/Runner/FeatureFlags.cs using Guid(b97961a82e5e4e66b8f6fa0ce8b5b9e2) Importer(2089858483,b0f066a214c2f5e87bad3c948f4d605d) (ScriptedImporter) -> (artifact id: 'fb6dac4838b1efef8ead71f4f46d1a3c') in 0.0267313 seconds
Number of updated asset objects reloaded before import = 0Number of asset objects unloaded after import = 0

========================================================================
Received Import Request.
  Time since last request: 0.000164 seconds.
  path: Packages/com.unity.test-framework/UnityEditor.TestRunner/UnityTestProtocol/IUtpLogger.cs
  artifactKey: Guid(9014630255533ed42915965b4065cde8) Importer(2089858483,b0f066a214c2f5e87bad3c948f4d605d)
Start importing Packages/com.unity.test-framework/UnityEditor.TestRunner/UnityTestProtocol/IUtpLogger.cs using Guid(9014630255533ed42915965b4065cde8) Importer(2089858483,b0f066a214c2f5e87bad3c948f4d605d) (ScriptedImporter) -> (artifact id: '5d96183769c21103e81ec0c86f905b0c') in 0.0182325 seconds
Number of updated asset objects reloaded before import = 0Number of asset objects unloaded after import = 0

========================================================================
Received Import Request.
  Time since last request: 0.000281 seconds.
  path: Packages/com.unity.timeline/Editor/StyleSheets/Extensions/dark.uss
  artifactKey: Guid(5393cdb70614ab24f94f78bfcf5d1455) Importer(2089858483,b0f066a214c2f5e87bad3c948f4d605d)
Start importing Packages/com.unity.timeline/Editor/StyleSheets/Extensions/dark.uss using Guid(5393cdb70614ab24f94f78bfcf5d1455) Importer(2089858483,b0f066a214c2f5e87bad3c948f4d605d) (ScriptedImporter) -> (artifact id: 'bf79ba9b41153921e16202a06e83de18') in 0.0267966 seconds
Number of updated asset objects reloaded before import = 0Number of asset objects unloaded after import = 1

========================================================================
Received Import Request.
  Time since last request: 0.000033 seconds.
  path: Packages/com.unity.ugui/Runtime/UGUI/UI/Core/ToggleGroup.cs
  artifactKey: Guid(2fafe2cfe61f6974895a912c3755e8f1) Importer(2089858483,b0f066a214c2f5e87bad3c948f4d605d)
Start importing Packages/com.unity.ugui/Runtime/UGUI/UI/Core/ToggleGroup.cs using Guid(2fafe2cfe61f6974895a912c3755e8f1) Importer(2089858483,b0f066a214c2f5e87bad3c948f4d605d) (ScriptedImporter) -> (artifact id: '52726fa98d588a4417ceae4237fba083') in 0.0244347 seconds
Number of updated asset objects reloaded before import = 0Number of asset objects unloaded after import = 0

========================================================================
Received Import Request.
  Time since last request: 0.000273 seconds.
  path: Packages/com.unity.ide.rider/Rider/Editor/ProjectGeneration/PackageManagerTracker.cs
  artifactKey: Guid(32e50e97779a4753a461190076119a99) Importer(2089858483,b0f066a214c2f5e87bad3c948f4d605d)
Start importing Packages/com.unity.ide.rider/Rider/Editor/ProjectGeneration/PackageManagerTracker.cs using Guid(32e50e97779a4753a461190076119a99) Importer(2089858483,b0f066a214c2f5e87bad3c948f4d605d) (ScriptedImporter) -> (artifact id: '4a4c8be92dfb6aa097c0811e9d801ecc') in 0.0188654 seconds
Number of updated asset objects reloaded before import = 0Number of asset objects unloaded after import = 0

========================================================================
Received Import Request.
  Time since last request: 0.000233 seconds.
  path: Packages/com.unity.timeline/Editor/Utilities/FrameRateDisplayUtility.cs
  artifactKey: Guid(e6372298ccbe45b9a771c50dd0293b6e) Importer(2089858483,b0f066a214c2f5e87bad3c948f4d605d)
Start importing Packages/com.unity.timeline/Editor/Utilities/FrameRateDisplayUtility.cs using Guid(e6372298ccbe45b9a771c50dd0293b6e) Importer(2089858483,b0f066a214c2f5e87bad3c948f4d605d) (ScriptedImporter) -> (artifact id: 'c81bffbe2c6dcfd892b2f2c125958f61') in 0.0188845 seconds
Number of updated asset objects reloaded before import = 0Number of asset objects unloaded after import = 0

========================================================================
Received Import Request.
  Time since last request: 0.000128 seconds.
  path: Packages/com.unity.multiplayer.center/Editor/MultiplayerCenterWindow/MultiplayerCenterWindow.cs
  artifactKey: Guid(7e006510f5f4425ca971c7de0bfbb77a) Importer(2089858483,b0f066a214c2f5e87bad3c948f4d605d)
Start importing Packages/com.unity.multiplayer.center/Editor/MultiplayerCenterWindow/MultiplayerCenterWindow.cs using Guid(7e006510f5f4425ca971c7de0bfbb77a) Importer(2089858483,b0f066a214c2f5e87bad3c948f4d605d) (ScriptedImporter) -> (artifact id: '44dbb1f56c33f88a395695fc0cd9662a') in 0.0186964 seconds
Number of updated asset objects reloaded before import = 0Number of asset objects unloaded after import = 0

========================================================================
Received Import Request.
  Time since last request: 0.000277 seconds.
  path: Packages/com.unity.timeline/Editor/Utilities/ClipModifier.cs
  artifactKey: Guid(b0eeee3cdfa56734abca5c1a4e7989ba) Importer(2089858483,b0f066a214c2f5e87bad3c948f4d605d)
Start importing Packages/com.unity.timeline/Editor/Utilities/ClipModifier.cs using Guid(b0eeee3cdfa56734abca5c1a4e7989ba) Importer(2089858483,b0f066a214c2f5e87bad3c948f4d605d) (ScriptedImporter) -> (artifact id: '94157fb1e01d5f3628c1296ff5ee9daf') in 0.0188922 seconds
Number of updated asset objects reloaded before import = 0Number of asset objects unloaded after import = 0

========================================================================
Received Import Request.
  Time since last request: 0.000150 seconds.
  path: Packages/com.unity.ugui/Tests/Runtime/UGUI/Canvas/BridgeScriptForRetainingObjects.cs
  artifactKey: Guid(1a26e19d51cbfac42a02631ad1f9e39e) Importer(2089858483,b0f066a214c2f5e87bad3c948f4d605d)
Start importing Packages/com.unity.ugui/Tests/Runtime/UGUI/Canvas/BridgeScriptForRetainingObjects.cs using Guid(1a26e19d51cbfac42a02631ad1f9e39e) Importer(2089858483,b0f066a214c2f5e87bad3c948f4d605d) (ScriptedImporter) -> (artifact id: '423ff47139489a45113a5f68b46b91db') in 0.0330884 seconds
Number of updated asset objects reloaded before import = 0Number of asset objects unloaded after import = 0

========================================================================
Received Import Request.
  Time since last request: 0.000222 seconds.
  path: Packages/com.unity.ugui/Tests/Runtime/UGUI/NestedLayout/SceneWithNestedLayoutElementsLoads.cs
  artifactKey: Guid(01df650e1b86e9f4a8e2b5dc9782506f) Importer(2089858483,b0f066a214c2f5e87bad3c948f4d605d)
Start importing Packages/com.unity.ugui/Tests/Runtime/UGUI/NestedLayout/SceneWithNestedLayoutElementsLoads.cs using Guid(01df650e1b86e9f4a8e2b5dc9782506f) Importer(2089858483,b0f066a214c2f5e87bad3c948f4d605d) (ScriptedImporter) -> (artifact id: '598b896999b6fb89f5f26eea72804de0') in 0.0328699 seconds
Number of updated asset objects reloaded before import = 0Number of asset objects unloaded after import = 0

========================================================================
Received Prepare
Refreshing native plugins compatible for Editor in 3.07 ms, found 3 plugins.
Preloading 0 native plugins for Editor in 0.00 ms.
Unloading 0 Unused Serialized files (Serialized files now loaded: 0)
Unloading 517 unused Assets / (298.0 KB). Loaded Objects now: 2628.
Memory consumption went from 83.2 MB to 83.0 MB.
Total: 9.610600 ms (FindLiveObjects: 0.353200 ms CreateObjectMapping: 0.080000 ms MarkObjects: 8.734300 ms  DeleteObjects: 0.440500 ms)

Prepare: number of updated asset objects reloaded= 1
AssetImportParameters requested are different than current active one (requested -> active):
  buildTarget: platform 13, subtarget 0, extendedPlatform 0 -> platform 19, subtarget 2, extendedPlatform 0
  graphicsApiMask: 2099200 -> 262148
========================================================================
Received Prepare
Refreshing native plugins compatible for Editor in 3.16 ms, found 3 plugins.
Preloading 0 native plugins for Editor in 0.00 ms.
Unloading 0 Unused Serialized files (Serialized files now loaded: 0)
Unloading 0 unused Assets / (0 B). Loaded Objects now: 2628.
Memory consumption went from 82.5 MB to 82.5 MB.
Total: 6.839500 ms (FindLiveObjects: 0.184200 ms CreateObjectMapping: 0.056600 ms MarkObjects: 6.588300 ms  DeleteObjects: 0.009100 ms)

Prepare: number of updated asset objects reloaded= 0
AssetImportParameters requested are different than current active one (requested -> active):
  buildTarget: platform 13, subtarget 0, extendedPlatform 0 -> platform 19, subtarget 2, extendedPlatform 0
  graphicsApiMask: 2099200 -> 262148
========================================================================
Received Prepare
Begin MonoManager ReloadAssembly
[Licensing::Client] Successfully resolved entitlement details
- Loaded All Assemblies, in  0.774 seconds
Refreshing native plugins compatible for Editor in 1.98 ms, found 3 plugins.
Native extension for Android target not found
Native extension for WindowsStandalone target not found
[Package Manager] Failed to launch server process. Reason: Unity was launched with the -noUpm command-line argument
[Package Manager] Unable to send message (not connected to server process).
[Package Manager] Cannot connect to Unity Package Manager local server
[Package Manager] Failed to launch server process. Reason: Unity was launched with the -noUpm command-line argument
[Package Manager] Unable to send message (not connected to server process).
[Package Manager] Cannot connect to Unity Package Manager local server
ScheduleIndexationOnStartup MainProcess:False IndexOnStartup:True
Mono: successfully reloaded assembly
- Finished resetting the current domain, in  0.687 seconds
Domain Reload Profiling: 1456ms
	BeginReloadAssembly (317ms)
		ExecutionOrderSort (0ms)
		DisableScriptedObjects (9ms)
		BackupInstance (0ms)
		ReleaseScriptingObjects (0ms)
		CreateAndSetChildDomain (57ms)
	RebuildCommonClasses (47ms)
	RebuildNativeTypeToScriptingClass (20ms)
	initialDomainReloadingComplete (41ms)
	LoadAllAssembliesAndSetupDomain (342ms)
		LoadAssemblies (410ms)
		RebuildTransferFunctionScriptingTraits (0ms)
		AnalyzeDomain (112ms)
			TypeCache.Refresh (42ms)
				TypeCache.ScanAssembly (33ms)
			BuildScriptInfoCaches (63ms)
			ResolveRequiredComponents (2ms)
	FinalizeReload (688ms)
		ReleaseScriptCaches (0ms)
		RebuildScriptCaches (0ms)
		SetupLoadedEditorAssemblies (540ms)
			LogAssemblyErrors (0ms)
			InitializePlatformSupportModulesInManaged (13ms)
			SetLoadedEditorAssemblies (3ms)
			BeforeProcessingInitializeOnLoad (149ms)
			ProcessInitializeOnLoadAttributes (315ms)
			ProcessInitializeOnLoadMethodAttributes (44ms)
			AfterProcessingInitializeOnLoad (16ms)
			EditorAssembliesLoaded (0ms)
		ExecutionOrderSort2 (0ms)
		AwakeInstancesAfterBackupRestoration (9ms)
Refreshing native plugins compatible for Editor in 2.09 ms, found 3 plugins.
Preloading 0 native plugins for Editor in 0.00 ms.
Unloading 0 Unused Serialized files (Serialized files now loaded: 0)
Unloading 2043 unused Assets / (443.7 KB). Loaded Objects now: 2629.
Memory consumption went from 84.0 MB to 83.5 MB.
Total: 5.297100 ms (FindLiveObjects: 0.251600 ms CreateObjectMapping: 0.116300 ms MarkObjects: 4.412200 ms  DeleteObjects: 0.516200 ms)

Prepare: number of updated asset objects reloaded= 0
AssetImportParameters requested are different than current active one (requested -> active):
  buildTarget: platform 13, subtarget 0, extendedPlatform 0 -> platform 19, subtarget 2, extendedPlatform 0
  graphicsApiMask: 2099200 -> 262148
