[Licensing::Module] Trying to connect to existing licensing client channel...
[Licensing::IpcConnector] Successfully connected to: "LicenseClient-9uqdzvPVzTf7lOwKXUg5o" at "2026-09-24T06:51:50.5623262Z"
Built from '6000.3/staging' branch; Version is '6000.3.20f1 (c9ba695d4f07) revision 13220457'; Using compiler version '194234433'; Build Type 'Release'
OS: 'Windows 11  (10.0.26200) Core' Language: 'en' Physical Memory: 32469 MB
BatchMode: 1, IsHumanControllingUs: 0, StartBugReporterOnCrash: 0, Is64bit: 1
System  architecture: x64
Process architecture: x64
Date: 2026-09-24T06:51:50Z
[Licensing::Client] Code 10 while verifying Licensing Client signature (process Id: 12036, path: "C:/Program Files/Unity Hub/UnityLicensingClient_V1/Unity.Licensing.Client.exe")
[Licensing::Module] LicensingClient has failed validation; ignoring
[Licensing::Client] Handshaking with LicensingClient:
  Version:                 1.18.3+d7ffd15
  Session Id:              2a1b684e09384a8e85d1652aa550ee34
  Correlation Id:          7bae5157f7569324c196101537e5e2e7
  External correlation Id: 3885697790931420161
  Machine Id:              Xq0/e8jrdfzwNx6CNFF/2oAnL8k=
[Licensing::Module] Successfully connected to LicensingClient on channel: "LicenseClient-9uqdzvPVzTf7lOwKXUg5o" (connect: 0.00s, validation: 0.00s, handshake: 0.11s)
[Licensing::IpcConnector] Successfully connected to: "LicenseClient-9uqdzvPVzTf7lOwKXUg5o-notifications" at "2026-09-24T06:51:50.67675Z"
[Licensing::Module] Licensing Background thread has ended after 0.11s

COMMAND LINE ARGUMENTS:
C:\Program Files\Unity\Hub\Editor\6000.3.20f1\Editor\Unity.exe
-adb2
-batchMode
-noUpm
-name
AssetImportWorker0
-projectPath
D:/Projects/2026/Julia-Set-Unity-Android-App/Mandelbrot
-logFile
Logs/AssetImportWorker0.log
-srvPort
60127
-parentPid
48288
-analyticsCloudUserId
3574442337645
-analyticsCloudProjectId
-analyticsLocalProjectId
fcf6fdb92c0f15e4b9b285a58b933e9b
-licensingIpc
LicenseClient-9uqdzvPVzTf7lOwKXUg5o
-job-worker-count
7
-background-job-worker-count
8
-gc-helper-count
1
-name
AssetImport
Successfully changed project path to: D:/Projects/2026/Julia-Set-Unity-Android-App/Mandelbrot
D:/Projects/2026/Julia-Set-Unity-Android-App/Mandelbrot
[UnityMemory] Configuration Parameters - Can be set up in boot.config
    "memorysetup-temp-allocator-size-nav-mesh-worker=65536"
    "memorysetup-temp-allocator-size-audio-worker=65536"
    "memorysetup-temp-allocator-size-gfx=262144"
    "memorysetup-allocator-temp-initial-block-size-main=262144"
    "memorysetup-allocator-temp-initial-block-size-worker=262144"
    "memorysetup-temp-allocator-size-background-worker=32768"
    "memorysetup-temp-allocator-size-job-worker=262144"
    "memorysetup-temp-allocator-size-preload-manager=33554432"
    "memorysetup-temp-allocator-size-gi-baking-worker=262144"
    "memorysetup-temp-allocator-size-gi-baking-worker=262144"
    "memorysetup-temp-allocator-size-gi-baking-worker=262144"
    "memorysetup-temp-allocator-size-gi-baking-worker=262144"
    "memorysetup-temp-allocator-size-gi-baking-worker=262144"
    "memorysetup-bucket-allocator-granularity=16"
    "memorysetup-bucket-allocator-bucket-count=8"
    "memorysetup-bucket-allocator-block-size=33554432"
    "memorysetup-bucket-allocator-block-count=8"
    "memorysetup-main-allocator-block-size=16777216"
    "memorysetup-thread-allocator-block-size=16777216"
    "memorysetup-gfx-main-allocator-block-size=16777216"
    "memorysetup-gfx-thread-allocator-block-size=16777216"
    "memorysetup-cache-allocator-block-size=4194304"
    "memorysetup-typetree-allocator-block-size=2097152"
    "memorysetup-profiler-bucket-allocator-granularity=16"
    "memorysetup-profiler-bucket-allocator-bucket-count=8"
    "memorysetup-profiler-bucket-allocator-block-size=33554432"
    "memorysetup-profiler-bucket-allocator-block-count=8"
    "memorysetup-profiler-allocator-block-size=16777216"
    "memorysetup-profiler-editor-allocator-block-size=1048576"
    "memorysetup-temp-allocator-size-main=16777216"
    "memorysetup-job-temp-allocator-block-size=2097152"
    "memorysetup-job-temp-allocator-block-size-background=1048576"
    "memorysetup-job-temp-allocator-reduction-small-platforms=262144"
    "memorysetup-temp-allocator-size-cloud-worker=32768"
Player connection [27584]  Target information:

Player connection [27584]  * "[IP] 192.168.1.77 [Port] 0 [Flags] 2 [Guid] 1370077996 [EditorId] 1370077996 [Version] 1048832 [Id] WindowsEditor(7,DESKTOP-C3RIJRC) [Debug] 1 [PackageName] WindowsEditor [ProjectName] Editor" 

Player connection [27584] Host joined multi-casting on [225.0.0.222:54997]...
Player connection [27584] Host joined alternative multi-casting on [225.0.0.222:34997]...
JobSystem: Creating JobQueue using job-worker-count value 7
Input System module state changed to: Initialized.
[Physics::Module] Initialized fallback backend.
[Physics::Module] Id: 0xdecafbad
Library Redirect Path: Library/
[Physics::Module] Selected backend.
[Physics::Module] Name: PhysX
[Physics::Module] Id: 0xf2b8ea05
[Physics::Module] SDK Version: 4.1.2
[Physics::Module] Integration Version: 1.0.0
[Physics::Module] Threading Mode: Multi-Threaded
Refreshing native plugins compatible for Editor in 6.24 ms, found 3 plugins.
Preloading 0 native plugins for Editor in 0.00 ms.
Initialize engine version: 6000.3.20f1 (c9ba695d4f07)
[Subsystems] Discovering subsystems at path C:/Program Files/Unity/Hub/Editor/6000.3.20f1/Editor/Data/Resources/UnitySubsystems
[Subsystems] Discovering subsystems at path D:/Projects/2026/Julia-Set-Unity-Android-App/Mandelbrot/Assets
GfxDevice: creating device client; kGfxThreadingModeNonThreaded
Direct3D:
    Version:  Direct3D 11.0 [level 11.1]
    Renderer: NVIDIA GeForce RTX 3070 Laptop GPU (ID=0x249d)
    Vendor:   NVIDIA
    VRAM:     8033 MB
    Driver:   31.0.15.3713
Initialize mono
Mono path[0] = 'C:/Program Files/Unity/Hub/Editor/6000.3.20f1/Editor/Data/Managed'
Mono path[1] = 'C:/Program Files/Unity/Hub/Editor/6000.3.20f1/Editor/Data/MonoBleedingEdge/lib/mono/unityjit-win32'
Mono config path = 'C:/Program Files/Unity/Hub/Editor/6000.3.20f1/Editor/Data/MonoBleedingEdge/etc'
Using monoOptions --debugger-agent=transport=dt_socket,embedding=1,server=y,suspend=n,address=127.0.0.1:56404
Begin MonoManager ReloadAssembly
Registering precompiled unity dll's ...
Register platform support module: C:/Program Files/Unity/Hub/Editor/6000.3.20f1/Editor/Data/PlaybackEngines/WindowsStandaloneSupport/UnityEditor.WindowsStandalone.Extensions.dll
[Licensing::Client] Successfully resolved entitlement details
[Licensing::Module] License group:
  Id: 3574443044870-hololabsstudioinc-UnitXXXX
  Product: Unity Pro
  Type: Assigned
  Expiration: 2122-09-02T00:00:00Z
Register platform support module: C:/Program Files/Unity/Hub/Editor/6000.3.20f1/Editor/Data/PlaybackEngines/AndroidPlayer/UnityEditor.Android.Extensions.dll
Registered in 0.016001 seconds.
- Loaded All Assemblies, in  0.888 seconds
Native extension for Android target not found
Native extension for WindowsStandalone target not found
Package Manager log level set to [2]
[Package Manager] Failed to launch server process. Reason: Unity was launched with the -noUpm command-line argument
[Package Manager] Unable to send message (not connected to server process).
[Package Manager] Cannot connect to Unity Package Manager local server
ScheduleIndexationOnStartup MainProcess:False IndexOnStartup:True
Mono: successfully reloaded assembly
- Finished resetting the current domain, in  0.698 seconds
Domain Reload Profiling: 1576ms
	BeginReloadAssembly (320ms)
		ExecutionOrderSort (0ms)
		DisableScriptedObjects (0ms)
		BackupInstance (0ms)
		ReleaseScriptingObjects (0ms)
		CreateAndSetChildDomain (1ms)
	RebuildCommonClasses (68ms)
	RebuildNativeTypeToScriptingClass (20ms)
	initialDomainReloadingComplete (118ms)
	LoadAllAssembliesAndSetupDomain (352ms)
		LoadAssemblies (310ms)
		RebuildTransferFunctionScriptingTraits (0ms)
		AnalyzeDomain (346ms)
			TypeCache.Refresh (343ms)
				TypeCache.ScanAssembly (319ms)
			BuildScriptInfoCaches (0ms)
			ResolveRequiredComponents (1ms)
	FinalizeReload (699ms)
		ReleaseScriptCaches (0ms)
		RebuildScriptCaches (0ms)
		SetupLoadedEditorAssemblies (630ms)
			LogAssemblyErrors (0ms)
			InitializePlatformSupportModulesInManaged (109ms)
			SetLoadedEditorAssemblies (6ms)
			BeforeProcessingInitializeOnLoad (131ms)
			ProcessInitializeOnLoadAttributes (223ms)
			ProcessInitializeOnLoadMethodAttributes (161ms)
			AfterProcessingInitializeOnLoad (0ms)
			EditorAssembliesLoaded (0ms)
		ExecutionOrderSort2 (0ms)
		AwakeInstancesAfterBackupRestoration (0ms)
[Licensing::Client] Successfully resolved entitlement details
========================================================================
Worker process is ready to serve import requests
Import Worker Mode flag is 0x00
Begin MonoManager ReloadAssembly
- Loaded All Assemblies, in  1.061 seconds
Refreshing native plugins compatible for Editor in 2.68 ms, found 3 plugins.
Native extension for Android target not found
Native extension for WindowsStandalone target not found
[Package Manager] Failed to launch server process. Reason: Unity was launched with the -noUpm command-line argument
[Package Manager] Unable to send message (not connected to server process).
[Package Manager] Cannot connect to Unity Package Manager local server
Refreshing native plugins compatible for Editor in 4.94 ms, found 3 plugins.
[Package Manager] Failed to launch server process. Reason: Unity was launched with the -noUpm command-line argument
[Package Manager] Unable to send message (not connected to server process).
[Package Manager] Cannot connect to Unity Package Manager local server
ScheduleIndexationOnStartup MainProcess:False IndexOnStartup:True
Mono: successfully reloaded assembly
- Finished resetting the current domain, in  0.890 seconds
Domain Reload Profiling: 1941ms
	BeginReloadAssembly (340ms)
		ExecutionOrderSort (0ms)
		DisableScriptedObjects (9ms)
		BackupInstance (0ms)
		ReleaseScriptingObjects (0ms)
		CreateAndSetChildDomain (45ms)
	RebuildCommonClasses (68ms)
	RebuildNativeTypeToScriptingClass (22ms)
	initialDomainReloadingComplete (72ms)
	LoadAllAssembliesAndSetupDomain (548ms)
		LoadAssemblies (552ms)
		RebuildTransferFunctionScriptingTraits (0ms)
		AnalyzeDomain (208ms)
			TypeCache.Refresh (167ms)
				TypeCache.ScanAssembly (144ms)
			BuildScriptInfoCaches (31ms)
			ResolveRequiredComponents (3ms)
	FinalizeReload (891ms)
		ReleaseScriptCaches (0ms)
		RebuildScriptCaches (0ms)
		SetupLoadedEditorAssemblies (698ms)
			LogAssemblyErrors (0ms)
			InitializePlatformSupportModulesInManaged (17ms)
			SetLoadedEditorAssemblies (4ms)
			BeforeProcessingInitializeOnLoad (186ms)
			ProcessInitializeOnLoadAttributes (411ms)
			ProcessInitializeOnLoadMethodAttributes (60ms)
			AfterProcessingInitializeOnLoad (20ms)
			EditorAssembliesLoaded (0ms)
		ExecutionOrderSort2 (0ms)
		AwakeInstancesAfterBackupRestoration (12ms)
Launched and connected shader compiler UnityShaderCompiler.exe after 0.03 seconds
Refreshing native plugins compatible for Editor in 2.99 ms, found 3 plugins.
Preloading 0 native plugins for Editor in 0.00 ms.
Unloading 0 Unused Serialized files (Serialized files now loaded: 0)
Curl error 3: URL rejected: Malformed input to a URL function
Unloading 2045 unused Assets / (0.7 MB). Loaded Objects now: 2626.
Memory consumption went from 82.8 MB to 82.1 MB.
Total: 11.231800 ms (FindLiveObjects: 0.322700 ms CreateObjectMapping: 0.522500 ms MarkObjects: 8.922500 ms  DeleteObjects: 1.462200 ms)

========================================================================
Received Import Request.
  Time since last request: 335691.428134 seconds.
  path: Packages/com.unity.collab-proxy/Editor/AssetOverlays/DrawAssetOverlayIcon.cs
  artifactKey: Guid(a92f7c4434405984a811b4e7c316594e) Importer(2089858483,b0f066a214c2f5e87bad3c948f4d605d)
Start importing Packages/com.unity.collab-proxy/Editor/AssetOverlays/DrawAssetOverlayIcon.cs using Guid(a92f7c4434405984a811b4e7c316594e) Importer(2089858483,b0f066a214c2f5e87bad3c948f4d605d) (ScriptedImporter) -> (artifact id: '4b19d3637ebf1e7c22334366402ac1e8') in 0.1670231 seconds
Number of updated asset objects reloaded before import = 0Number of asset objects unloaded after import = 0

========================================================================
Received Import Request.
  Time since last request: 0.000034 seconds.
  path: Packages/com.unity.collab-proxy/Editor/UVCSWindow.cs
  artifactKey: Guid(6629f1bb292b749a18b5fff7994c8b19) Importer(2089858483,b0f066a214c2f5e87bad3c948f4d605d)
Start importing Packages/com.unity.collab-proxy/Editor/UVCSWindow.cs using Guid(6629f1bb292b749a18b5fff7994c8b19) Importer(2089858483,b0f066a214c2f5e87bad3c948f4d605d) (ScriptedImporter) -> (artifact id: '8fb842ae0b4f6f4f391d9d725e473027') in 0.0158219 seconds
Number of updated asset objects reloaded before import = 0Number of asset objects unloaded after import = 0

========================================================================
Received Import Request.
  Time since last request: 0.000170 seconds.
  path: Packages/com.unity.collab-proxy/Editor/AssetMenu/HierarchyViewAssetSelection.cs
  artifactKey: Guid(19397b4b199145c5bd9ee8c1c7d5938d) Importer(2089858483,b0f066a214c2f5e87bad3c948f4d605d)
Start importing Packages/com.unity.collab-proxy/Editor/AssetMenu/HierarchyViewAssetSelection.cs using Guid(19397b4b199145c5bd9ee8c1c7d5938d) Importer(2089858483,b0f066a214c2f5e87bad3c948f4d605d) (ScriptedImporter) -> (artifact id: '2e5b2c8d2cddd487584ace2d462b7e25') in 0.0171446 seconds
Number of updated asset objects reloaded before import = 0Number of asset objects unloaded after import = 0

========================================================================
Received Import Request.
  Time since last request: 0.000102 seconds.
  path: Packages/com.unity.collab-proxy/Editor/Execute.cs
  artifactKey: Guid(d7093db72592417cb57b7bd64a17ecff) Importer(2089858483,b0f066a214c2f5e87bad3c948f4d605d)
Start importing Packages/com.unity.collab-proxy/Editor/Execute.cs using Guid(d7093db72592417cb57b7bd64a17ecff) Importer(2089858483,b0f066a214c2f5e87bad3c948f4d605d) (ScriptedImporter) -> (artifact id: '915c7d6f92e990858907869a4de9bb8b') in 0.015535 seconds
Number of updated asset objects reloaded before import = 0Number of asset objects unloaded after import = 0

========================================================================
Received Import Request.
  Time since last request: 0.000137 seconds.
  path: Packages/com.unity.collab-proxy/Editor/AssetOverlays/DrawProjectOverlay.cs
  artifactKey: Guid(d30dfeb72257204458e1e8e1576b84ba) Importer(2089858483,b0f066a214c2f5e87bad3c948f4d605d)
Start importing Packages/com.unity.collab-proxy/Editor/AssetOverlays/DrawProjectOverlay.cs using Guid(d30dfeb72257204458e1e8e1576b84ba) Importer(2089858483,b0f066a214c2f5e87bad3c948f4d605d) (ScriptedImporter) -> (artifact id: '35cc2af050f2ec5a4d16cf6fdef6ad2e') in 0.0158728 seconds
Number of updated asset objects reloaded before import = 0Number of asset objects unloaded after import = 0

========================================================================
Received Import Request.
  Time since last request: 0.000060 seconds.
  path: Packages/com.unity.collab-proxy/Editor/IncomingChanges.cs
  artifactKey: Guid(cd17bd02643083b43bac72747b7641ff) Importer(2089858483,b0f066a214c2f5e87bad3c948f4d605d)
Start importing Packages/com.unity.collab-proxy/Editor/IncomingChanges.cs using Guid(cd17bd02643083b43bac72747b7641ff) Importer(2089858483,b0f066a214c2f5e87bad3c948f4d605d) (ScriptedImporter) -> (artifact id: '17933edfaa406a7c4776708554e89a96') in 0.0205356 seconds
Number of updated asset objects reloaded before import = 0Number of asset objects unloaded after import = 0

========================================================================
Received Import Request.
  Time since last request: 0.000264 seconds.
  path: Packages/com.unity.collab-proxy/Editor/GetRelativePath.cs
  artifactKey: Guid(4af85446b06bf694a966f280918beb31) Importer(2089858483,b0f066a214c2f5e87bad3c948f4d605d)
Start importing Packages/com.unity.collab-proxy/Editor/GetRelativePath.cs using Guid(4af85446b06bf694a966f280918beb31) Importer(2089858483,b0f066a214c2f5e87bad3c948f4d605d) (ScriptedImporter) -> (artifact id: '8a4cc6979c05a45de1fdc02978040b94') in 0.0162415 seconds
Number of updated asset objects reloaded before import = 0Number of asset objects unloaded after import = 0

========================================================================
Received Import Request.
  Time since last request: 0.000209 seconds.
  path: Packages/com.unity.collab-proxy/Editor/UnityObjectInstance.cs
  artifactKey: Guid(0871efd99e5c46ed90fdb02d5e69df2d) Importer(2089858483,b0f066a214c2f5e87bad3c948f4d605d)
Start importing Packages/com.unity.collab-proxy/Editor/UnityObjectInstance.cs using Guid(0871efd99e5c46ed90fdb02d5e69df2d) Importer(2089858483,b0f066a214c2f5e87bad3c948f4d605d) (ScriptedImporter) -> (artifact id: 'd048d3e2236d407ef45e4549033e24b3') in 0.0257079 seconds
Number of updated asset objects reloaded before import = 0Number of asset objects unloaded after import = 0

========================================================================
Received Import Request.
  Time since last request: 0.000188 seconds.
  path: Packages/com.unity.collab-proxy/Editor/AssemblyInfo.cs
  artifactKey: Guid(d50ac3212a7ff5a4795bf609a2a20350) Importer(2089858483,b0f066a214c2f5e87bad3c948f4d605d)
Start importing Packages/com.unity.collab-proxy/Editor/AssemblyInfo.cs using Guid(d50ac3212a7ff5a4795bf609a2a20350) Importer(2089858483,b0f066a214c2f5e87bad3c948f4d605d) (ScriptedImporter) -> (artifact id: '8a20e0e301138fae04f62345e0282691') in 0.0159361 seconds
Number of updated asset objects reloaded before import = 0Number of asset objects unloaded after import = 0

========================================================================
Received Import Request.
  Time since last request: 0.000148 seconds.
  path: Packages/com.unity.collab-proxy/Editor/CheckWorkspaceTreeNodeStatus.cs
  artifactKey: Guid(f6aa8eca9e9e84840b73620eb177ea9e) Importer(2089858483,b0f066a214c2f5e87bad3c948f4d605d)
Start importing Packages/com.unity.collab-proxy/Editor/CheckWorkspaceTreeNodeStatus.cs using Guid(f6aa8eca9e9e84840b73620eb177ea9e) Importer(2089858483,b0f066a214c2f5e87bad3c948f4d605d) (ScriptedImporter) -> (artifact id: '47ebf6c1d6f8d6b25db46fcb4e02e991') in 0.0149491 seconds
Number of updated asset objects reloaded before import = 0Number of asset objects unloaded after import = 0

========================================================================
Received Import Request.
  Time since last request: 0.000178 seconds.
  path: Packages/com.unity.collab-proxy/Editor/AssetOverlays/AssetStatus.cs
  artifactKey: Guid(062535eac3e5dd1409b6a50b0d043e2c) Importer(2089858483,b0f066a214c2f5e87bad3c948f4d605d)
Start importing Packages/com.unity.collab-proxy/Editor/AssetOverlays/AssetStatus.cs using Guid(062535eac3e5dd1409b6a50b0d043e2c) Importer(2089858483,b0f066a214c2f5e87bad3c948f4d605d) (ScriptedImporter) -> (artifact id: '721c893ba086c1b0a2a6de270af058c8') in 0.0136773 seconds
Number of updated asset objects reloaded before import = 0Number of asset objects unloaded after import = 0

========================================================================
Received Import Request.
  Time since last request: 0.000201 seconds.
  path: Packages/com.unity.collab-proxy/Editor/IntSetting.cs
  artifactKey: Guid(e7dc580933b555942b2f89a14ca659f1) Importer(2089858483,b0f066a214c2f5e87bad3c948f4d605d)
Start importing Packages/com.unity.collab-proxy/Editor/IntSetting.cs using Guid(e7dc580933b555942b2f89a14ca659f1) Importer(2089858483,b0f066a214c2f5e87bad3c948f4d605d) (ScriptedImporter) -> (artifact id: '71519303e271c3e3810c4d2a2a5968ec') in 0.0145389 seconds
Number of updated asset objects reloaded before import = 0Number of asset objects unloaded after import = 0

========================================================================
Received Import Request.
  Time since last request: 0.000160 seconds.
  path: Packages/com.unity.collab-proxy/Editor/LaunchPackageManager.cs
  artifactKey: Guid(fd38ef4911274f9987bb1282281fa3df) Importer(2089858483,b0f066a214c2f5e87bad3c948f4d605d)
Start importing Packages/com.unity.collab-proxy/Editor/LaunchPackageManager.cs using Guid(fd38ef4911274f9987bb1282281fa3df) Importer(2089858483,b0f066a214c2f5e87bad3c948f4d605d) (ScriptedImporter) -> (artifact id: '8bdf8fbfd6e4d4ba23e8ab59a43e96d2') in 0.0168924 seconds
Number of updated asset objects reloaded before import = 0Number of asset objects unloaded after import = 0

========================================================================
Received Import Request.
  Time since last request: 0.000128 seconds.
  path: Packages/com.unity.collab-proxy/Editor/CodeEditor/TextViewPosition.cs
  artifactKey: Guid(1acfe7cc6c5909f4a954500ea46f9123) Importer(2089858483,b0f066a214c2f5e87bad3c948f4d605d)
Start importing Packages/com.unity.collab-proxy/Editor/CodeEditor/TextViewPosition.cs using Guid(1acfe7cc6c5909f4a954500ea46f9123) Importer(2089858483,b0f066a214c2f5e87bad3c948f4d605d) (ScriptedImporter) -> (artifact id: '8230c8bea93eb85e9fceaeb2469effb8') in 0.0137803 seconds
Number of updated asset objects reloaded before import = 0Number of asset objects unloaded after import = 0

========================================================================
Received Import Request.
  Time since last request: 0.000212 seconds.
  path: Packages/com.unity.collab-proxy/Editor/UVCSPluginIsEnabledPreference.cs
  artifactKey: Guid(12c73b1c758dc2d43adb107dadd988da) Importer(2089858483,b0f066a214c2f5e87bad3c948f4d605d)
Start importing Packages/com.unity.collab-proxy/Editor/UVCSPluginIsEnabledPreference.cs using Guid(12c73b1c758dc2d43adb107dadd988da) Importer(2089858483,b0f066a214c2f5e87bad3c948f4d605d) (ScriptedImporter) -> (artifact id: '572b89af88b514419a537a84044fcb97') in 0.0173309 seconds
Number of updated asset objects reloaded before import = 0Number of asset objects unloaded after import = 0

========================================================================
Received Import Request.
  Time since last request: 0.000381 seconds.
  path: Packages/com.unity.collab-proxy/Editor/Configuration/ClientConfiguration.cs
  artifactKey: Guid(edf8d7a4bab748b4a77c198d33394e58) Importer(2089858483,b0f066a214c2f5e87bad3c948f4d605d)
Start importing Packages/com.unity.collab-proxy/Editor/Configuration/ClientConfiguration.cs using Guid(edf8d7a4bab748b4a77c198d33394e58) Importer(2089858483,b0f066a214c2f5e87bad3c948f4d605d) (ScriptedImporter) -> (artifact id: '1f2ec55d26c2dc71bc1eaec27a34f51a') in 0.0147066 seconds
Number of updated asset objects reloaded before import = 0Number of asset objects unloaded after import = 0

========================================================================
Received Import Request.
  Time since last request: 0.000229 seconds.
  path: Packages/com.unity.collab-proxy/ValidationConfig.json
  artifactKey: Guid(cb3c9f5ba9ced5e4b99de1b3dbd68d09) Importer(2089858483,b0f066a214c2f5e87bad3c948f4d605d)
Start importing Packages/com.unity.collab-proxy/ValidationConfig.json using Guid(cb3c9f5ba9ced5e4b99de1b3dbd68d09) Importer(2089858483,b0f066a214c2f5e87bad3c948f4d605d) (ScriptedImporter) -> (artifact id: '7f7fc27b4430215f07652f84a55b3459') in 0.0167365 seconds
Number of updated asset objects reloaded before import = 0Number of asset objects unloaded after import = 1

========================================================================
Received Import Request.
  Time since last request: 0.000199 seconds.
  path: Packages/com.unity.collab-proxy/LICENSE.md
  artifactKey: Guid(52a2c019761d4f74ea3dbdaa0d889673) Importer(2089858483,b0f066a214c2f5e87bad3c948f4d605d)
Start importing Packages/com.unity.collab-proxy/LICENSE.md using Guid(52a2c019761d4f74ea3dbdaa0d889673) Importer(2089858483,b0f066a214c2f5e87bad3c948f4d605d) (ScriptedImporter) -> (artifact id: 'd9ce083414ff22caa706bc1e6645bace') in 0.0145046 seconds
Number of updated asset objects reloaded before import = 0Number of asset objects unloaded after import = 1

========================================================================
Received Import Request.
  Time since last request: 0.000156 seconds.
  path: Packages/com.unity.collab-proxy/Editor/AssetMenu/ProjectViewUVCSAssetMenu.cs
  artifactKey: Guid(7c8a8e3e4456f9149905cf2c80aa41a9) Importer(2089858483,b0f066a214c2f5e87bad3c948f4d605d)
Start importing Packages/com.unity.collab-proxy/Editor/AssetMenu/ProjectViewUVCSAssetMenu.cs using Guid(7c8a8e3e4456f9149905cf2c80aa41a9) Importer(2089858483,b0f066a214c2f5e87bad3c948f4d605d) (ScriptedImporter) -> (artifact id: '616f6b833148f7dca33df2f694fa23c2') in 0.0172788 seconds
Number of updated asset objects reloaded before import = 0Number of asset objects unloaded after import = 0

========================================================================
Received Import Request.
  Time since last request: 0.000173 seconds.
  path: Packages/com.unity.collab-proxy/Editor/UnityConfigurationChecker.cs
  artifactKey: Guid(1dc96db8ece508c4696f7e89c2cd11e3) Importer(2089858483,b0f066a214c2f5e87bad3c948f4d605d)
Start importing Packages/com.unity.collab-proxy/Editor/UnityConfigurationChecker.cs using Guid(1dc96db8ece508c4696f7e89c2cd11e3) Importer(2089858483,b0f066a214c2f5e87bad3c948f4d605d) (ScriptedImporter) -> (artifact id: 'd2aa12ac820075481630bfbf250c5a6c') in 0.0155757 seconds
Number of updated asset objects reloaded before import = 0Number of asset objects unloaded after import = 0

========================================================================
Received Import Request.
  Time since last request: 0.000117 seconds.
  path: Packages/com.unity.collab-proxy/Editor/AssetOverlays/DrawHierarchyOverlay.cs
  artifactKey: Guid(68f2f2587930106408dd3b00fb4974ff) Importer(2089858483,b0f066a214c2f5e87bad3c948f4d605d)
Start importing Packages/com.unity.collab-proxy/Editor/AssetOverlays/DrawHierarchyOverlay.cs using Guid(68f2f2587930106408dd3b00fb4974ff) Importer(2089858483,b0f066a214c2f5e87bad3c948f4d605d) (ScriptedImporter) -> (artifact id: '6eec06d3ff9671c8f07d1397db83da6c') in 0.0148578 seconds
Number of updated asset objects reloaded before import = 0Number of asset objects unloaded after import = 0

========================================================================
Received Import Request.
  Time since last request: 0.000241 seconds.
  path: Packages/com.unity.collab-proxy/Editor/UVCSToolbarButtonIsShownPreference.cs
  artifactKey: Guid(f32f865aa8b3e3341be18107db54b5cb) Importer(2089858483,b0f066a214c2f5e87bad3c948f4d605d)
Start importing Packages/com.unity.collab-proxy/Editor/UVCSToolbarButtonIsShownPreference.cs using Guid(f32f865aa8b3e3341be18107db54b5cb) Importer(2089858483,b0f066a214c2f5e87bad3c948f4d605d) (ScriptedImporter) -> (artifact id: '38225ce81b6c769cdf03181980e7b2e2') in 0.0164285 seconds
Number of updated asset objects reloaded before import = 0Number of asset objects unloaded after import = 0

========================================================================
Received Import Request.
  Time since last request: 0.000193 seconds.
  path: Packages/com.unity.collab-proxy/Editor/OrganizationsInformation.cs
  artifactKey: Guid(d840e39b62104a49b973d5503477c555) Importer(2089858483,b0f066a214c2f5e87bad3c948f4d605d)
Start importing Packages/com.unity.collab-proxy/Editor/OrganizationsInformation.cs using Guid(d840e39b62104a49b973d5503477c555) Importer(2089858483,b0f066a214c2f5e87bad3c948f4d605d) (ScriptedImporter) -> (artifact id: '8bf05048e429ecfb472a4bf3a4992e20') in 0.0203981 seconds
Number of updated asset objects reloaded before import = 0Number of asset objects unloaded after import = 0

========================================================================
Received Import Request.
  Time since last request: 0.000158 seconds.
  path: Packages/com.unity.collab-proxy/Editor/CodeEditor/Keyboard.cs
  artifactKey: Guid(7d9221bc32738c5498b01916d61a39b9) Importer(2089858483,b0f066a214c2f5e87bad3c948f4d605d)
Start importing Packages/com.unity.collab-proxy/Editor/CodeEditor/Keyboard.cs using Guid(7d9221bc32738c5498b01916d61a39b9) Importer(2089858483,b0f066a214c2f5e87bad3c948f4d605d) (ScriptedImporter) -> (artifact id: '6eb47d56a9eb0e22030dd9937284cd61') in 0.0209118 seconds
Number of updated asset objects reloaded before import = 0Number of asset objects unloaded after import = 0

========================================================================
Received Import Request.
  Time since last request: 0.000272 seconds.
  path: Packages/com.unity.collab-proxy/Editor/UVCSNotification.cs
  artifactKey: Guid(ea0c99d9630e5ca40ba541545beec9b8) Importer(2089858483,b0f066a214c2f5e87bad3c948f4d605d)
Start importing Packages/com.unity.collab-proxy/Editor/UVCSNotification.cs using Guid(ea0c99d9630e5ca40ba541545beec9b8) Importer(2089858483,b0f066a214c2f5e87bad3c948f4d605d) (ScriptedImporter) -> (artifact id: '9fcb8e92d558451d2fdc7a5d0afca5a8') in 0.0215277 seconds
Number of updated asset objects reloaded before import = 0Number of asset objects unloaded after import = 0

========================================================================
Received Import Request.
  Time since last request: 0.000061 seconds.
  path: Packages/com.unity.collab-proxy/Editor/Tool/FindTool.cs
  artifactKey: Guid(2e0d1d689c88f76448cad390443d7ba3) Importer(2089858483,b0f066a214c2f5e87bad3c948f4d605d)
Start importing Packages/com.unity.collab-proxy/Editor/Tool/FindTool.cs using Guid(2e0d1d689c88f76448cad390443d7ba3) Importer(2089858483,b0f066a214c2f5e87bad3c948f4d605d) (ScriptedImporter) -> (artifact id: '85c87f2535328f178ed5c96cb44197ed') in 0.0181163 seconds
Number of updated asset objects reloaded before import = 0Number of asset objects unloaded after import = 0

========================================================================
Received Import Request.
  Time since last request: 0.000157 seconds.
  path: Packages/com.unity.collab-proxy/Editor/Topbar/Breadcrumb.cs
  artifactKey: Guid(c0fb4867bb584f229fb38202476e0ce5) Importer(2089858483,b0f066a214c2f5e87bad3c948f4d605d)
Start importing Packages/com.unity.collab-proxy/Editor/Topbar/Breadcrumb.cs using Guid(c0fb4867bb584f229fb38202476e0ce5) Importer(2089858483,b0f066a214c2f5e87bad3c948f4d605d) (ScriptedImporter) -> (artifact id: '97704b57d0979c3eafd45091dabf51c8') in 0.0159896 seconds
Number of updated asset objects reloaded before import = 0Number of asset objects unloaded after import = 0

========================================================================
Received Import Request.
  Time since last request: 0.000200 seconds.
  path: Packages/com.unity.collab-proxy/Editor/Headless/HeadlessGluonViewHost.cs
  artifactKey: Guid(a863d083557069b458628045916c1724) Importer(2089858483,b0f066a214c2f5e87bad3c948f4d605d)
Start importing Packages/com.unity.collab-proxy/Editor/Headless/HeadlessGluonViewHost.cs using Guid(a863d083557069b458628045916c1724) Importer(2089858483,b0f066a214c2f5e87bad3c948f4d605d) (ScriptedImporter) -> (artifact id: '890c9bb092d15af4eaeb938b72ce7b5d') in 0.0151362 seconds
Number of updated asset objects reloaded before import = 0Number of asset objects unloaded after import = 0

========================================================================
Received Import Request.
  Time since last request: 0.000213 seconds.
  path: Packages/com.unity.collab-proxy/Editor/UI/DrawActionHelpBox.cs
  artifactKey: Guid(30c4cfa3209d4a44480017a19ec5b3b8) Importer(2089858483,b0f066a214c2f5e87bad3c948f4d605d)
Start importing Packages/com.unity.collab-proxy/Editor/UI/DrawActionHelpBox.cs using Guid(30c4cfa3209d4a44480017a19ec5b3b8) Importer(2089858483,b0f066a214c2f5e87bad3c948f4d605d) (ScriptedImporter) -> (artifact id: '1e9a2453d5022e94eaa48201b679732c') in 0.015024 seconds
Number of updated asset objects reloaded before import = 0Number of asset objects unloaded after import = 0

========================================================================
Received Import Request.
  Time since last request: 0.000285 seconds.
  path: Packages/com.unity.collab-proxy/Editor/Headless/HeadlessGluonUpdateProgress.cs
  artifactKey: Guid(f111698d5aafb61479afc143e389a014) Importer(2089858483,b0f066a214c2f5e87bad3c948f4d605d)
Start importing Packages/com.unity.collab-proxy/Editor/Headless/HeadlessGluonUpdateProgress.cs using Guid(f111698d5aafb61479afc143e389a014) Importer(2089858483,b0f066a214c2f5e87bad3c948f4d605d) (ScriptedImporter) -> (artifact id: 'eabb4703b24038b315a3bedd137d8fdd') in 0.0148142 seconds
Number of updated asset objects reloaded before import = 0Number of asset objects unloaded after import = 0

========================================================================
Received Import Request.
  Time since last request: 0.000181 seconds.
  path: Packages/com.unity.collab-proxy/Editor/Headless/HeadlessGluonUpdateReport.cs
  artifactKey: Guid(d8da5f578b092c047880b2897f1adf08) Importer(2089858483,b0f066a214c2f5e87bad3c948f4d605d)
Start importing Packages/com.unity.collab-proxy/Editor/Headless/HeadlessGluonUpdateReport.cs using Guid(d8da5f578b092c047880b2897f1adf08) Importer(2089858483,b0f066a214c2f5e87bad3c948f4d605d) (ScriptedImporter) -> (artifact id: '20964098a2ec1558b43318756ebe9349') in 0.0175204 seconds
Number of updated asset objects reloaded before import = 0Number of asset objects unloaded after import = 0

========================================================================
Received Import Request.
  Time since last request: 0.000170 seconds.
  path: Packages/com.unity.collab-proxy/Editor/Tool/AuthToken.cs
  artifactKey: Guid(537d6b35c9cc8bd42a656dfc8cb64948) Importer(2089858483,b0f066a214c2f5e87bad3c948f4d605d)
Start importing Packages/com.unity.collab-proxy/Editor/Tool/AuthToken.cs using Guid(537d6b35c9cc8bd42a656dfc8cb64948) Importer(2089858483,b0f066a214c2f5e87bad3c948f4d605d) (ScriptedImporter) -> (artifact id: '6fee2979c00f2fed3a30e3e590b76e29') in 0.01499 seconds
Number of updated asset objects reloaded before import = 0Number of asset objects unloaded after import = 0

========================================================================
Received Import Request.
  Time since last request: 0.000141 seconds.
  path: Packages/com.unity.collab-proxy/Editor/Settings/UVCSProjectSettingsProvider.cs
  artifactKey: Guid(d097a5d507694ba7ac97bc9a9f2942e3) Importer(2089858483,b0f066a214c2f5e87bad3c948f4d605d)
Start importing Packages/com.unity.collab-proxy/Editor/Settings/UVCSProjectSettingsProvider.cs using Guid(d097a5d507694ba7ac97bc9a9f2942e3) Importer(2089858483,b0f066a214c2f5e87bad3c948f4d605d) (ScriptedImporter) -> (artifact id: '5f171969e7b3799fd123d75dab1cff75') in 0.0142566 seconds
Number of updated asset objects reloaded before import = 0Number of asset objects unloaded after import = 0

========================================================================
Received Import Request.
  Time since last request: 0.000103 seconds.
  path: Packages/com.unity.collab-proxy/Editor/Headless/HeadlessProgressControls.cs
  artifactKey: Guid(f957d659be9dee74fb0f993b67b2d044) Importer(2089858483,b0f066a214c2f5e87bad3c948f4d605d)
Start importing Packages/com.unity.collab-proxy/Editor/Headless/HeadlessProgressControls.cs using Guid(f957d659be9dee74fb0f993b67b2d044) Importer(2089858483,b0f066a214c2f5e87bad3c948f4d605d) (ScriptedImporter) -> (artifact id: '6585c863853c2fe3b53128ce4ba077b2') in 0.01528 seconds
Number of updated asset objects reloaded before import = 0Number of asset objects unloaded after import = 0

========================================================================
Received Import Request.
  Time since last request: 0.000197 seconds.
  path: Packages/com.unity.collab-proxy/Editor/UI/DrawCopyableLabel.cs
  artifactKey: Guid(eda42d85846dab04a81db79ea2ab5e12) Importer(2089858483,b0f066a214c2f5e87bad3c948f4d605d)
Start importing Packages/com.unity.collab-proxy/Editor/UI/DrawCopyableLabel.cs using Guid(eda42d85846dab04a81db79ea2ab5e12) Importer(2089858483,b0f066a214c2f5e87bad3c948f4d605d) (ScriptedImporter) -> (artifact id: '8b3608e5ab52259324de84e0e22c1933') in 0.0152771 seconds
Number of updated asset objects reloaded before import = 0Number of asset objects unloaded after import = 0

========================================================================
Received Import Request.
  Time since last request: 0.000220 seconds.
  path: Packages/com.unity.collab-proxy/Editor/Headless/HeadlessRefreshView.cs
  artifactKey: Guid(0a4d51d508394143b7023452d44f5a6a) Importer(2089858483,b0f066a214c2f5e87bad3c948f4d605d)
Start importing Packages/com.unity.collab-proxy/Editor/Headless/HeadlessRefreshView.cs using Guid(0a4d51d508394143b7023452d44f5a6a) Importer(2089858483,b0f066a214c2f5e87bad3c948f4d605d) (ScriptedImporter) -> (artifact id: '4384a37529802cb2e6e4b5f11c3083c1') in 0.0134423 seconds
Number of updated asset objects reloaded before import = 0Number of asset objects unloaded after import = 0

========================================================================
Received Import Request.
  Time since last request: 0.000154 seconds.
  path: Packages/com.unity.collab-proxy/Editor/UI/AvatarColor.cs
  artifactKey: Guid(a2fdee6cdf66471f83f828b59955ed70) Importer(2089858483,b0f066a214c2f5e87bad3c948f4d605d)
Start importing Packages/com.unity.collab-proxy/Editor/UI/AvatarColor.cs using Guid(a2fdee6cdf66471f83f828b59955ed70) Importer(2089858483,b0f066a214c2f5e87bad3c948f4d605d) (ScriptedImporter) -> (artifact id: '75a3ca3b02d58125980b48547fa68c16') in 0.0125916 seconds
Number of updated asset objects reloaded before import = 0Number of asset objects unloaded after import = 0

========================================================================
Received Import Request.
  Time since last request: 0.000154 seconds.
  path: Packages/com.unity.collab-proxy/Editor/Gluon/ProgressOperationHandler.cs
  artifactKey: Guid(09b199e86de5d1944ab9106ca2c11f75) Importer(2089858483,b0f066a214c2f5e87bad3c948f4d605d)
Start importing Packages/com.unity.collab-proxy/Editor/Gluon/ProgressOperationHandler.cs using Guid(09b199e86de5d1944ab9106ca2c11f75) Importer(2089858483,b0f066a214c2f5e87bad3c948f4d605d) (ScriptedImporter) -> (artifact id: '569cbab22dee1174e36b410beff18d18') in 0.0151333 seconds
Number of updated asset objects reloaded before import = 0Number of asset objects unloaded after import = 0

========================================================================
Received Import Request.
  Time since last request: 0.000203 seconds.
  path: Packages/com.unity.collab-proxy/Editor/Configuration/ConfigurePartialWorkspace.cs
  artifactKey: Guid(2b3223ee740687445a7e4bc793fa2aae) Importer(2089858483,b0f066a214c2f5e87bad3c948f4d605d)
Start importing Packages/com.unity.collab-proxy/Editor/Configuration/ConfigurePartialWorkspace.cs using Guid(2b3223ee740687445a7e4bc793fa2aae) Importer(2089858483,b0f066a214c2f5e87bad3c948f4d605d) (ScriptedImporter) -> (artifact id: 'd7cd8d973d11348bc427c1601f0cb31e') in 0.0144829 seconds
Number of updated asset objects reloaded before import = 0Number of asset objects unloaded after import = 0

========================================================================
Received Import Request.
  Time since last request: 0.000121 seconds.
  path: Packages/com.unity.collab-proxy/Editor/Configuration/CredentialsDialog.cs
  artifactKey: Guid(c46424c57c6462945b14ac0c95281406) Importer(2089858483,b0f066a214c2f5e87bad3c948f4d605d)
Start importing Packages/com.unity.collab-proxy/Editor/Configuration/CredentialsDialog.cs using Guid(c46424c57c6462945b14ac0c95281406) Importer(2089858483,b0f066a214c2f5e87bad3c948f4d605d) (ScriptedImporter) -> (artifact id: 'bf7f7d690ef431f1d7e7041e82e2aebf') in 0.0150787 seconds
Number of updated asset objects reloaded before import = 0Number of asset objects unloaded after import = 0

========================================================================
Received Import Request.
  Time since last request: 0.000200 seconds.
  path: Packages/com.unity.collab-proxy/Editor/UI/DrawActionButtonWithMenu.cs
  artifactKey: Guid(640fd06dff6f43498693eeda77683e6e) Importer(2089858483,b0f066a214c2f5e87bad3c948f4d605d)
Start importing Packages/com.unity.collab-proxy/Editor/UI/DrawActionButtonWithMenu.cs using Guid(640fd06dff6f43498693eeda77683e6e) Importer(2089858483,b0f066a214c2f5e87bad3c948f4d605d) (ScriptedImporter) -> (artifact id: 'ce2be3205d86687efef087d85a4fbbed') in 0.0158303 seconds
Number of updated asset objects reloaded before import = 0Number of asset objects unloaded after import = 0

========================================================================
Received Import Request.
  Time since last request: 0.000270 seconds.
  path: Packages/com.unity.collab-proxy/Editor/UI/CheckUnityException.cs
  artifactKey: Guid(f79c84772bc81844fb9e662249f1e400) Importer(2089858483,b0f066a214c2f5e87bad3c948f4d605d)
Start importing Packages/com.unity.collab-proxy/Editor/UI/CheckUnityException.cs using Guid(f79c84772bc81844fb9e662249f1e400) Importer(2089858483,b0f066a214c2f5e87bad3c948f4d605d) (ScriptedImporter) -> (artifact id: '20c278999e345c3e82a1d69d1a232bd6') in 0.0154778 seconds
Number of updated asset objects reloaded before import = 0Number of asset objects unloaded after import = 0

========================================================================
Received Import Request.
  Time since last request: 0.000256 seconds.
  path: Packages/com.unity.collab-proxy/Editor/Tool/IsExeVersion.cs
  artifactKey: Guid(cdd5bec613c44cd3b5fcd57177754bb9) Importer(2089858483,b0f066a214c2f5e87bad3c948f4d605d)
Start importing Packages/com.unity.collab-proxy/Editor/Tool/IsExeVersion.cs using Guid(cdd5bec613c44cd3b5fcd57177754bb9) Importer(2089858483,b0f066a214c2f5e87bad3c948f4d605d) (ScriptedImporter) -> (artifact id: 'e927921890ac2ae748a6bec5d5459c83') in 0.0166375 seconds
Number of updated asset objects reloaded before import = 0Number of asset objects unloaded after import = 0

========================================================================
Received Import Request.
  Time since last request: 0.000202 seconds.
  path: Packages/com.unity.collab-proxy/Editor/UI/DrawActionToolbar.cs
  artifactKey: Guid(3c3253f17b35cd14ab618b470fb0e52a) Importer(2089858483,b0f066a214c2f5e87bad3c948f4d605d)
Start importing Packages/com.unity.collab-proxy/Editor/UI/DrawActionToolbar.cs using Guid(3c3253f17b35cd14ab618b470fb0e52a) Importer(2089858483,b0f066a214c2f5e87bad3c948f4d605d) (ScriptedImporter) -> (artifact id: '629ea69916c69482fe6b1fb372ba97e0') in 0.0157303 seconds
Number of updated asset objects reloaded before import = 0Number of asset objects unloaded after import = 0

========================================================================
Received Import Request.
  Time since last request: 0.000179 seconds.
  path: Packages/com.unity.collab-proxy/Editor/Hub/ParseArguments.cs
  artifactKey: Guid(f6b5d170f39144847822c10b478f25e5) Importer(2089858483,b0f066a214c2f5e87bad3c948f4d605d)
Start importing Packages/com.unity.collab-proxy/Editor/Hub/ParseArguments.cs using Guid(f6b5d170f39144847822c10b478f25e5) Importer(2089858483,b0f066a214c2f5e87bad3c948f4d605d) (ScriptedImporter) -> (artifact id: '5858b30c55869aa1f9e9a52df5799aae') in 0.0140848 seconds
Number of updated asset objects reloaded before import = 0Number of asset objects unloaded after import = 0

========================================================================
Received Import Request.
  Time since last request: 0.000266 seconds.
  path: Assets/images/icon.psd
  artifactKey: Guid(98a8cd9cf3a7e30408a2534979529027) Importer(2089858483,b0f066a214c2f5e87bad3c948f4d605d)
Start importing Assets/images/icon.psd using Guid(98a8cd9cf3a7e30408a2534979529027) Importer(2089858483,b0f066a214c2f5e87bad3c948f4d605d) (ScriptedImporter) -> (artifact id: '5a5999d3648ed5cf84d05bc2fdd1f330') in 0.0968196 seconds
Number of updated asset objects reloaded before import = 0Number of asset objects unloaded after import = 1

========================================================================
Received Import Request.
  Time since last request: 2.583175 seconds.
  path: Packages/com.unity.collab-proxy/Editor/UI/EditorDispatcher.cs
  artifactKey: Guid(de4aea75bc204d14cb432cf1708548f1) Importer(2089858483,b0f066a214c2f5e87bad3c948f4d605d)
Start importing Packages/com.unity.collab-proxy/Editor/UI/EditorDispatcher.cs using Guid(de4aea75bc204d14cb432cf1708548f1) Importer(2089858483,b0f066a214c2f5e87bad3c948f4d605d) (ScriptedImporter) -> (artifact id: '3304a9d50f6fdc0849ecf0ad2d209e7b') in 0.0227525 seconds
Number of updated asset objects reloaded before import = 0Number of asset objects unloaded after import = 0

========================================================================
Received Import Request.
  Time since last request: 0.000042 seconds.
  path: Packages/com.unity.collab-proxy/Editor/WebApi/CredentialsResponse.cs
  artifactKey: Guid(d1c46ccb760d06146a24b7e265e19566) Importer(2089858483,b0f066a214c2f5e87bad3c948f4d605d)
Start importing Packages/com.unity.collab-proxy/Editor/WebApi/CredentialsResponse.cs using Guid(d1c46ccb760d06146a24b7e265e19566) Importer(2089858483,b0f066a214c2f5e87bad3c948f4d605d) (ScriptedImporter) -> (artifact id: '99edd90d7e0f6d83ea6031d94b2881c9') in 0.0197042 seconds
Number of updated asset objects reloaded before import = 0Number of asset objects unloaded after import = 0

========================================================================
Received Import Request.
  Time since last request: 0.000206 seconds.
  path: Packages/com.unity.collab-proxy/Editor/UnityInternals/UnityInternalsInjector.cs
  artifactKey: Guid(660c279d5b14417c81d49ee4152e99a7) Importer(2089858483,b0f066a214c2f5e87bad3c948f4d605d)
Start importing Packages/com.unity.collab-proxy/Editor/UnityInternals/UnityInternalsInjector.cs using Guid(660c279d5b14417c81d49ee4152e99a7) Importer(2089858483,b0f066a214c2f5e87bad3c948f4d605d) (ScriptedImporter) -> (artifact id: '29a1d20007dd8979227cfdf1f6f4e94f') in 0.0202225 seconds
Number of updated asset objects reloaded before import = 0Number of asset objects unloaded after import = 0

========================================================================
Received Import Request.
  Time since last request: 0.000028 seconds.
  path: Packages/com.unity.collab-proxy/Editor/Views/LaunchDiffOperations.cs
  artifactKey: Guid(6483fd05e8bf42a47aee5e11dbf6db8a) Importer(2089858483,b0f066a214c2f5e87bad3c948f4d605d)
Start importing Packages/com.unity.collab-proxy/Editor/Views/LaunchDiffOperations.cs using Guid(6483fd05e8bf42a47aee5e11dbf6db8a) Importer(2089858483,b0f066a214c2f5e87bad3c948f4d605d) (ScriptedImporter) -> (artifact id: 'a677beb8b955a12278c5bc7383c3b654') in 0.0206525 seconds
Number of updated asset objects reloaded before import = 0Number of asset objects unloaded after import = 0

========================================================================
Received Import Request.
  Time since last request: 0.000294 seconds.
  path: Packages/com.unity.collab-proxy/Editor/Views/ApplyShelveWithConflictsQuestionerBuilder.cs
  artifactKey: Guid(da54c27b153842f8b52711ef467ad986) Importer(2089858483,b0f066a214c2f5e87bad3c948f4d605d)
Start importing Packages/com.unity.collab-proxy/Editor/Views/ApplyShelveWithConflictsQuestionerBuilder.cs using Guid(da54c27b153842f8b52711ef467ad986) Importer(2089858483,b0f066a214c2f5e87bad3c948f4d605d) (ScriptedImporter) -> (artifact id: '873afd49214d1572333ea26ee91436bc') in 0.0181314 seconds
Number of updated asset objects reloaded before import = 0Number of asset objects unloaded after import = 0

========================================================================
Received Import Request.
  Time since last request: 0.000154 seconds.
  path: Packages/com.unity.collab-proxy/Editor/Assets/Images/buttonhome.png
  artifactKey: Guid(dda6504e0e7d670488e2fee625f7da02) Importer(2089858483,b0f066a214c2f5e87bad3c948f4d605d)
Start importing Packages/com.unity.collab-proxy/Editor/Assets/Images/buttonhome.png using Guid(dda6504e0e7d670488e2fee625f7da02) Importer(2089858483,b0f066a214c2f5e87bad3c948f4d605d) (ScriptedImporter) -> (artifact id: '580f541dc6086e20bb27bb226182ed81') in 0.0529719 seconds
Number of updated asset objects reloaded before import = 0Number of asset objects unloaded after import = 3

========================================================================
Received Import Request.
  Time since last request: 0.000039 seconds.
  path: Packages/com.unity.collab-proxy/Editor/UVCSToolbar/ToolbarController.cs
  artifactKey: Guid(792f2bf6e6d57db4f93253a322673bc7) Importer(2089858483,b0f066a214c2f5e87bad3c948f4d605d)
Start importing Packages/com.unity.collab-proxy/Editor/UVCSToolbar/ToolbarController.cs using Guid(792f2bf6e6d57db4f93253a322673bc7) Importer(2089858483,b0f066a214c2f5e87bad3c948f4d605d) (ScriptedImporter) -> (artifact id: 'e527eb54a7087e2d8162054a570ef068') in 0.0201362 seconds
Number of updated asset objects reloaded before import = 0Number of asset objects unloaded after import = 0

========================================================================
Received Import Request.
  Time since last request: 0.000183 seconds.
  path: Packages/com.unity.collab-proxy/Editor/Views/ConfirmContinueWithPendingChangesDialog.cs
  artifactKey: Guid(3389e142c33d23546a31fc469443a2c3) Importer(2089858483,b0f066a214c2f5e87bad3c948f4d605d)
Start importing Packages/com.unity.collab-proxy/Editor/Views/ConfirmContinueWithPendingChangesDialog.cs using Guid(3389e142c33d23546a31fc469443a2c3) Importer(2089858483,b0f066a214c2f5e87bad3c948f4d605d) (ScriptedImporter) -> (artifact id: '13c6d3dfbf5f9b7ac1fdc4e0182225ab') in 0.0214183 seconds
Number of updated asset objects reloaded before import = 0Number of asset objects unloaded after import = 0

========================================================================
Received Import Request.
  Time since last request: 0.000873 seconds.
  path: Packages/com.unity.collab-proxy/Editor/UnityInternals/Unity.CollabProxy.Editor.asmdef
  artifactKey: Guid(17b36165d09634a48bf5a0e4bb27f4bd) Importer(2089858483,b0f066a214c2f5e87bad3c948f4d605d)
Start importing Packages/com.unity.collab-proxy/Editor/UnityInternals/Unity.CollabProxy.Editor.asmdef using Guid(17b36165d09634a48bf5a0e4bb27f4bd) Importer(2089858483,b0f066a214c2f5e87bad3c948f4d605d) (ScriptedImporter) -> (artifact id: '85638d12f6204bf87d2756a4be633b9a') in 0.0245463 seconds
Number of updated asset objects reloaded before import = 0Number of asset objects unloaded after import = 1

========================================================================
Received Import Request.
  Time since last request: 0.000178 seconds.
  path: Packages/com.unity.collab-proxy/Editor/Assets/Images/d_ArrowCaretLeft.png
  artifactKey: Guid(e2c5ee46f6b0148afbe40d935c70faee) Importer(2089858483,b0f066a214c2f5e87bad3c948f4d605d)
Start importing Packages/com.unity.collab-proxy/Editor/Assets/Images/d_ArrowCaretLeft.png using Guid(e2c5ee46f6b0148afbe40d935c70faee) Importer(2089858483,b0f066a214c2f5e87bad3c948f4d605d) (ScriptedImporter) -> (artifact id: '5b7f01092cd8a9ee941d8eb1758b6c66') in 0.0380981 seconds
Number of updated asset objects reloaded before import = 0Number of asset objects unloaded after import = 3

========================================================================
Received Import Request.
  Time since last request: 0.000032 seconds.
  path: Packages/com.unity.collab-proxy/Editor/UI/GUIActionRunner.cs
  artifactKey: Guid(6dbc54b503a79034d9c544e39451fd10) Importer(2089858483,b0f066a214c2f5e87bad3c948f4d605d)
Start importing Packages/com.unity.collab-proxy/Editor/UI/GUIActionRunner.cs using Guid(6dbc54b503a79034d9c544e39451fd10) Importer(2089858483,b0f066a214c2f5e87bad3c948f4d605d) (ScriptedImporter) -> (artifact id: 'c2a936ada85b309b47947e32999f1a74') in 0.0221397 seconds
Number of updated asset objects reloaded before import = 0Number of asset objects unloaded after import = 0

========================================================================
Received Import Request.
  Time since last request: 0.000263 seconds.
  path: Packages/com.unity.collab-proxy/Editor/UI/HandleMenuItem.cs
  artifactKey: Guid(01023c055f6f08e408b78d36d5f7a803) Importer(2089858483,b0f066a214c2f5e87bad3c948f4d605d)
Start importing Packages/com.unity.collab-proxy/Editor/UI/HandleMenuItem.cs using Guid(01023c055f6f08e408b78d36d5f7a803) Importer(2089858483,b0f066a214c2f5e87bad3c948f4d605d) (ScriptedImporter) -> (artifact id: '31701d2acc185a6898c4bceba20cb793') in 0.020593 seconds
Number of updated asset objects reloaded before import = 0Number of asset objects unloaded after import = 0

========================================================================
Received Import Request.
  Time since last request: 0.000276 seconds.
  path: Packages/com.unity.collab-proxy/Editor/UI/ResponseType.cs
  artifactKey: Guid(ba319c71501487041bda92a854e8435e) Importer(2089858483,b0f066a214c2f5e87bad3c948f4d605d)
Start importing Packages/com.unity.collab-proxy/Editor/UI/ResponseType.cs using Guid(ba319c71501487041bda92a854e8435e) Importer(2089858483,b0f066a214c2f5e87bad3c948f4d605d) (ScriptedImporter) -> (artifact id: '35ac35cc5a427435174338bdfe5c9721') in 0.0207353 seconds
Number of updated asset objects reloaded before import = 0Number of asset objects unloaded after import = 0

========================================================================
Received Import Request.
  Time since last request: 0.000234 seconds.
  path: Packages/com.unity.collab-proxy/Editor/UI/OverlayProgress.cs
  artifactKey: Guid(1ea55c972a804304b2c7212f93c6bc4e) Importer(2089858483,b0f066a214c2f5e87bad3c948f4d605d)
Start importing Packages/com.unity.collab-proxy/Editor/UI/OverlayProgress.cs using Guid(1ea55c972a804304b2c7212f93c6bc4e) Importer(2089858483,b0f066a214c2f5e87bad3c948f4d605d) (ScriptedImporter) -> (artifact id: 'eaa3f1cceeac948a4017bf76bee58486') in 0.0201326 seconds
Number of updated asset objects reloaded before import = 0Number of asset objects unloaded after import = 0

========================================================================
Received Import Request.
  Time since last request: 0.000228 seconds.
  path: Packages/com.unity.collab-proxy/Editor/AssetMenu/Dialogs/AddToCloudDriveDialog.cs
  artifactKey: Guid(c8d9f1a2b3e4f5a6b7c8d9e0f1a2b3c4) Importer(2089858483,b0f066a214c2f5e87bad3c948f4d605d)
Start importing Packages/com.unity.collab-proxy/Editor/AssetMenu/Dialogs/AddToCloudDriveDialog.cs using Guid(c8d9f1a2b3e4f5a6b7c8d9e0f1a2b3c4) Importer(2089858483,b0f066a214c2f5e87bad3c948f4d605d) (ScriptedImporter) -> (artifact id: 'a3cca7cce7c8d530729c01e61bab8880') in 0.0185879 seconds
Number of updated asset objects reloaded before import = 0Number of asset objects unloaded after import = 0

========================================================================
Received Import Request.
  Time since last request: 0.000212 seconds.
  path: Packages/com.unity.collab-proxy/Editor/Assets/Images/buttonssosigninunity@2x.png
  artifactKey: Guid(ee8ce5cd9c0883f4182b5cfd43cfd7fe) Importer(2089858483,b0f066a214c2f5e87bad3c948f4d605d)
Start importing Packages/com.unity.collab-proxy/Editor/Assets/Images/buttonssosigninunity@2x.png using Guid(ee8ce5cd9c0883f4182b5cfd43cfd7fe) Importer(2089858483,b0f066a214c2f5e87bad3c948f4d605d) (ScriptedImporter) -> (artifact id: '71c3af09f6269591364d6749136bce1d') in 0.0302971 seconds
Number of updated asset objects reloaded before import = 0Number of asset objects unloaded after import = 3

========================================================================
Received Import Request.
  Time since last request: 0.000035 seconds.
  path: Packages/com.unity.collab-proxy/Editor/UI/INotificationContent.cs
  artifactKey: Guid(2bd4f044bfa05a14ebd7f4e6dcd0fb74) Importer(2089858483,b0f066a214c2f5e87bad3c948f4d605d)
Start importing Packages/com.unity.collab-proxy/Editor/UI/INotificationContent.cs using Guid(2bd4f044bfa05a14ebd7f4e6dcd0fb74) Importer(2089858483,b0f066a214c2f5e87bad3c948f4d605d) (ScriptedImporter) -> (artifact id: '5fc65e810717ff08080c0201e1ae9763') in 0.0201272 seconds
Number of updated asset objects reloaded before import = 0Number of asset objects unloaded after import = 0

========================================================================
Received Import Request.
  Time since last request: 0.000194 seconds.
  path: Packages/com.unity.collab-proxy/Lib/Editor/lz4x64Plastic.dll
  artifactKey: Guid(074a5a5f34697b64c9b36dc09f6f7c32) Importer(2089858483,b0f066a214c2f5e87bad3c948f4d605d)
Start importing Packages/com.unity.collab-proxy/Lib/Editor/lz4x64Plastic.dll using Guid(074a5a5f34697b64c9b36dc09f6f7c32) Importer(2089858483,b0f066a214c2f5e87bad3c948f4d605d) (ScriptedImporter) -> (artifact id: 'e7ed5ba1e0ab9a3a9a9a2a2ab41a6790') in 0.0242974 seconds
Number of updated asset objects reloaded before import = 0Number of asset objects unloaded after import = 0

========================================================================
Received Import Request.
  Time since last request: 0.000064 seconds.
  path: Packages/com.unity.collab-proxy/Editor/UVCSToolbar/UVCSToolbarButtonData.cs
  artifactKey: Guid(5bbb26813ae33c64d8937661111fb3c6) Importer(2089858483,b0f066a214c2f5e87bad3c948f4d605d)
Start importing Packages/com.unity.collab-proxy/Editor/UVCSToolbar/UVCSToolbarButtonData.cs using Guid(5bbb26813ae33c64d8937661111fb3c6) Importer(2089858483,b0f066a214c2f5e87bad3c948f4d605d) (ScriptedImporter) -> (artifact id: '48ab9341f4e0895239f3fc0530f11725') in 0.0248701 seconds
Number of updated asset objects reloaded before import = 0Number of asset objects unloaded after import = 0

========================================================================
Received Import Request.
  Time since last request: 0.000255 seconds.
  path: Packages/com.unity.collab-proxy/Editor/_Deprecated/PlasticPlugin.cs
  artifactKey: Guid(db9d246046f68df409cf1f58ea3dcc68) Importer(2089858483,b0f066a214c2f5e87bad3c948f4d605d)
Start importing Packages/com.unity.collab-proxy/Editor/_Deprecated/PlasticPlugin.cs using Guid(db9d246046f68df409cf1f58ea3dcc68) Importer(2089858483,b0f066a214c2f5e87bad3c948f4d605d) (ScriptedImporter) -> (artifact id: '91a233fd4ae7a211e7a366e6cb0d1c70') in 0.0209383 seconds
Number of updated asset objects reloaded before import = 0Number of asset objects unloaded after import = 0

========================================================================
Received Import Request.
  Time since last request: 0.000300 seconds.
  path: Packages/com.unity.collab-proxy/Editor/WebApi/SubscriptionDetailsResponse.cs
  artifactKey: Guid(63860c9f5f91cbb4ea813deafa1327a0) Importer(2089858483,b0f066a214c2f5e87bad3c948f4d605d)
Start importing Packages/com.unity.collab-proxy/Editor/WebApi/SubscriptionDetailsResponse.cs using Guid(63860c9f5f91cbb4ea813deafa1327a0) Importer(2089858483,b0f066a214c2f5e87bad3c948f4d605d) (ScriptedImporter) -> (artifact id: '432c9a368377c4c084e681af268cff0c') in 0.0211924 seconds
Number of updated asset objects reloaded before import = 0Number of asset objects unloaded after import = 0

========================================================================
Received Import Request.
  Time since last request: 0.000212 seconds.
  path: Packages/com.unity.collab-proxy/Editor/UI/EnumPopupSetting.cs
  artifactKey: Guid(de396a7891b8b7f4f9649c3ccee67421) Importer(2089858483,b0f066a214c2f5e87bad3c948f4d605d)
Start importing Packages/com.unity.collab-proxy/Editor/UI/EnumPopupSetting.cs using Guid(de396a7891b8b7f4f9649c3ccee67421) Importer(2089858483,b0f066a214c2f5e87bad3c948f4d605d) (ScriptedImporter) -> (artifact id: '5e3e937c371ad08f623f02c3f96da346') in 0.0214056 seconds
Number of updated asset objects reloaded before import = 0Number of asset objects unloaded after import = 0

========================================================================
Received Import Request.
  Time since last request: 0.000219 seconds.
  path: Packages/com.unity.collab-proxy/Editor/Views/SelectNewCodeReviewBehavior.cs
  artifactKey: Guid(a55fcf87e0ee4d5a83d10fab9c9407fe) Importer(2089858483,b0f066a214c2f5e87bad3c948f4d605d)
Start importing Packages/com.unity.collab-proxy/Editor/Views/SelectNewCodeReviewBehavior.cs using Guid(a55fcf87e0ee4d5a83d10fab9c9407fe) Importer(2089858483,b0f066a214c2f5e87bad3c948f4d605d) (ScriptedImporter) -> (artifact id: '87aae872c9ef808ef7bde29792743bf7') in 0.0182291 seconds
Number of updated asset objects reloaded before import = 0Number of asset objects unloaded after import = 0

========================================================================
Received Import Request.
  Time since last request: 0.000193 seconds.
  path: Packages/com.unity.collab-proxy/Editor/UI/GUIContentNotification.cs
  artifactKey: Guid(61c9e0bcd840dcb4f907e8cc9b89772a) Importer(2089858483,b0f066a214c2f5e87bad3c948f4d605d)
Start importing Packages/com.unity.collab-proxy/Editor/UI/GUIContentNotification.cs using Guid(61c9e0bcd840dcb4f907e8cc9b89772a) Importer(2089858483,b0f066a214c2f5e87bad3c948f4d605d) (ScriptedImporter) -> (artifact id: 'b7489984f3fbd29cf961ed0f9622b0f6') in 0.0184761 seconds
Number of updated asset objects reloaded before import = 0Number of asset objects unloaded after import = 0

========================================================================
Received Import Request.
  Time since last request: 0.000246 seconds.
  path: Packages/com.unity.collab-proxy/Editor/UI/GetPlasticShortcut.cs
  artifactKey: Guid(65c9d93f86da86b41a712d92e8f03dc2) Importer(2089858483,b0f066a214c2f5e87bad3c948f4d605d)
Start importing Packages/com.unity.collab-proxy/Editor/UI/GetPlasticShortcut.cs using Guid(65c9d93f86da86b41a712d92e8f03dc2) Importer(2089858483,b0f066a214c2f5e87bad3c948f4d605d) (ScriptedImporter) -> (artifact id: 'a378617f975eaaebd8445de2278e5211') in 0.017961 seconds
Number of updated asset objects reloaded before import = 0Number of asset objects unloaded after import = 0

========================================================================
Received Import Request.
  Time since last request: 0.000137 seconds.
  path: Packages/com.unity.collab-proxy/Editor/UI/ThreadWaiterRegistry.cs
  artifactKey: Guid(278463514ca704271b228ad4ddc32e6b) Importer(2089858483,b0f066a214c2f5e87bad3c948f4d605d)
Start importing Packages/com.unity.collab-proxy/Editor/UI/ThreadWaiterRegistry.cs using Guid(278463514ca704271b228ad4ddc32e6b) Importer(2089858483,b0f066a214c2f5e87bad3c948f4d605d) (ScriptedImporter) -> (artifact id: 'ec5bae0233d4c74581a59670aabb32da') in 0.0172525 seconds
Number of updated asset objects reloaded before import = 0Number of asset objects unloaded after import = 0

========================================================================
Received Import Request.
  Time since last request: 0.000164 seconds.
  path: Packages/com.unity.collab-proxy/Editor/UVCSToolbar/UVCSToolbar.cs
  artifactKey: Guid(5717b3e29bf6a2b48be2cf9d0707c505) Importer(2089858483,b0f066a214c2f5e87bad3c948f4d605d)
Start importing Packages/com.unity.collab-proxy/Editor/UVCSToolbar/UVCSToolbar.cs using Guid(5717b3e29bf6a2b48be2cf9d0707c505) Importer(2089858483,b0f066a214c2f5e87bad3c948f4d605d) (ScriptedImporter) -> (artifact id: 'db1e5d852b2b626a333b32295e9b0878') in 0.014392 seconds
Number of updated asset objects reloaded before import = 0Number of asset objects unloaded after import = 0

========================================================================
Received Import Request.
  Time since last request: 2.366510 seconds.
  path: Packages/com.unity.collab-proxy/Editor/Assets/Images/d_buttonssosigninemail@2x.png
  artifactKey: Guid(144aa74618b85974a9a50f612c2fa8fd) Importer(2089858483,b0f066a214c2f5e87bad3c948f4d605d)
Start importing Packages/com.unity.collab-proxy/Editor/Assets/Images/d_buttonssosigninemail@2x.png using Guid(144aa74618b85974a9a50f612c2fa8fd) Importer(2089858483,b0f066a214c2f5e87bad3c948f4d605d) (ScriptedImporter) -> (artifact id: '7d31f2d57e77ce1445ab964ae2230a07') in 0.0230459 seconds
Number of updated asset objects reloaded before import = 0Number of asset objects unloaded after import = 1

========================================================================
Received Import Request.
  Time since last request: 0.000167 seconds.
  path: Packages/com.unity.collab-proxy/Editor/Assets/Images/d_iconincomingchangesview@2x.png
  artifactKey: Guid(43fe0cd0da17e47fc9e56f08a2415f65) Importer(2089858483,b0f066a214c2f5e87bad3c948f4d605d)
Start importing Packages/com.unity.collab-proxy/Editor/Assets/Images/d_iconincomingchangesview@2x.png using Guid(43fe0cd0da17e47fc9e56f08a2415f65) Importer(2089858483,b0f066a214c2f5e87bad3c948f4d605d) (ScriptedImporter) -> (artifact id: '4382f2663dd241ceea8a2249b5f2b02a') in 0.0224704 seconds
Number of updated asset objects reloaded before import = 0Number of asset objects unloaded after import = 3

========================================================================
Received Import Request.
  Time since last request: 0.000027 seconds.
  path: Packages/com.unity.collab-proxy/Editor/Assets/Images/d_iconoutofsyncoverlay@2x.png
  artifactKey: Guid(4d7e6e570e9d65a4c9a994783a0652e2) Importer(2089858483,b0f066a214c2f5e87bad3c948f4d605d)
Start importing Packages/com.unity.collab-proxy/Editor/Assets/Images/d_iconoutofsyncoverlay@2x.png using Guid(4d7e6e570e9d65a4c9a994783a0652e2) Importer(2089858483,b0f066a214c2f5e87bad3c948f4d605d) (ScriptedImporter) -> (artifact id: '94ab87d6418aca3299b84bc06ae81688') in 0.0281056 seconds
Number of updated asset objects reloaded before import = 0Number of asset objects unloaded after import = 1

========================================================================
Received Import Request.
  Time since last request: 0.000255 seconds.
  path: Packages/com.unity.collab-proxy/Editor/Assets/Images/iconaddedlocal.png
  artifactKey: Guid(9a1ab8af8c446204e989a90f18305caf) Importer(2089858483,b0f066a214c2f5e87bad3c948f4d605d)
Start importing Packages/com.unity.collab-proxy/Editor/Assets/Images/iconaddedlocal.png using Guid(9a1ab8af8c446204e989a90f18305caf) Importer(2089858483,b0f066a214c2f5e87bad3c948f4d605d) (ScriptedImporter) -> (artifact id: '97cdff5ad949827dbb8cb80a8fd6f61d') in 0.0309121 seconds
Number of updated asset objects reloaded before import = 0Number of asset objects unloaded after import = 1

========================================================================
Received Import Request.
  Time since last request: 0.000147 seconds.
  path: Packages/com.unity.collab-proxy/Editor/Assets/Images/d_iconclipboard@2x.png
  artifactKey: Guid(c115023c6a2060d4da6a7684bd40c5c0) Importer(2089858483,b0f066a214c2f5e87bad3c948f4d605d)
Start importing Packages/com.unity.collab-proxy/Editor/Assets/Images/d_iconclipboard@2x.png using Guid(c115023c6a2060d4da6a7684bd40c5c0) Importer(2089858483,b0f066a214c2f5e87bad3c948f4d605d) (ScriptedImporter) -> (artifact id: 'ba57620c77b690d69ba8a30d1108fb52') in 0.0291767 seconds
Number of updated asset objects reloaded before import = 0Number of asset objects unloaded after import = 3

========================================================================
Received Import Request.
  Time since last request: 0.000035 seconds.
  path: Packages/com.unity.collab-proxy/Editor/Assets/Images/iconchangesets@2x.png
  artifactKey: Guid(59d17703fae374169bc28ce046728590) Importer(2089858483,b0f066a214c2f5e87bad3c948f4d605d)
Start importing Packages/com.unity.collab-proxy/Editor/Assets/Images/iconchangesets@2x.png using Guid(59d17703fae374169bc28ce046728590) Importer(2089858483,b0f066a214c2f5e87bad3c948f4d605d) (ScriptedImporter) -> (artifact id: 'b5fc36eb835bccf28c321dcbba1e8a03') in 0.0290341 seconds
Number of updated asset objects reloaded before import = 0Number of asset objects unloaded after import = 3

========================================================================
Received Import Request.
  Time since last request: 0.000436 seconds.
  path: Packages/com.unity.collab-proxy/Editor/Assets/Images/iconclipboard@2x.png
  artifactKey: Guid(0ff35d4ec6d381941bdbe1fb4b6dbceb) Importer(2089858483,b0f066a214c2f5e87bad3c948f4d605d)
Start importing Packages/com.unity.collab-proxy/Editor/Assets/Images/iconclipboard@2x.png using Guid(0ff35d4ec6d381941bdbe1fb4b6dbceb) Importer(2089858483,b0f066a214c2f5e87bad3c948f4d605d) (ScriptedImporter) -> (artifact id: '112d1fb940f54a84e5dccd076a78f93f') in 0.0395586 seconds
Number of updated asset objects reloaded before import = 0Number of asset objects unloaded after import = 3

========================================================================
Received Import Request.
  Time since last request: 0.000030 seconds.
  path: Packages/com.unity.collab-proxy/Editor/Assets/Images/d_iconlockretained.png
  artifactKey: Guid(ba2e8a5b6413ebc46b4f580903cb911d) Importer(2089858483,b0f066a214c2f5e87bad3c948f4d605d)
Start importing Packages/com.unity.collab-proxy/Editor/Assets/Images/d_iconlockretained.png using Guid(ba2e8a5b6413ebc46b4f580903cb911d) Importer(2089858483,b0f066a214c2f5e87bad3c948f4d605d) (ScriptedImporter) -> (artifact id: '1a0cedc54ce25a292baed46d74bec721') in 0.0326981 seconds
Number of updated asset objects reloaded before import = 0Number of asset objects unloaded after import = 3

========================================================================
Received Import Request.
  Time since last request: 0.000058 seconds.
  path: Packages/com.unity.collab-proxy/Editor/Assets/Images/d_hideversioncontrol@2x.png
  artifactKey: Guid(5de67bf0a3c601f4bab93b4fd3314ab1) Importer(2089858483,b0f066a214c2f5e87bad3c948f4d605d)
Start importing Packages/com.unity.collab-proxy/Editor/Assets/Images/d_hideversioncontrol@2x.png using Guid(5de67bf0a3c601f4bab93b4fd3314ab1) Importer(2089858483,b0f066a214c2f5e87bad3c948f4d605d) (ScriptedImporter) -> (artifact id: 'fac9e67c92ba7a8fac4d48e28c464650') in 0.0281725 seconds
Number of updated asset objects reloaded before import = 0Number of asset objects unloaded after import = 3

========================================================================
Received Import Request.
  Time since last request: 0.000035 seconds.
  path: Packages/com.unity.collab-proxy/Editor/Assets/Images/d_iconzoomout@2x.png
  artifactKey: Guid(320a7c2756434dc43b9ecca2585168b2) Importer(2089858483,b0f066a214c2f5e87bad3c948f4d605d)
Start importing Packages/com.unity.collab-proxy/Editor/Assets/Images/d_iconzoomout@2x.png using Guid(320a7c2756434dc43b9ecca2585168b2) Importer(2089858483,b0f066a214c2f5e87bad3c948f4d605d) (ScriptedImporter) -> (artifact id: '9f8b760d630f1e1f8362925824d70986') in 0.0330476 seconds
Number of updated asset objects reloaded before import = 0Number of asset objects unloaded after import = 3

========================================================================
Received Import Request.
  Time since last request: 0.000028 seconds.
  path: Packages/com.unity.collab-proxy/Editor/Assets/Images/hideversioncontrol.png
  artifactKey: Guid(0a08fa9ec51507e488400cee024073a7) Importer(2089858483,b0f066a214c2f5e87bad3c948f4d605d)
Start importing Packages/com.unity.collab-proxy/Editor/Assets/Images/hideversioncontrol.png using Guid(0a08fa9ec51507e488400cee024073a7) Importer(2089858483,b0f066a214c2f5e87bad3c948f4d605d) (ScriptedImporter) -> (artifact id: 'd11f09b46666776b68e44bead2133a7d') in 0.0329453 seconds
Number of updated asset objects reloaded before import = 0Number of asset objects unloaded after import = 3

========================================================================
Received Import Request.
  Time since last request: 0.000031 seconds.
  path: Packages/com.unity.collab-proxy/Editor/Assets/Images/d_iconinviteusers@2x.png
  artifactKey: Guid(2b9bf8ec5d54fe249ac9e20979ccd42c) Importer(2089858483,b0f066a214c2f5e87bad3c948f4d605d)
Start importing Packages/com.unity.collab-proxy/Editor/Assets/Images/d_iconinviteusers@2x.png using Guid(2b9bf8ec5d54fe249ac9e20979ccd42c) Importer(2089858483,b0f066a214c2f5e87bad3c948f4d605d) (ScriptedImporter) -> (artifact id: '521b51047e9a973e86707a77550078c1') in 0.035469 seconds
Number of updated asset objects reloaded before import = 0Number of asset objects unloaded after import = 3

========================================================================
Received Import Request.
  Time since last request: 0.000043 seconds.
  path: Packages/com.unity.collab-proxy/Editor/Assets/Images/d_iconplasticnotifypendingchangesandincoming.png
  artifactKey: Guid(f180c6addffab449cb6897ba994abec5) Importer(2089858483,b0f066a214c2f5e87bad3c948f4d605d)
Start importing Packages/com.unity.collab-proxy/Editor/Assets/Images/d_iconplasticnotifypendingchangesandincoming.png using Guid(f180c6addffab449cb6897ba994abec5) Importer(2089858483,b0f066a214c2f5e87bad3c948f4d605d) (ScriptedImporter) -> (artifact id: 'f4cb0d99069341f51ed33cb2abd14160') in 0.0316844 seconds
Number of updated asset objects reloaded before import = 0Number of asset objects unloaded after import = 3

========================================================================
Received Import Request.
  Time since last request: 0.000057 seconds.
  path: Packages/com.unity.collab-proxy/Editor/Assets/Images/d_iconconflictresolvedoverlay.png
  artifactKey: Guid(056ee72c467a4e24d87541d42839ca72) Importer(2089858483,b0f066a214c2f5e87bad3c948f4d605d)
Start importing Packages/com.unity.collab-proxy/Editor/Assets/Images/d_iconconflictresolvedoverlay.png using Guid(056ee72c467a4e24d87541d42839ca72) Importer(2089858483,b0f066a214c2f5e87bad3c948f4d605d) (ScriptedImporter) -> (artifact id: '52fcbf43003eaa1ec51cf73e1fda9a2e') in 0.0294948 seconds
Number of updated asset objects reloaded before import = 0Number of asset objects unloaded after import = 1

========================================================================
Received Import Request.
  Time since last request: 0.000154 seconds.
  path: Packages/com.unity.collab-proxy/Editor/Assets/Images/d_icondeletedlocaloverlay.png
  artifactKey: Guid(4da274d970a82a943ae3979e7833f3dd) Importer(2089858483,b0f066a214c2f5e87bad3c948f4d605d)
Start importing Packages/com.unity.collab-proxy/Editor/Assets/Images/d_icondeletedlocaloverlay.png using Guid(4da274d970a82a943ae3979e7833f3dd) Importer(2089858483,b0f066a214c2f5e87bad3c948f4d605d) (ScriptedImporter) -> (artifact id: '910df229a3e8e8eeac260ee3dc774f5f') in 0.0303412 seconds
Number of updated asset objects reloaded before import = 0Number of asset objects unloaded after import = 1

========================================================================
Received Import Request.
  Time since last request: 0.000174 seconds.
  path: Packages/com.unity.collab-proxy/Editor/Assets/Images/d_iconzoomin.png
  artifactKey: Guid(5544f39aea350784ba1dd4ecc285b777) Importer(2089858483,b0f066a214c2f5e87bad3c948f4d605d)
Start importing Packages/com.unity.collab-proxy/Editor/Assets/Images/d_iconzoomin.png using Guid(5544f39aea350784ba1dd4ecc285b777) Importer(2089858483,b0f066a214c2f5e87bad3c948f4d605d) (ScriptedImporter) -> (artifact id: '8293f2d956d40e29a17b4c9a7a2246d6') in 0.0279723 seconds
Number of updated asset objects reloaded before import = 0Number of asset objects unloaded after import = 3

========================================================================
Received Import Request.
  Time since last request: 0.000058 seconds.
  path: Packages/com.unity.collab-proxy/Editor/Assets/Images/d_iconplasticnotifypendingchanges@2x.png
  artifactKey: Guid(f0c047e73e3b41341822a9e31da81877) Importer(2089858483,b0f066a214c2f5e87bad3c948f4d605d)
Start importing Packages/com.unity.collab-proxy/Editor/Assets/Images/d_iconplasticnotifypendingchanges@2x.png using Guid(f0c047e73e3b41341822a9e31da81877) Importer(2089858483,b0f066a214c2f5e87bad3c948f4d605d) (ScriptedImporter) -> (artifact id: '452797831cc4180205ef2fd5c25dce78') in 0.022964 seconds
Number of updated asset objects reloaded before import = 0Number of asset objects unloaded after import = 3

========================================================================
Received Import Request.
  Time since last request: 0.000024 seconds.
  path: Packages/com.unity.collab-proxy/Editor/Assets/Images/d_iconadd.png
  artifactKey: Guid(864f64164beae6141b39879e1b6f4031) Importer(2089858483,b0f066a214c2f5e87bad3c948f4d605d)
Start importing Packages/com.unity.collab-proxy/Editor/Assets/Images/d_iconadd.png using Guid(864f64164beae6141b39879e1b6f4031) Importer(2089858483,b0f066a214c2f5e87bad3c948f4d605d) (ScriptedImporter) -> (artifact id: 'a0a0a9e2d4d1832a5f95ba93e1d79ebd') in 0.0306874 seconds
Number of updated asset objects reloaded before import = 0Number of asset objects unloaded after import = 3

========================================================================
Received Import Request.
  Time since last request: 0.000026 seconds.
  path: Packages/com.unity.collab-proxy/Editor/Assets/Images/d_iconhistory@2x.png
  artifactKey: Guid(50d1ea51731fa43db9ce0ec4fe5f0b07) Importer(2089858483,b0f066a214c2f5e87bad3c948f4d605d)
Start importing Packages/com.unity.collab-proxy/Editor/Assets/Images/d_iconhistory@2x.png using Guid(50d1ea51731fa43db9ce0ec4fe5f0b07) Importer(2089858483,b0f066a214c2f5e87bad3c948f4d605d) (ScriptedImporter) -> (artifact id: '582bd14e8c8efb0508ef91baa21d13bf') in 0.0347623 seconds
Number of updated asset objects reloaded before import = 0Number of asset objects unloaded after import = 3

========================================================================
Received Import Request.
  Time since last request: 0.000024 seconds.
  path: Packages/com.unity.collab-proxy/Editor/Assets/Images/d_refresh.png
  artifactKey: Guid(92b8c447daf4d4b41a0ec148d1091261) Importer(2089858483,b0f066a214c2f5e87bad3c948f4d605d)
Start importing Packages/com.unity.collab-proxy/Editor/Assets/Images/d_refresh.png using Guid(92b8c447daf4d4b41a0ec148d1091261) Importer(2089858483,b0f066a214c2f5e87bad3c948f4d605d) (ScriptedImporter) -> (artifact id: 'c19f20fca6f81ee319983b47171bd113') in 0.0288069 seconds
Number of updated asset objects reloaded before import = 0Number of asset objects unloaded after import = 1

========================================================================
Received Import Request.
  Time since last request: 0.000343 seconds.
  path: Packages/com.unity.collab-proxy/Editor/Assets/Images/iconcheckedoutlocaloverlay.png
  artifactKey: Guid(eb591dd22aae343468cc4dd017c550d0) Importer(2089858483,b0f066a214c2f5e87bad3c948f4d605d)
Start importing Packages/com.unity.collab-proxy/Editor/Assets/Images/iconcheckedoutlocaloverlay.png using Guid(eb591dd22aae343468cc4dd017c550d0) Importer(2089858483,b0f066a214c2f5e87bad3c948f4d605d) (ScriptedImporter) -> (artifact id: '21ff922342b3b56dc485f7f6f55e423e') in 0.0302473 seconds
Number of updated asset objects reloaded before import = 0Number of asset objects unloaded after import = 3

========================================================================
Received Import Request.
  Time since last request: 0.000030 seconds.
  path: Packages/com.unity.collab-proxy/Editor/Assets/Images/d_icondeletedremoteoverlay@2x.png
  artifactKey: Guid(2cfbf6619eb047545a425e8a31732c83) Importer(2089858483,b0f066a214c2f5e87bad3c948f4d605d)
Start importing Packages/com.unity.collab-proxy/Editor/Assets/Images/d_icondeletedremoteoverlay@2x.png using Guid(2cfbf6619eb047545a425e8a31732c83) Importer(2089858483,b0f066a214c2f5e87bad3c948f4d605d) (ScriptedImporter) -> (artifact id: '76cdce6e0a99cac2fd73075d4cb4c945') in 0.0379802 seconds
Number of updated asset objects reloaded before import = 0Number of asset objects unloaded after import = 1

========================================================================
Received Import Request.
  Time since last request: 0.000121 seconds.
  path: Packages/com.unity.collab-proxy/Editor/Assets/Images/d_iconplasticnotifypendingchangesandincoming@2x.png
  artifactKey: Guid(54024d7bafa404eb39097aa14df8a5cb) Importer(2089858483,b0f066a214c2f5e87bad3c948f4d605d)
Start importing Packages/com.unity.collab-proxy/Editor/Assets/Images/d_iconplasticnotifypendingchangesandincoming@2x.png using Guid(54024d7bafa404eb39097aa14df8a5cb) Importer(2089858483,b0f066a214c2f5e87bad3c948f4d605d) (ScriptedImporter) -> (artifact id: '7b4217c1c8ec22307f166559b18e5dac') in 0.0307406 seconds
Number of updated asset objects reloaded before import = 0Number of asset objects unloaded after import = 3

========================================================================
Received Import Request.
  Time since last request: 0.000031 seconds.
  path: Packages/com.unity.collab-proxy/Editor/Assets/Images/d_iconundo.png
  artifactKey: Guid(691dc543ff5b9ca44bf846657ba04161) Importer(2089858483,b0f066a214c2f5e87bad3c948f4d605d)
Start importing Packages/com.unity.collab-proxy/Editor/Assets/Images/d_iconundo.png using Guid(691dc543ff5b9ca44bf846657ba04161) Importer(2089858483,b0f066a214c2f5e87bad3c948f4d605d) (ScriptedImporter) -> (artifact id: '8b8d3a64b2d4146648b4ad6f71964da0') in 0.0353775 seconds
Number of updated asset objects reloaded before import = 0Number of asset objects unloaded after import = 1

========================================================================
Received Import Request.
  Time since last request: 0.000176 seconds.
  path: Packages/com.unity.collab-proxy/Editor/Assets/Images/d_iconundo@2x.png
  artifactKey: Guid(6d6088174bb906b49ad8428526ee337b) Importer(2089858483,b0f066a214c2f5e87bad3c948f4d605d)
Start importing Packages/com.unity.collab-proxy/Editor/Assets/Images/d_iconundo@2x.png using Guid(6d6088174bb906b49ad8428526ee337b) Importer(2089858483,b0f066a214c2f5e87bad3c948f4d605d) (ScriptedImporter) -> (artifact id: '09e226aab5cb72da95b968371b938b83') in 0.0373583 seconds
Number of updated asset objects reloaded before import = 0Number of asset objects unloaded after import = 1

========================================================================
Received Import Request.
  Time since last request: 0.000073 seconds.
  path: Packages/com.unity.collab-proxy/Editor/Assets/Images/d_iconignoredoverlay@2x.png
  artifactKey: Guid(079f562959995344baea4cd40a9ecea6) Importer(2089858483,b0f066a214c2f5e87bad3c948f4d605d)
Start importing Packages/com.unity.collab-proxy/Editor/Assets/Images/d_iconignoredoverlay@2x.png using Guid(079f562959995344baea4cd40a9ecea6) Importer(2089858483,b0f066a214c2f5e87bad3c948f4d605d) (ScriptedImporter) -> (artifact id: '24a0902c41f5a4395deb0b0917e97f05') in 0.031585 seconds
Number of updated asset objects reloaded before import = 0Number of asset objects unloaded after import = 3

========================================================================
Received Import Request.
  Time since last request: 0.000036 seconds.
  path: Packages/com.unity.collab-proxy/Editor/Assets/Images/iconchangesets.png
  artifactKey: Guid(c5d82e0b4fbcf42539ceffc642e631ce) Importer(2089858483,b0f066a214c2f5e87bad3c948f4d605d)
Start importing Packages/com.unity.collab-proxy/Editor/Assets/Images/iconchangesets.png using Guid(c5d82e0b4fbcf42539ceffc642e631ce) Importer(2089858483,b0f066a214c2f5e87bad3c948f4d605d) (ScriptedImporter) -> (artifact id: '5697c86d521b726929dc1133dae80a9b') in 0.0263074 seconds
Number of updated asset objects reloaded before import = 0Number of asset objects unloaded after import = 3

========================================================================
Received Import Request.
  Time since last request: 0.000034 seconds.
  path: Packages/com.unity.collab-proxy/Editor/Assets/Images/iconclipboard.png
  artifactKey: Guid(8d91317e8f7610f41a30fcb9c0d99196) Importer(2089858483,b0f066a214c2f5e87bad3c948f4d605d)
Start importing Packages/com.unity.collab-proxy/Editor/Assets/Images/iconclipboard.png using Guid(8d91317e8f7610f41a30fcb9c0d99196) Importer(2089858483,b0f066a214c2f5e87bad3c948f4d605d) (ScriptedImporter) -> (artifact id: 'dcc2204cb5f42e1204aa422513b355d1') in 0.026112 seconds
Number of updated asset objects reloaded before import = 0Number of asset objects unloaded after import = 3

========================================================================
Received Import Request.
  Time since last request: 0.000107 seconds.
  path: Packages/com.unity.collab-proxy/Editor/Assets/Images/iconbranches.png
  artifactKey: Guid(a6219d44b6fc910449f7c3fee45db5c5) Importer(2089858483,b0f066a214c2f5e87bad3c948f4d605d)
Start importing Packages/com.unity.collab-proxy/Editor/Assets/Images/iconbranches.png using Guid(a6219d44b6fc910449f7c3fee45db5c5) Importer(2089858483,b0f066a214c2f5e87bad3c948f4d605d) (ScriptedImporter) -> (artifact id: 'e4339c82d82f9130408ba130bb443e71') in 0.028117 seconds
Number of updated asset objects reloaded before import = 0Number of asset objects unloaded after import = 1

========================================================================
Received Import Request.
  Time since last request: 0.000216 seconds.
  path: Packages/com.unity.collab-proxy/Editor/Assets/Images/d_iconzoomin@2x.png
  artifactKey: Guid(73d87bc3a27171144985c68fbbd54380) Importer(2089858483,b0f066a214c2f5e87bad3c948f4d605d)
Start importing Packages/com.unity.collab-proxy/Editor/Assets/Images/d_iconzoomin@2x.png using Guid(73d87bc3a27171144985c68fbbd54380) Importer(2089858483,b0f066a214c2f5e87bad3c948f4d605d) (ScriptedImporter) -> (artifact id: 'ff2422caeb963bc587ec0a50a51c5985') in 0.0261492 seconds
Number of updated asset objects reloaded before import = 0Number of asset objects unloaded after import = 3

========================================================================
Received Import Request.
  Time since last request: 0.000027 seconds.
  path: Packages/com.unity.collab-proxy/Editor/Assets/Images/d_iconlockedlocaloverlay.png
  artifactKey: Guid(71c45f80bffdb9145ad2c456254c862e) Importer(2089858483,b0f066a214c2f5e87bad3c948f4d605d)
Start importing Packages/com.unity.collab-proxy/Editor/Assets/Images/d_iconlockedlocaloverlay.png using Guid(71c45f80bffdb9145ad2c456254c862e) Importer(2089858483,b0f066a214c2f5e87bad3c948f4d605d) (ScriptedImporter) -> (artifact id: '2e67470e6b45540f75c1a84abd6de081') in 0.0243262 seconds
Number of updated asset objects reloaded before import = 0Number of asset objects unloaded after import = 1

========================================================================
Received Import Request.
  Time since last request: 0.000203 seconds.
  path: Packages/com.unity.collab-proxy/Editor/Assets/Images/iconaddedoverlay.png
  artifactKey: Guid(a57d0bc93481bd844af3c2236db044f2) Importer(2089858483,b0f066a214c2f5e87bad3c948f4d605d)
Start importing Packages/com.unity.collab-proxy/Editor/Assets/Images/iconaddedoverlay.png using Guid(a57d0bc93481bd844af3c2236db044f2) Importer(2089858483,b0f066a214c2f5e87bad3c948f4d605d) (ScriptedImporter) -> (artifact id: '3fb7d92751985967362440a5da4c372b') in 0.0334049 seconds
Number of updated asset objects reloaded before import = 0Number of asset objects unloaded after import = 3

========================================================================
Received Import Request.
  Time since last request: 0.000047 seconds.
  path: Packages/com.unity.collab-proxy/Editor/Assets/Images/d_iconlock.png
  artifactKey: Guid(f7adc828ed70a485db62c459bdf09525) Importer(2089858483,b0f066a214c2f5e87bad3c948f4d605d)
Start importing Packages/com.unity.collab-proxy/Editor/Assets/Images/d_iconlock.png using Guid(f7adc828ed70a485db62c459bdf09525) Importer(2089858483,b0f066a214c2f5e87bad3c948f4d605d) (ScriptedImporter) -> (artifact id: '51763287fce98e39f1af0b49a9e07388') in 0.023209 seconds
Number of updated asset objects reloaded before import = 0Number of asset objects unloaded after import = 3

========================================================================
Received Import Request.
  Time since last request: 0.000059 seconds.
  path: Packages/com.unity.collab-proxy/Editor/Assets/Images/d_iconpendingchanges@2x.png
  artifactKey: Guid(68302c8c48e3cee4aad72dbbf7894781) Importer(2089858483,b0f066a214c2f5e87bad3c948f4d605d)
Start importing Packages/com.unity.collab-proxy/Editor/Assets/Images/d_iconpendingchanges@2x.png using Guid(68302c8c48e3cee4aad72dbbf7894781) Importer(2089858483,b0f066a214c2f5e87bad3c948f4d605d) (ScriptedImporter) -> (artifact id: '2e529cb6a5f48fa1c66a3e1c3810fc6a') in 0.027193 seconds
Number of updated asset objects reloaded before import = 0Number of asset objects unloaded after import = 3

========================================================================
Received Import Request.
  Time since last request: 0.000024 seconds.
  path: Packages/com.unity.collab-proxy/Editor/Assets/Images/iconclouddriveview.png
  artifactKey: Guid(229870d327005574fb840c2dd8050ec6) Importer(2089858483,b0f066a214c2f5e87bad3c948f4d605d)
Start importing Packages/com.unity.collab-proxy/Editor/Assets/Images/iconclouddriveview.png using Guid(229870d327005574fb840c2dd8050ec6) Importer(2089858483,b0f066a214c2f5e87bad3c948f4d605d) (ScriptedImporter) -> (artifact id: '07decedb686a28cb7ef8d3e2f54695df') in 0.0271061 seconds
Number of updated asset objects reloaded before import = 0Number of asset objects unloaded after import = 3

========================================================================
Received Import Request.
  Time since last request: 0.000031 seconds.
  path: Packages/com.unity.collab-proxy/Editor/Assets/Images/iconbranch.png
  artifactKey: Guid(981b1c6358520f245a69c070270eca96) Importer(2089858483,b0f066a214c2f5e87bad3c948f4d605d)
Start importing Packages/com.unity.collab-proxy/Editor/Assets/Images/iconbranch.png using Guid(981b1c6358520f245a69c070270eca96) Importer(2089858483,b0f066a214c2f5e87bad3c948f4d605d) (ScriptedImporter) -> (artifact id: '4fa91cacd3e2387cb96420936eb6a358') in 0.0285706 seconds
Number of updated asset objects reloaded before import = 0Number of asset objects unloaded after import = 3

========================================================================
Received Import Request.
  Time since last request: 0.000032 seconds.
  path: Packages/com.unity.collab-proxy/Editor/Assets/Images/iconaddedoverlay@2x.png
  artifactKey: Guid(74ef721fef79c44489d4e3edb0ab0c01) Importer(2089858483,b0f066a214c2f5e87bad3c948f4d605d)
Start importing Packages/com.unity.collab-proxy/Editor/Assets/Images/iconaddedoverlay@2x.png using Guid(74ef721fef79c44489d4e3edb0ab0c01) Importer(2089858483,b0f066a214c2f5e87bad3c948f4d605d) (ScriptedImporter) -> (artifact id: '2a7d61d939e3c622f075d696a281b3f5') in 0.0312023 seconds
Number of updated asset objects reloaded before import = 0Number of asset objects unloaded after import = 1

========================================================================
Received Import Request.
  Time since last request: 1.764613 seconds.
  path: Packages/com.unity.collab-proxy/Editor/Assets/Images/iconconflictedoverlay@2x.png
  artifactKey: Guid(5679a74364f6b4440ab7e7aed55cd95e) Importer(2089858483,b0f066a214c2f5e87bad3c948f4d605d)
Start importing Packages/com.unity.collab-proxy/Editor/Assets/Images/iconconflictedoverlay@2x.png using Guid(5679a74364f6b4440ab7e7aed55cd95e) Importer(2089858483,b0f066a214c2f5e87bad3c948f4d605d) (ScriptedImporter) -> (artifact id: '4dfa7a7023809cdb476887ad21bd2d13') in 0.0248908 seconds
Number of updated asset objects reloaded before import = 0Number of asset objects unloaded after import = 1

========================================================================
Received Import Request.
  Time since last request: 0.000264 seconds.
  path: Packages/com.unity.collab-proxy/Editor/Assets/Images/loading@2x.png
  artifactKey: Guid(5dbc069eb79bd4d43840847264d6d956) Importer(2089858483,b0f066a214c2f5e87bad3c948f4d605d)
Start importing Packages/com.unity.collab-proxy/Editor/Assets/Images/loading@2x.png using Guid(5dbc069eb79bd4d43840847264d6d956) Importer(2089858483,b0f066a214c2f5e87bad3c948f4d605d) (ScriptedImporter) -> (artifact id: '03f204dc1a938960233b4d154e8daabf') in 0.0265383 seconds
Number of updated asset objects reloaded before import = 0Number of asset objects unloaded after import = 1

========================================================================
Received Import Request.
  Time since last request: 0.000133 seconds.
  path: Packages/com.unity.collab-proxy/Editor/Assets/Layouts/TeamEditionConfigurationWindow.uxml
  artifactKey: Guid(26d3a583da6079145a52a8bef4beb6c5) Importer(2089858483,b0f066a214c2f5e87bad3c948f4d605d)
Start importing Packages/com.unity.collab-proxy/Editor/Assets/Layouts/TeamEditionConfigurationWindow.uxml using Guid(26d3a583da6079145a52a8bef4beb6c5) Importer(2089858483,b0f066a214c2f5e87bad3c948f4d605d) (ScriptedImporter) -> (artifact id: 'e0a782e89a32fe58478ece46017c03d6') in 0.1539887 seconds
Number of updated asset objects reloaded before import = 0Number of asset objects unloaded after import = 2

========================================================================
Received Import Request.
  Time since last request: 0.000131 seconds.
  path: Packages/com.unity.collab-proxy/Editor/CloudDrive/CreateWorkspace/CollaboratorsListView.cs
  artifactKey: Guid(a8bf7716389c4dfe840c4e747033debc) Importer(2089858483,b0f066a214c2f5e87bad3c948f4d605d)
Start importing Packages/com.unity.collab-proxy/Editor/CloudDrive/CreateWorkspace/CollaboratorsListView.cs using Guid(a8bf7716389c4dfe840c4e747033debc) Importer(2089858483,b0f066a214c2f5e87bad3c948f4d605d) (ScriptedImporter) -> (artifact id: 'd3f635b93cad7762d688191c71a6de75') in 0.018513 seconds
Number of updated asset objects reloaded before import = 0Number of asset objects unloaded after import = 0

========================================================================
Received Import Request.
  Time since last request: 0.000254 seconds.
  path: Packages/com.unity.collab-proxy/Editor/Assets/Images/iconlockretained@2x.png
  artifactKey: Guid(1844d3d99090a0b43b60a5f1ff821467) Importer(2089858483,b0f066a214c2f5e87bad3c948f4d605d)
Start importing Packages/com.unity.collab-proxy/Editor/Assets/Images/iconlockretained@2x.png using Guid(1844d3d99090a0b43b60a5f1ff821467) Importer(2089858483,b0f066a214c2f5e87bad3c948f4d605d) (ScriptedImporter) -> (artifact id: '65a659922c92868d7d61fd9b6f7781cf') in 0.0254147 seconds
Number of updated asset objects reloaded before import = 0Number of asset objects unloaded after import = 3

========================================================================
Received Import Request.
  Time since last request: 0.000035 seconds.
  path: Packages/com.unity.collab-proxy/Editor/CloudDrive/CreateWorkspace/CollaboratorsListViewHeaderState.cs
  artifactKey: Guid(a67a7d0865a447b49e842eac00d70833) Importer(2089858483,b0f066a214c2f5e87bad3c948f4d605d)
Start importing Packages/com.unity.collab-proxy/Editor/CloudDrive/CreateWorkspace/CollaboratorsListViewHeaderState.cs using Guid(a67a7d0865a447b49e842eac00d70833) Importer(2089858483,b0f066a214c2f5e87bad3c948f4d605d) (ScriptedImporter) -> (artifact id: '13be840994f42feb2bc9a6a4a0b74be3') in 0.0187419 seconds
Number of updated asset objects reloaded before import = 0Number of asset objects unloaded after import = 0

========================================================================
Received Import Request.
  Time since last request: 0.000194 seconds.
  path: Packages/com.unity.collab-proxy/Editor/CloudDrive/CreateWorkspace/CreateWorkspaceView.cs
  artifactKey: Guid(a4dab1ebc3086c245ad199490a29637f) Importer(2089858483,b0f066a214c2f5e87bad3c948f4d605d)
Start importing Packages/com.unity.collab-proxy/Editor/CloudDrive/CreateWorkspace/CreateWorkspaceView.cs using Guid(a4dab1ebc3086c245ad199490a29637f) Importer(2089858483,b0f066a214c2f5e87bad3c948f4d605d) (ScriptedImporter) -> (artifact id: 'f5aaee97de182b85380bf7b28f64113f') in 0.0140153 seconds
Number of updated asset objects reloaded before import = 0Number of asset objects unloaded after import = 0

========================================================================
Received Import Request.
  Time since last request: 0.000194 seconds.
  path: Packages/com.unity.collab-proxy/Editor/CodeEditor/Document/RopeTextSource.cs
  artifactKey: Guid(f053b65364b4545b38e5a456af79939e) Importer(2089858483,b0f066a214c2f5e87bad3c948f4d605d)
Start importing Packages/com.unity.collab-proxy/Editor/CodeEditor/Document/RopeTextSource.cs using Guid(f053b65364b4545b38e5a456af79939e) Importer(2089858483,b0f066a214c2f5e87bad3c948f4d605d) (ScriptedImporter) -> (artifact id: '1bd96c2ae01f10ad983bcd59408cad15') in 0.0160389 seconds
Number of updated asset objects reloaded before import = 0Number of asset objects unloaded after import = 0

========================================================================
Received Import Request.
  Time since last request: 0.000278 seconds.
  path: Packages/com.unity.collab-proxy/Editor/CodeEditor/Document/DocumentLine.LineNode.cs
  artifactKey: Guid(aba34a0d0084f48f19b98ac1c78902b5) Importer(2089858483,b0f066a214c2f5e87bad3c948f4d605d)
Start importing Packages/com.unity.collab-proxy/Editor/CodeEditor/Document/DocumentLine.LineNode.cs using Guid(aba34a0d0084f48f19b98ac1c78902b5) Importer(2089858483,b0f066a214c2f5e87bad3c948f4d605d) (ScriptedImporter) -> (artifact id: 'fee7e9f3b378606a2ebce5bd17ea4bec') in 0.01724 seconds
Number of updated asset objects reloaded before import = 0Number of asset objects unloaded after import = 0

========================================================================
Received Import Request.
  Time since last request: 0.000282 seconds.
  path: Packages/com.unity.collab-proxy/Editor/Assets/Images/iconlockedlocaloverlay@2x.png
  artifactKey: Guid(b528c1b33a65cf94ea74f830b54c9acb) Importer(2089858483,b0f066a214c2f5e87bad3c948f4d605d)
Start importing Packages/com.unity.collab-proxy/Editor/Assets/Images/iconlockedlocaloverlay@2x.png using Guid(b528c1b33a65cf94ea74f830b54c9acb) Importer(2089858483,b0f066a214c2f5e87bad3c948f4d605d) (ScriptedImporter) -> (artifact id: 'f5c5724b97d3597b8c45336f92e66215') in 0.0237571 seconds
Number of updated asset objects reloaded before import = 0Number of asset objects unloaded after import = 1

========================================================================
Received Import Request.
  Time since last request: 0.000132 seconds.
  path: Packages/com.unity.collab-proxy/Editor/Assets/Images/iconmergeview.png
  artifactKey: Guid(569cb7c654ca242978cdc7428c2881a3) Importer(2089858483,b0f066a214c2f5e87bad3c948f4d605d)
Start importing Packages/com.unity.collab-proxy/Editor/Assets/Images/iconmergeview.png using Guid(569cb7c654ca242978cdc7428c2881a3) Importer(2089858483,b0f066a214c2f5e87bad3c948f4d605d) (ScriptedImporter) -> (artifact id: '92c86072f35c1f5a4c47c389961ce2f0') in 0.0248285 seconds
Number of updated asset objects reloaded before import = 0Number of asset objects unloaded after import = 3

========================================================================
Received Import Request.
  Time since last request: 0.000064 seconds.
  path: Packages/com.unity.collab-proxy/Editor/Assets/Images/step3.png
  artifactKey: Guid(69899ed144c8eea4baea48b858b37746) Importer(2089858483,b0f066a214c2f5e87bad3c948f4d605d)
Start importing Packages/com.unity.collab-proxy/Editor/Assets/Images/step3.png using Guid(69899ed144c8eea4baea48b858b37746) Importer(2089858483,b0f066a214c2f5e87bad3c948f4d605d) (ScriptedImporter) -> (artifact id: '9851ec6b9d8274f3a95609c60631896d') in 0.0296481 seconds
Number of updated asset objects reloaded before import = 0Number of asset objects unloaded after import = 1

========================================================================
Received Import Request.
  Time since last request: 0.000137 seconds.
  path: Packages/com.unity.collab-proxy/Editor/CodeEditor/Document/DocumentChangeOperation.cs
  artifactKey: Guid(3fdd4fc558bf14e809d9ede79af274da) Importer(2089858483,b0f066a214c2f5e87bad3c948f4d605d)
Start importing Packages/com.unity.collab-proxy/Editor/CodeEditor/Document/DocumentChangeOperation.cs using Guid(3fdd4fc558bf14e809d9ede79af274da) Importer(2089858483,b0f066a214c2f5e87bad3c948f4d605d) (ScriptedImporter) -> (artifact id: '6ead82f6d4921166dea5fe21fece650d') in 0.0148604 seconds
Number of updated asset objects reloaded before import = 0Number of asset objects unloaded after import = 0

========================================================================
Received Import Request.
  Time since last request: 0.000276 seconds.
  path: Packages/com.unity.collab-proxy/Editor/Assets/Images/iconcurrentbranch@2x.png
  artifactKey: Guid(ead32eef98d0a664fb5b025c4bf013d4) Importer(2089858483,b0f066a214c2f5e87bad3c948f4d605d)
Start importing Packages/com.unity.collab-proxy/Editor/Assets/Images/iconcurrentbranch@2x.png using Guid(ead32eef98d0a664fb5b025c4bf013d4) Importer(2089858483,b0f066a214c2f5e87bad3c948f4d605d) (ScriptedImporter) -> (artifact id: '8ef3c7c0c29dbf59f0b1d6536c78e5c9') in 0.0254827 seconds
Number of updated asset objects reloaded before import = 0Number of asset objects unloaded after import = 3

========================================================================
Received Import Request.
  Time since last request: 0.000034 seconds.
  path: Packages/com.unity.collab-proxy/Editor/CodeEditor/Document/ITextSource.cs
  artifactKey: Guid(11f102ea76a834282a8a533f1a797d3e) Importer(2089858483,b0f066a214c2f5e87bad3c948f4d605d)
Start importing Packages/com.unity.collab-proxy/Editor/CodeEditor/Document/ITextSource.cs using Guid(11f102ea76a834282a8a533f1a797d3e) Importer(2089858483,b0f066a214c2f5e87bad3c948f4d605d) (ScriptedImporter) -> (artifact id: '5213ec0702c1055f43bd76d1742aa24e') in 0.0160188 seconds
Number of updated asset objects reloaded before import = 0Number of asset objects unloaded after import = 0

========================================================================
Received Import Request.
  Time since last request: 0.000121 seconds.
  path: Packages/com.unity.collab-proxy/Editor/CloudDrive/Welcome/WelcomeView.cs
  artifactKey: Guid(c0819a043e0c64a4780ca8ab3c311d07) Importer(2089858483,b0f066a214c2f5e87bad3c948f4d605d)
Start importing Packages/com.unity.collab-proxy/Editor/CloudDrive/Welcome/WelcomeView.cs using Guid(c0819a043e0c64a4780ca8ab3c311d07) Importer(2089858483,b0f066a214c2f5e87bad3c948f4d605d) (ScriptedImporter) -> (artifact id: 'f44daf60ee26bb675520bf2679542320') in 0.0155636 seconds
Number of updated asset objects reloaded before import = 0Number of asset objects unloaded after import = 0

========================================================================
Received Import Request.
  Time since last request: 0.000254 seconds.
  path: Packages/com.unity.collab-proxy/Editor/Assets/Images/iconzoomout@2x.png
  artifactKey: Guid(1e71b422b557b1247aaf914bb6e9c0c5) Importer(2089858483,b0f066a214c2f5e87bad3c948f4d605d)
Start importing Packages/com.unity.collab-proxy/Editor/Assets/Images/iconzoomout@2x.png using Guid(1e71b422b557b1247aaf914bb6e9c0c5) Importer(2089858483,b0f066a214c2f5e87bad3c948f4d605d) (ScriptedImporter) -> (artifact id: 'c85e0c0613e59d8c9518807b1313f90c') in 0.0265697 seconds
Number of updated asset objects reloaded before import = 0Number of asset objects unloaded after import = 3

========================================================================
Received Import Request.
  Time since last request: 0.000034 seconds.
  path: Packages/com.unity.collab-proxy/Editor/Assets/Images/refresh@2x.png
  artifactKey: Guid(59571f82a0dc1a14da606dc0df6f8ea7) Importer(2089858483,b0f066a214c2f5e87bad3c948f4d605d)
Start importing Packages/com.unity.collab-proxy/Editor/Assets/Images/refresh@2x.png using Guid(59571f82a0dc1a14da606dc0df6f8ea7) Importer(2089858483,b0f066a214c2f5e87bad3c948f4d605d) (ScriptedImporter) -> (artifact id: 'e2e9ff85d5cc38de1c72d65d80265c47') in 0.0255464 seconds
Number of updated asset objects reloaded before import = 0Number of asset objects unloaded after import = 1

========================================================================
Received Import Request.
  Time since last request: 0.000055 seconds.
  path: Packages/com.unity.collab-proxy/Editor/CodeEditor/Document/SimpleSegment.cs
  artifactKey: Guid(f3989142b33d44a0ca19788765ba05cc) Importer(2089858483,b0f066a214c2f5e87bad3c948f4d605d)
Start importing Packages/com.unity.collab-proxy/Editor/CodeEditor/Document/SimpleSegment.cs using Guid(f3989142b33d44a0ca19788765ba05cc) Importer(2089858483,b0f066a214c2f5e87bad3c948f4d605d) (ScriptedImporter) -> (artifact id: '6e8d11d54a293cced0f227710459fbdd') in 0.0176245 seconds
Number of updated asset objects reloaded before import = 0Number of asset objects unloaded after import = 0

========================================================================
Received Import Request.
  Time since last request: 0.000267 seconds.
  path: Packages/com.unity.collab-proxy/Editor/CodeEditor/Document/IUndoableOperation.cs
  artifactKey: Guid(85086b32b8552416fbdc73ec5d384b63) Importer(2089858483,b0f066a214c2f5e87bad3c948f4d605d)
Start importing Packages/com.unity.collab-proxy/Editor/CodeEditor/Document/IUndoableOperation.cs using Guid(85086b32b8552416fbdc73ec5d384b63) Importer(2089858483,b0f066a214c2f5e87bad3c948f4d605d) (ScriptedImporter) -> (artifact id: '4d8a58db6e9ca84714040f49a682244e') in 0.0184617 seconds
Number of updated asset objects reloaded before import = 0Number of asset objects unloaded after import = 0

========================================================================
Received Import Request.
  Time since last request: 0.000171 seconds.
  path: Packages/com.unity.collab-proxy/Editor/CloudDrive/ShareWorkspace/ShareWorkspacePanel.cs
  artifactKey: Guid(c368b48e7c623484ba454c98a9734955) Importer(2089858483,b0f066a214c2f5e87bad3c948f4d605d)
Start importing Packages/com.unity.collab-proxy/Editor/CloudDrive/ShareWorkspace/ShareWorkspacePanel.cs using Guid(c368b48e7c623484ba454c98a9734955) Importer(2089858483,b0f066a214c2f5e87bad3c948f4d605d) (ScriptedImporter) -> (artifact id: 'a9d1d558db0cf1fec79ca2a56e96546b') in 0.019861 seconds
Number of updated asset objects reloaded before import = 0Number of asset objects unloaded after import = 0

========================================================================
Received Import Request.
  Time since last request: 0.000177 seconds.
  path: Packages/com.unity.collab-proxy/Editor/CloudDrive/CreateWorkspace/CollaboratorsMultiColumnHeader.cs
  artifactKey: Guid(224736fab6ec4e119f1f69e2c1d7b554) Importer(2089858483,b0f066a214c2f5e87bad3c948f4d605d)
Start importing Packages/com.unity.collab-proxy/Editor/CloudDrive/CreateWorkspace/CollaboratorsMultiColumnHeader.cs using Guid(224736fab6ec4e119f1f69e2c1d7b554) Importer(2089858483,b0f066a214c2f5e87bad3c948f4d605d) (ScriptedImporter) -> (artifact id: '4e1a19885a13d40e11cd0734eaab2337') in 0.0175692 seconds
Number of updated asset objects reloaded before import = 0Number of asset objects unloaded after import = 0

========================================================================
Received Import Request.
  Time since last request: 0.000181 seconds.
  path: Packages/com.unity.collab-proxy/Editor/Assets/Images/iconlockedlocaloverlay.png
  artifactKey: Guid(b6073d723b6ef3f429aa7e1d0f3db44f) Importer(2089858483,b0f066a214c2f5e87bad3c948f4d605d)
Start importing Packages/com.unity.collab-proxy/Editor/Assets/Images/iconlockedlocaloverlay.png using Guid(b6073d723b6ef3f429aa7e1d0f3db44f) Importer(2089858483,b0f066a214c2f5e87bad3c948f4d605d) (ScriptedImporter) -> (artifact id: '5b71540fe92e4671e4b8dbbe3f5b8776') in 0.0302593 seconds
Number of updated asset objects reloaded before import = 0Number of asset objects unloaded after import = 3

========================================================================
Received Import Request.
  Time since last request: 0.000036 seconds.
  path: Packages/com.unity.collab-proxy/Editor/Assets/Images/iconpackageupdateavailable@2x.png
  artifactKey: Guid(67e680da36c60e245ab0176daa656da5) Importer(2089858483,b0f066a214c2f5e87bad3c948f4d605d)
Start importing Packages/com.unity.collab-proxy/Editor/Assets/Images/iconpackageupdateavailable@2x.png using Guid(67e680da36c60e245ab0176daa656da5) Importer(2089858483,b0f066a214c2f5e87bad3c948f4d605d) (ScriptedImporter) -> (artifact id: 'b23bf5dc980aa549cf3c11db5adebdda') in 0.0272314 seconds
Number of updated asset objects reloaded before import = 0Number of asset objects unloaded after import = 3

========================================================================
Received Import Request.
  Time since last request: 0.000037 seconds.
  path: Packages/com.unity.collab-proxy/Editor/Assets/Images/iconedit.png
  artifactKey: Guid(3cbf8d5b4d364724baa11fed1344d029) Importer(2089858483,b0f066a214c2f5e87bad3c948f4d605d)
Start importing Packages/com.unity.collab-proxy/Editor/Assets/Images/iconedit.png using Guid(3cbf8d5b4d364724baa11fed1344d029) Importer(2089858483,b0f066a214c2f5e87bad3c948f4d605d) (ScriptedImporter) -> (artifact id: 'f66b04a371914c60e9becbf3c56f5d96') in 0.028963 seconds
Number of updated asset objects reloaded before import = 0Number of asset objects unloaded after import = 3

========================================================================
Received Import Request.
  Time since last request: 0.000052 seconds.
  path: Packages/com.unity.collab-proxy/Editor/CodeEditor/Document/TextAnchor.cs
  artifactKey: Guid(6fa7f4f386ba74571bc126c89255222e) Importer(2089858483,b0f066a214c2f5e87bad3c948f4d605d)
Start importing Packages/com.unity.collab-proxy/Editor/CodeEditor/Document/TextAnchor.cs using Guid(6fa7f4f386ba74571bc126c89255222e) Importer(2089858483,b0f066a214c2f5e87bad3c948f4d605d) (ScriptedImporter) -> (artifact id: '790ca17ba5cbc09f71188302eb682122') in 0.0179515 seconds
Number of updated asset objects reloaded before import = 0Number of asset objects unloaded after import = 0

========================================================================
Received Import Request.
  Time since last request: 0.000077 seconds.
  path: Packages/com.unity.collab-proxy/Editor/Assets/Images/stepok.png
  artifactKey: Guid(d4780dc1205c7c7478c970d8c61d24e8) Importer(2089858483,b0f066a214c2f5e87bad3c948f4d605d)
Start importing Packages/com.unity.collab-proxy/Editor/Assets/Images/stepok.png using Guid(d4780dc1205c7c7478c970d8c61d24e8) Importer(2089858483,b0f066a214c2f5e87bad3c948f4d605d) (ScriptedImporter) -> (artifact id: 'f1ff69dd6a6319fe8cf5b2859b7a8d4e') in 0.0195183 seconds
Number of updated asset objects reloaded before import = 0Number of asset objects unloaded after import = 1

========================================================================
Received Import Request.
  Time since last request: 0.000166 seconds.
  path: Packages/com.unity.collab-proxy/Editor/Assets/Layouts/DownloadPlasticExeDialog.uxml
  artifactKey: Guid(3da0c7cf51d8e4b40a5af55a4ca63e4e) Importer(2089858483,b0f066a214c2f5e87bad3c948f4d605d)
Start importing Packages/com.unity.collab-proxy/Editor/Assets/Layouts/DownloadPlasticExeDialog.uxml using Guid(3da0c7cf51d8e4b40a5af55a4ca63e4e) Importer(2089858483,b0f066a214c2f5e87bad3c948f4d605d) (ScriptedImporter) -> (artifact id: '2e67dbc5c154e087d319c0c9fcbad871') in 0.0210999 seconds
Number of updated asset objects reloaded before import = 0Number of asset objects unloaded after import = 2

========================================================================
Received Import Request.
  Time since last request: 0.000170 seconds.
  path: Packages/com.unity.collab-proxy/Editor/CodeEditor/Document/TextDocumentWeakEventManager.cs
  artifactKey: Guid(4e43250273a4d4b3392541c97d1eb150) Importer(2089858483,b0f066a214c2f5e87bad3c948f4d605d)
Start importing Packages/com.unity.collab-proxy/Editor/CodeEditor/Document/TextDocumentWeakEventManager.cs using Guid(4e43250273a4d4b3392541c97d1eb150) Importer(2089858483,b0f066a214c2f5e87bad3c948f4d605d) (ScriptedImporter) -> (artifact id: '5145d8b2689a848ac379726b26d4d4d5') in 0.0144504 seconds
Number of updated asset objects reloaded before import = 0Number of asset objects unloaded after import = 0

========================================================================
Received Import Request.
  Time since last request: 0.000265 seconds.
  path: Packages/com.unity.collab-proxy/Editor/Assets/Layouts/SignInPanel.uxml
  artifactKey: Guid(18b097dd2d10fb442a321314f4541401) Importer(2089858483,b0f066a214c2f5e87bad3c948f4d605d)
Start importing Packages/com.unity.collab-proxy/Editor/Assets/Layouts/SignInPanel.uxml using Guid(18b097dd2d10fb442a321314f4541401) Importer(2089858483,b0f066a214c2f5e87bad3c948f4d605d) (ScriptedImporter) -> (artifact id: '51990b5d04cea1df8495c4324f1ec530') in 0.0210045 seconds
Number of updated asset objects reloaded before import = 0Number of asset objects unloaded after import = 2

========================================================================
Received Import Request.
  Time since last request: 0.000152 seconds.
  path: Packages/com.unity.collab-proxy/Editor/Assets/Images/inclusionrule@2x.png
  artifactKey: Guid(43411f399f49b42eb9a7157481e8747c) Importer(2089858483,b0f066a214c2f5e87bad3c948f4d605d)
Start importing Packages/com.unity.collab-proxy/Editor/Assets/Images/inclusionrule@2x.png using Guid(43411f399f49b42eb9a7157481e8747c) Importer(2089858483,b0f066a214c2f5e87bad3c948f4d605d) (ScriptedImporter) -> (artifact id: '296f8dc57ba3e9167d16fc187f35bb25') in 0.0221673 seconds
Number of updated asset objects reloaded before import = 0Number of asset objects unloaded after import = 3

========================================================================
Received Import Request.
  Time since last request: 0.000050 seconds.
  path: Packages/com.unity.collab-proxy/Editor/Assets/Images/iconplasticnotifypendingchanges.png
  artifactKey: Guid(f3e2797165e71b443bae6264899b89d6) Importer(2089858483,b0f066a214c2f5e87bad3c948f4d605d)
Start importing Packages/com.unity.collab-proxy/Editor/Assets/Images/iconplasticnotifypendingchanges.png using Guid(f3e2797165e71b443bae6264899b89d6) Importer(2089858483,b0f066a214c2f5e87bad3c948f4d605d) (ScriptedImporter) -> (artifact id: 'c5d2aa47455e11d711273e34f3afbcdf') in 0.0219928 seconds
Number of updated asset objects reloaded before import = 0Number of asset objects unloaded after import = 3

========================================================================
Received Import Request.
  Time since last request: 0.000141 seconds.
  path: Packages/com.unity.collab-proxy/Editor/Assets/Images/iconlock@2x.png
  artifactKey: Guid(ba96945b6a1b743579931a87e98041fe) Importer(2089858483,b0f066a214c2f5e87bad3c948f4d605d)
Start importing Packages/com.unity.collab-proxy/Editor/Assets/Images/iconlock@2x.png using Guid(ba96945b6a1b743579931a87e98041fe) Importer(2089858483,b0f066a214c2f5e87bad3c948f4d605d) (ScriptedImporter) -> (artifact id: '025e3caadb777b0e568da8996c88f357') in 0.0256368 seconds
Number of updated asset objects reloaded before import = 0Number of asset objects unloaded after import = 3

========================================================================
Received Import Request.
  Time since last request: 0.000034 seconds.
  path: Packages/com.unity.collab-proxy/Editor/Assets/Images/iconplasticnotifyconflict@2x.png
  artifactKey: Guid(6e0a54826ffc3ee46b0aa3e1c1575a69) Importer(2089858483,b0f066a214c2f5e87bad3c948f4d605d)
Start importing Packages/com.unity.collab-proxy/Editor/Assets/Images/iconplasticnotifyconflict@2x.png using Guid(6e0a54826ffc3ee46b0aa3e1c1575a69) Importer(2089858483,b0f066a214c2f5e87bad3c948f4d605d) (ScriptedImporter) -> (artifact id: '31c63ccbd047e67aef7aa31844a916aa') in 0.0321008 seconds
Number of updated asset objects reloaded before import = 0Number of asset objects unloaded after import = 1

========================================================================
Received Import Request.
  Time since last request: 0.000105 seconds.
  path: Packages/com.unity.collab-proxy/Editor/CodeEditor/Document/TextDocument.cs
  artifactKey: Guid(62446cb4d55e74ea999402dc661a65bf) Importer(2089858483,b0f066a214c2f5e87bad3c948f4d605d)
Start importing Packages/com.unity.collab-proxy/Editor/CodeEditor/Document/TextDocument.cs using Guid(62446cb4d55e74ea999402dc661a65bf) Importer(2089858483,b0f066a214c2f5e87bad3c948f4d605d) (ScriptedImporter) -> (artifact id: 'c6019af6bbe0b90e6e0839e607be3a51') in 0.0141851 seconds
Number of updated asset objects reloaded before import = 0Number of asset objects unloaded after import = 0

========================================================================
Received Import Request.
  Time since last request: 0.000369 seconds.
  path: Packages/com.unity.collab-proxy/Editor/CloudDrive/CreateWorkspace/CreateWorkspacePanel.cs
  artifactKey: Guid(abdd7cad9f7d58546ac746130105711a) Importer(2089858483,b0f066a214c2f5e87bad3c948f4d605d)
Start importing Packages/com.unity.collab-proxy/Editor/CloudDrive/CreateWorkspace/CreateWorkspacePanel.cs using Guid(abdd7cad9f7d58546ac746130105711a) Importer(2089858483,b0f066a214c2f5e87bad3c948f4d605d) (ScriptedImporter) -> (artifact id: '8436747bc4fc199c0edff113d3d276ac') in 0.0161292 seconds
Number of updated asset objects reloaded before import = 0Number of asset objects unloaded after import = 0

========================================================================
Received Import Request.
  Time since last request: 0.000195 seconds.
  path: Packages/com.unity.collab-proxy/Editor/AssetsUtils/Processor/UVCSAssetsProcessor.cs
  artifactKey: Guid(d3daa94b5fca9a648b12f6ef2aae752f) Importer(2089858483,b0f066a214c2f5e87bad3c948f4d605d)
Start importing Packages/com.unity.collab-proxy/Editor/AssetsUtils/Processor/UVCSAssetsProcessor.cs using Guid(d3daa94b5fca9a648b12f6ef2aae752f) Importer(2089858483,b0f066a214c2f5e87bad3c948f4d605d) (ScriptedImporter) -> (artifact id: 'f1d54a178aadca10034072de226be40c') in 0.0132245 seconds
Number of updated asset objects reloaded before import = 0Number of asset objects unloaded after import = 0

========================================================================
Received Import Request.
  Time since last request: 0.000197 seconds.
  path: Packages/com.unity.collab-proxy/Editor/Assets/Images/iconplasticnotifyconflict.png
  artifactKey: Guid(a916ed6819efd014588f58e3cfc48196) Importer(2089858483,b0f066a214c2f5e87bad3c948f4d605d)
Start importing Packages/com.unity.collab-proxy/Editor/Assets/Images/iconplasticnotifyconflict.png using Guid(a916ed6819efd014588f58e3cfc48196) Importer(2089858483,b0f066a214c2f5e87bad3c948f4d605d) (ScriptedImporter) -> (artifact id: 'c44fe6a0ab35fe574fa6a366ee9779de') in 0.0226328 seconds
Number of updated asset objects reloaded before import = 0Number of asset objects unloaded after import = 1

========================================================================
Received Import Request.
  Time since last request: 0.000159 seconds.
  path: Packages/com.unity.collab-proxy/Editor/CodeEditor/Document/DocumentChangedEventArgs.cs
  artifactKey: Guid(719f01626c14c440c852febfcc5ecf9d) Importer(2089858483,b0f066a214c2f5e87bad3c948f4d605d)
Start importing Packages/com.unity.collab-proxy/Editor/CodeEditor/Document/DocumentChangedEventArgs.cs using Guid(719f01626c14c440c852febfcc5ecf9d) Importer(2089858483,b0f066a214c2f5e87bad3c948f4d605d) (ScriptedImporter) -> (artifact id: '3f10821b6ff54c84449443f58d79c22c') in 0.0157713 seconds
Number of updated asset objects reloaded before import = 0Number of asset objects unloaded after import = 0

========================================================================
Received Import Request.
  Time since last request: 0.000278 seconds.
  path: Packages/com.unity.collab-proxy/Editor/Assets/Images/iconemptygravatar.png
  artifactKey: Guid(91976e8b9ce0f0341838727acd55621c) Importer(2089858483,b0f066a214c2f5e87bad3c948f4d605d)
Start importing Packages/com.unity.collab-proxy/Editor/Assets/Images/iconemptygravatar.png using Guid(91976e8b9ce0f0341838727acd55621c) Importer(2089858483,b0f066a214c2f5e87bad3c948f4d605d) (ScriptedImporter) -> (artifact id: '0be31723e505b30b8fcdd32226cfad9a') in 0.0198626 seconds
Number of updated asset objects reloaded before import = 0Number of asset objects unloaded after import = 1

========================================================================
Received Import Request.
  Time since last request: 1.748372 seconds.
  path: Packages/com.unity.collab-proxy/Editor/CodeEditor/Document/TextSegment.cs
  artifactKey: Guid(3a70b5eaccc1e42a99eadc319fa45595) Importer(2089858483,b0f066a214c2f5e87bad3c948f4d605d)
Start importing Packages/com.unity.collab-proxy/Editor/CodeEditor/Document/TextSegment.cs using Guid(3a70b5eaccc1e42a99eadc319fa45595) Importer(2089858483,b0f066a214c2f5e87bad3c948f4d605d) (ScriptedImporter) -> (artifact id: '5ddb6bf88abcd052660cb4633fff6ed5') in 0.0139343 seconds
Number of updated asset objects reloaded before import = 0Number of asset objects unloaded after import = 0

========================================================================
Received Import Request.
  Time since last request: 0.000176 seconds.
  path: Packages/com.unity.collab-proxy/Editor/Views/Attributes/AttributesPanel.cs
  artifactKey: Guid(ed6af67100cc4771885346e6963669f6) Importer(2089858483,b0f066a214c2f5e87bad3c948f4d605d)
Start importing Packages/com.unity.collab-proxy/Editor/Views/Attributes/AttributesPanel.cs using Guid(ed6af67100cc4771885346e6963669f6) Importer(2089858483,b0f066a214c2f5e87bad3c948f4d605d) (ScriptedImporter) -> (artifact id: '2ad81a96564a69666daeb78f7af49f95') in 0.0125133 seconds
Number of updated asset objects reloaded before import = 0Number of asset objects unloaded after import = 0

========================================================================
Received Import Request.
  Time since last request: 0.000363 seconds.
  path: Packages/com.unity.collab-proxy/Editor/CodeEditor/Rendering/VisualLineElement.cs
  artifactKey: Guid(d90fa08383d64773aa221be3f519db0d) Importer(2089858483,b0f066a214c2f5e87bad3c948f4d605d)
Start importing Packages/com.unity.collab-proxy/Editor/CodeEditor/Rendering/VisualLineElement.cs using Guid(d90fa08383d64773aa221be3f519db0d) Importer(2089858483,b0f066a214c2f5e87bad3c948f4d605d) (ScriptedImporter) -> (artifact id: '2abce88ef4ebe4be1529e797b7077c50') in 0.0163088 seconds
Number of updated asset objects reloaded before import = 0Number of asset objects unloaded after import = 0

========================================================================
Received Import Request.
  Time since last request: 0.000164 seconds.
  path: Packages/com.unity.collab-proxy/Editor/Views/Branch/SerializableBranchesTabState.cs
  artifactKey: Guid(9e592d81aca24e489c0bac69b894dd31) Importer(2089858483,b0f066a214c2f5e87bad3c948f4d605d)
Start importing Packages/com.unity.collab-proxy/Editor/Views/Branch/SerializableBranchesTabState.cs using Guid(9e592d81aca24e489c0bac69b894dd31) Importer(2089858483,b0f066a214c2f5e87bad3c948f4d605d) (ScriptedImporter) -> (artifact id: '17193e4f1fb7668de23415085efeb44e') in 0.0188213 seconds
Number of updated asset objects reloaded before import = 0Number of asset objects unloaded after import = 0

========================================================================
Received Import Request.
  Time since last request: 0.000229 seconds.
  path: Packages/com.unity.collab-proxy/Editor/Views/CreateWorkspace/PerformInitialCheckin.cs
  artifactKey: Guid(29e0becc4ce852c439ff3e642f0375bd) Importer(2089858483,b0f066a214c2f5e87bad3c948f4d605d)
Start importing Packages/com.unity.collab-proxy/Editor/Views/CreateWorkspace/PerformInitialCheckin.cs using Guid(29e0becc4ce852c439ff3e642f0375bd) Importer(2089858483,b0f066a214c2f5e87bad3c948f4d605d) (ScriptedImporter) -> (artifact id: '103744d9a0c94ad73207d3ff4aeba808') in 0.0169574 seconds
Number of updated asset objects reloaded before import = 0Number of asset objects unloaded after import = 0

========================================================================
Received Import Request.
  Time since last request: 0.000180 seconds.
  path: Packages/com.unity.collab-proxy/Editor/CodeEditor/Editing/SelectionSegment.cs
  artifactKey: Guid(72b0ca78cb7b28b4c966c626e0eebf77) Importer(2089858483,b0f066a214c2f5e87bad3c948f4d605d)
Start importing Packages/com.unity.collab-proxy/Editor/CodeEditor/Editing/SelectionSegment.cs using Guid(72b0ca78cb7b28b4c966c626e0eebf77) Importer(2089858483,b0f066a214c2f5e87bad3c948f4d605d) (ScriptedImporter) -> (artifact id: '697200dccf8d6c37fccec0942b51656b') in 0.0179764 seconds
Number of updated asset objects reloaded before import = 0Number of asset objects unloaded after import = 0

========================================================================
Received Import Request.
  Time since last request: 0.000114 seconds.
  path: Packages/com.unity.collab-proxy/Editor/Views/Branch/BranchesViewMenu.cs
  artifactKey: Guid(a1f5156c89fd104459e8ec0cc3098899) Importer(2089858483,b0f066a214c2f5e87bad3c948f4d605d)
Start importing Packages/com.unity.collab-proxy/Editor/Views/Branch/BranchesViewMenu.cs using Guid(a1f5156c89fd104459e8ec0cc3098899) Importer(2089858483,b0f066a214c2f5e87bad3c948f4d605d) (ScriptedImporter) -> (artifact id: '6627f31d2b7b6abc6b55865a5c80eba7') in 0.0190311 seconds
Number of updated asset objects reloaded before import = 0Number of asset objects unloaded after import = 0

========================================================================
Received Import Request.
  Time since last request: 0.000196 seconds.
  path: Packages/com.unity.collab-proxy/Editor/UI/UIElements/MouseEvents.cs
  artifactKey: Guid(317c87f583644be895fb6679dd000910) Importer(2089858483,b0f066a214c2f5e87bad3c948f4d605d)
Start importing Packages/com.unity.collab-proxy/Editor/UI/UIElements/MouseEvents.cs using Guid(317c87f583644be895fb6679dd000910) Importer(2089858483,b0f066a214c2f5e87bad3c948f4d605d) (ScriptedImporter) -> (artifact id: '98e3728d9983cf1a7757e7f1e70a4a87') in 0.0189975 seconds
Number of updated asset objects reloaded before import = 0Number of asset objects unloaded after import = 0

========================================================================
Received Import Request.
  Time since last request: 0.000216 seconds.
  path: Packages/com.unity.collab-proxy/Editor/UI/Tree/TreeHeaderColumns.cs
  artifactKey: Guid(c3c7b1998f264b443a5b5c67a189149a) Importer(2089858483,b0f066a214c2f5e87bad3c948f4d605d)
Start importing Packages/com.unity.collab-proxy/Editor/UI/Tree/TreeHeaderColumns.cs using Guid(c3c7b1998f264b443a5b5c67a189149a) Importer(2089858483,b0f066a214c2f5e87bad3c948f4d605d) (ScriptedImporter) -> (artifact id: '44330ef424d9fa5d94b3bf3bdd26a1b9') in 0.0200658 seconds
Number of updated asset objects reloaded before import = 0Number of asset objects unloaded after import = 0

========================================================================
Received Import Request.
  Time since last request: 0.000242 seconds.
  path: Packages/com.unity.collab-proxy/Editor/UI/Tree/TreeHeaderSettings.cs
  artifactKey: Guid(38b05cc5af29cf844a31910eb512e92f) Importer(2089858483,b0f066a214c2f5e87bad3c948f4d605d)
Start importing Packages/com.unity.collab-proxy/Editor/UI/Tree/TreeHeaderSettings.cs using Guid(38b05cc5af29cf844a31910eb512e92f) Importer(2089858483,b0f066a214c2f5e87bad3c948f4d605d) (ScriptedImporter) -> (artifact id: '059b09fe2924d11298f939d73280da8d') in 0.0190718 seconds
Number of updated asset objects reloaded before import = 0Number of asset objects unloaded after import = 0

========================================================================
Received Import Request.
  Time since last request: 0.000278 seconds.
  path: Packages/com.unity.collab-proxy/Editor/CodeEditor/Editing/TextArea.cs
  artifactKey: Guid(76f83e4befc84169b2dab9ee2cc3545f) Importer(2089858483,b0f066a214c2f5e87bad3c948f4d605d)
Start importing Packages/com.unity.collab-proxy/Editor/CodeEditor/Editing/TextArea.cs using Guid(76f83e4befc84169b2dab9ee2cc3545f) Importer(2089858483,b0f066a214c2f5e87bad3c948f4d605d) (ScriptedImporter) -> (artifact id: '9af1058418747bc42df20cd257e11a87') in 0.019554 seconds
Number of updated asset objects reloaded before import = 0Number of asset objects unloaded after import = 0

========================================================================
Received Import Request.
  Time since last request: 0.000204 seconds.
  path: Packages/com.unity.collab-proxy/Editor/CodeEditor/Rendering/LayerPosition.cs
  artifactKey: Guid(be0c6030e24d4c9ea8bb60d258e05588) Importer(2089858483,b0f066a214c2f5e87bad3c948f4d605d)
Start importing Packages/com.unity.collab-proxy/Editor/CodeEditor/Rendering/LayerPosition.cs using Guid(be0c6030e24d4c9ea8bb60d258e05588) Importer(2089858483,b0f066a214c2f5e87bad3c948f4d605d) (ScriptedImporter) -> (artifact id: 'b506bee47a802c8cbcf06c11af9fd318') in 0.0176994 seconds
Number of updated asset objects reloaded before import = 0Number of asset objects unloaded after import = 0

========================================================================
Received Import Request.
  Time since last request: 0.000211 seconds.
  path: Packages/com.unity.collab-proxy/Editor/CodeEditor/Editing/CaretLayer.cs
  artifactKey: Guid(0c13d6a1dbd74659becd6e9d0d519282) Importer(2089858483,b0f066a214c2f5e87bad3c948f4d605d)
Start importing Packages/com.unity.collab-proxy/Editor/CodeEditor/Editing/CaretLayer.cs using Guid(0c13d6a1dbd74659becd6e9d0d519282) Importer(2089858483,b0f066a214c2f5e87bad3c948f4d605d) (ScriptedImporter) -> (artifact id: '9cd5d0f513c1e7deff57d16db3a78a10') in 0.0175602 seconds
Number of updated asset objects reloaded before import = 0Number of asset objects unloaded after import = 0

========================================================================
Received Import Request.
  Time since last request: 0.000189 seconds.
  path: Packages/com.unity.collab-proxy/Editor/CodeEditor/Rendering/SimpleTextSource.cs
  artifactKey: Guid(3d90656409b04b918d9e0abfefbc39df) Importer(2089858483,b0f066a214c2f5e87bad3c948f4d605d)
Start importing Packages/com.unity.collab-proxy/Editor/CodeEditor/Rendering/SimpleTextSource.cs using Guid(3d90656409b04b918d9e0abfefbc39df) Importer(2089858483,b0f066a214c2f5e87bad3c948f4d605d) (ScriptedImporter) -> (artifact id: '8de0c6cd3a3206a408b01e4b0f695d88') in 0.0172559 seconds
Number of updated asset objects reloaded before import = 0Number of asset objects unloaded after import = 0

========================================================================
Received Import Request.
  Time since last request: 0.000242 seconds.
  path: Packages/com.unity.collab-proxy/Editor/UI/Tree/TreeViewItemIds.cs
  artifactKey: Guid(2986eff1677c33345b223bdaaee2d284) Importer(2089858483,b0f066a214c2f5e87bad3c948f4d605d)
Start importing Packages/com.unity.collab-proxy/Editor/UI/Tree/TreeViewItemIds.cs using Guid(2986eff1677c33345b223bdaaee2d284) Importer(2089858483,b0f066a214c2f5e87bad3c948f4d605d) (ScriptedImporter) -> (artifact id: '3affef4ff6c1713882d59bfde885afe3') in 0.018832 seconds
Number of updated asset objects reloaded before import = 0Number of asset objects unloaded after import = 0

========================================================================
Received Import Request.
  Time since last request: 0.000135 seconds.
  path: Packages/com.unity.collab-proxy/Editor/CodeEditor/Rendering/DocumentColorizingTransformer.cs
  artifactKey: Guid(4c0af467cff74af5b25255706dd5dc26) Importer(2089858483,b0f066a214c2f5e87bad3c948f4d605d)
Start importing Packages/com.unity.collab-proxy/Editor/CodeEditor/Rendering/DocumentColorizingTransformer.cs using Guid(4c0af467cff74af5b25255706dd5dc26) Importer(2089858483,b0f066a214c2f5e87bad3c948f4d605d) (ScriptedImporter) -> (artifact id: 'c95581d382b3c0abf22e6e00dcd7f26c') in 0.018759 seconds
Number of updated asset objects reloaded before import = 0Number of asset objects unloaded after import = 0

========================================================================
Received Import Request.
  Time since last request: 0.000228 seconds.
  path: Packages/com.unity.collab-proxy/Editor/CodeEditor/Editing/SelectionMouseHandler.cs
  artifactKey: Guid(08c7b01b22714cd0a8ff0b3d9add5c1c) Importer(2089858483,b0f066a214c2f5e87bad3c948f4d605d)
Start importing Packages/com.unity.collab-proxy/Editor/CodeEditor/Editing/SelectionMouseHandler.cs using Guid(08c7b01b22714cd0a8ff0b3d9add5c1c) Importer(2089858483,b0f066a214c2f5e87bad3c948f4d605d) (ScriptedImporter) -> (artifact id: '2f0b8a139de74cc266304fc30ceef812') in 0.0165569 seconds
Number of updated asset objects reloaded before import = 0Number of asset objects unloaded after import = 0

========================================================================
Received Import Request.
  Time since last request: 0.000214 seconds.
  path: Packages/com.unity.collab-proxy/Editor/CodeEditor/TextMate/GenericLineTransformer.cs
  artifactKey: Guid(439fd5e50e8547c3980e339ea634214d) Importer(2089858483,b0f066a214c2f5e87bad3c948f4d605d)
Start importing Packages/com.unity.collab-proxy/Editor/CodeEditor/TextMate/GenericLineTransformer.cs using Guid(439fd5e50e8547c3980e339ea634214d) Importer(2089858483,b0f066a214c2f5e87bad3c948f4d605d) (ScriptedImporter) -> (artifact id: '841c0f5d44d27447c162f86977a726f1') in 0.0166785 seconds
Number of updated asset objects reloaded before import = 0Number of asset objects unloaded after import = 0

========================================================================
Received Import Request.
  Time since last request: 0.000263 seconds.
  path: Packages/com.unity.collab-proxy/Editor/CodeEditor/Utils/CallbackOnDispose.cs
  artifactKey: Guid(cb2fb351949604785bb11ffdb44f18b7) Importer(2089858483,b0f066a214c2f5e87bad3c948f4d605d)
Start importing Packages/com.unity.collab-proxy/Editor/CodeEditor/Utils/CallbackOnDispose.cs using Guid(cb2fb351949604785bb11ffdb44f18b7) Importer(2089858483,b0f066a214c2f5e87bad3c948f4d605d) (ScriptedImporter) -> (artifact id: '172f0757ab591c81fed5d5c0fd587b42') in 0.018543 seconds
Number of updated asset objects reloaded before import = 0Number of asset objects unloaded after import = 0

========================================================================
Received Import Request.
  Time since last request: 0.000236 seconds.
  path: Packages/com.unity.collab-proxy/Editor/CodeEditor/Utils/RopeTextReader.cs
  artifactKey: Guid(5657a4950f10e4c4ebafc41e8539ef61) Importer(2089858483,b0f066a214c2f5e87bad3c948f4d605d)
Start importing Packages/com.unity.collab-proxy/Editor/CodeEditor/Utils/RopeTextReader.cs using Guid(5657a4950f10e4c4ebafc41e8539ef61) Importer(2089858483,b0f066a214c2f5e87bad3c948f4d605d) (ScriptedImporter) -> (artifact id: 'a62765b5d66560525a1ba7aadb51b9be') in 0.0150681 seconds
Number of updated asset objects reloaded before import = 0Number of asset objects unloaded after import = 0

========================================================================
Received Import Request.
  Time since last request: 0.000278 seconds.
  path: Packages/com.unity.collab-proxy/Editor/UVCSToolbar/PopupWindow/ControlledPopupWindow.cs
  artifactKey: Guid(2f1b1f864205414fb1d64a6c465e0378) Importer(2089858483,b0f066a214c2f5e87bad3c948f4d605d)
Start importing Packages/com.unity.collab-proxy/Editor/UVCSToolbar/PopupWindow/ControlledPopupWindow.cs using Guid(2f1b1f864205414fb1d64a6c465e0378) Importer(2089858483,b0f066a214c2f5e87bad3c948f4d605d) (ScriptedImporter) -> (artifact id: 'bb623cdff3fd4e45b32ae82f3fdf21b2') in 0.0149951 seconds
Number of updated asset objects reloaded before import = 0Number of asset objects unloaded after import = 0

========================================================================
Received Import Request.
  Time since last request: 0.000034 seconds.
  path: Packages/com.unity.collab-proxy/Editor/Gluon/UpdateReport/ErrorListViewItem.cs
  artifactKey: Guid(0188683ab76112f4897348feb19a3b77) Importer(2089858483,b0f066a214c2f5e87bad3c948f4d605d)
Start importing Packages/com.unity.collab-proxy/Editor/Gluon/UpdateReport/ErrorListViewItem.cs using Guid(0188683ab76112f4897348feb19a3b77) Importer(2089858483,b0f066a214c2f5e87bad3c948f4d605d) (ScriptedImporter) -> (artifact id: '72550b991727344417ef5a6211ca6ef2') in 0.0186712 seconds
Number of updated asset objects reloaded before import = 0Number of asset objects unloaded after import = 0

========================================================================
Received Import Request.
  Time since last request: 0.000187 seconds.
  path: Packages/com.unity.collab-proxy/Editor/Views/Attributes/AttributePanel.cs
  artifactKey: Guid(7d5374a12bef4020a4e16051c301ba71) Importer(2089858483,b0f066a214c2f5e87bad3c948f4d605d)
Start importing Packages/com.unity.collab-proxy/Editor/Views/Attributes/AttributePanel.cs using Guid(7d5374a12bef4020a4e16051c301ba71) Importer(2089858483,b0f066a214c2f5e87bad3c948f4d605d) (ScriptedImporter) -> (artifact id: 'dbfd44e6cc5fbbe7c86b9e0cfb7148c8') in 0.0191942 seconds
Number of updated asset objects reloaded before import = 0Number of asset objects unloaded after import = 0

========================================================================
Received Import Request.
  Time since last request: 0.000153 seconds.
  path: Packages/com.unity.collab-proxy/Editor/UI/Tree/GetChangesOverlayIcon.cs
  artifactKey: Guid(d5366deaa0659eb44aa77a86d8bdc01a) Importer(2089858483,b0f066a214c2f5e87bad3c948f4d605d)
Start importing Packages/com.unity.collab-proxy/Editor/UI/Tree/GetChangesOverlayIcon.cs using Guid(d5366deaa0659eb44aa77a86d8bdc01a) Importer(2089858483,b0f066a214c2f5e87bad3c948f4d605d) (ScriptedImporter) -> (artifact id: '2ba4bf2c745b9fc599e645c086775ec5') in 0.0196346 seconds
Number of updated asset objects reloaded before import = 0Number of asset objects unloaded after import = 0

========================================================================
Received Import Request.
  Time since last request: 0.000045 seconds.
  path: Packages/com.unity.collab-proxy/Editor/CodeEditor/Utils/DelayedEvents.cs
  artifactKey: Guid(b82decbecd7e9441b9e870133239aeee) Importer(2089858483,b0f066a214c2f5e87bad3c948f4d605d)
Start importing Packages/com.unity.collab-proxy/Editor/CodeEditor/Utils/DelayedEvents.cs using Guid(b82decbecd7e9441b9e870133239aeee) Importer(2089858483,b0f066a214c2f5e87bad3c948f4d605d) (ScriptedImporter) -> (artifact id: '524125d138966aefa5628fdc4520e1f9') in 0.0215801 seconds
Number of updated asset objects reloaded before import = 0Number of asset objects unloaded after import = 0

========================================================================
Received Import Request.
  Time since last request: 0.000182 seconds.
  path: Packages/com.unity.collab-proxy/Editor/Diff/Text/DiffControl.cs
  artifactKey: Guid(c7b330f4dd3b4e53a44bde385af89aed) Importer(2089858483,b0f066a214c2f5e87bad3c948f4d605d)
Start importing Packages/com.unity.collab-proxy/Editor/Diff/Text/DiffControl.cs using Guid(c7b330f4dd3b4e53a44bde385af89aed) Importer(2089858483,b0f066a214c2f5e87bad3c948f4d605d) (ScriptedImporter) -> (artifact id: 'ce64ffaaf03599b631af4b03d2e28f10') in 0.019559 seconds
Number of updated asset objects reloaded before import = 0Number of asset objects unloaded after import = 0

========================================================================
Received Import Request.
  Time since last request: 0.000081 seconds.
  path: Packages/com.unity.collab-proxy/Editor/CodeEditor/Utils/WeakEventManagerBase.cs
  artifactKey: Guid(49e8281cb9a76452484efab10014acf8) Importer(2089858483,b0f066a214c2f5e87bad3c948f4d605d)
Start importing Packages/com.unity.collab-proxy/Editor/CodeEditor/Utils/WeakEventManagerBase.cs using Guid(49e8281cb9a76452484efab10014acf8) Importer(2089858483,b0f066a214c2f5e87bad3c948f4d605d) (ScriptedImporter) -> (artifact id: 'f44e8e5f77979a6a3a609459d37f83fb') in 0.0224217 seconds
Number of updated asset objects reloaded before import = 0Number of asset objects unloaded after import = 0

========================================================================
Received Import Request.
  Time since last request: 0.000261 seconds.
  path: Packages/com.unity.collab-proxy/Editor/CodeEditor/Utils/CursorExtensions.cs
  artifactKey: Guid(a80fc8b0253249d6854d309ad124fc7c) Importer(2089858483,b0f066a214c2f5e87bad3c948f4d605d)
Start importing Packages/com.unity.collab-proxy/Editor/CodeEditor/Utils/CursorExtensions.cs using Guid(a80fc8b0253249d6854d309ad124fc7c) Importer(2089858483,b0f066a214c2f5e87bad3c948f4d605d) (ScriptedImporter) -> (artifact id: '5aafac7999e50eb154b0ac02f437aa90') in 0.0183661 seconds
Number of updated asset objects reloaded before import = 0Number of asset objects unloaded after import = 0

========================================================================
Received Import Request.
  Time since last request: 0.000325 seconds.
  path: Packages/com.unity.collab-proxy/Editor/CodeEditor/Utils/ExtensionMethods.cs
  artifactKey: Guid(4d6e238ada664d43b3e1f3652c5c7119) Importer(2089858483,b0f066a214c2f5e87bad3c948f4d605d)
Start importing Packages/com.unity.collab-proxy/Editor/CodeEditor/Utils/ExtensionMethods.cs using Guid(4d6e238ada664d43b3e1f3652c5c7119) Importer(2089858483,b0f066a214c2f5e87bad3c948f4d605d) (ScriptedImporter) -> (artifact id: 'cec0c2aba6a4da3567bb1cbd55bd6ef4') in 0.0213034 seconds
Number of updated asset objects reloaded before import = 0Number of asset objects unloaded after import = 0

========================================================================
Received Import Request.
  Time since last request: 0.000229 seconds.
  path: Packages/com.unity.collab-proxy/Editor/UI/Progress/ProgressControlsForWindow.cs
  artifactKey: Guid(304090ddaffb4aff8f35cc005018d302) Importer(2089858483,b0f066a214c2f5e87bad3c948f4d605d)
Start importing Packages/com.unity.collab-proxy/Editor/UI/Progress/ProgressControlsForWindow.cs using Guid(304090ddaffb4aff8f35cc005018d302) Importer(2089858483,b0f066a214c2f5e87bad3c948f4d605d) (ScriptedImporter) -> (artifact id: 'e3d5f39071174b5fee9dd90e1d0fb296') in 0.0175082 seconds
Number of updated asset objects reloaded before import = 0Number of asset objects unloaded after import = 0

========================================================================
Received Import Request.
  Time since last request: 0.000189 seconds.
  path: Packages/com.unity.collab-proxy/Editor/Views/CreateWorkspace/ValidRepositoryName.cs
  artifactKey: Guid(60f5fb7fb3626214f9d97215fe186cbf) Importer(2089858483,b0f066a214c2f5e87bad3c948f4d605d)
Start importing Packages/com.unity.collab-proxy/Editor/Views/CreateWorkspace/ValidRepositoryName.cs using Guid(60f5fb7fb3626214f9d97215fe186cbf) Importer(2089858483,b0f066a214c2f5e87bad3c948f4d605d) (ScriptedImporter) -> (artifact id: 'decb85b9911250f3c04fd6a65f5ba87b') in 0.0168198 seconds
Number of updated asset objects reloaded before import = 0Number of asset objects unloaded after import = 0

========================================================================
Received Import Request.
  Time since last request: 0.000061 seconds.
  path: Packages/com.unity.collab-proxy/Editor/Views/BranchExplorer/KeyboardActions.cs
  artifactKey: Guid(b6b66fe771b04a66a438c93ccea06aa4) Importer(2089858483,b0f066a214c2f5e87bad3c948f4d605d)
Start importing Packages/com.unity.collab-proxy/Editor/Views/BranchExplorer/KeyboardActions.cs using Guid(b6b66fe771b04a66a438c93ccea06aa4) Importer(2089858483,b0f066a214c2f5e87bad3c948f4d605d) (ScriptedImporter) -> (artifact id: '1611d4448428bd0f3034982b9a423bdd') in 0.024345 seconds
Number of updated asset objects reloaded before import = 0Number of asset objects unloaded after import = 0

========================================================================
Received Import Request.
  Time since last request: 0.000166 seconds.
  path: Packages/com.unity.collab-proxy/Editor/CodeEditor/Editing/DragDropException.cs
  artifactKey: Guid(4809ab5cb1988e5449f9e1911e77d7ef) Importer(2089858483,b0f066a214c2f5e87bad3c948f4d605d)
Start importing Packages/com.unity.collab-proxy/Editor/CodeEditor/Editing/DragDropException.cs using Guid(4809ab5cb1988e5449f9e1911e77d7ef) Importer(2089858483,b0f066a214c2f5e87bad3c948f4d605d) (ScriptedImporter) -> (artifact id: 'da2038abe88c9a66501cf982b3bcc7c4') in 0.0194213 seconds
Number of updated asset objects reloaded before import = 0Number of asset objects unloaded after import = 0

========================================================================
Received Import Request.
  Time since last request: 0.000218 seconds.
  path: Packages/com.unity.collab-proxy/Editor/UI/Progress/OperationProgressData.cs
  artifactKey: Guid(3e858d866b71d5245b9b869476a487f1) Importer(2089858483,b0f066a214c2f5e87bad3c948f4d605d)
Start importing Packages/com.unity.collab-proxy/Editor/UI/Progress/OperationProgressData.cs using Guid(3e858d866b71d5245b9b869476a487f1) Importer(2089858483,b0f066a214c2f5e87bad3c948f4d605d) (ScriptedImporter) -> (artifact id: 'ad1b72a26fa4e38bb794084fc4d0310b') in 0.0204446 seconds
Number of updated asset objects reloaded before import = 0Number of asset objects unloaded after import = 0

========================================================================
Received Import Request.
  Time since last request: 0.000192 seconds.
  path: Packages/com.unity.collab-proxy/Editor/CodeEditor/TextMate/DocumentSnapshot.cs
  artifactKey: Guid(e7645ffe601f4ca9ac1285112b331d35) Importer(2089858483,b0f066a214c2f5e87bad3c948f4d605d)
Start importing Packages/com.unity.collab-proxy/Editor/CodeEditor/TextMate/DocumentSnapshot.cs using Guid(e7645ffe601f4ca9ac1285112b331d35) Importer(2089858483,b0f066a214c2f5e87bad3c948f4d605d) (ScriptedImporter) -> (artifact id: '53e3ce81a977293c40d9e49490874d16') in 0.0304202 seconds
Number of updated asset objects reloaded before import = 0Number of asset objects unloaded after import = 0

========================================================================
Received Import Request.
  Time since last request: 0.000038 seconds.
  path: Packages/com.unity.collab-proxy/Editor/CodeEditor/Editing/EditingCommandHandler.cs
  artifactKey: Guid(6c67e63daeb772a4ca7887f421833c0c) Importer(2089858483,b0f066a214c2f5e87bad3c948f4d605d)
Start importing Packages/com.unity.collab-proxy/Editor/CodeEditor/Editing/EditingCommandHandler.cs using Guid(6c67e63daeb772a4ca7887f421833c0c) Importer(2089858483,b0f066a214c2f5e87bad3c948f4d605d) (ScriptedImporter) -> (artifact id: '1e315ee1943eeb938515a114fa08d19b') in 0.0443631 seconds
Number of updated asset objects reloaded before import = 0Number of asset objects unloaded after import = 0

========================================================================
Received Import Request.
  Time since last request: 0.004591 seconds.
  path: Packages/com.unity.collab-proxy/Editor/CodeEditor/Text/TextRun.cs
  artifactKey: Guid(3caade91a0f84e08b049f6bdff64becc) Importer(2089858483,b0f066a214c2f5e87bad3c948f4d605d)
Start importing Packages/com.unity.collab-proxy/Editor/CodeEditor/Text/TextRun.cs using Guid(3caade91a0f84e08b049f6bdff64becc) Importer(2089858483,b0f066a214c2f5e87bad3c948f4d605d) (ScriptedImporter) -> (artifact id: 'a1c8c1b42f1925a7e0f140ca24c54e7b') in 0.037282 seconds
Number of updated asset objects reloaded before import = 0Number of asset objects unloaded after import = 0

========================================================================
Received Import Request.
  Time since last request: 0.002501 seconds.
  path: Packages/com.unity.collab-proxy/Editor/Views/BranchExplorer/BranchExplorerView.cs
  artifactKey: Guid(b05368a4ef1a4635b2e0337c41502e63) Importer(2089858483,b0f066a214c2f5e87bad3c948f4d605d)
Start importing Packages/com.unity.collab-proxy/Editor/Views/BranchExplorer/BranchExplorerView.cs using Guid(b05368a4ef1a4635b2e0337c41502e63) Importer(2089858483,b0f066a214c2f5e87bad3c948f4d605d) (ScriptedImporter) -> (artifact id: '34027b8a8ccfa0b6d1285795ea322156') in 0.0215982 seconds
Number of updated asset objects reloaded before import = 0Number of asset objects unloaded after import = 0

========================================================================
Received Import Request.
  Time since last request: 0.000524 seconds.
  path: Packages/com.unity.collab-proxy/Editor/CodeEditor/Indentation/IIndentationStrategy.cs
  artifactKey: Guid(8859344300b1c42c1a8d35405d42912a) Importer(2089858483,b0f066a214c2f5e87bad3c948f4d605d)
Start importing Packages/com.unity.collab-proxy/Editor/CodeEditor/Indentation/IIndentationStrategy.cs using Guid(8859344300b1c42c1a8d35405d42912a) Importer(2089858483,b0f066a214c2f5e87bad3c948f4d605d) (ScriptedImporter) -> (artifact id: '25a4fbc8764794ea06c25d0f776e964f') in 0.0176352 seconds
Number of updated asset objects reloaded before import = 0Number of asset objects unloaded after import = 0

========================================================================
Received Import Request.
  Time since last request: 0.000036 seconds.
  path: Packages/com.unity.collab-proxy/Editor/CodeEditor/Rendering/IVisualLineTransformer.cs
  artifactKey: Guid(62395497a7ea46539f001c6080803e64) Importer(2089858483,b0f066a214c2f5e87bad3c948f4d605d)
Start importing Packages/com.unity.collab-proxy/Editor/CodeEditor/Rendering/IVisualLineTransformer.cs using Guid(62395497a7ea46539f001c6080803e64) Importer(2089858483,b0f066a214c2f5e87bad3c948f4d605d) (ScriptedImporter) -> (artifact id: 'e1ce8cb0d64cefa29a61e09d1487da1c') in 0.019862 seconds
Number of updated asset objects reloaded before import = 0Number of asset objects unloaded after import = 0

========================================================================
Received Import Request.
  Time since last request: 0.000298 seconds.
  path: Packages/com.unity.collab-proxy/Editor/CodeEditor/TextMate/TextMate.cs
  artifactKey: Guid(0040383d747f4e9392c3c770bded7f25) Importer(2089858483,b0f066a214c2f5e87bad3c948f4d605d)
Start importing Packages/com.unity.collab-proxy/Editor/CodeEditor/TextMate/TextMate.cs using Guid(0040383d747f4e9392c3c770bded7f25) Importer(2089858483,b0f066a214c2f5e87bad3c948f4d605d) (ScriptedImporter) -> (artifact id: '3caa4699b25dc4ea600ae1f964c924b1') in 0.0201324 seconds
Number of updated asset objects reloaded before import = 0Number of asset objects unloaded after import = 0

========================================================================
Received Import Request.
  Time since last request: 0.000174 seconds.
  path: Packages/com.unity.collab-proxy/Editor/CodeEditor/Rendering/ITextViewConnect.cs
  artifactKey: Guid(a89fad8b7780442baad70e115cc848a1) Importer(2089858483,b0f066a214c2f5e87bad3c948f4d605d)
Start importing Packages/com.unity.collab-proxy/Editor/CodeEditor/Rendering/ITextViewConnect.cs using Guid(a89fad8b7780442baad70e115cc848a1) Importer(2089858483,b0f066a214c2f5e87bad3c948f4d605d) (ScriptedImporter) -> (artifact id: 'caf38b44b332ba20a48f2399b8736120') in 0.0168568 seconds
Number of updated asset objects reloaded before import = 0Number of asset objects unloaded after import = 0

========================================================================
Received Import Request.
  Time since last request: 0.000249 seconds.
  path: Packages/com.unity.collab-proxy/Editor/CodeEditor/Editing/SimpleSelection.cs
  artifactKey: Guid(e9659e74fbe8f46bdaded071ce191504) Importer(2089858483,b0f066a214c2f5e87bad3c948f4d605d)
Start importing Packages/com.unity.collab-proxy/Editor/CodeEditor/Editing/SimpleSelection.cs using Guid(e9659e74fbe8f46bdaded071ce191504) Importer(2089858483,b0f066a214c2f5e87bad3c948f4d605d) (ScriptedImporter) -> (artifact id: '46b75b98ef5ec0c1f5b96eb018b0558b') in 0.0172549 seconds
Number of updated asset objects reloaded before import = 0Number of asset objects unloaded after import = 0

========================================================================
Received Import Request.
  Time since last request: 0.000231 seconds.
  path: Packages/com.unity.collab-proxy/Editor/Views/BranchExplorer/EmptyStateView.cs
  artifactKey: Guid(42dc3be94f914d4c886ba488248b16b2) Importer(2089858483,b0f066a214c2f5e87bad3c948f4d605d)
Start importing Packages/com.unity.collab-proxy/Editor/Views/BranchExplorer/EmptyStateView.cs using Guid(42dc3be94f914d4c886ba488248b16b2) Importer(2089858483,b0f066a214c2f5e87bad3c948f4d605d) (ScriptedImporter) -> (artifact id: 'bdc132659f1695ea203d57c56d03c99b') in 0.0186798 seconds
Number of updated asset objects reloaded before import = 0Number of asset objects unloaded after import = 0

========================================================================
Received Import Request.
  Time since last request: 0.000251 seconds.
  path: Packages/com.unity.collab-proxy/Editor/Views/Changesets/ChangesetExplorerView.cs
  artifactKey: Guid(19731bf18cd0abd45955c297ff452044) Importer(2089858483,b0f066a214c2f5e87bad3c948f4d605d)
Start importing Packages/com.unity.collab-proxy/Editor/Views/Changesets/ChangesetExplorerView.cs using Guid(19731bf18cd0abd45955c297ff452044) Importer(2089858483,b0f066a214c2f5e87bad3c948f4d605d) (ScriptedImporter) -> (artifact id: 'f3c832785928d60e581c5718c41beba0') in 0.0209806 seconds
Number of updated asset objects reloaded before import = 0Number of asset objects unloaded after import = 0

========================================================================
Received Import Request.
  Time since last request: 0.000249 seconds.
  path: Packages/com.unity.collab-proxy/Editor/UI/Tree/TreeViewSessionState.cs
  artifactKey: Guid(1234b834dc1882e4d8e25b2f6cd9d6d6) Importer(2089858483,b0f066a214c2f5e87bad3c948f4d605d)
Start importing Packages/com.unity.collab-proxy/Editor/UI/Tree/TreeViewSessionState.cs using Guid(1234b834dc1882e4d8e25b2f6cd9d6d6) Importer(2089858483,b0f066a214c2f5e87bad3c948f4d605d) (ScriptedImporter) -> (artifact id: '75c0fbdb67dd950e3c62fbea20836613') in 0.017362 seconds
Number of updated asset objects reloaded before import = 0Number of asset objects unloaded after import = 0

========================================================================
Received Import Request.
  Time since last request: 0.000042 seconds.
  path: Packages/com.unity.collab-proxy/Editor/UI/UndoRedo/UndoRedoTextArea.cs
  artifactKey: Guid(75c9f3ad270d332499854cfab52bb2d7) Importer(2089858483,b0f066a214c2f5e87bad3c948f4d605d)
Start importing Packages/com.unity.collab-proxy/Editor/UI/UndoRedo/UndoRedoTextArea.cs using Guid(75c9f3ad270d332499854cfab52bb2d7) Importer(2089858483,b0f066a214c2f5e87bad3c948f4d605d) (ScriptedImporter) -> (artifact id: '8f276f65bfd047d1bd0558d408747160') in 0.0180069 seconds
Number of updated asset objects reloaded before import = 0Number of asset objects unloaded after import = 0

========================================================================
Received Import Request.
  Time since last request: 0.000237 seconds.
  path: Packages/com.unity.collab-proxy/Editor/UI/Progress/DrawProgressForWindow.cs
  artifactKey: Guid(22c746898109437d88d4bc5eaa84b89d) Importer(2089858483,b0f066a214c2f5e87bad3c948f4d605d)
Start importing Packages/com.unity.collab-proxy/Editor/UI/Progress/DrawProgressForWindow.cs using Guid(22c746898109437d88d4bc5eaa84b89d) Importer(2089858483,b0f066a214c2f5e87bad3c948f4d605d) (ScriptedImporter) -> (artifact id: '635ef436a548aecd907fc3aafac697e7') in 0.0190419 seconds
Number of updated asset objects reloaded before import = 0Number of asset objects unloaded after import = 0

========================================================================
Received Import Request.
  Time since last request: 0.000227 seconds.
  path: Packages/com.unity.collab-proxy/Editor/UI/Tree/DrawTreeViewItem.cs
  artifactKey: Guid(595175d7af8f8234a9336a60e33b4f32) Importer(2089858483,b0f066a214c2f5e87bad3c948f4d605d)
Start importing Packages/com.unity.collab-proxy/Editor/UI/Tree/DrawTreeViewItem.cs using Guid(595175d7af8f8234a9336a60e33b4f32) Importer(2089858483,b0f066a214c2f5e87bad3c948f4d605d) (ScriptedImporter) -> (artifact id: '707aade5fa219354bd8326c055cf2468') in 0.0234387 seconds
Number of updated asset objects reloaded before import = 0Number of asset objects unloaded after import = 0

========================================================================
Received Import Request.
  Time since last request: 0.000272 seconds.
  path: Packages/com.unity.collab-proxy/Editor/CodeEditor/Rendering/HeightTree.cs
  artifactKey: Guid(020cf146eb6046b787fd56c275a4b6f8) Importer(2089858483,b0f066a214c2f5e87bad3c948f4d605d)
Start importing Packages/com.unity.collab-proxy/Editor/CodeEditor/Rendering/HeightTree.cs using Guid(020cf146eb6046b787fd56c275a4b6f8) Importer(2089858483,b0f066a214c2f5e87bad3c948f4d605d) (ScriptedImporter) -> (artifact id: 'abb78bb2996c35d890abcac83dcb870e') in 0.0191624 seconds
Number of updated asset objects reloaded before import = 0Number of asset objects unloaded after import = 0

========================================================================
Received Import Request.
  Time since last request: 0.000209 seconds.
  path: Packages/com.unity.collab-proxy/Editor/CodeEditor/Utils/Empty.cs
  artifactKey: Guid(917f880bb43743a3869e281c51dfdc43) Importer(2089858483,b0f066a214c2f5e87bad3c948f4d605d)
Start importing Packages/com.unity.collab-proxy/Editor/CodeEditor/Utils/Empty.cs using Guid(917f880bb43743a3869e281c51dfdc43) Importer(2089858483,b0f066a214c2f5e87bad3c948f4d605d) (ScriptedImporter) -> (artifact id: 'ce284c23be53b7158b1fd1baa8209833') in 0.0203061 seconds
Number of updated asset objects reloaded before import = 0Number of asset objects unloaded after import = 0

========================================================================
Received Import Request.
  Time since last request: 0.000192 seconds.
  path: Packages/com.unity.collab-proxy/Editor/CodeEditor/Utils/Deque.cs
  artifactKey: Guid(fdf371b229de34c7a8f364e3cb759548) Importer(2089858483,b0f066a214c2f5e87bad3c948f4d605d)
Start importing Packages/com.unity.collab-proxy/Editor/CodeEditor/Utils/Deque.cs using Guid(fdf371b229de34c7a8f364e3cb759548) Importer(2089858483,b0f066a214c2f5e87bad3c948f4d605d) (ScriptedImporter) -> (artifact id: '0b92efa8f16c2da8717105153de0fbe9') in 0.0178369 seconds
Number of updated asset objects reloaded before import = 0Number of asset objects unloaded after import = 0

========================================================================
Received Import Request.
  Time since last request: 0.000243 seconds.
  path: Packages/com.unity.collab-proxy/Editor/UI/UIElements/ProgressControlsForDialogs.cs
  artifactKey: Guid(f213e847b2dfa264ea3243bef42fbef0) Importer(2089858483,b0f066a214c2f5e87bad3c948f4d605d)
Start importing Packages/com.unity.collab-proxy/Editor/UI/UIElements/ProgressControlsForDialogs.cs using Guid(f213e847b2dfa264ea3243bef42fbef0) Importer(2089858483,b0f066a214c2f5e87bad3c948f4d605d) (ScriptedImporter) -> (artifact id: 'dc8fde5cfec1fad5e00e9d44db1b2c68') in 0.019104 seconds
Number of updated asset objects reloaded before import = 0Number of asset objects unloaded after import = 0

========================================================================
Received Import Request.
  Time since last request: 0.000244 seconds.
  path: Packages/com.unity.collab-proxy/Editor/Diff/Purged/PurgedRevisionControl.cs
  artifactKey: Guid(41e102f2e5fa4b40b4ed138a4ca27a14) Importer(2089858483,b0f066a214c2f5e87bad3c948f4d605d)
Start importing Packages/com.unity.collab-proxy/Editor/Diff/Purged/PurgedRevisionControl.cs using Guid(41e102f2e5fa4b40b4ed138a4ca27a14) Importer(2089858483,b0f066a214c2f5e87bad3c948f4d605d) (ScriptedImporter) -> (artifact id: '865a2e9677b33b64213e11e86e7b0aa2') in 0.0203104 seconds
Number of updated asset objects reloaded before import = 0Number of asset objects unloaded after import = 0

========================================================================
Received Import Request.
  Time since last request: 0.000197 seconds.
  path: Packages/com.unity.collab-proxy/Editor/CodeEditor/Rendering/TextViewWeakEventManager.cs
  artifactKey: Guid(187e79737b0d4cafb4c958f89f9f6843) Importer(2089858483,b0f066a214c2f5e87bad3c948f4d605d)
Start importing Packages/com.unity.collab-proxy/Editor/CodeEditor/Rendering/TextViewWeakEventManager.cs using Guid(187e79737b0d4cafb4c958f89f9f6843) Importer(2089858483,b0f066a214c2f5e87bad3c948f4d605d) (ScriptedImporter) -> (artifact id: '1a3ccb0c030d067913e5e5645f55ff27') in 0.0191336 seconds
Number of updated asset objects reloaded before import = 0Number of asset objects unloaded after import = 0

========================================================================
Received Import Request.
  Time since last request: 0.000486 seconds.
  path: Packages/com.unity.collab-proxy/Editor/CodeEditor/Editing/SelectionColorizer.cs
  artifactKey: Guid(3b30e6342e7149441aa64d1d4bd764b7) Importer(2089858483,b0f066a214c2f5e87bad3c948f4d605d)
Start importing Packages/com.unity.collab-proxy/Editor/CodeEditor/Editing/SelectionColorizer.cs using Guid(3b30e6342e7149441aa64d1d4bd764b7) Importer(2089858483,b0f066a214c2f5e87bad3c948f4d605d) (ScriptedImporter) -> (artifact id: '376f9dd248c45c7851a851ac79a6415b') in 0.022392 seconds
Number of updated asset objects reloaded before import = 0Number of asset objects unloaded after import = 0

========================================================================
Received Import Request.
  Time since last request: 0.001528 seconds.
  path: Packages/com.unity.collab-proxy/Editor/CodeEditor/Rendering/VisualLineConstructionStartEventArgs.cs
  artifactKey: Guid(dcf41b8eb4864b26940bbaae32dedbb4) Importer(2089858483,b0f066a214c2f5e87bad3c948f4d605d)
Start importing Packages/com.unity.collab-proxy/Editor/CodeEditor/Rendering/VisualLineConstructionStartEventArgs.cs using Guid(dcf41b8eb4864b26940bbaae32dedbb4) Importer(2089858483,b0f066a214c2f5e87bad3c948f4d605d) (ScriptedImporter) -> (artifact id: 'f35772a524d07f9b6ee68f7390bcf376') in 0.0226792 seconds
Number of updated asset objects reloaded before import = 0Number of asset objects unloaded after import = 0

========================================================================
Received Import Request.
  Time since last request: 1.414546 seconds.
  path: Packages/com.unity.collab-proxy/Editor/Views/History/HistoryListViewItem.cs
  artifactKey: Guid(b1b8657301e8ead4a9389eda02c15883) Importer(2089858483,b0f066a214c2f5e87bad3c948f4d605d)
Start importing Packages/com.unity.collab-proxy/Editor/Views/History/HistoryListViewItem.cs using Guid(b1b8657301e8ead4a9389eda02c15883) Importer(2089858483,b0f066a214c2f5e87bad3c948f4d605d) (ScriptedImporter) -> (artifact id: '5e4889313e963596a2e5cfe6b3337ffc') in 0.019859 seconds
Number of updated asset objects reloaded before import = 0Number of asset objects unloaded after import = 0

========================================================================
Received Import Request.
  Time since last request: 0.000204 seconds.
  path: Packages/com.unity.collab-proxy/Editor/UVCSToolbar/PopupWindow/Operations/UncontrolledPopupOperations.cs
  artifactKey: Guid(e2d43d3b3af668e4fb7dbf4f2b7384e5) Importer(2089858483,b0f066a214c2f5e87bad3c948f4d605d)
Start importing Packages/com.unity.collab-proxy/Editor/UVCSToolbar/PopupWindow/Operations/UncontrolledPopupOperations.cs using Guid(e2d43d3b3af668e4fb7dbf4f2b7384e5) Importer(2089858483,b0f066a214c2f5e87bad3c948f4d605d) (ScriptedImporter) -> (artifact id: 'cc4225aef47340b26879ef74fd64ef1f') in 0.0181703 seconds
Number of updated asset objects reloaded before import = 0Number of asset objects unloaded after import = 0

========================================================================
Received Import Request.
  Time since last request: 0.000196 seconds.
  path: Packages/com.unity.collab-proxy/Editor/UI/UnityInternals/UnityEditor/EditorGUIUtility.cs
  artifactKey: Guid(9e014c1d5026c446a92925295a6a1471) Importer(2089858483,b0f066a214c2f5e87bad3c948f4d605d)
Start importing Packages/com.unity.collab-proxy/Editor/UI/UnityInternals/UnityEditor/EditorGUIUtility.cs using Guid(9e014c1d5026c446a92925295a6a1471) Importer(2089858483,b0f066a214c2f5e87bad3c948f4d605d) (ScriptedImporter) -> (artifact id: '11ed7c2aa476c91d61cb2e063e6e0933') in 0.0229578 seconds
Number of updated asset objects reloaded before import = 0Number of asset objects unloaded after import = 0

========================================================================
Received Import Request.
  Time since last request: 0.000355 seconds.
  path: Packages/com.unity.collab-proxy/Lib/Editor/Localization/semantic.zh-Hans.txt
  artifactKey: Guid(f029733eb8bb74bfe9157299b13bcc27) Importer(2089858483,b0f066a214c2f5e87bad3c948f4d605d)
Start importing Packages/com.unity.collab-proxy/Lib/Editor/Localization/semantic.zh-Hans.txt using Guid(f029733eb8bb74bfe9157299b13bcc27) Importer(2089858483,b0f066a214c2f5e87bad3c948f4d605d) (ScriptedImporter) -> (artifact id: '2f356563aaf67a58c13bfb971f1b17b7') in 0.0189505 seconds
Number of updated asset objects reloaded before import = 0Number of asset objects unloaded after import = 1

========================================================================
Received Import Request.
  Time since last request: 0.000191 seconds.
  path: Packages/com.unity.collab-proxy/Lib/Editor/Localization/semantic.es.txt
  artifactKey: Guid(a08b920ba06c544bbbb9042f68056940) Importer(2089858483,b0f066a214c2f5e87bad3c948f4d605d)
Start importing Packages/com.unity.collab-proxy/Lib/Editor/Localization/semantic.es.txt using Guid(a08b920ba06c544bbbb9042f68056940) Importer(2089858483,b0f066a214c2f5e87bad3c948f4d605d) (ScriptedImporter) -> (artifact id: 'a56b4fd27d7b15277ec032bd042fb06a') in 0.0188706 seconds
Number of updated asset objects reloaded before import = 0Number of asset objects unloaded after import = 1

========================================================================
Received Import Request.
  Time since last request: 0.000102 seconds.
  path: Packages/com.unity.collab-proxy/Lib/Editor/Localization/cm.ko.txt
  artifactKey: Guid(0cf2133faf5334f1f8c52dfbfc9fcf6e) Importer(2089858483,b0f066a214c2f5e87bad3c948f4d605d)
Start importing Packages/com.unity.collab-proxy/Lib/Editor/Localization/cm.ko.txt using Guid(0cf2133faf5334f1f8c52dfbfc9fcf6e) Importer(2089858483,b0f066a214c2f5e87bad3c948f4d605d) (ScriptedImporter) -> (artifact id: '360d5d6a437c43ccf6def43081473a7f') in 0.0163994 seconds
Number of updated asset objects reloaded before import = 0Number of asset objects unloaded after import = 1

========================================================================
Received Import Request.
  Time since last request: 0.000100 seconds.
  path: Packages/com.unity.collab-proxy/Lib/Editor/Localization/semantic.en.txt
  artifactKey: Guid(5d93a4f9061c5464db4edc4b2787e604) Importer(2089858483,b0f066a214c2f5e87bad3c948f4d605d)
Start importing Packages/com.unity.collab-proxy/Lib/Editor/Localization/semantic.en.txt using Guid(5d93a4f9061c5464db4edc4b2787e604) Importer(2089858483,b0f066a214c2f5e87bad3c948f4d605d) (ScriptedImporter) -> (artifact id: '4a9b558375d7b924a89dfec054d9b4ac') in 0.0193176 seconds
Number of updated asset objects reloaded before import = 0Number of asset objects unloaded after import = 1

========================================================================
Received Import Request.
  Time since last request: 0.000474 seconds.
  path: Packages/com.unity.collab-proxy/Editor/Views/Properties/CommentTextArea.cs
  artifactKey: Guid(135807053f9344668425b329212cc99c) Importer(2089858483,b0f066a214c2f5e87bad3c948f4d605d)
Start importing Packages/com.unity.collab-proxy/Editor/Views/Properties/CommentTextArea.cs using Guid(135807053f9344668425b329212cc99c) Importer(2089858483,b0f066a214c2f5e87bad3c948f4d605d) (ScriptedImporter) -> (artifact id: 'cfc03bebf760b7c0b0040d711b56ac19') in 0.0256712 seconds
Number of updated asset objects reloaded before import = 0Number of asset objects unloaded after import = 0

========================================================================
Received Import Request.
  Time since last request: 0.000143 seconds.
  path: Packages/com.unity.collab-proxy/Editor/UI/UnityInternals/UnityEditor/EditorUtility.cs
  artifactKey: Guid(399b9baa7c7d47729fb3930f4d588602) Importer(2089858483,b0f066a214c2f5e87bad3c948f4d605d)
Start importing Packages/com.unity.collab-proxy/Editor/UI/UnityInternals/UnityEditor/EditorUtility.cs using Guid(399b9baa7c7d47729fb3930f4d588602) Importer(2089858483,b0f066a214c2f5e87bad3c948f4d605d) (ScriptedImporter) -> (artifact id: '68bcc2566ca012be0940fa7d2f3118b5') in 0.0188277 seconds
Number of updated asset objects reloaded before import = 0Number of asset objects unloaded after import = 0

========================================================================
Received Import Request.
  Time since last request: 0.000259 seconds.
  path: Packages/com.unity.collab-proxy/Editor/Views/History/HistoryTab.cs
  artifactKey: Guid(3a49359b59c12b74386ca6816923ec2c) Importer(2089858483,b0f066a214c2f5e87bad3c948f4d605d)
Start importing Packages/com.unity.collab-proxy/Editor/Views/History/HistoryTab.cs using Guid(3a49359b59c12b74386ca6816923ec2c) Importer(2089858483,b0f066a214c2f5e87bad3c948f4d605d) (ScriptedImporter) -> (artifact id: '8c1fe5c5b0af9a7e2a479acda29c59b0') in 0.0217778 seconds
Number of updated asset objects reloaded before import = 0Number of asset objects unloaded after import = 0

========================================================================
Received Import Request.
  Time since last request: 0.000169 seconds.
  path: Packages/com.unity.collab-proxy/Editor/UI/UnityInternals/UnityEditor/SettingsWindow.cs
  artifactKey: Guid(c4f779ee37894d99adede8127ac9961d) Importer(2089858483,b0f066a214c2f5e87bad3c948f4d605d)
Start importing Packages/com.unity.collab-proxy/Editor/UI/UnityInternals/UnityEditor/SettingsWindow.cs using Guid(c4f779ee37894d99adede8127ac9961d) Importer(2089858483,b0f066a214c2f5e87bad3c948f4d605d) (ScriptedImporter) -> (artifact id: '81c76c8346f481ae9e032fb04e02bcb6') in 0.0241697 seconds
Number of updated asset objects reloaded before import = 0Number of asset objects unloaded after import = 0

========================================================================
Received Import Request.
  Time since last request: 0.000214 seconds.
  path: Packages/com.unity.collab-proxy/Editor/Views/PendingChanges/ChangelistTreeViewItem.cs
  artifactKey: Guid(e1a6d107a6d177540bc36d82a9449128) Importer(2089858483,b0f066a214c2f5e87bad3c948f4d605d)
Start importing Packages/com.unity.collab-proxy/Editor/Views/PendingChanges/ChangelistTreeViewItem.cs using Guid(e1a6d107a6d177540bc36d82a9449128) Importer(2089858483,b0f066a214c2f5e87bad3c948f4d605d) (ScriptedImporter) -> (artifact id: 'f4dbc1787f6715184bf81f466ad98a52') in 0.0216179 seconds
Number of updated asset objects reloaded before import = 0Number of asset objects unloaded after import = 0

========================================================================
Received Import Request.
  Time since last request: 0.000281 seconds.
  path: Packages/com.unity.collab-proxy/Editor/CloudDrive/Workspaces/Tree/CloudWorkspacesTreeViewMenu.cs
  artifactKey: Guid(413847c0678742c299af4cfac5ce8cb1) Importer(2089858483,b0f066a214c2f5e87bad3c948f4d605d)
Start importing Packages/com.unity.collab-proxy/Editor/CloudDrive/Workspaces/Tree/CloudWorkspacesTreeViewMenu.cs using Guid(413847c0678742c299af4cfac5ce8cb1) Importer(2089858483,b0f066a214c2f5e87bad3c948f4d605d) (ScriptedImporter) -> (artifact id: '8f8d5d8f622eb50c2eee02cd9c2d9b3f') in 0.0218435 seconds
Number of updated asset objects reloaded before import = 0Number of asset objects unloaded after import = 0

========================================================================
Received Import Request.
  Time since last request: 0.000223 seconds.
  path: Packages/com.unity.collab-proxy/Editor/UVCSToolbar/PopupWindow/BranchesList/PopupProgressBar.cs
  artifactKey: Guid(fc962e8f744f4e80962b46b05d1c2d27) Importer(2089858483,b0f066a214c2f5e87bad3c948f4d605d)
Start importing Packages/com.unity.collab-proxy/Editor/UVCSToolbar/PopupWindow/BranchesList/PopupProgressBar.cs using Guid(fc962e8f744f4e80962b46b05d1c2d27) Importer(2089858483,b0f066a214c2f5e87bad3c948f4d605d) (ScriptedImporter) -> (artifact id: 'a23639bf5071b4ec509cfa06a1493681') in 0.0180444 seconds
Number of updated asset objects reloaded before import = 0Number of asset objects unloaded after import = 0

========================================================================
Received Import Request.
  Time since last request: 0.000248 seconds.
  path: Packages/com.unity.collab-proxy/Lib/Editor/Localization/differences.en.txt
  artifactKey: Guid(f043e5489ede848928e1a5292dfdf645) Importer(2089858483,b0f066a214c2f5e87bad3c948f4d605d)
Start importing Packages/com.unity.collab-proxy/Lib/Editor/Localization/differences.en.txt using Guid(f043e5489ede848928e1a5292dfdf645) Importer(2089858483,b0f066a214c2f5e87bad3c948f4d605d) (ScriptedImporter) -> (artifact id: '7c116d3615b21bca51a303321e4f9e93') in 0.0194798 seconds
Number of updated asset objects reloaded before import = 0Number of asset objects unloaded after import = 1

========================================================================
Received Import Request.
  Time since last request: 0.000035 seconds.
  path: Packages/com.unity.collab-proxy/Lib/Editor/Localization/cm-help.zh-Hant.txt
  artifactKey: Guid(ed4f385e49dcd4cdd904e43f3e306360) Importer(2089858483,b0f066a214c2f5e87bad3c948f4d605d)
Start importing Packages/com.unity.collab-proxy/Lib/Editor/Localization/cm-help.zh-Hant.txt using Guid(ed4f385e49dcd4cdd904e43f3e306360) Importer(2089858483,b0f066a214c2f5e87bad3c948f4d605d) (ScriptedImporter) -> (artifact id: '3270a39dd89ad361039ebc1f28b202aa') in 0.02076 seconds
Number of updated asset objects reloaded before import = 0Number of asset objects unloaded after import = 1

========================================================================
Received Import Request.
  Time since last request: 0.000161 seconds.
  path: Packages/com.unity.collab-proxy/Lib/Editor/Localization/differences.zh-Hant.txt
  artifactKey: Guid(2e9f960849fcb4ac5bf1fbf3a43c588c) Importer(2089858483,b0f066a214c2f5e87bad3c948f4d605d)
Start importing Packages/com.unity.collab-proxy/Lib/Editor/Localization/differences.zh-Hant.txt using Guid(2e9f960849fcb4ac5bf1fbf3a43c588c) Importer(2089858483,b0f066a214c2f5e87bad3c948f4d605d) (ScriptedImporter) -> (artifact id: '279a7c2eae697d6c7bab066967921f92') in 0.0195255 seconds
Number of updated asset objects reloaded before import = 0Number of asset objects unloaded after import = 1

========================================================================
Received Import Request.
  Time since last request: 0.000200 seconds.
  path: Packages/com.unity.collab-proxy/Lib/Editor/Localization/xdiff.ko.txt
  artifactKey: Guid(8cb079b2a5c1f44a4ae141b0f24ef6ac) Importer(2089858483,b0f066a214c2f5e87bad3c948f4d605d)
Start importing Packages/com.unity.collab-proxy/Lib/Editor/Localization/xdiff.ko.txt using Guid(8cb079b2a5c1f44a4ae141b0f24ef6ac) Importer(2089858483,b0f066a214c2f5e87bad3c948f4d605d) (ScriptedImporter) -> (artifact id: '3b9d0f67496b67f0c8e371e17dcb7ce9') in 0.0210661 seconds
Number of updated asset objects reloaded before import = 0Number of asset objects unloaded after import = 1

========================================================================
Received Import Request.
  Time since last request: 0.000131 seconds.
  path: Packages/com.unity.collab-proxy/Lib/Editor/Localization/configurehelper.zh-Hans.txt
  artifactKey: Guid(01e0e23bf64e44c359f58e04304087c0) Importer(2089858483,b0f066a214c2f5e87bad3c948f4d605d)
Start importing Packages/com.unity.collab-proxy/Lib/Editor/Localization/configurehelper.zh-Hans.txt using Guid(01e0e23bf64e44c359f58e04304087c0) Importer(2089858483,b0f066a214c2f5e87bad3c948f4d605d) (ScriptedImporter) -> (artifact id: '93cce47f1478c4e819b07e3f8fcb9a64') in 0.0200919 seconds
Number of updated asset objects reloaded before import = 0Number of asset objects unloaded after import = 1

========================================================================
Received Import Request.
  Time since last request: 0.000140 seconds.
  path: Packages/com.unity.collab-proxy/Lib/Editor/Localization/mergetool.en.txt
  artifactKey: Guid(ab8259796afe24142895385548247dc5) Importer(2089858483,b0f066a214c2f5e87bad3c948f4d605d)
Start importing Packages/com.unity.collab-proxy/Lib/Editor/Localization/mergetool.en.txt using Guid(ab8259796afe24142895385548247dc5) Importer(2089858483,b0f066a214c2f5e87bad3c948f4d605d) (ScriptedImporter) -> (artifact id: 'ccfc14eb21e108e53bb23426f64fcd97') in 0.0236624 seconds
Number of updated asset objects reloaded before import = 0Number of asset objects unloaded after import = 1

========================================================================
Received Import Request.
  Time since last request: 0.000157 seconds.
  path: Packages/com.unity.collab-proxy/Editor/Views/Properties/PropertiesPanel.cs
  artifactKey: Guid(b10d1c0a975d47f2840062c1a1fbe6a9) Importer(2089858483,b0f066a214c2f5e87bad3c948f4d605d)
Start importing Packages/com.unity.collab-proxy/Editor/Views/Properties/PropertiesPanel.cs using Guid(b10d1c0a975d47f2840062c1a1fbe6a9) Importer(2089858483,b0f066a214c2f5e87bad3c948f4d605d) (ScriptedImporter) -> (artifact id: 'c13761f031ed12b62518a7bcc3c6c99e') in 0.026745 seconds
Number of updated asset objects reloaded before import = 0Number of asset objects unloaded after import = 0

========================================================================
Received Import Request.
  Time since last request: 0.000228 seconds.
  path: Packages/com.unity.collab-proxy/Editor/_Deprecated/CollabMigration/MigrateCollabProject.cs
  artifactKey: Guid(d877163a4d5b71945ae435ce29592751) Importer(2089858483,b0f066a214c2f5e87bad3c948f4d605d)
Start importing Packages/com.unity.collab-proxy/Editor/_Deprecated/CollabMigration/MigrateCollabProject.cs using Guid(d877163a4d5b71945ae435ce29592751) Importer(2089858483,b0f066a214c2f5e87bad3c948f4d605d) (ScriptedImporter) -> (artifact id: '0b12b0fec2f6366d72d58349cb0f97b5') in 0.0190728 seconds
Number of updated asset objects reloaded before import = 0Number of asset objects unloaded after import = 0

========================================================================
Received Import Request.
  Time since last request: 0.000244 seconds.
  path: Packages/com.unity.collab-proxy/Lib/Editor/Localization/plastic-gui.zh-Hant.txt
  artifactKey: Guid(647748199c4bd4ccfae42e62fc5a3acd) Importer(2089858483,b0f066a214c2f5e87bad3c948f4d605d)
Start importing Packages/com.unity.collab-proxy/Lib/Editor/Localization/plastic-gui.zh-Hant.txt using Guid(647748199c4bd4ccfae42e62fc5a3acd) Importer(2089858483,b0f066a214c2f5e87bad3c948f4d605d) (ScriptedImporter) -> (artifact id: 'd5c0f5777ebd50ab61adf1f11223fa81') in 0.0185791 seconds
Number of updated asset objects reloaded before import = 0Number of asset objects unloaded after import = 1

========================================================================
Received Import Request.
  Time since last request: 0.000168 seconds.
  path: Packages/com.unity.collab-proxy/Editor/Views/Merge/IIncomingChangesTab.cs
  artifactKey: Guid(7a04ed4805f84fd4a8ceee51915ba39a) Importer(2089858483,b0f066a214c2f5e87bad3c948f4d605d)
Start importing Packages/com.unity.collab-proxy/Editor/Views/Merge/IIncomingChangesTab.cs using Guid(7a04ed4805f84fd4a8ceee51915ba39a) Importer(2089858483,b0f066a214c2f5e87bad3c948f4d605d) (ScriptedImporter) -> (artifact id: '6852477faa55d0b7d87fded8ff339b22') in 0.0192795 seconds
Number of updated asset objects reloaded before import = 0Number of asset objects unloaded after import = 0

========================================================================
Received Import Request.
  Time since last request: 0.000295 seconds.
  path: Packages/com.unity.collab-proxy/Editor/UI/UnityInternals/UnityEditor/GenericMenuExtensions.cs
  artifactKey: Guid(1181856e3fc64a12b4e5d404d501e989) Importer(2089858483,b0f066a214c2f5e87bad3c948f4d605d)
Start importing Packages/com.unity.collab-proxy/Editor/UI/UnityInternals/UnityEditor/GenericMenuExtensions.cs using Guid(1181856e3fc64a12b4e5d404d501e989) Importer(2089858483,b0f066a214c2f5e87bad3c948f4d605d) (ScriptedImporter) -> (artifact id: 'affba5c6de59a9042c894c1a024a2f8b') in 0.0207581 seconds
Number of updated asset objects reloaded before import = 0Number of asset objects unloaded after import = 0

========================================================================
Received Import Request.
  Time since last request: 0.000102 seconds.
  path: Packages/com.unity.collab-proxy/Editor/Views/Labels/LabelsViewMenu.cs
  artifactKey: Guid(677b354f66fb9d640a93f849362af498) Importer(2089858483,b0f066a214c2f5e87bad3c948f4d605d)
Start importing Packages/com.unity.collab-proxy/Editor/Views/Labels/LabelsViewMenu.cs using Guid(677b354f66fb9d640a93f849362af498) Importer(2089858483,b0f066a214c2f5e87bad3c948f4d605d) (ScriptedImporter) -> (artifact id: '56f533466c042cb58056c2e2f0336660') in 0.0182772 seconds
Number of updated asset objects reloaded before import = 0Number of asset objects unloaded after import = 0

========================================================================
Received Import Request.
  Time since last request: 0.000222 seconds.
  path: Packages/com.unity.collab-proxy/Editor/Views/Labels/LabelListViewItem.cs
  artifactKey: Guid(858cd1de29a71bd4c913db15f8ae3a0f) Importer(2089858483,b0f066a214c2f5e87bad3c948f4d605d)
Start importing Packages/com.unity.collab-proxy/Editor/Views/Labels/LabelListViewItem.cs using Guid(858cd1de29a71bd4c913db15f8ae3a0f) Importer(2089858483,b0f066a214c2f5e87bad3c948f4d605d) (ScriptedImporter) -> (artifact id: 'be2ae8e70c1bba5441f52bc1c6dbe8f9') in 0.0169403 seconds
Number of updated asset objects reloaded before import = 0Number of asset objects unloaded after import = 0

========================================================================
Received Import Request.
  Time since last request: 0.000200 seconds.
  path: Packages/com.unity.collab-proxy/Editor/CloudDrive/Workspaces/DirectoryContent/ImportInProjectDialog.cs
  artifactKey: Guid(4b51fa1c43534178b0b4bd9a425e187b) Importer(2089858483,b0f066a214c2f5e87bad3c948f4d605d)
Start importing Packages/com.unity.collab-proxy/Editor/CloudDrive/Workspaces/DirectoryContent/ImportInProjectDialog.cs using Guid(4b51fa1c43534178b0b4bd9a425e187b) Importer(2089858483,b0f066a214c2f5e87bad3c948f4d605d) (ScriptedImporter) -> (artifact id: '021d425e6171fcdf989c0310fc1c7522') in 0.0159571 seconds
Number of updated asset objects reloaded before import = 0Number of asset objects unloaded after import = 0

========================================================================
Received Import Request.
  Time since last request: 0.000231 seconds.
  path: Packages/com.unity.collab-proxy/Lib/Editor/Localization/cm-help.ja.txt
  artifactKey: Guid(97b1c8a1efbe8437790c98e3cfacaf16) Importer(2089858483,b0f066a214c2f5e87bad3c948f4d605d)
Start importing Packages/com.unity.collab-proxy/Lib/Editor/Localization/cm-help.ja.txt using Guid(97b1c8a1efbe8437790c98e3cfacaf16) Importer(2089858483,b0f066a214c2f5e87bad3c948f4d605d) (ScriptedImporter) -> (artifact id: 'a3ce8cdcb2a504cf1122277d02db092c') in 0.0187868 seconds
Number of updated asset objects reloaded before import = 0Number of asset objects unloaded after import = 1

========================================================================
Received Import Request.
  Time since last request: 0.000180 seconds.
  path: Packages/com.unity.collab-proxy/Editor/Views/Branch/Dialogs/DeleteBranchDialog.cs
  artifactKey: Guid(6780ea954e283bd4f82686f6e5ebafee) Importer(2089858483,b0f066a214c2f5e87bad3c948f4d605d)
Start importing Packages/com.unity.collab-proxy/Editor/Views/Branch/Dialogs/DeleteBranchDialog.cs using Guid(6780ea954e283bd4f82686f6e5ebafee) Importer(2089858483,b0f066a214c2f5e87bad3c948f4d605d) (ScriptedImporter) -> (artifact id: '886a1be2cc03b7b967da363d0a187615') in 0.0172316 seconds
Number of updated asset objects reloaded before import = 0Number of asset objects unloaded after import = 0

========================================================================
Received Import Request.
  Time since last request: 0.000250 seconds.
  path: Packages/com.unity.collab-proxy/Editor/Views/Shelves/ShelvesTab.cs
  artifactKey: Guid(9a496dda1132f2942b00c4f1c427454d) Importer(2089858483,b0f066a214c2f5e87bad3c948f4d605d)
Start importing Packages/com.unity.collab-proxy/Editor/Views/Shelves/ShelvesTab.cs using Guid(9a496dda1132f2942b00c4f1c427454d) Importer(2089858483,b0f066a214c2f5e87bad3c948f4d605d) (ScriptedImporter) -> (artifact id: '2744ab06035b1f2548b940ac6d348ced') in 0.0188951 seconds
Number of updated asset objects reloaded before import = 0Number of asset objects unloaded after import = 0

========================================================================
Received Import Request.
  Time since last request: 0.000238 seconds.
  path: Packages/com.unity.collab-proxy/Editor/UI/UnityInternals/UnityEditor/ContainerWindow.cs
  artifactKey: Guid(0bb6b8b3dfca43538b7ef0bff1d13780) Importer(2089858483,b0f066a214c2f5e87bad3c948f4d605d)
Start importing Packages/com.unity.collab-proxy/Editor/UI/UnityInternals/UnityEditor/ContainerWindow.cs using Guid(0bb6b8b3dfca43538b7ef0bff1d13780) Importer(2089858483,b0f066a214c2f5e87bad3c948f4d605d) (ScriptedImporter) -> (artifact id: '16722177d49f7db5db4624ba7d0cda9a') in 0.0191562 seconds
Number of updated asset objects reloaded before import = 0Number of asset objects unloaded after import = 0

========================================================================
Received Import Request.
  Time since last request: 0.000282 seconds.
  path: Packages/com.unity.collab-proxy/Lib/Editor/Localization/clientcommon.ko.txt
  artifactKey: Guid(49219f4ee5ecc4611aaf67609eeed843) Importer(2089858483,b0f066a214c2f5e87bad3c948f4d605d)
Start importing Packages/com.unity.collab-proxy/Lib/Editor/Localization/clientcommon.ko.txt using Guid(49219f4ee5ecc4611aaf67609eeed843) Importer(2089858483,b0f066a214c2f5e87bad3c948f4d605d) (ScriptedImporter) -> (artifact id: '3035a8c1f71f0e06a637018b5ca67d48') in 0.0167446 seconds
Number of updated asset objects reloaded before import = 0Number of asset objects unloaded after import = 1

========================================================================
Received Import Request.
  Time since last request: 0.000140 seconds.
  path: Packages/com.unity.collab-proxy/Lib/Editor/Localization/commontypes.ko.txt
  artifactKey: Guid(7ec87c7a6fe4e438fb10a7831d49875a) Importer(2089858483,b0f066a214c2f5e87bad3c948f4d605d)
Start importing Packages/com.unity.collab-proxy/Lib/Editor/Localization/commontypes.ko.txt using Guid(7ec87c7a6fe4e438fb10a7831d49875a) Importer(2089858483,b0f066a214c2f5e87bad3c948f4d605d) (ScriptedImporter) -> (artifact id: '1a8d271efd6251bf9367ab0d0e274ff7') in 0.0238669 seconds
Number of updated asset objects reloaded before import = 0Number of asset objects unloaded after import = 1

========================================================================
Received Import Request.
  Time since last request: 0.000391 seconds.
  path: Packages/com.unity.collab-proxy/Editor/CloudDrive/Workspaces/DirectoryContent/DeleteWorkspaceDialog.cs
  artifactKey: Guid(eb450999e4f7add47adebc90f7f87c79) Importer(2089858483,b0f066a214c2f5e87bad3c948f4d605d)
Start importing Packages/com.unity.collab-proxy/Editor/CloudDrive/Workspaces/DirectoryContent/DeleteWorkspaceDialog.cs using Guid(eb450999e4f7add47adebc90f7f87c79) Importer(2089858483,b0f066a214c2f5e87bad3c948f4d605d) (ScriptedImporter) -> (artifact id: '37b6707ba0ce18102856356c83eb1749') in 0.0228697 seconds
Number of updated asset objects reloaded before import = 0Number of asset objects unloaded after import = 0

========================================================================
Received Import Request.
  Time since last request: 0.000218 seconds.
  path: Packages/com.unity.collab-proxy/Editor/CloudDrive/Workspaces/DirectoryContent/DrawItemsGridView.cs
  artifactKey: Guid(ec42e544b2c5739459971099e469936b) Importer(2089858483,b0f066a214c2f5e87bad3c948f4d605d)
Start importing Packages/com.unity.collab-proxy/Editor/CloudDrive/Workspaces/DirectoryContent/DrawItemsGridView.cs using Guid(ec42e544b2c5739459971099e469936b) Importer(2089858483,b0f066a214c2f5e87bad3c948f4d605d) (ScriptedImporter) -> (artifact id: '4983d8001d197c6646e95a17b796513e') in 0.0169532 seconds
Number of updated asset objects reloaded before import = 0Number of asset objects unloaded after import = 0

========================================================================
Received Import Request.
  Time since last request: 0.000145 seconds.
  path: Packages/com.unity.collab-proxy/Editor/Views/Merge/ApplyShelveReport.cs
  artifactKey: Guid(29bc9dedaf364d2890f65a2757fb6005) Importer(2089858483,b0f066a214c2f5e87bad3c948f4d605d)
Start importing Packages/com.unity.collab-proxy/Editor/Views/Merge/ApplyShelveReport.cs using Guid(29bc9dedaf364d2890f65a2757fb6005) Importer(2089858483,b0f066a214c2f5e87bad3c948f4d605d) (ScriptedImporter) -> (artifact id: '3349c05774d267cb7c89418ae6271d90') in 0.0168299 seconds
Number of updated asset objects reloaded before import = 0Number of asset objects unloaded after import = 0

========================================================================
Received Import Request.
  Time since last request: 0.000181 seconds.
  path: Packages/com.unity.collab-proxy/Lib/Editor/Localization/basecommands.zh-Hans.txt
  artifactKey: Guid(2a20d22678b9745a8be20529bbe3ada3) Importer(2089858483,b0f066a214c2f5e87bad3c948f4d605d)
Start importing Packages/com.unity.collab-proxy/Lib/Editor/Localization/basecommands.zh-Hans.txt using Guid(2a20d22678b9745a8be20529bbe3ada3) Importer(2089858483,b0f066a214c2f5e87bad3c948f4d605d) (ScriptedImporter) -> (artifact id: '63e8f2100983a86fb0bf16b053ccb25a') in 0.0223904 seconds
Number of updated asset objects reloaded before import = 0Number of asset objects unloaded after import = 1

========================================================================
Received Import Request.
  Time since last request: 0.000138 seconds.
  path: Packages/com.unity.collab-proxy/Lib/Editor/Localization/i3.en.txt
  artifactKey: Guid(8b54dd8fd297e447cb3cd4a1d0bf41b4) Importer(2089858483,b0f066a214c2f5e87bad3c948f4d605d)
Start importing Packages/com.unity.collab-proxy/Lib/Editor/Localization/i3.en.txt using Guid(8b54dd8fd297e447cb3cd4a1d0bf41b4) Importer(2089858483,b0f066a214c2f5e87bad3c948f4d605d) (ScriptedImporter) -> (artifact id: 'abd50fb1d78a90edb4e53700c5283bd7') in 0.0162375 seconds
Number of updated asset objects reloaded before import = 0Number of asset objects unloaded after import = 1

========================================================================
Received Import Request.
  Time since last request: 0.000137 seconds.
  path: Packages/com.unity.collab-proxy/Editor/Views/Locks/LocksSelector.cs
  artifactKey: Guid(8456e83060fd4354a0695680eea6b3cd) Importer(2089858483,b0f066a214c2f5e87bad3c948f4d605d)
Start importing Packages/com.unity.collab-proxy/Editor/Views/Locks/LocksSelector.cs using Guid(8456e83060fd4354a0695680eea6b3cd) Importer(2089858483,b0f066a214c2f5e87bad3c948f4d605d) (ScriptedImporter) -> (artifact id: '56669b56c62770067597130b64e5c760') in 0.0421954 seconds
Number of updated asset objects reloaded before import = 0Number of asset objects unloaded after import = 0

========================================================================
Received Import Request.
  Time since last request: 0.001553 seconds.
  path: Packages/com.unity.collab-proxy/Lib/Editor/Localization/cm.zh-Hant.txt
  artifactKey: Guid(e7c47e3ca2fec43e79a45ce9a87921b6) Importer(2089858483,b0f066a214c2f5e87bad3c948f4d605d)
Start importing Packages/com.unity.collab-proxy/Lib/Editor/Localization/cm.zh-Hant.txt using Guid(e7c47e3ca2fec43e79a45ce9a87921b6) Importer(2089858483,b0f066a214c2f5e87bad3c948f4d605d) (ScriptedImporter) -> (artifact id: 'ac42c945957dd3777e91bdd262ea644b') in 0.0446125 seconds
Number of updated asset objects reloaded before import = 0Number of asset objects unloaded after import = 1

========================================================================
Received Import Request.
  Time since last request: 0.001169 seconds.
  path: Packages/com.unity.collab-proxy/Editor/Views/PendingChanges/PendingChangesStatusSuccessNotificationContent.cs
  artifactKey: Guid(debee4373c127c24283da343819c77d4) Importer(2089858483,b0f066a214c2f5e87bad3c948f4d605d)
Start importing Packages/com.unity.collab-proxy/Editor/Views/PendingChanges/PendingChangesStatusSuccessNotificationContent.cs using Guid(debee4373c127c24283da343819c77d4) Importer(2089858483,b0f066a214c2f5e87bad3c948f4d605d) (ScriptedImporter) -> (artifact id: '634efb6890b97b6588df6bc90e471658') in 0.0629484 seconds
Number of updated asset objects reloaded before import = 0Number of asset objects unloaded after import = 0

========================================================================
Received Import Request.
  Time since last request: 0.000032 seconds.
  path: Packages/com.unity.collab-proxy/Editor/CloudDrive/Workspaces/DirectoryContent/NewNameDialog.cs
  artifactKey: Guid(bc4f0ef4de664ad4db65a2ea866ffa47) Importer(2089858483,b0f066a214c2f5e87bad3c948f4d605d)
Start importing Packages/com.unity.collab-proxy/Editor/CloudDrive/Workspaces/DirectoryContent/NewNameDialog.cs using Guid(bc4f0ef4de664ad4db65a2ea866ffa47) Importer(2089858483,b0f066a214c2f5e87bad3c948f4d605d) (ScriptedImporter) -> (artifact id: '379c27b0572cee01437f909d1c15c998') in 0.022607 seconds
Number of updated asset objects reloaded before import = 0Number of asset objects unloaded after import = 0

========================================================================
Received Import Request.
  Time since last request: 0.000151 seconds.
  path: Packages/com.unity.collab-proxy/Editor/UI/UnityInternals/UnityEditor/EditorGUI.cs
  artifactKey: Guid(66b140cd6be9479ab524a58f460a694d) Importer(2089858483,b0f066a214c2f5e87bad3c948f4d605d)
Start importing Packages/com.unity.collab-proxy/Editor/UI/UnityInternals/UnityEditor/EditorGUI.cs using Guid(66b140cd6be9479ab524a58f460a694d) Importer(2089858483,b0f066a214c2f5e87bad3c948f4d605d) (ScriptedImporter) -> (artifact id: '75821bb98fe5985a8f538a7402e22628') in 0.0431697 seconds
Number of updated asset objects reloaded before import = 0Number of asset objects unloaded after import = 0

========================================================================
Received Import Request.
  Time since last request: 0.000290 seconds.
  path: Packages/com.unity.collab-proxy/Editor/Views/PendingChanges/DrawOperationSuccess.cs
  artifactKey: Guid(355a2e6bfc40433bbe273ecf2ed08570) Importer(2089858483,b0f066a214c2f5e87bad3c948f4d605d)
Start importing Packages/com.unity.collab-proxy/Editor/Views/PendingChanges/DrawOperationSuccess.cs using Guid(355a2e6bfc40433bbe273ecf2ed08570) Importer(2089858483,b0f066a214c2f5e87bad3c948f4d605d) (ScriptedImporter) -> (artifact id: 'cdcdd41e0ed5fa784450b0442ce7e6fb') in 0.0208574 seconds
Number of updated asset objects reloaded before import = 0Number of asset objects unloaded after import = 0

========================================================================
Received Import Request.
  Time since last request: 0.000224 seconds.
  path: Packages/com.unity.collab-proxy/Editor/Views/BranchExplorer/Menu/BranchExplorerViewLinkMenuOperations.cs
  artifactKey: Guid(dc1bc6a318004247a55e4f3fbf74309a) Importer(2089858483,b0f066a214c2f5e87bad3c948f4d605d)
Start importing Packages/com.unity.collab-proxy/Editor/Views/BranchExplorer/Menu/BranchExplorerViewLinkMenuOperations.cs using Guid(dc1bc6a318004247a55e4f3fbf74309a) Importer(2089858483,b0f066a214c2f5e87bad3c948f4d605d) (ScriptedImporter) -> (artifact id: '77aaee2485794ef87f32c020b3341486') in 0.0178802 seconds
Number of updated asset objects reloaded before import = 0Number of asset objects unloaded after import = 0

========================================================================
Received Import Request.
  Time since last request: 0.000143 seconds.
  path: Packages/com.unity.collab-proxy/Lib/Editor/Localization/workspaceserver.en.txt
  artifactKey: Guid(baab213a9735c4229971127c41e276fa) Importer(2089858483,b0f066a214c2f5e87bad3c948f4d605d)
Start importing Packages/com.unity.collab-proxy/Lib/Editor/Localization/workspaceserver.en.txt using Guid(baab213a9735c4229971127c41e276fa) Importer(2089858483,b0f066a214c2f5e87bad3c948f4d605d) (ScriptedImporter) -> (artifact id: 'ce2d1bf3fb8363e2a65f0a1030c3e1f7') in 0.0168656 seconds
Number of updated asset objects reloaded before import = 0Number of asset objects unloaded after import = 1

========================================================================
Received Import Request.
  Time since last request: 0.000306 seconds.
  path: Packages/com.unity.collab-proxy/Editor/Views/Shelves/ShelvesListView.cs
  artifactKey: Guid(12617ab1a25fb574c85cdfaf5129d59d) Importer(2089858483,b0f066a214c2f5e87bad3c948f4d605d)
Start importing Packages/com.unity.collab-proxy/Editor/Views/Shelves/ShelvesListView.cs using Guid(12617ab1a25fb574c85cdfaf5129d59d) Importer(2089858483,b0f066a214c2f5e87bad3c948f4d605d) (ScriptedImporter) -> (artifact id: 'b69c223c5f92a4b258b6b09a02637210') in 0.0217694 seconds
Number of updated asset objects reloaded before import = 0Number of asset objects unloaded after import = 0

========================================================================
Received Import Request.
  Time since last request: 0.000034 seconds.
  path: Packages/com.unity.collab-proxy/Lib/Editor/Localization/plastic-gui.en.txt
  artifactKey: Guid(85cf137017b5d44d39f15af90ed96f23) Importer(2089858483,b0f066a214c2f5e87bad3c948f4d605d)
Start importing Packages/com.unity.collab-proxy/Lib/Editor/Localization/plastic-gui.en.txt using Guid(85cf137017b5d44d39f15af90ed96f23) Importer(2089858483,b0f066a214c2f5e87bad3c948f4d605d) (ScriptedImporter) -> (artifact id: 'b349de4a793337a97fa058162d34c36b') in 0.0192393 seconds
Number of updated asset objects reloaded before import = 0Number of asset objects unloaded after import = 1

========================================================================
Received Import Request.
  Time since last request: 0.000166 seconds.
  path: Packages/com.unity.collab-proxy/Editor/Views/Locks/LocksListViewItem.cs
  artifactKey: Guid(f4519099779a46cdb95ca9e1d96b7895) Importer(2089858483,b0f066a214c2f5e87bad3c948f4d605d)
Start importing Packages/com.unity.collab-proxy/Editor/Views/Locks/LocksListViewItem.cs using Guid(f4519099779a46cdb95ca9e1d96b7895) Importer(2089858483,b0f066a214c2f5e87bad3c948f4d605d) (ScriptedImporter) -> (artifact id: 'bc16a9e90abf2c8c6a525e9469478181') in 0.0216373 seconds
Number of updated asset objects reloaded before import = 0Number of asset objects unloaded after import = 0

========================================================================
Received Import Request.
  Time since last request: 0.000370 seconds.
  path: Packages/com.unity.collab-proxy/Lib/Editor/Localization/differences.ja.txt
  artifactKey: Guid(aff69f03cce064727895a8e6867325c6) Importer(2089858483,b0f066a214c2f5e87bad3c948f4d605d)
Start importing Packages/com.unity.collab-proxy/Lib/Editor/Localization/differences.ja.txt using Guid(aff69f03cce064727895a8e6867325c6) Importer(2089858483,b0f066a214c2f5e87bad3c948f4d605d) (ScriptedImporter) -> (artifact id: '5124d1ca5e8819195fba354d881aaf63') in 0.0250037 seconds
Number of updated asset objects reloaded before import = 0Number of asset objects unloaded after import = 1

========================================================================
Received Import Request.
  Time since last request: 0.000163 seconds.
  path: Packages/com.unity.collab-proxy/Editor/Views/PendingChanges/FilesFilterPatternsMenuBuilder.cs
  artifactKey: Guid(05d31e83a4093e448b45616d62a12790) Importer(2089858483,b0f066a214c2f5e87bad3c948f4d605d)
Start importing Packages/com.unity.collab-proxy/Editor/Views/PendingChanges/FilesFilterPatternsMenuBuilder.cs using Guid(05d31e83a4093e448b45616d62a12790) Importer(2089858483,b0f066a214c2f5e87bad3c948f4d605d) (ScriptedImporter) -> (artifact id: '25e314282b2ccf91421ac5e36f6add54') in 0.01999 seconds
Number of updated asset objects reloaded before import = 0Number of asset objects unloaded after import = 0

========================================================================
Received Import Request.
  Time since last request: 0.000201 seconds.
  path: Packages/com.unity.collab-proxy/Editor/UVCSToolbar/PopupWindow/BranchesList/BranchesTreeView.cs
  artifactKey: Guid(cef1fd4b45bd4bbfabb7b27325107045) Importer(2089858483,b0f066a214c2f5e87bad3c948f4d605d)
Start importing Packages/com.unity.collab-proxy/Editor/UVCSToolbar/PopupWindow/BranchesList/BranchesTreeView.cs using Guid(cef1fd4b45bd4bbfabb7b27325107045) Importer(2089858483,b0f066a214c2f5e87bad3c948f4d605d) (ScriptedImporter) -> (artifact id: 'c16e3b6e555cee8006f0a8152aad44fd') in 0.0238508 seconds
Number of updated asset objects reloaded before import = 0Number of asset objects unloaded after import = 0

========================================================================
Received Import Request.
  Time since last request: 0.000150 seconds.
  path: Packages/com.unity.collab-proxy/Editor/CloudDrive/Workspaces/DragAndDrop/AskUserForExistingFile.cs
  artifactKey: Guid(509ecc6807ba438a92fbda6424603ecb) Importer(2089858483,b0f066a214c2f5e87bad3c948f4d605d)
Start importing Packages/com.unity.collab-proxy/Editor/CloudDrive/Workspaces/DragAndDrop/AskUserForExistingFile.cs using Guid(509ecc6807ba438a92fbda6424603ecb) Importer(2089858483,b0f066a214c2f5e87bad3c948f4d605d) (ScriptedImporter) -> (artifact id: '5a4d02a634af36a1e2ccb5274c64edbb') in 0.02313 seconds
Number of updated asset objects reloaded before import = 0Number of asset objects unloaded after import = 0

========================================================================
Received Import Request.
  Time since last request: 0.000240 seconds.
  path: Packages/com.unity.collab-proxy/Editor/Views/PendingChanges/PendingChangesTab_Operations.cs
  artifactKey: Guid(05b4d56bb0dca1b458c2e10c2548663b) Importer(2089858483,b0f066a214c2f5e87bad3c948f4d605d)
Start importing Packages/com.unity.collab-proxy/Editor/Views/PendingChanges/PendingChangesTab_Operations.cs using Guid(05b4d56bb0dca1b458c2e10c2548663b) Importer(2089858483,b0f066a214c2f5e87bad3c948f4d605d) (ScriptedImporter) -> (artifact id: 'e90647445f575380daa01d36b604eeef') in 0.01738 seconds
Number of updated asset objects reloaded before import = 0Number of asset objects unloaded after import = 0

========================================================================
Received Import Request.
  Time since last request: 0.000116 seconds.
  path: Packages/com.unity.collab-proxy/Editor/Views/History/SerializableHistoryTabState.cs
  artifactKey: Guid(aa38aeb612889ca428824f7e31a50747) Importer(2089858483,b0f066a214c2f5e87bad3c948f4d605d)
Start importing Packages/com.unity.collab-proxy/Editor/Views/History/SerializableHistoryTabState.cs using Guid(aa38aeb612889ca428824f7e31a50747) Importer(2089858483,b0f066a214c2f5e87bad3c948f4d605d) (ScriptedImporter) -> (artifact id: '1a5a6d1372e0b50ecd7397bb9dee894e') in 0.0211173 seconds
Number of updated asset objects reloaded before import = 0Number of asset objects unloaded after import = 0

========================================================================
Received Import Request.
  Time since last request: 1.088352 seconds.
  path: Packages/com.unity.collab-proxy/Editor/Views/BranchExplorer/Menu/LinkMenu.cs
  artifactKey: Guid(0cb9ab9a238c443dacbb00b24cf7377a) Importer(2089858483,b0f066a214c2f5e87bad3c948f4d605d)
Start importing Packages/com.unity.collab-proxy/Editor/Views/BranchExplorer/Menu/LinkMenu.cs using Guid(0cb9ab9a238c443dacbb00b24cf7377a) Importer(2089858483,b0f066a214c2f5e87bad3c948f4d605d) (ScriptedImporter) -> (artifact id: '3ea169c94c4838b78e9a4ebdea1d5628') in 0.0176333 seconds
Number of updated asset objects reloaded before import = 0Number of asset objects unloaded after import = 0

========================================================================
Received Import Request.
  Time since last request: 0.000165 seconds.
  path: Packages/com.unity.ide.visualstudio/Editor/Testing/TestAdaptor.cs
  artifactKey: Guid(b73b3de0d473d4a1c887ab31f69b1a8d) Importer(2089858483,b0f066a214c2f5e87bad3c948f4d605d)
Start importing Packages/com.unity.ide.visualstudio/Editor/Testing/TestAdaptor.cs using Guid(b73b3de0d473d4a1c887ab31f69b1a8d) Importer(2089858483,b0f066a214c2f5e87bad3c948f4d605d) (ScriptedImporter) -> (artifact id: 'a69cc299aa6c8cf25d62624b667e05f5') in 0.0207143 seconds
Number of updated asset objects reloaded before import = 0Number of asset objects unloaded after import = 0

========================================================================
Received Import Request.
  Time since last request: 0.000125 seconds.
  path: Packages/com.unity.ugui/Runtime/TMP/TMP_StyleSheet.cs
  artifactKey: Guid(ab2114bdc8544297b417dfefe9f1e410) Importer(2089858483,b0f066a214c2f5e87bad3c948f4d605d)
Start importing Packages/com.unity.ugui/Runtime/TMP/TMP_StyleSheet.cs using Guid(ab2114bdc8544297b417dfefe9f1e410) Importer(2089858483,b0f066a214c2f5e87bad3c948f4d605d) (ScriptedImporter) -> (artifact id: '1a9fd8b93b8cfd8d203bcb2de97f3ddb') in 0.0230346 seconds
Number of updated asset objects reloaded before import = 0Number of asset objects unloaded after import = 0

========================================================================
Received Import Request.
  Time since last request: 0.000227 seconds.
  path: Packages/com.unity.ugui/Runtime/TMP/TMP_TextProcessingStack.cs
  artifactKey: Guid(20a9b557a46149dfbfa04a3a7080f5aa) Importer(2089858483,b0f066a214c2f5e87bad3c948f4d605d)
Start importing Packages/com.unity.ugui/Runtime/TMP/TMP_TextProcessingStack.cs using Guid(20a9b557a46149dfbfa04a3a7080f5aa) Importer(2089858483,b0f066a214c2f5e87bad3c948f4d605d) (ScriptedImporter) -> (artifact id: '1f1f9747f10321063333ef653d0cfa79') in 0.0197742 seconds
Number of updated asset objects reloaded before import = 0Number of asset objects unloaded after import = 0

========================================================================
Received Import Request.
  Time since last request: 0.000266 seconds.
  path: Packages/com.unity.collab-proxy/Editor/Views/BranchExplorer/Drawing/Shapes/LabelShape.cs
  artifactKey: Guid(065cbcefa4134632ae7680ab429e988f) Importer(2089858483,b0f066a214c2f5e87bad3c948f4d605d)
Start importing Packages/com.unity.collab-proxy/Editor/Views/BranchExplorer/Drawing/Shapes/LabelShape.cs using Guid(065cbcefa4134632ae7680ab429e988f) Importer(2089858483,b0f066a214c2f5e87bad3c948f4d605d) (ScriptedImporter) -> (artifact id: '85b5368833457bcd241b50ea54fa4492') in 0.0230511 seconds
Number of updated asset objects reloaded before import = 0Number of asset objects unloaded after import = 0

========================================================================
Received Import Request.
  Time since last request: 0.000107 seconds.
  path: Packages/com.unity.ugui/Editor/TMP/TMP_EditorUtility.cs
  artifactKey: Guid(2300e75732d74890b38a8ff257a3ae15) Importer(2089858483,b0f066a214c2f5e87bad3c948f4d605d)
Start importing Packages/com.unity.ugui/Editor/TMP/TMP_EditorUtility.cs using Guid(2300e75732d74890b38a8ff257a3ae15) Importer(2089858483,b0f066a214c2f5e87bad3c948f4d605d) (ScriptedImporter) -> (artifact id: 'b6db468dac3a23ea9d473dba48371adf') in 0.023671 seconds
Number of updated asset objects reloaded before import = 0Number of asset objects unloaded after import = 0

========================================================================
Received Import Request.
  Time since last request: 0.000326 seconds.
  path: Packages/com.unity.ugui/Editor Resources/Textures/btn_AlignCenterGeo_Light.psd
  artifactKey: Guid(35ff0937876540d3bd4b6a941df62a92) Importer(2089858483,b0f066a214c2f5e87bad3c948f4d605d)
Start importing Packages/com.unity.ugui/Editor Resources/Textures/btn_AlignCenterGeo_Light.psd using Guid(35ff0937876540d3bd4b6a941df62a92) Importer(2089858483,b0f066a214c2f5e87bad3c948f4d605d) (ScriptedImporter) -> (artifact id: '25c1ab43cd74c095a5ed52f108c123bb') in 0.0313439 seconds
Number of updated asset objects reloaded before import = 0Number of asset objects unloaded after import = 1

========================================================================
Received Import Request.
  Time since last request: 0.000161 seconds.
  path: Packages/com.unity.collab-proxy/Editor/Views/BranchExplorer/Drawing/Shapes/Colors/BrExLineWidths.cs
  artifactKey: Guid(22fddd1dbabe4f35b6d26dd7691d9882) Importer(2089858483,b0f066a214c2f5e87bad3c948f4d605d)
Start importing Packages/com.unity.collab-proxy/Editor/Views/BranchExplorer/Drawing/Shapes/Colors/BrExLineWidths.cs using Guid(22fddd1dbabe4f35b6d26dd7691d9882) Importer(2089858483,b0f066a214c2f5e87bad3c948f4d605d) (ScriptedImporter) -> (artifact id: 'f83002e91d66707ae453bfdb2d8f8122') in 0.0202067 seconds
Number of updated asset objects reloaded before import = 0Number of asset objects unloaded after import = 0

========================================================================
Received Import Request.
  Time since last request: 0.000249 seconds.
  path: Packages/com.unity.ugui/Runtime/InternalBridge/ObjectUtilsBridge.cs
  artifactKey: Guid(0ce5fe4db14be432cab1bc46704eef4c) Importer(2089858483,b0f066a214c2f5e87bad3c948f4d605d)
Start importing Packages/com.unity.ugui/Runtime/InternalBridge/ObjectUtilsBridge.cs using Guid(0ce5fe4db14be432cab1bc46704eef4c) Importer(2089858483,b0f066a214c2f5e87bad3c948f4d605d) (ScriptedImporter) -> (artifact id: 'b49ca4fdab61e2bcfa1b96943b6f0cdc') in 0.0211102 seconds
Number of updated asset objects reloaded before import = 0Number of asset objects unloaded after import = 0

========================================================================
Received Import Request.
  Time since last request: 0.000169 seconds.
  path: Packages/com.unity.collab-proxy/Editor/Views/PendingChanges/Dialogs/CheckinConflictsDialog.cs
  artifactKey: Guid(615fa68a626934ca28141174234fee26) Importer(2089858483,b0f066a214c2f5e87bad3c948f4d605d)
Start importing Packages/com.unity.collab-proxy/Editor/Views/PendingChanges/Dialogs/CheckinConflictsDialog.cs using Guid(615fa68a626934ca28141174234fee26) Importer(2089858483,b0f066a214c2f5e87bad3c948f4d605d) (ScriptedImporter) -> (artifact id: '41e7e19fe4409b18a28751da8b561344') in 0.0224941 seconds
Number of updated asset objects reloaded before import = 0Number of asset objects unloaded after import = 0

========================================================================
Received Import Request.
  Time since last request: 0.000241 seconds.
  path: Packages/com.unity.collab-proxy/Editor/Views/BranchExplorer/Drawing/Shapes/BranchShape.cs
  artifactKey: Guid(7f5193b7e776436a9f838cd480cb7460) Importer(2089858483,b0f066a214c2f5e87bad3c948f4d605d)
Start importing Packages/com.unity.collab-proxy/Editor/Views/BranchExplorer/Drawing/Shapes/BranchShape.cs using Guid(7f5193b7e776436a9f838cd480cb7460) Importer(2089858483,b0f066a214c2f5e87bad3c948f4d605d) (ScriptedImporter) -> (artifact id: '16423f9ff9604d70ea58cb88d596f42a') in 0.0206537 seconds
Number of updated asset objects reloaded before import = 0Number of asset objects unloaded after import = 0

========================================================================
Received Import Request.
  Time since last request: 0.000183 seconds.
  path: Packages/com.unity.ugui/Editor Resources/Textures/btn_AlignBottom.psd
  artifactKey: Guid(ca51b19024094d1b87f3e07edb0a75fb) Importer(2089858483,b0f066a214c2f5e87bad3c948f4d605d)
Start importing Packages/com.unity.ugui/Editor Resources/Textures/btn_AlignBottom.psd using Guid(ca51b19024094d1b87f3e07edb0a75fb) Importer(2089858483,b0f066a214c2f5e87bad3c948f4d605d) (ScriptedImporter) -> (artifact id: '4873aa41f2a13ace4b72b215e698f274') in 0.0301382 seconds
Number of updated asset objects reloaded before import = 0Number of asset objects unloaded after import = 1

========================================================================
Received Import Request.
  Time since last request: 0.000228 seconds.
  path: Packages/com.unity.ugui/Editor/TMP/TMP_SettingsEditor.cs
  artifactKey: Guid(0386b6eb838c47138cd51d1c1b879a35) Importer(2089858483,b0f066a214c2f5e87bad3c948f4d605d)
Start importing Packages/com.unity.ugui/Editor/TMP/TMP_SettingsEditor.cs using Guid(0386b6eb838c47138cd51d1c1b879a35) Importer(2089858483,b0f066a214c2f5e87bad3c948f4d605d) (ScriptedImporter) -> (artifact id: 'd3a3813a97f738576c53c6da4ecade7a') in 0.0244468 seconds
Number of updated asset objects reloaded before import = 0Number of asset objects unloaded after import = 0

========================================================================
Received Import Request.
  Time since last request: 0.000578 seconds.
  path: Packages/com.unity.ugui/Editor Resources/Textures/btn_AlignCapLine_Light.psd
  artifactKey: Guid(49679f302ac6408697f6b9314a38985c) Importer(2089858483,b0f066a214c2f5e87bad3c948f4d605d)
Start importing Packages/com.unity.ugui/Editor Resources/Textures/btn_AlignCapLine_Light.psd using Guid(49679f302ac6408697f6b9314a38985c) Importer(2089858483,b0f066a214c2f5e87bad3c948f4d605d) (ScriptedImporter) -> (artifact id: 'fcfe435adbbbaee5753ae2b1cb6c01a8') in 0.0398943 seconds
Number of updated asset objects reloaded before import = 0Number of asset objects unloaded after import = 1

========================================================================
Received Import Request.
  Time since last request: 0.000159 seconds.
  path: Packages/com.unity.ugui/Editor/TMP/TMP_StyleAssetMenu.cs
  artifactKey: Guid(23a562f2cac6401f9f91251c68a1a794) Importer(2089858483,b0f066a214c2f5e87bad3c948f4d605d)
Start importing Packages/com.unity.ugui/Editor/TMP/TMP_StyleAssetMenu.cs using Guid(23a562f2cac6401f9f91251c68a1a794) Importer(2089858483,b0f066a214c2f5e87bad3c948f4d605d) (ScriptedImporter) -> (artifact id: '92330630506ab28ffab839da50c5a4f7') in 0.0185412 seconds
Number of updated asset objects reloaded before import = 0Number of asset objects unloaded after import = 0

========================================================================
Received Import Request.
  Time since last request: 0.000889 seconds.
  path: Packages/com.unity.ide.visualstudio/Editor/SimpleJSON.cs
  artifactKey: Guid(ed8e7c93c781e48df93d063a3c0d2972) Importer(2089858483,b0f066a214c2f5e87bad3c948f4d605d)
Start importing Packages/com.unity.ide.visualstudio/Editor/SimpleJSON.cs using Guid(ed8e7c93c781e48df93d063a3c0d2972) Importer(2089858483,b0f066a214c2f5e87bad3c948f4d605d) (ScriptedImporter) -> (artifact id: '6b25080671536930a662edcc3f5dc729') in 0.0228276 seconds
Number of updated asset objects reloaded before import = 0Number of asset objects unloaded after import = 0

========================================================================
Received Import Request.
  Time since last request: 0.000484 seconds.
  path: Packages/com.unity.collab-proxy/Editor/Views/PendingChanges/Dialogs/FilterRulesConfirmationDialog.cs
  artifactKey: Guid(45d03e5c984da3448b417289e95e4291) Importer(2089858483,b0f066a214c2f5e87bad3c948f4d605d)
Start importing Packages/com.unity.collab-proxy/Editor/Views/PendingChanges/Dialogs/FilterRulesConfirmationDialog.cs using Guid(45d03e5c984da3448b417289e95e4291) Importer(2089858483,b0f066a214c2f5e87bad3c948f4d605d) (ScriptedImporter) -> (artifact id: '322a0e6f75d80d46248dcc42d71f5306') in 0.0308141 seconds
Number of updated asset objects reloaded before import = 0Number of asset objects unloaded after import = 0

========================================================================
Received Import Request.
  Time since last request: 0.000803 seconds.
  path: Packages/com.unity.ide.visualstudio/Editor/Messaging/Serializer.cs
  artifactKey: Guid(369c09afe05d2c346af49faef943c773) Importer(2089858483,b0f066a214c2f5e87bad3c948f4d605d)
Start importing Packages/com.unity.ide.visualstudio/Editor/Messaging/Serializer.cs using Guid(369c09afe05d2c346af49faef943c773) Importer(2089858483,b0f066a214c2f5e87bad3c948f4d605d) (ScriptedImporter) -> (artifact id: 'c69fbf7cbb6f424bc692c965b6c743f3') in 0.0440647 seconds
Number of updated asset objects reloaded before import = 0Number of asset objects unloaded after import = 0

========================================================================
Received Import Request.
  Time since last request: 0.001051 seconds.
  path: Packages/com.unity.ugui/Editor Resources/Textures/btn_AlignLeft.psd
  artifactKey: Guid(9288066c33474b94b6ee5465f4df1cc0) Importer(2089858483,b0f066a214c2f5e87bad3c948f4d605d)
Start importing Packages/com.unity.ugui/Editor Resources/Textures/btn_AlignLeft.psd using Guid(9288066c33474b94b6ee5465f4df1cc0) Importer(2089858483,b0f066a214c2f5e87bad3c948f4d605d) (ScriptedImporter) -> (artifact id: 'abddd0260fa39a95d7c1bea484e1f192') in 0.0399105 seconds
Number of updated asset objects reloaded before import = 0Number of asset objects unloaded after import = 1

========================================================================
Received Import Request.
  Time since last request: 0.000796 seconds.
  path: Packages/com.unity.ugui/Runtime/TMP/TMP_FontFeaturesCommon.cs
  artifactKey: Guid(27df3b12f30d0b74a9b10a3968c402ff) Importer(2089858483,b0f066a214c2f5e87bad3c948f4d605d)
Start importing Packages/com.unity.ugui/Runtime/TMP/TMP_FontFeaturesCommon.cs using Guid(27df3b12f30d0b74a9b10a3968c402ff) Importer(2089858483,b0f066a214c2f5e87bad3c948f4d605d) (ScriptedImporter) -> (artifact id: '9b206e2d6e61d946097cf485fc8732de') in 0.0303814 seconds
Number of updated asset objects reloaded before import = 0Number of asset objects unloaded after import = 0

========================================================================
Received Import Request.
  Time since last request: 0.001406 seconds.
  path: Packages/com.unity.ugui/Runtime/TMP/TMP_Settings.cs
  artifactKey: Guid(2705215ac5b84b70bacc50632be6e391) Importer(2089858483,b0f066a214c2f5e87bad3c948f4d605d)
Start importing Packages/com.unity.ugui/Runtime/TMP/TMP_Settings.cs using Guid(2705215ac5b84b70bacc50632be6e391) Importer(2089858483,b0f066a214c2f5e87bad3c948f4d605d) (ScriptedImporter) -> (artifact id: '945015c334411fc78f86b14229dc8396') in 0.0243272 seconds
Number of updated asset objects reloaded before import = 0Number of asset objects unloaded after import = 0

========================================================================
Received Import Request.
  Time since last request: 0.000384 seconds.
  path: Packages/com.unity.ide.visualstudio/Editor/ProjectGeneration/ProjectGenerationFlag.cs
  artifactKey: Guid(555fcccd6b79a864f83e7a319daa1c3e) Importer(2089858483,b0f066a214c2f5e87bad3c948f4d605d)
Start importing Packages/com.unity.ide.visualstudio/Editor/ProjectGeneration/ProjectGenerationFlag.cs using Guid(555fcccd6b79a864f83e7a319daa1c3e) Importer(2089858483,b0f066a214c2f5e87bad3c948f4d605d) (ScriptedImporter) -> (artifact id: 'e4c74087cf7e082274c1881c3699a680') in 0.0326223 seconds
Number of updated asset objects reloaded before import = 0Number of asset objects unloaded after import = 0

========================================================================
Received Import Request.
  Time since last request: 0.000572 seconds.
  path: Packages/com.unity.ugui/Runtime/TMP/TMPro_EventManager.cs
  artifactKey: Guid(96e9072453a441618754c478755b3028) Importer(2089858483,b0f066a214c2f5e87bad3c948f4d605d)
Start importing Packages/com.unity.ugui/Runtime/TMP/TMPro_EventManager.cs using Guid(96e9072453a441618754c478755b3028) Importer(2089858483,b0f066a214c2f5e87bad3c948f4d605d) (ScriptedImporter) -> (artifact id: '207ac5f637d801fa2fe0e587ec19290b') in 0.0210771 seconds
Number of updated asset objects reloaded before import = 0Number of asset objects unloaded after import = 0

========================================================================
Received Import Request.
  Time since last request: 0.000314 seconds.
  path: Packages/com.unity.collab-proxy/Editor/Views/Labels/Dialogs/CreateLabelDialog.cs
  artifactKey: Guid(4a34e3ce3dbf5594ba28a57fa297a72c) Importer(2089858483,b0f066a214c2f5e87bad3c948f4d605d)
Start importing Packages/com.unity.collab-proxy/Editor/Views/Labels/Dialogs/CreateLabelDialog.cs using Guid(4a34e3ce3dbf5594ba28a57fa297a72c) Importer(2089858483,b0f066a214c2f5e87bad3c948f4d605d) (ScriptedImporter) -> (artifact id: '3e66a4aa12d6d6fb0e03ce65f1d140ab') in 0.0278834 seconds
Number of updated asset objects reloaded before import = 0Number of asset objects unloaded after import = 0

========================================================================
Received Import Request.
  Time since last request: 0.000470 seconds.
  path: Packages/com.unity.collab-proxy/Editor/Views/Merge/Developer/DirectoryConflicts/ConflictResolutionState.cs
  artifactKey: Guid(f88a4e9dbb5a07744954a86cbb61d54f) Importer(2089858483,b0f066a214c2f5e87bad3c948f4d605d)
Start importing Packages/com.unity.collab-proxy/Editor/Views/Merge/Developer/DirectoryConflicts/ConflictResolutionState.cs using Guid(f88a4e9dbb5a07744954a86cbb61d54f) Importer(2089858483,b0f066a214c2f5e87bad3c948f4d605d) (ScriptedImporter) -> (artifact id: 'ce659eddee718896ba22fef727c58dcb') in 0.0313986 seconds
Number of updated asset objects reloaded before import = 0Number of asset objects unloaded after import = 0

========================================================================
Received Import Request.
  Time since last request: 0.000282 seconds.
  path: Packages/com.unity.collab-proxy/Editor/Views/Merge/Developer/DirectoryConflicts/DrawDirectoryResolutionPanel.cs
  artifactKey: Guid(a9881fce7e445b84bbbd53752db30fe9) Importer(2089858483,b0f066a214c2f5e87bad3c948f4d605d)
Start importing Packages/com.unity.collab-proxy/Editor/Views/Merge/Developer/DirectoryConflicts/DrawDirectoryResolutionPanel.cs using Guid(a9881fce7e445b84bbbd53752db30fe9) Importer(2089858483,b0f066a214c2f5e87bad3c948f4d605d) (ScriptedImporter) -> (artifact id: '2d1235579dbedb30d1913e2e135c1016') in 0.027018 seconds
Number of updated asset objects reloaded before import = 0Number of asset objects unloaded after import = 0

========================================================================
Received Import Request.
  Time since last request: 0.000384 seconds.
  path: Packages/com.unity.ugui/Editor/TMP/TMP_PreBuildProcessor.cs
  artifactKey: Guid(bf8befe3c500aa84b9ce3860a226cf41) Importer(2089858483,b0f066a214c2f5e87bad3c948f4d605d)
Start importing Packages/com.unity.ugui/Editor/TMP/TMP_PreBuildProcessor.cs using Guid(bf8befe3c500aa84b9ce3860a226cf41) Importer(2089858483,b0f066a214c2f5e87bad3c948f4d605d) (ScriptedImporter) -> (artifact id: '17e83dcba4ff22ff08ca1c529fc45ff1') in 0.0228206 seconds
Number of updated asset objects reloaded before import = 0Number of asset objects unloaded after import = 0

========================================================================
Received Import Request.
  Time since last request: 0.000235 seconds.
  path: Packages/com.unity.ugui/Editor Resources/Shaders/TMP_SDF_SSD.cginc
  artifactKey: Guid(abe6991365a27d341a10580f3b7c0f44) Importer(2089858483,b0f066a214c2f5e87bad3c948f4d605d)
Start importing Packages/com.unity.ugui/Editor Resources/Shaders/TMP_SDF_SSD.cginc using Guid(abe6991365a27d341a10580f3b7c0f44) Importer(2089858483,b0f066a214c2f5e87bad3c948f4d605d) (ScriptedImporter) -> (artifact id: '005a143aae736d1b8cf3e15f7e239cef') in 0.0219669 seconds
Number of updated asset objects reloaded before import = 0Number of asset objects unloaded after import = 1

========================================================================
Received Import Request.
  Time since last request: 0.000041 seconds.
  path: Packages/com.unity.collab-proxy/Editor/Views/Merge/Developer/SerializableMergeTabState.cs
  artifactKey: Guid(323d43d865724e90a62ba88dfeacbef2) Importer(2089858483,b0f066a214c2f5e87bad3c948f4d605d)
Start importing Packages/com.unity.collab-proxy/Editor/Views/Merge/Developer/SerializableMergeTabState.cs using Guid(323d43d865724e90a62ba88dfeacbef2) Importer(2089858483,b0f066a214c2f5e87bad3c948f4d605d) (ScriptedImporter) -> (artifact id: '6895131923170b058ba8d3b937eb175f') in 0.026266 seconds
Number of updated asset objects reloaded before import = 0Number of asset objects unloaded after import = 0

========================================================================
Received Import Request.
  Time since last request: 0.000358 seconds.
  path: Packages/com.unity.ugui/Runtime/TMP/TMP_Asset.cs
  artifactKey: Guid(3bda1886f58f4e0ab1139400b160c3ee) Importer(2089858483,b0f066a214c2f5e87bad3c948f4d605d)
Start importing Packages/com.unity.ugui/Runtime/TMP/TMP_Asset.cs using Guid(3bda1886f58f4e0ab1139400b160c3ee) Importer(2089858483,b0f066a214c2f5e87bad3c948f4d605d) (ScriptedImporter) -> (artifact id: '025f918f44a005cfb100cfb182db5733') in 0.0236202 seconds
Number of updated asset objects reloaded before import = 0Number of asset objects unloaded after import = 0

========================================================================
Received Import Request.
  Time since last request: 0.000232 seconds.
  path: Packages/com.unity.collab-proxy/Editor/Views/BranchExplorer/Drawing/Shapes/BranchGeometry.cs
  artifactKey: Guid(9dd73ad7202d44c7ac002aeb112ff0fa) Importer(2089858483,b0f066a214c2f5e87bad3c948f4d605d)
Start importing Packages/com.unity.collab-proxy/Editor/Views/BranchExplorer/Drawing/Shapes/BranchGeometry.cs using Guid(9dd73ad7202d44c7ac002aeb112ff0fa) Importer(2089858483,b0f066a214c2f5e87bad3c948f4d605d) (ScriptedImporter) -> (artifact id: 'ce708a2599f7b3d179bd6668c84df728') in 0.0222492 seconds
Number of updated asset objects reloaded before import = 0Number of asset objects unloaded after import = 0

========================================================================
Received Import Request.
  Time since last request: 0.000034 seconds.
  path: Packages/com.unity.ugui/Editor/TMP/TMP_BaseShaderGUI.cs
  artifactKey: Guid(438efd46088d408d8a53f707fa68d976) Importer(2089858483,b0f066a214c2f5e87bad3c948f4d605d)
Start importing Packages/com.unity.ugui/Editor/TMP/TMP_BaseShaderGUI.cs using Guid(438efd46088d408d8a53f707fa68d976) Importer(2089858483,b0f066a214c2f5e87bad3c948f4d605d) (ScriptedImporter) -> (artifact id: '2409f91b62154977c9d1abe5903e7f5e') in 0.0228746 seconds
Number of updated asset objects reloaded before import = 0Number of asset objects unloaded after import = 0

========================================================================
Received Import Request.
  Time since last request: 0.000248 seconds.
  path: Packages/com.unity.collab-proxy/Editor/Views/BranchExplorer/Options/ConditionalFormat/RuleData.cs
  artifactKey: Guid(7f3c21f21c1f248ccae8e74af719a88c) Importer(2089858483,b0f066a214c2f5e87bad3c948f4d605d)
Start importing Packages/com.unity.collab-proxy/Editor/Views/BranchExplorer/Options/ConditionalFormat/RuleData.cs using Guid(7f3c21f21c1f248ccae8e74af719a88c) Importer(2089858483,b0f066a214c2f5e87bad3c948f4d605d) (ScriptedImporter) -> (artifact id: '4f32e57550d62cd3ff9c9861a179e519') in 0.020331 seconds
Number of updated asset objects reloaded before import = 0Number of asset objects unloaded after import = 0

========================================================================
Received Import Request.
  Time since last request: 0.000255 seconds.
  path: Packages/com.unity.collab-proxy/Editor/Views/Diff/Dialogs/GetRestorePathDialog.cs
  artifactKey: Guid(281456381b1a4c742b0efbe305328c7a) Importer(2089858483,b0f066a214c2f5e87bad3c948f4d605d)
Start importing Packages/com.unity.collab-proxy/Editor/Views/Diff/Dialogs/GetRestorePathDialog.cs using Guid(281456381b1a4c742b0efbe305328c7a) Importer(2089858483,b0f066a214c2f5e87bad3c948f4d605d) (ScriptedImporter) -> (artifact id: 'beaba4170c160a1a60f804f87ea78fa2') in 0.0203142 seconds
Number of updated asset objects reloaded before import = 0Number of asset objects unloaded after import = 0

========================================================================
Received Import Request.
  Time since last request: 0.000172 seconds.
  path: Packages/com.unity.ugui/Editor/TMP/TMP_PostBuildProcessHandler.cs
  artifactKey: Guid(6fdea2af3daa40fe8f88e5e9cfc17abb) Importer(2089858483,b0f066a214c2f5e87bad3c948f4d605d)
Start importing Packages/com.unity.ugui/Editor/TMP/TMP_PostBuildProcessHandler.cs using Guid(6fdea2af3daa40fe8f88e5e9cfc17abb) Importer(2089858483,b0f066a214c2f5e87bad3c948f4d605d) (ScriptedImporter) -> (artifact id: 'f45ae7d24759fd79d7f4e3e9dcd335e7') in 0.0191934 seconds
Number of updated asset objects reloaded before import = 0Number of asset objects unloaded after import = 0

========================================================================
Received Import Request.
  Time since last request: 0.000347 seconds.
  path: Packages/com.unity.ugui/Runtime/TMP/TMP_SpriteCharacter.cs
  artifactKey: Guid(202d758d102b6854a9710c8b93db742c) Importer(2089858483,b0f066a214c2f5e87bad3c948f4d605d)
Start importing Packages/com.unity.ugui/Runtime/TMP/TMP_SpriteCharacter.cs using Guid(202d758d102b6854a9710c8b93db742c) Importer(2089858483,b0f066a214c2f5e87bad3c948f4d605d) (ScriptedImporter) -> (artifact id: '4e5bce2b2def827f08c1b744bf05727d') in 0.0223307 seconds
Number of updated asset objects reloaded before import = 0Number of asset objects unloaded after import = 0

========================================================================
Received Import Request.
  Time since last request: 0.000200 seconds.
  path: Packages/com.unity.ugui/Editor/TMP/TMP_PackageUtilities.cs
  artifactKey: Guid(68eedd4e5b33b37429c02c4add0036fe) Importer(2089858483,b0f066a214c2f5e87bad3c948f4d605d)
Start importing Packages/com.unity.ugui/Editor/TMP/TMP_PackageUtilities.cs using Guid(68eedd4e5b33b37429c02c4add0036fe) Importer(2089858483,b0f066a214c2f5e87bad3c948f4d605d) (ScriptedImporter) -> (artifact id: '70b7978bbeee89bcb861c1156192b1c1') in 0.0200406 seconds
Number of updated asset objects reloaded before import = 0Number of asset objects unloaded after import = 0

========================================================================
Received Import Request.
  Time since last request: 0.000207 seconds.
  path: Packages/com.unity.collab-proxy/Editor/Views/BranchExplorer/Drawing/Shapes/Connections/ConnectionPoints.cs
  artifactKey: Guid(9d30f19d4b52413f8c6f4b107a28350e) Importer(2089858483,b0f066a214c2f5e87bad3c948f4d605d)
Start importing Packages/com.unity.collab-proxy/Editor/Views/BranchExplorer/Drawing/Shapes/Connections/ConnectionPoints.cs using Guid(9d30f19d4b52413f8c6f4b107a28350e) Importer(2089858483,b0f066a214c2f5e87bad3c948f4d605d) (ScriptedImporter) -> (artifact id: '49034a5f5ce67212102f83f5ffb7e301') in 0.0197516 seconds
Number of updated asset objects reloaded before import = 0Number of asset objects unloaded after import = 0

========================================================================
Received Import Request.
  Time since last request: 0.000557 seconds.
  path: Packages/com.unity.collab-proxy/Editor/Views/BranchExplorer/Drawing/Shapes/ColumnHeaderShape.cs
  artifactKey: Guid(da7fb61f9c56463093c257eaaabf46b5) Importer(2089858483,b0f066a214c2f5e87bad3c948f4d605d)
Start importing Packages/com.unity.collab-proxy/Editor/Views/BranchExplorer/Drawing/Shapes/ColumnHeaderShape.cs using Guid(da7fb61f9c56463093c257eaaabf46b5) Importer(2089858483,b0f066a214c2f5e87bad3c948f4d605d) (ScriptedImporter) -> (artifact id: '0951b9d16ecc4b199d8e4672ecbdecb0') in 0.0212414 seconds
Number of updated asset objects reloaded before import = 0Number of asset objects unloaded after import = 0

========================================================================
Received Import Request.
  Time since last request: 0.000255 seconds.
  path: Packages/com.unity.collab-proxy/Editor/Views/BranchExplorer/Zoom/BrExZoom.cs
  artifactKey: Guid(23f66c8658044263b7d87b6878d589a7) Importer(2089858483,b0f066a214c2f5e87bad3c948f4d605d)
Start importing Packages/com.unity.collab-proxy/Editor/Views/BranchExplorer/Zoom/BrExZoom.cs using Guid(23f66c8658044263b7d87b6878d589a7) Importer(2089858483,b0f066a214c2f5e87bad3c948f4d605d) (ScriptedImporter) -> (artifact id: '0323a3c3ea8dab88790871ecc27ff8f2') in 0.0183107 seconds
Number of updated asset objects reloaded before import = 0Number of asset objects unloaded after import = 0

========================================================================
Received Import Request.
  Time since last request: 0.000284 seconds.
  path: Packages/com.unity.ugui/Runtime/TMP/FastAction.cs
  artifactKey: Guid(871f8edd56e84b8fb295b10cc3c78f36) Importer(2089858483,b0f066a214c2f5e87bad3c948f4d605d)
Start importing Packages/com.unity.ugui/Runtime/TMP/FastAction.cs using Guid(871f8edd56e84b8fb295b10cc3c78f36) Importer(2089858483,b0f066a214c2f5e87bad3c948f4d605d) (ScriptedImporter) -> (artifact id: 'ed0b2163333299e1541870a07e5b581d') in 0.0184796 seconds
Number of updated asset objects reloaded before import = 0Number of asset objects unloaded after import = 0

========================================================================
Received Import Request.
  Time since last request: 0.000284 seconds.
  path: Packages/com.unity.ide.visualstudio/Editor/Image.cs
  artifactKey: Guid(8e6c7ea7c059fb547b6723aaf225900b) Importer(2089858483,b0f066a214c2f5e87bad3c948f4d605d)
Start importing Packages/com.unity.ide.visualstudio/Editor/Image.cs using Guid(8e6c7ea7c059fb547b6723aaf225900b) Importer(2089858483,b0f066a214c2f5e87bad3c948f4d605d) (ScriptedImporter) -> (artifact id: '5217f089c909a679ba8c69679ce80488') in 0.0259065 seconds
Number of updated asset objects reloaded before import = 0Number of asset objects unloaded after import = 0

========================================================================
Received Import Request.
  Time since last request: 0.000042 seconds.
  path: Packages/com.unity.ugui/Runtime/TMP/FontFeatureCommonGPOS.cs
  artifactKey: Guid(a4bbbb1fed4e2b7448af9313d6d00536) Importer(2089858483,b0f066a214c2f5e87bad3c948f4d605d)
Start importing Packages/com.unity.ugui/Runtime/TMP/FontFeatureCommonGPOS.cs using Guid(a4bbbb1fed4e2b7448af9313d6d00536) Importer(2089858483,b0f066a214c2f5e87bad3c948f4d605d) (ScriptedImporter) -> (artifact id: 'a2bcb771f805cef2c4b2cc6705fbf3f7') in 0.0190899 seconds
Number of updated asset objects reloaded before import = 0Number of asset objects unloaded after import = 0

========================================================================
Received Import Request.
  Time since last request: 0.000082 seconds.
  path: Packages/com.unity.collab-proxy/Editor/Views/Merge/Gluon/IncomingChangesTreeView.cs
  artifactKey: Guid(7f2f2eb277e02054cbc5ccee904b593b) Importer(2089858483,b0f066a214c2f5e87bad3c948f4d605d)
Start importing Packages/com.unity.collab-proxy/Editor/Views/Merge/Gluon/IncomingChangesTreeView.cs using Guid(7f2f2eb277e02054cbc5ccee904b593b) Importer(2089858483,b0f066a214c2f5e87bad3c948f4d605d) (ScriptedImporter) -> (artifact id: '44c119ba677f10609942e7b93484fe22') in 0.0209001 seconds
Number of updated asset objects reloaded before import = 0Number of asset objects unloaded after import = 0

========================================================================
Received Import Request.
  Time since last request: 0.000339 seconds.
  path: Packages/com.unity.ugui/Editor/TMP/TMP_UIStyleManager.cs
  artifactKey: Guid(30a939dce2fd4073955f2f20e659d506) Importer(2089858483,b0f066a214c2f5e87bad3c948f4d605d)
Start importing Packages/com.unity.ugui/Editor/TMP/TMP_UIStyleManager.cs using Guid(30a939dce2fd4073955f2f20e659d506) Importer(2089858483,b0f066a214c2f5e87bad3c948f4d605d) (ScriptedImporter) -> (artifact id: '1137f093af6ae5b4a14c4f666d63d0f2') in 0.0242468 seconds
Number of updated asset objects reloaded before import = 0Number of asset objects unloaded after import = 0

========================================================================
Received Import Request.
  Time since last request: 0.000229 seconds.
  path: Packages/com.unity.ugui/Runtime/TMP/TMP_ObjectPool.cs
  artifactKey: Guid(e69259f6ff914146ad610be5491eb44a) Importer(2089858483,b0f066a214c2f5e87bad3c948f4d605d)
Start importing Packages/com.unity.ugui/Runtime/TMP/TMP_ObjectPool.cs using Guid(e69259f6ff914146ad610be5491eb44a) Importer(2089858483,b0f066a214c2f5e87bad3c948f4d605d) (ScriptedImporter) -> (artifact id: 'c3d66702c28156db11180dc01585f946') in 0.0234188 seconds
Number of updated asset objects reloaded before import = 0Number of asset objects unloaded after import = 0

========================================================================
Received Import Request.
  Time since last request: 0.000034 seconds.
  path: Packages/com.unity.ugui/Runtime/TMP/TMP_UpdateManager.cs
  artifactKey: Guid(691db8cb70c4426a8ae718465c21345f) Importer(2089858483,b0f066a214c2f5e87bad3c948f4d605d)
Start importing Packages/com.unity.ugui/Runtime/TMP/TMP_UpdateManager.cs using Guid(691db8cb70c4426a8ae718465c21345f) Importer(2089858483,b0f066a214c2f5e87bad3c948f4d605d) (ScriptedImporter) -> (artifact id: '45576dfe2d8ae44ef81af2d735fe60e2') in 0.0209989 seconds
Number of updated asset objects reloaded before import = 0Number of asset objects unloaded after import = 0

========================================================================
Received Import Request.
  Time since last request: 0.000237 seconds.
  path: Packages/com.unity.ide.visualstudio/Editor/Messaging/TcpListener.cs
  artifactKey: Guid(ded625cf0d03fa94c9f939fd13ced18d) Importer(2089858483,b0f066a214c2f5e87bad3c948f4d605d)
Start importing Packages/com.unity.ide.visualstudio/Editor/Messaging/TcpListener.cs using Guid(ded625cf0d03fa94c9f939fd13ced18d) Importer(2089858483,b0f066a214c2f5e87bad3c948f4d605d) (ScriptedImporter) -> (artifact id: '2b49d4451f3d372b2d05bea296c09892') in 0.0235139 seconds
Number of updated asset objects reloaded before import = 0Number of asset objects unloaded after import = 0

========================================================================
Received Import Request.
  Time since last request: 0.000302 seconds.
  path: Packages/com.unity.ugui/Runtime/TMP/TMP_FontAssetUtilities.cs
  artifactKey: Guid(0a017569bfe174e4890797b4d64cbabc) Importer(2089858483,b0f066a214c2f5e87bad3c948f4d605d)
Start importing Packages/com.unity.ugui/Runtime/TMP/TMP_FontAssetUtilities.cs using Guid(0a017569bfe174e4890797b4d64cbabc) Importer(2089858483,b0f066a214c2f5e87bad3c948f4d605d) (ScriptedImporter) -> (artifact id: '6a3abdff8a6411cb2d88354ad4ef8f57') in 0.0305368 seconds
Number of updated asset objects reloaded before import = 0Number of asset objects unloaded after import = 0

========================================================================
Received Import Request.
  Time since last request: 0.000179 seconds.
  path: Packages/com.unity.ugui/Runtime/TMP/TMP_SpriteAssetImportFormats.cs
  artifactKey: Guid(e4e0b1de1aee400d81ed4273141e7823) Importer(2089858483,b0f066a214c2f5e87bad3c948f4d605d)
Start importing Packages/com.unity.ugui/Runtime/TMP/TMP_SpriteAssetImportFormats.cs using Guid(e4e0b1de1aee400d81ed4273141e7823) Importer(2089858483,b0f066a214c2f5e87bad3c948f4d605d) (ScriptedImporter) -> (artifact id: 'f2d04ec3eef2028b8b73f54dff9ab20a') in 0.028281 seconds
Number of updated asset objects reloaded before import = 0Number of asset objects unloaded after import = 0

========================================================================
Received Import Request.
  Time since last request: 0.000263 seconds.
  path: Packages/com.unity.collab-proxy/Lib/Editor/TextMateSharp/Onigwrap/OnigwrapPlastic.dll
  artifactKey: Guid(a5e4ef40233954c34904a5ab79ff8c9f) Importer(2089858483,b0f066a214c2f5e87bad3c948f4d605d)
Start importing Packages/com.unity.collab-proxy/Lib/Editor/TextMateSharp/Onigwrap/OnigwrapPlastic.dll using Guid(a5e4ef40233954c34904a5ab79ff8c9f) Importer(2089858483,b0f066a214c2f5e87bad3c948f4d605d) (ScriptedImporter) -> (artifact id: '07e09cd2e14ffe60da6b9224be1bd9b6') in 0.0314811 seconds
Number of updated asset objects reloaded before import = 0Number of asset objects unloaded after import = 0

========================================================================
Received Import Request.
  Time since last request: 0.000171 seconds.
  path: Packages/com.unity.ide.visualstudio/Editor/AsyncOperation.cs
  artifactKey: Guid(c6c8b2f6152bd1348ae35f9f95719f75) Importer(2089858483,b0f066a214c2f5e87bad3c948f4d605d)
Start importing Packages/com.unity.ide.visualstudio/Editor/AsyncOperation.cs using Guid(c6c8b2f6152bd1348ae35f9f95719f75) Importer(2089858483,b0f066a214c2f5e87bad3c948f4d605d) (ScriptedImporter) -> (artifact id: '6a4e92f9dfc837376cf40effbfaca8b6') in 0.0218105 seconds
Number of updated asset objects reloaded before import = 0Number of asset objects unloaded after import = 0

========================================================================
Received Import Request.
  Time since last request: 0.000037 seconds.
  path: Packages/com.unity.ugui/Runtime/TMP/TMP_MeshInfo.cs
  artifactKey: Guid(e21bec35f48a44298911b25ead550ce3) Importer(2089858483,b0f066a214c2f5e87bad3c948f4d605d)
Start importing Packages/com.unity.ugui/Runtime/TMP/TMP_MeshInfo.cs using Guid(e21bec35f48a44298911b25ead550ce3) Importer(2089858483,b0f066a214c2f5e87bad3c948f4d605d) (ScriptedImporter) -> (artifact id: '4317b14dc4c0382891afaeb2cfa8942f') in 0.0240349 seconds
Number of updated asset objects reloaded before import = 0Number of asset objects unloaded after import = 0

========================================================================
Received Import Request.
  Time since last request: 0.000980 seconds.
  path: Packages/com.unity.collab-proxy/Editor/Views/BranchExplorer/Drawing/Shapes/ChangesetShape.cs
  artifactKey: Guid(839307907e7a41f7af4d60bf8eef2218) Importer(2089858483,b0f066a214c2f5e87bad3c948f4d605d)
Start importing Packages/com.unity.collab-proxy/Editor/Views/BranchExplorer/Drawing/Shapes/ChangesetShape.cs using Guid(839307907e7a41f7af4d60bf8eef2218) Importer(2089858483,b0f066a214c2f5e87bad3c948f4d605d) (ScriptedImporter) -> (artifact id: 'b427648076adc1dc009a25303d6b2399') in 0.0349689 seconds
Number of updated asset objects reloaded before import = 0Number of asset objects unloaded after import = 0

========================================================================
Received Import Request.
  Time since last request: 0.000253 seconds.
  path: Packages/com.unity.ugui/Editor Resources/Textures/btn_AlignRight_Light.psd
  artifactKey: Guid(e05ace3bd15740cda0bad60d89092a5b) Importer(2089858483,b0f066a214c2f5e87bad3c948f4d605d)
Start importing Packages/com.unity.ugui/Editor Resources/Textures/btn_AlignRight_Light.psd using Guid(e05ace3bd15740cda0bad60d89092a5b) Importer(2089858483,b0f066a214c2f5e87bad3c948f4d605d) (ScriptedImporter) -> (artifact id: 'a0fc792ea0a62991ca4a2f419f77324c') in 0.0412989 seconds
Number of updated asset objects reloaded before import = 0Number of asset objects unloaded after import = 1

========================================================================
Received Import Request.
  Time since last request: 0.000212 seconds.
  path: Packages/com.unity.ugui/Editor Resources/Textures/btn_AlignTop.psd
  artifactKey: Guid(48d034c499ee4697af9dd6e327110249) Importer(2089858483,b0f066a214c2f5e87bad3c948f4d605d)
Start importing Packages/com.unity.ugui/Editor Resources/Textures/btn_AlignTop.psd using Guid(48d034c499ee4697af9dd6e327110249) Importer(2089858483,b0f066a214c2f5e87bad3c948f4d605d) (ScriptedImporter) -> (artifact id: '7e15fcc307fe517c9c1a0545ffa2b3a1') in 0.0344131 seconds
Number of updated asset objects reloaded before import = 0Number of asset objects unloaded after import = 1

========================================================================
Received Import Request.
  Time since last request: 0.000154 seconds.
  path: Packages/com.unity.modules.terrainphysics/package.json
  artifactKey: Guid(d3cbe921f7b3d9a3257e7c61a5761796) Importer(2089858483,b0f066a214c2f5e87bad3c948f4d605d)
Start importing Packages/com.unity.modules.terrainphysics/package.json using Guid(d3cbe921f7b3d9a3257e7c61a5761796) Importer(2089858483,b0f066a214c2f5e87bad3c948f4d605d) (ScriptedImporter) -> (artifact id: '3745d9a2ebf2b71723e307585ac13485') in 0.0200632 seconds
Number of updated asset objects reloaded before import = 0Number of asset objects unloaded after import = 1

========================================================================
Received Import Request.
  Time since last request: 0.000356 seconds.
  path: Packages/com.unity.collab-proxy/Editor/Views/BranchExplorer/Virtualization/VirtualCanvas.cs
  artifactKey: Guid(cc8c3a097e504aeabef3c8c2f7669916) Importer(2089858483,b0f066a214c2f5e87bad3c948f4d605d)
Start importing Packages/com.unity.collab-proxy/Editor/Views/BranchExplorer/Virtualization/VirtualCanvas.cs using Guid(cc8c3a097e504aeabef3c8c2f7669916) Importer(2089858483,b0f066a214c2f5e87bad3c948f4d605d) (ScriptedImporter) -> (artifact id: '3749f9c583541fd1181fcf0a96fdcc65') in 0.0245798 seconds
Number of updated asset objects reloaded before import = 0Number of asset objects unloaded after import = 0

========================================================================
Received Import Request.
  Time since last request: 0.000360 seconds.
  path: Packages/com.unity.ugui/Runtime/TMP/TMP_InputValidator.cs
  artifactKey: Guid(79ff392d1bde4ad78a3836a4a480392d) Importer(2089858483,b0f066a214c2f5e87bad3c948f4d605d)
Start importing Packages/com.unity.ugui/Runtime/TMP/TMP_InputValidator.cs using Guid(79ff392d1bde4ad78a3836a4a480392d) Importer(2089858483,b0f066a214c2f5e87bad3c948f4d605d) (ScriptedImporter) -> (artifact id: 'b18bd0c49cdbb67b831642bfe9302b20') in 0.0168968 seconds
Number of updated asset objects reloaded before import = 0Number of asset objects unloaded after import = 0

========================================================================
Received Import Request.
  Time since last request: 0.000203 seconds.
  path: Packages/com.unity.collab-proxy/Editor/Views/BranchExplorer/Options/DisplayOptions/DisplayOptionsPanel.cs
  artifactKey: Guid(601fa35b365bf4075b5ef778935ad1b8) Importer(2089858483,b0f066a214c2f5e87bad3c948f4d605d)
Start importing Packages/com.unity.collab-proxy/Editor/Views/BranchExplorer/Options/DisplayOptions/DisplayOptionsPanel.cs using Guid(601fa35b365bf4075b5ef778935ad1b8) Importer(2089858483,b0f066a214c2f5e87bad3c948f4d605d) (ScriptedImporter) -> (artifact id: '6070efe03f959d65cc065f1725da102d') in 0.0169286 seconds
Number of updated asset objects reloaded before import = 0Number of asset objects unloaded after import = 0

========================================================================
Received Import Request.
  Time since last request: 0.000150 seconds.
  path: Packages/com.unity.ide.visualstudio/Editor/Discovery.cs
  artifactKey: Guid(abe003ac6fee32e4892100a78f555011) Importer(2089858483,b0f066a214c2f5e87bad3c948f4d605d)
Start importing Packages/com.unity.ide.visualstudio/Editor/Discovery.cs using Guid(abe003ac6fee32e4892100a78f555011) Importer(2089858483,b0f066a214c2f5e87bad3c948f4d605d) (ScriptedImporter) -> (artifact id: '0d95e7d4db5720dcd5ffab8fd9567a6a') in 0.0196037 seconds
Number of updated asset objects reloaded before import = 0Number of asset objects unloaded after import = 0

========================================================================
Received Import Request.
  Time since last request: 0.000230 seconds.
  path: Packages/com.unity.ugui/Editor/TMP/TMPro_EditorShaderUtilities.cs
  artifactKey: Guid(aa76955fe5bb44f7915d91db8c7043c4) Importer(2089858483,b0f066a214c2f5e87bad3c948f4d605d)
Start importing Packages/com.unity.ugui/Editor/TMP/TMPro_EditorShaderUtilities.cs using Guid(aa76955fe5bb44f7915d91db8c7043c4) Importer(2089858483,b0f066a214c2f5e87bad3c948f4d605d) (ScriptedImporter) -> (artifact id: '45ea337b17f6999f3bff0570a71e24ab') in 0.0288118 seconds
Number of updated asset objects reloaded before import = 0Number of asset objects unloaded after import = 0

========================================================================
Received Import Request.
  Time since last request: 0.000194 seconds.
  path: Packages/com.unity.collab-proxy/Editor/Views/BranchExplorer/Zoom/EdgePoint.cs
  artifactKey: Guid(8aa737bc4a2343caa54fc09f658a62bb) Importer(2089858483,b0f066a214c2f5e87bad3c948f4d605d)
Start importing Packages/com.unity.collab-proxy/Editor/Views/BranchExplorer/Zoom/EdgePoint.cs using Guid(8aa737bc4a2343caa54fc09f658a62bb) Importer(2089858483,b0f066a214c2f5e87bad3c948f4d605d) (ScriptedImporter) -> (artifact id: 'c10b5dacf979b473770df979f4a41029') in 0.0201771 seconds
Number of updated asset objects reloaded before import = 0Number of asset objects unloaded after import = 0

========================================================================
Received Import Request.
  Time since last request: 0.000298 seconds.
  path: Packages/com.unity.ide.visualstudio/Editor/Messaging/TcpClient.cs
  artifactKey: Guid(f6674c38820d12a49ac116d416521d85) Importer(2089858483,b0f066a214c2f5e87bad3c948f4d605d)
Start importing Packages/com.unity.ide.visualstudio/Editor/Messaging/TcpClient.cs using Guid(f6674c38820d12a49ac116d416521d85) Importer(2089858483,b0f066a214c2f5e87bad3c948f4d605d) (ScriptedImporter) -> (artifact id: '8dc09da07aa1a2bf202b4d67f8eb3c71') in 0.0210205 seconds
Number of updated asset objects reloaded before import = 0Number of asset objects unloaded after import = 0

========================================================================
Received Import Request.
  Time since last request: 0.000035 seconds.
  path: Packages/com.unity.modules.unitywebrequesttexture/package.json
  artifactKey: Guid(d0e3ad91972c66f5238f5b9b7d5ae58a) Importer(2089858483,b0f066a214c2f5e87bad3c948f4d605d)
Start importing Packages/com.unity.modules.unitywebrequesttexture/package.json using Guid(d0e3ad91972c66f5238f5b9b7d5ae58a) Importer(2089858483,b0f066a214c2f5e87bad3c948f4d605d) (ScriptedImporter) -> (artifact id: '02ee1f4d36c6a255d48a8258422950af') in 0.0228329 seconds
Number of updated asset objects reloaded before import = 0Number of asset objects unloaded after import = 1

========================================================================
Received Import Request.
  Time since last request: 0.000443 seconds.
  path: Packages/com.unity.ide.visualstudio/Editor/COMIntegration/Release/COMIntegration.exe
  artifactKey: Guid(cb67edc1800c2ec4ba8dfb1cf0dfc84a) Importer(2089858483,b0f066a214c2f5e87bad3c948f4d605d)
Start importing Packages/com.unity.ide.visualstudio/Editor/COMIntegration/Release/COMIntegration.exe using Guid(cb67edc1800c2ec4ba8dfb1cf0dfc84a) Importer(2089858483,b0f066a214c2f5e87bad3c948f4d605d) (ScriptedImporter) -> (artifact id: 'bfe0898e26f886885f1942e929cd144f') in 0.0182161 seconds
Number of updated asset objects reloaded before import = 0Number of asset objects unloaded after import = 1

========================================================================
Received Import Request.
  Time since last request: 0.000195 seconds.
  path: Packages/com.unity.ugui/Editor/TMP/TMPro_FontAssetCreatorWindow.cs
  artifactKey: Guid(383966e89d344865a36addd5d378ffd3) Importer(2089858483,b0f066a214c2f5e87bad3c948f4d605d)
Start importing Packages/com.unity.ugui/Editor/TMP/TMPro_FontAssetCreatorWindow.cs using Guid(383966e89d344865a36addd5d378ffd3) Importer(2089858483,b0f066a214c2f5e87bad3c948f4d605d) (ScriptedImporter) -> (artifact id: '20375b4346a6b534cb162ae3e3c3f417') in 0.321357 seconds
Number of updated asset objects reloaded before import = 0Number of asset objects unloaded after import = 0

========================================================================
Received Import Request.
  Time since last request: 0.000120 seconds.
  path: Packages/com.unity.ugui/Editor Resources/Textures/btn_AlignJustified_Light.psd
  artifactKey: Guid(fa6bd40a216346b783a4cce741d277a5) Importer(2089858483,b0f066a214c2f5e87bad3c948f4d605d)
Start importing Packages/com.unity.ugui/Editor Resources/Textures/btn_AlignJustified_Light.psd using Guid(fa6bd40a216346b783a4cce741d277a5) Importer(2089858483,b0f066a214c2f5e87bad3c948f4d605d) (ScriptedImporter) -> (artifact id: 'e7d4154d2593f94ab91398fa7ad04e6b') in 0.037875 seconds
Number of updated asset objects reloaded before import = 0Number of asset objects unloaded after import = 1

========================================================================
Received Import Request.
  Time since last request: 0.000170 seconds.
  path: Packages/com.unity.ugui/Runtime/TMP/TMP_SubMeshUI.cs
  artifactKey: Guid(058cba836c1846c3aa1c5fd2e28aea77) Importer(2089858483,b0f066a214c2f5e87bad3c948f4d605d)
Start importing Packages/com.unity.ugui/Runtime/TMP/TMP_SubMeshUI.cs using Guid(058cba836c1846c3aa1c5fd2e28aea77) Importer(2089858483,b0f066a214c2f5e87bad3c948f4d605d) (ScriptedImporter) -> (artifact id: '155ebef81aa90be87fcc60a8be722a94') in 0.0207778 seconds
Number of updated asset objects reloaded before import = 0Number of asset objects unloaded after import = 0

========================================================================
Received Import Request.
  Time since last request: 0.000248 seconds.
  path: Packages/com.unity.ugui/Runtime/TMP/TMP_TextElement_Legacy.cs
  artifactKey: Guid(87ab1bebe13f41f89d5427e7d2c34d58) Importer(2089858483,b0f066a214c2f5e87bad3c948f4d605d)
Start importing Packages/com.unity.ugui/Runtime/TMP/TMP_TextElement_Legacy.cs using Guid(87ab1bebe13f41f89d5427e7d2c34d58) Importer(2089858483,b0f066a214c2f5e87bad3c948f4d605d) (ScriptedImporter) -> (artifact id: '3a2a87c9c59c1e91423eac9f1a701909') in 0.0263136 seconds
Number of updated asset objects reloaded before import = 0Number of asset objects unloaded after import = 0

========================================================================
Received Import Request.
  Time since last request: 0.000109 seconds.
  path: Packages/com.unity.ide.visualstudio/Editor/ProjectGeneration/GUIDProvider.cs
  artifactKey: Guid(7652904b1008e324fb7cfb952ea87656) Importer(2089858483,b0f066a214c2f5e87bad3c948f4d605d)
Start importing Packages/com.unity.ide.visualstudio/Editor/ProjectGeneration/GUIDProvider.cs using Guid(7652904b1008e324fb7cfb952ea87656) Importer(2089858483,b0f066a214c2f5e87bad3c948f4d605d) (ScriptedImporter) -> (artifact id: 'ddc38ba1365c6db617cf7adcd0a42874') in 0.0219729 seconds
Number of updated asset objects reloaded before import = 0Number of asset objects unloaded after import = 0

========================================================================
Received Import Request.
  Time since last request: 0.000184 seconds.
  path: Packages/com.unity.ugui/Runtime/TMP/TMP_Compatibility.cs
  artifactKey: Guid(21364f754cf9b9b47a60742332d4af56) Importer(2089858483,b0f066a214c2f5e87bad3c948f4d605d)
Start importing Packages/com.unity.ugui/Runtime/TMP/TMP_Compatibility.cs using Guid(21364f754cf9b9b47a60742332d4af56) Importer(2089858483,b0f066a214c2f5e87bad3c948f4d605d) (ScriptedImporter) -> (artifact id: 'd6526229231c2aa4b2dbdff79c86f003') in 0.0238086 seconds
Number of updated asset objects reloaded before import = 0Number of asset objects unloaded after import = 0

========================================================================
Received Import Request.
  Time since last request: 0.000276 seconds.
  path: Packages/com.unity.collab-proxy/Editor/Views/BranchExplorer/Drawing/Shapes/Connections/BezierCurveExtensions.cs
  artifactKey: Guid(83fb50776194245ea981ff3a8c412370) Importer(2089858483,b0f066a214c2f5e87bad3c948f4d605d)
Start importing Packages/com.unity.collab-proxy/Editor/Views/BranchExplorer/Drawing/Shapes/Connections/BezierCurveExtensions.cs using Guid(83fb50776194245ea981ff3a8c412370) Importer(2089858483,b0f066a214c2f5e87bad3c948f4d605d) (ScriptedImporter) -> (artifact id: 'd6020ddd115b76ea3f4a778a80bbfaf8') in 0.0217606 seconds
Number of updated asset objects reloaded before import = 0Number of asset objects unloaded after import = 0

========================================================================
Received Import Request.
  Time since last request: 0.000032 seconds.
  path: Packages/com.unity.ugui/Editor/TMP/TMP_SDFShaderGUI.cs
  artifactKey: Guid(8413ca0e506d42a1a4bd9769f204ad16) Importer(2089858483,b0f066a214c2f5e87bad3c948f4d605d)
Start importing Packages/com.unity.ugui/Editor/TMP/TMP_SDFShaderGUI.cs using Guid(8413ca0e506d42a1a4bd9769f204ad16) Importer(2089858483,b0f066a214c2f5e87bad3c948f4d605d) (ScriptedImporter) -> (artifact id: '069a3b2328184eb8526037f248614136') in 0.0289923 seconds
Number of updated asset objects reloaded before import = 0Number of asset objects unloaded after import = 0

========================================================================
Received Import Request.
  Time since last request: 0.000212 seconds.
  path: Packages/com.unity.ugui/Editor/UGUI/UI/PrefabLayoutRebuilder.cs
  artifactKey: Guid(a62706dc421fc9b4fa368a8050a930f7) Importer(2089858483,b0f066a214c2f5e87bad3c948f4d605d)
Start importing Packages/com.unity.ugui/Editor/UGUI/UI/PrefabLayoutRebuilder.cs using Guid(a62706dc421fc9b4fa368a8050a930f7) Importer(2089858483,b0f066a214c2f5e87bad3c948f4d605d) (ScriptedImporter) -> (artifact id: 'dfbd02035d3f4c096c442c1745fa67c8') in 0.0235333 seconds
Number of updated asset objects reloaded before import = 0Number of asset objects unloaded after import = 0

========================================================================
Received Import Request.
  Time since last request: 0.001046 seconds.
  path: Packages/com.unity.test-framework/CHANGELOG.md
  artifactKey: Guid(d691174143fd3774ba63d7c493633b99) Importer(2089858483,b0f066a214c2f5e87bad3c948f4d605d)
Start importing Packages/com.unity.test-framework/CHANGELOG.md using Guid(d691174143fd3774ba63d7c493633b99) Importer(2089858483,b0f066a214c2f5e87bad3c948f4d605d) (ScriptedImporter) -> (artifact id: 'fb583371f8fce3253690e381cdbe10ca') in 0.0249558 seconds
Number of updated asset objects reloaded before import = 0Number of asset objects unloaded after import = 1

========================================================================
Received Import Request.
  Time since last request: 0.000109 seconds.
  path: Packages/com.unity.ugui/Runtime/UGUI/UI/Core/Image.cs
  artifactKey: Guid(fe87c0e1cc204ed48ad3b37840f39efc) Importer(2089858483,b0f066a214c2f5e87bad3c948f4d605d)
Start importing Packages/com.unity.ugui/Runtime/UGUI/UI/Core/Image.cs using Guid(fe87c0e1cc204ed48ad3b37840f39efc) Importer(2089858483,b0f066a214c2f5e87bad3c948f4d605d) (ScriptedImporter) -> (artifact id: 'edc4848583213b249dbdf828618b5ffa') in 0.0290143 seconds
Number of updated asset objects reloaded before import = 0Number of asset objects unloaded after import = 0

========================================================================
Received Import Request.
  Time since last request: 0.000463 seconds.
  path: Packages/com.unity.test-framework/UnityEditor.TestRunner/Api/TestRunProgress.cs
  artifactKey: Guid(8a06b6fbaa6f4191aa47b7e31242f061) Importer(2089858483,b0f066a214c2f5e87bad3c948f4d605d)
Start importing Packages/com.unity.test-framework/UnityEditor.TestRunner/Api/TestRunProgress.cs using Guid(8a06b6fbaa6f4191aa47b7e31242f061) Importer(2089858483,b0f066a214c2f5e87bad3c948f4d605d) (ScriptedImporter) -> (artifact id: 'b833f410c0899249f6e4e11d7ea574b9') in 0.0252143 seconds
Number of updated asset objects reloaded before import = 0Number of asset objects unloaded after import = 0

========================================================================
Received Import Request.
  Time since last request: 0.000273 seconds.
  path: Packages/com.unity.ugui/Editor/UGUI/UI/ImageEditor.cs
  artifactKey: Guid(b759d61544e231c41bc88530b1d94ee8) Importer(2089858483,b0f066a214c2f5e87bad3c948f4d605d)
Start importing Packages/com.unity.ugui/Editor/UGUI/UI/ImageEditor.cs using Guid(b759d61544e231c41bc88530b1d94ee8) Importer(2089858483,b0f066a214c2f5e87bad3c948f4d605d) (ScriptedImporter) -> (artifact id: '80e09f9459c36cc337a044bccba390f0') in 0.0209458 seconds
Number of updated asset objects reloaded before import = 0Number of asset objects unloaded after import = 0

========================================================================
Received Import Request.
  Time since last request: 0.000033 seconds.
  path: Packages/com.unity.ugui/Runtime/UGUI/UI/Core/MultipleDisplayUtilities.cs
  artifactKey: Guid(5ebeb75bd91642048bb3f6c1939fde66) Importer(2089858483,b0f066a214c2f5e87bad3c948f4d605d)
Start importing Packages/com.unity.ugui/Runtime/UGUI/UI/Core/MultipleDisplayUtilities.cs using Guid(5ebeb75bd91642048bb3f6c1939fde66) Importer(2089858483,b0f066a214c2f5e87bad3c948f4d605d) (ScriptedImporter) -> (artifact id: 'd9b0279ffd25201cf431c13c927965ae') in 0.0262548 seconds
Number of updated asset objects reloaded before import = 0Number of asset objects unloaded after import = 0

========================================================================
Received Import Request.
  Time since last request: 0.000392 seconds.
  path: Packages/com.unity.ugui/Tests/Runtime/UGUI/Canvas/RectTransformValidAfterEnable.cs
  artifactKey: Guid(811d999912a5f3f459a637aad029fbc8) Importer(2089858483,b0f066a214c2f5e87bad3c948f4d605d)
Start importing Packages/com.unity.ugui/Tests/Runtime/UGUI/Canvas/RectTransformValidAfterEnable.cs using Guid(811d999912a5f3f459a637aad029fbc8) Importer(2089858483,b0f066a214c2f5e87bad3c948f4d605d) (ScriptedImporter) -> (artifact id: '3e1de99920f897b049ca5b5c8b636ed1') in 0.0233173 seconds
Number of updated asset objects reloaded before import = 0Number of asset objects unloaded after import = 0

========================================================================
Received Import Request.
  Time since last request: 0.000041 seconds.
  path: Packages/com.unity.test-framework/LICENSE.md
  artifactKey: Guid(3ec7596410385054a9e0bc90377fbe63) Importer(2089858483,b0f066a214c2f5e87bad3c948f4d605d)
Start importing Packages/com.unity.test-framework/LICENSE.md using Guid(3ec7596410385054a9e0bc90377fbe63) Importer(2089858483,b0f066a214c2f5e87bad3c948f4d605d) (ScriptedImporter) -> (artifact id: '8c876adb272bbd01c862735c098b15b4') in 0.0282365 seconds
Number of updated asset objects reloaded before import = 0Number of asset objects unloaded after import = 1

========================================================================
Received Import Request.
  Time since last request: 0.000156 seconds.
  path: Packages/com.unity.test-framework/Tests/TestNewCustomAssembly/NewPlayModeTest.cs
  artifactKey: Guid(74e0dd7cd2eda394aafc22c5859b35c8) Importer(2089858483,b0f066a214c2f5e87bad3c948f4d605d)
Start importing Packages/com.unity.test-framework/Tests/TestNewCustomAssembly/NewPlayModeTest.cs using Guid(74e0dd7cd2eda394aafc22c5859b35c8) Importer(2089858483,b0f066a214c2f5e87bad3c948f4d605d) (ScriptedImporter) -> (artifact id: '468c497faf960bef01993bcb291d74f3') in 0.0274625 seconds
Number of updated asset objects reloaded before import = 0Number of asset objects unloaded after import = 0

========================================================================
Received Import Request.
  Time since last request: 0.000711 seconds.
  path: Packages/com.unity.ugui/Runtime/UGUI/EventSystem/UIElements/PanelEventHandler.cs
  artifactKey: Guid(8a410b213209442fb15a69799f0240a5) Importer(2089858483,b0f066a214c2f5e87bad3c948f4d605d)
Start importing Packages/com.unity.ugui/Runtime/UGUI/EventSystem/UIElements/PanelEventHandler.cs using Guid(8a410b213209442fb15a69799f0240a5) Importer(2089858483,b0f066a214c2f5e87bad3c948f4d605d) (ScriptedImporter) -> (artifact id: 'aaa4c230988d32f5a93d6727052260ef') in 0.0232498 seconds
Number of updated asset objects reloaded before import = 0Number of asset objects unloaded after import = 0

========================================================================
Received Import Request.
  Time since last request: 0.000248 seconds.
  path: Packages/com.unity.modules.uielements/package.json
  artifactKey: Guid(4f0f9b9f3ed97ad2b9ba8f1a8e4666c2) Importer(2089858483,b0f066a214c2f5e87bad3c948f4d605d)
Start importing Packages/com.unity.modules.uielements/package.json using Guid(4f0f9b9f3ed97ad2b9ba8f1a8e4666c2) Importer(2089858483,b0f066a214c2f5e87bad3c948f4d605d) (ScriptedImporter) -> (artifact id: 'e29a13ada60be538ac512a3488903238') in 0.0256526 seconds
Number of updated asset objects reloaded before import = 0Number of asset objects unloaded after import = 1

========================================================================
Received Import Request.
  Time since last request: 0.000201 seconds.
  path: Packages/com.unity.ugui/Runtime/UGUI/UI/Core/GraphicRaycaster.cs
  artifactKey: Guid(dc42784cf147c0c48a680349fa168899) Importer(2089858483,b0f066a214c2f5e87bad3c948f4d605d)
Start importing Packages/com.unity.ugui/Runtime/UGUI/UI/Core/GraphicRaycaster.cs using Guid(dc42784cf147c0c48a680349fa168899) Importer(2089858483,b0f066a214c2f5e87bad3c948f4d605d) (ScriptedImporter) -> (artifact id: 'ffb3f892c86307a6b232631e3ac97754') in 0.0287876 seconds
Number of updated asset objects reloaded before import = 0Number of asset objects unloaded after import = 0

========================================================================
Received Import Request.
  Time since last request: 0.000233 seconds.
  path: Packages/com.unity.ugui/Tests/Runtime/UGUI/EventSystem/InputModuleTests.cs
  artifactKey: Guid(e4e290d31ab7fb54880746bb8f818e0d) Importer(2089858483,b0f066a214c2f5e87bad3c948f4d605d)
Start importing Packages/com.unity.ugui/Tests/Runtime/UGUI/EventSystem/InputModuleTests.cs using Guid(e4e290d31ab7fb54880746bb8f818e0d) Importer(2089858483,b0f066a214c2f5e87bad3c948f4d605d) (ScriptedImporter) -> (artifact id: '5a45b0b7f7ec555524e0611b279b1908') in 0.0442818 seconds
Number of updated asset objects reloaded before import = 0Number of asset objects unloaded after import = 0

========================================================================
Received Import Request.
  Time since last request: 0.000232 seconds.
  path: Packages/com.unity.ugui/Tests/Runtime/UGUI/EventSystem/InputModuleTests/PointerExitCallbackCheck.cs
  artifactKey: Guid(af94bd3a805f27e42ab86647265be74e) Importer(2089858483,b0f066a214c2f5e87bad3c948f4d605d)
Start importing Packages/com.unity.ugui/Tests/Runtime/UGUI/EventSystem/InputModuleTests/PointerExitCallbackCheck.cs using Guid(af94bd3a805f27e42ab86647265be74e) Importer(2089858483,b0f066a214c2f5e87bad3c948f4d605d) (ScriptedImporter) -> (artifact id: '189aa99a6bdb08c4cd3c6addc8d3869b') in 0.0314424 seconds
Number of updated asset objects reloaded before import = 0Number of asset objects unloaded after import = 0

========================================================================
Received Import Request.
  Time since last request: 0.000037 seconds.
  path: Packages/com.unity.ugui/Editor/TMP/PropertyDrawers/TMP_TextAlignmentDrawer.cs
  artifactKey: Guid(c55a64c7570474f47a94abe39ebfef04) Importer(2089858483,b0f066a214c2f5e87bad3c948f4d605d)
Start importing Packages/com.unity.ugui/Editor/TMP/PropertyDrawers/TMP_TextAlignmentDrawer.cs using Guid(c55a64c7570474f47a94abe39ebfef04) Importer(2089858483,b0f066a214c2f5e87bad3c948f4d605d) (ScriptedImporter) -> (artifact id: 'd694922fdc6a5d0780239cc6f376b4b0') in 0.0309488 seconds
Number of updated asset objects reloaded before import = 0Number of asset objects unloaded after import = 0

========================================================================
Received Import Request.
  Time since last request: 0.000750 seconds.
  path: Packages/com.unity.modules.physics/package.ModuleCompilationTrigger
  artifactKey: Guid(5c1ee4056d0ac7ad3c5a16597fcaa38a) Importer(2089858483,b0f066a214c2f5e87bad3c948f4d605d)
Start importing Packages/com.unity.modules.physics/package.ModuleCompilationTrigger using Guid(5c1ee4056d0ac7ad3c5a16597fcaa38a) Importer(2089858483,b0f066a214c2f5e87bad3c948f4d605d) (ScriptedImporter) -> (artifact id: '835c46f12ba988248bb313c79f3607af') in 0.0266112 seconds
Number of updated asset objects reloaded before import = 0Number of asset objects unloaded after import = 1

========================================================================
Received Import Request.
  Time since last request: 0.000354 seconds.
  path: Packages/com.unity.ugui/Tests/Runtime/UGUI/EventSystem/GraphicRaycasterTests.cs
  artifactKey: Guid(e6323ebef616fee4486ee155cd56d191) Importer(2089858483,b0f066a214c2f5e87bad3c948f4d605d)
Start importing Packages/com.unity.ugui/Tests/Runtime/UGUI/EventSystem/GraphicRaycasterTests.cs using Guid(e6323ebef616fee4486ee155cd56d191) Importer(2089858483,b0f066a214c2f5e87bad3c948f4d605d) (ScriptedImporter) -> (artifact id: 'd0e3fe975fb27368a13e5b3d21d1d28b') in 0.0278673 seconds
Number of updated asset objects reloaded before import = 0Number of asset objects unloaded after import = 0

========================================================================
Received Import Request.
  Time since last request: 0.000326 seconds.
  path: Packages/com.unity.ugui/Tests/Runtime/UGUI/ScrollBar/ScrollBarTests.cs
  artifactKey: Guid(00f9a68859b850648902e0c98c25b590) Importer(2089858483,b0f066a214c2f5e87bad3c948f4d605d)
Start importing Packages/com.unity.ugui/Tests/Runtime/UGUI/ScrollBar/ScrollBarTests.cs using Guid(00f9a68859b850648902e0c98c25b590) Importer(2089858483,b0f066a214c2f5e87bad3c948f4d605d) (ScriptedImporter) -> (artifact id: 'b0008aaa6995655b2773efd43c977c7e') in 0.0269213 seconds
Number of updated asset objects reloaded before import = 0Number of asset objects unloaded after import = 0

========================================================================
Received Import Request.
  Time since last request: 0.000034 seconds.
  path: Packages/com.unity.ugui/Runtime/UGUI/UI/Core/Layout/VerticalLayoutGroup.cs
  artifactKey: Guid(59f8146938fff824cb5fd77236b75775) Importer(2089858483,b0f066a214c2f5e87bad3c948f4d605d)
Start importing Packages/com.unity.ugui/Runtime/UGUI/UI/Core/Layout/VerticalLayoutGroup.cs using Guid(59f8146938fff824cb5fd77236b75775) Importer(2089858483,b0f066a214c2f5e87bad3c948f4d605d) (ScriptedImporter) -> (artifact id: '405671b375dfc387ac6b021d57acea15') in 0.0272544 seconds
Number of updated asset objects reloaded before import = 0Number of asset objects unloaded after import = 0

========================================================================
Received Import Request.
  Time since last request: 0.000044 seconds.
  path: Packages/com.unity.test-framework/UnityEngine.TestRunner/UnityEngine.TestRunner.asmdef
  artifactKey: Guid(27619889b8ba8c24980f49ee34dbb44a) Importer(2089858483,b0f066a214c2f5e87bad3c948f4d605d)
Start importing Packages/com.unity.test-framework/UnityEngine.TestRunner/UnityEngine.TestRunner.asmdef using Guid(27619889b8ba8c24980f49ee34dbb44a) Importer(2089858483,b0f066a214c2f5e87bad3c948f4d605d) (ScriptedImporter) -> (artifact id: 'c131ec9ed8bed3d1c682420f42234548') in 0.0373417 seconds
Number of updated asset objects reloaded before import = 0Number of asset objects unloaded after import = 1

========================================================================
Received Import Request.
  Time since last request: 0.001471 seconds.
  path: Packages/com.unity.ugui/Editor/TMP/PropertyDrawers/GlyphPairAdjustmentRecordPropertyDrawer.cs
  artifactKey: Guid(d256fa541faf5d4409992c631adb98a1) Importer(2089858483,b0f066a214c2f5e87bad3c948f4d605d)
Start importing Packages/com.unity.ugui/Editor/TMP/PropertyDrawers/GlyphPairAdjustmentRecordPropertyDrawer.cs using Guid(d256fa541faf5d4409992c631adb98a1) Importer(2089858483,b0f066a214c2f5e87bad3c948f4d605d) (ScriptedImporter) -> (artifact id: 'c3bac7f349d9be8bd1a33d8cba43d7c1') in 0.0267997 seconds
Number of updated asset objects reloaded before import = 0Number of asset objects unloaded after import = 0

========================================================================
Received Import Request.
  Time since last request: 0.000187 seconds.
  path: Packages/com.unity.ugui/Tests/Runtime/UGUI/EventSystem/SelectableTests.cs
  artifactKey: Guid(39dcddcb5895328489c92214aa73e3bb) Importer(2089858483,b0f066a214c2f5e87bad3c948f4d605d)
Start importing Packages/com.unity.ugui/Tests/Runtime/UGUI/EventSystem/SelectableTests.cs using Guid(39dcddcb5895328489c92214aa73e3bb) Importer(2089858483,b0f066a214c2f5e87bad3c948f4d605d) (ScriptedImporter) -> (artifact id: '697b90aeba513107fd0e2a140c352aab') in 0.022255 seconds
Number of updated asset objects reloaded before import = 0Number of asset objects unloaded after import = 0

========================================================================
Received Import Request.
  Time since last request: 0.000433 seconds.
  path: Packages/com.unity.ugui/Runtime/UGUI/UI/Core/Mask.cs
  artifactKey: Guid(31a19414c41e5ae4aae2af33fee712f6) Importer(2089858483,b0f066a214c2f5e87bad3c948f4d605d)
Start importing Packages/com.unity.ugui/Runtime/UGUI/UI/Core/Mask.cs using Guid(31a19414c41e5ae4aae2af33fee712f6) Importer(2089858483,b0f066a214c2f5e87bad3c948f4d605d) (ScriptedImporter) -> (artifact id: '4eb48ef7786932899d45763edf4bcf8f') in 0.0314309 seconds
Number of updated asset objects reloaded before import = 0Number of asset objects unloaded after import = 0

========================================================================
Received Import Request.
  Time since last request: 0.000175 seconds.
  path: Packages/com.unity.ugui/Editor/TMP/PropertyDrawers/TMP_MarkToBaseAdjustmentRecordPropertyDrawer.cs
  artifactKey: Guid(065a7fcf0d7286d418f3114ec18d1a2d) Importer(2089858483,b0f066a214c2f5e87bad3c948f4d605d)
Start importing Packages/com.unity.ugui/Editor/TMP/PropertyDrawers/TMP_MarkToBaseAdjustmentRecordPropertyDrawer.cs using Guid(065a7fcf0d7286d418f3114ec18d1a2d) Importer(2089858483,b0f066a214c2f5e87bad3c948f4d605d) (ScriptedImporter) -> (artifact id: '937b493d6241242fac58acbdd80ecb56') in 0.0365385 seconds
Number of updated asset objects reloaded before import = 0Number of asset objects unloaded after import = 0

========================================================================
Received Import Request.
  Time since last request: 0.000367 seconds.
  path: Packages/com.unity.ugui/Editor/UGUI/EventSystem/Physics2DRaycasterEditor.cs
  artifactKey: Guid(1143ae6bb91836f4a8f8ebfaabb9396d) Importer(2089858483,b0f066a214c2f5e87bad3c948f4d605d)
Start importing Packages/com.unity.ugui/Editor/UGUI/EventSystem/Physics2DRaycasterEditor.cs using Guid(1143ae6bb91836f4a8f8ebfaabb9396d) Importer(2089858483,b0f066a214c2f5e87bad3c948f4d605d) (ScriptedImporter) -> (artifact id: '5771e080595e11a6b99aeed2458bcb4b') in 0.0286157 seconds
Number of updated asset objects reloaded before import = 0Number of asset objects unloaded after import = 0

========================================================================
Received Import Request.
  Time since last request: 0.000199 seconds.
  path: Packages/com.unity.test-framework/UnityEditor.TestRunner/CommandLineTest/Executer.cs
  artifactKey: Guid(083c6a3a5426382449369ddc12b691d8) Importer(2089858483,b0f066a214c2f5e87bad3c948f4d605d)
Start importing Packages/com.unity.test-framework/UnityEditor.TestRunner/CommandLineTest/Executer.cs using Guid(083c6a3a5426382449369ddc12b691d8) Importer(2089858483,b0f066a214c2f5e87bad3c948f4d605d) (ScriptedImporter) -> (artifact id: 'ecd0325943fc1ed8d9071259504b2298') in 0.0261658 seconds
Number of updated asset objects reloaded before import = 0Number of asset objects unloaded after import = 0

========================================================================
Received Import Request.
  Time since last request: 0.000734 seconds.
  path: Packages/com.unity.test-framework/UnityEditor.TestRunner/TestResultSerializer.cs
  artifactKey: Guid(559482fe33c79e44882d3a6cedc55fb5) Importer(2089858483,b0f066a214c2f5e87bad3c948f4d605d)
Start importing Packages/com.unity.test-framework/UnityEditor.TestRunner/TestResultSerializer.cs using Guid(559482fe33c79e44882d3a6cedc55fb5) Importer(2089858483,b0f066a214c2f5e87bad3c948f4d605d) (ScriptedImporter) -> (artifact id: '4495b7475c0489819d5cbcda010063b4') in 0.0216952 seconds
Number of updated asset objects reloaded before import = 0Number of asset objects unloaded after import = 0

========================================================================
Received Import Request.
  Time since last request: 0.000227 seconds.
  path: Packages/com.unity.ugui/Tests/Runtime/UGUI/Button/ButtonTests.cs
  artifactKey: Guid(1ef2923b9c5521948a04299da53ae750) Importer(2089858483,b0f066a214c2f5e87bad3c948f4d605d)
Start importing Packages/com.unity.ugui/Tests/Runtime/UGUI/Button/ButtonTests.cs using Guid(1ef2923b9c5521948a04299da53ae750) Importer(2089858483,b0f066a214c2f5e87bad3c948f4d605d) (ScriptedImporter) -> (artifact id: '1ef16681d7f5a8c157645361415a90d7') in 0.0264805 seconds
Number of updated asset objects reloaded before import = 0Number of asset objects unloaded after import = 0

========================================================================
Received Import Request.
  Time since last request: 0.000175 seconds.
  path: Packages/com.unity.ugui/Runtime/UGUI/UI/Core/MaskUtilities.cs
  artifactKey: Guid(7bd96d76711152648a736c4d28d865f2) Importer(2089858483,b0f066a214c2f5e87bad3c948f4d605d)
Start importing Packages/com.unity.ugui/Runtime/UGUI/UI/Core/MaskUtilities.cs using Guid(7bd96d76711152648a736c4d28d865f2) Importer(2089858483,b0f066a214c2f5e87bad3c948f4d605d) (ScriptedImporter) -> (artifact id: '9d48eae9d83e8b83b1e56f04651b2434') in 0.022091 seconds
Number of updated asset objects reloaded before import = 0Number of asset objects unloaded after import = 0

========================================================================
Received Import Request.
  Time since last request: 0.000265 seconds.
  path: Packages/com.unity.ugui/Tests/Runtime/UGUI/EventSystem/GraphicRaycasterWorldSpaceCanvasTests.cs
  artifactKey: Guid(3d42c4854f9093e409cd90c00ef26de0) Importer(2089858483,b0f066a214c2f5e87bad3c948f4d605d)
Start importing Packages/com.unity.ugui/Tests/Runtime/UGUI/EventSystem/GraphicRaycasterWorldSpaceCanvasTests.cs using Guid(3d42c4854f9093e409cd90c00ef26de0) Importer(2089858483,b0f066a214c2f5e87bad3c948f4d605d) (ScriptedImporter) -> (artifact id: 'f3e43a50fde1bed7fe693595fb52a86a') in 0.0212969 seconds
Number of updated asset objects reloaded before import = 0Number of asset objects unloaded after import = 0

========================================================================
Received Import Request.
  Time since last request: 0.000214 seconds.
  path: Packages/com.unity.ugui/Tests/Runtime/UGUI/Canvas/NestedCanvas.cs
  artifactKey: Guid(fc8d686a4c18b8d49bb1db4150de0459) Importer(2089858483,b0f066a214c2f5e87bad3c948f4d605d)
Start importing Packages/com.unity.ugui/Tests/Runtime/UGUI/Canvas/NestedCanvas.cs using Guid(fc8d686a4c18b8d49bb1db4150de0459) Importer(2089858483,b0f066a214c2f5e87bad3c948f4d605d) (ScriptedImporter) -> (artifact id: '88a9ff10685abab250e0130ddb8e53fb') in 0.0203539 seconds
Number of updated asset objects reloaded before import = 0Number of asset objects unloaded after import = 0

========================================================================
Received Import Request.
  Time since last request: 0.000195 seconds.
  path: Packages/com.unity.ugui/Editor/TMP/HDRP/TMP_BaseHDRPLitShaderGUI.cs
  artifactKey: Guid(e3795795b029fde4395e6953ce72b5a6) Importer(2089858483,b0f066a214c2f5e87bad3c948f4d605d)
Start importing Packages/com.unity.ugui/Editor/TMP/HDRP/TMP_BaseHDRPLitShaderGUI.cs using Guid(e3795795b029fde4395e6953ce72b5a6) Importer(2089858483,b0f066a214c2f5e87bad3c948f4d605d) (ScriptedImporter) -> (artifact id: 'fd29745e573e6670d3363cf60e60c465') in 0.022712 seconds
Number of updated asset objects reloaded before import = 0Number of asset objects unloaded after import = 0

========================================================================
Received Import Request.
  Time since last request: 0.000408 seconds.
  path: Packages/com.unity.ugui/Editor/UGUI/UI/GraphicEditor.cs
  artifactKey: Guid(c890977a36bfdc849872b9337ab89098) Importer(2089858483,b0f066a214c2f5e87bad3c948f4d605d)
Start importing Packages/com.unity.ugui/Editor/UGUI/UI/GraphicEditor.cs using Guid(c890977a36bfdc849872b9337ab89098) Importer(2089858483,b0f066a214c2f5e87bad3c948f4d605d) (ScriptedImporter) -> (artifact id: '790b631edf62f3b1e2b8d9ab6979496b') in 0.0205786 seconds
Number of updated asset objects reloaded before import = 0Number of asset objects unloaded after import = 0

========================================================================
Received Import Request.
  Time since last request: 0.000153 seconds.
  path: Packages/com.unity.modules.androidjni/package.json
  artifactKey: Guid(bd1af0a6633ee94ae21c7d1d702cdc12) Importer(2089858483,b0f066a214c2f5e87bad3c948f4d605d)
Start importing Packages/com.unity.modules.androidjni/package.json using Guid(bd1af0a6633ee94ae21c7d1d702cdc12) Importer(2089858483,b0f066a214c2f5e87bad3c948f4d605d) (ScriptedImporter) -> (artifact id: '07b8317d064f98efe0fc8e6102517c0b') in 0.0192162 seconds
Number of updated asset objects reloaded before import = 0Number of asset objects unloaded after import = 1

========================================================================
Received Import Request.
  Time since last request: 0.000185 seconds.
  path: Packages/com.unity.ugui/Tests/Editor/UGUI/Canvas/UISystemProfilerAddMarkerWithNullObjectDoesNotCrash.cs
  artifactKey: Guid(0ca81982e37e893498abf804c12a22c7) Importer(2089858483,b0f066a214c2f5e87bad3c948f4d605d)
Start importing Packages/com.unity.ugui/Tests/Editor/UGUI/Canvas/UISystemProfilerAddMarkerWithNullObjectDoesNotCrash.cs using Guid(0ca81982e37e893498abf804c12a22c7) Importer(2089858483,b0f066a214c2f5e87bad3c948f4d605d) (ScriptedImporter) -> (artifact id: 'e5cbb36d5612754c7fc2a3c266552ad9') in 0.0176678 seconds
Number of updated asset objects reloaded before import = 0Number of asset objects unloaded after import = 0

========================================================================
Received Import Request.
  Time since last request: 0.000241 seconds.
  path: Packages/com.unity.ugui/Tests/Runtime/UGUI/Toggle/TestableToggleGroup.cs
  artifactKey: Guid(e0e4f43a3816add4c86c9671d7961f2f) Importer(2089858483,b0f066a214c2f5e87bad3c948f4d605d)
Start importing Packages/com.unity.ugui/Tests/Runtime/UGUI/Toggle/TestableToggleGroup.cs using Guid(e0e4f43a3816add4c86c9671d7961f2f) Importer(2089858483,b0f066a214c2f5e87bad3c948f4d605d) (ScriptedImporter) -> (artifact id: 'e894bf091ac97670c2f557b229cd1414') in 0.0196613 seconds
Number of updated asset objects reloaded before import = 0Number of asset objects unloaded after import = 0

========================================================================
Received Import Request.
  Time since last request: 0.000364 seconds.
  path: Packages/com.unity.ugui/Tests/Runtime/UGUI/ScrollRect/ScrollRectStableLayout.cs
  artifactKey: Guid(7883cd788d83a71478342eef943e8150) Importer(2089858483,b0f066a214c2f5e87bad3c948f4d605d)
Start importing Packages/com.unity.ugui/Tests/Runtime/UGUI/ScrollRect/ScrollRectStableLayout.cs using Guid(7883cd788d83a71478342eef943e8150) Importer(2089858483,b0f066a214c2f5e87bad3c948f4d605d) (ScriptedImporter) -> (artifact id: 'cf8348d92c34edfdb33444410a3463c1') in 0.0270625 seconds
Number of updated asset objects reloaded before import = 0Number of asset objects unloaded after import = 0

========================================================================
Received Import Request.
  Time since last request: 0.000235 seconds.
  path: Packages/com.unity.test-framework/UnityEditor.TestRunner/Api/IErrorCallbacks.cs
  artifactKey: Guid(1a06c562b0c5eb046bcb876a29f93c98) Importer(2089858483,b0f066a214c2f5e87bad3c948f4d605d)
Start importing Packages/com.unity.test-framework/UnityEditor.TestRunner/Api/IErrorCallbacks.cs using Guid(1a06c562b0c5eb046bcb876a29f93c98) Importer(2089858483,b0f066a214c2f5e87bad3c948f4d605d) (ScriptedImporter) -> (artifact id: '0da2aa3cae89d6d0bd6988e885a0320a') in 0.0459916 seconds
Number of updated asset objects reloaded before import = 0Number of asset objects unloaded after import = 0

========================================================================
Received Import Request.
  Time since last request: 0.001015 seconds.
  path: Packages/com.unity.ugui/Tests/Editor/UGUI/InputField/ContentValidation.cs
  artifactKey: Guid(5a2e98b03511c6f43bc645238cd40857) Importer(2089858483,b0f066a214c2f5e87bad3c948f4d605d)
Start importing Packages/com.unity.ugui/Tests/Editor/UGUI/InputField/ContentValidation.cs using Guid(5a2e98b03511c6f43bc645238cd40857) Importer(2089858483,b0f066a214c2f5e87bad3c948f4d605d) (ScriptedImporter) -> (artifact id: 'b11290af49737c5f975036931cccf256') in 0.0308198 seconds
Number of updated asset objects reloaded before import = 0Number of asset objects unloaded after import = 0

========================================================================
Received Import Request.
  Time since last request: 0.000060 seconds.
  path: Packages/com.unity.ugui/Runtime/UGUI/UI/Core/GraphicRebuildTracker.cs
  artifactKey: Guid(445cdcfc747eba94288b97f5869aa2fb) Importer(2089858483,b0f066a214c2f5e87bad3c948f4d605d)
Start importing Packages/com.unity.ugui/Runtime/UGUI/UI/Core/GraphicRebuildTracker.cs using Guid(445cdcfc747eba94288b97f5869aa2fb) Importer(2089858483,b0f066a214c2f5e87bad3c948f4d605d) (ScriptedImporter) -> (artifact id: '6933671aef57a66a2426d7fbb399e1cc') in 0.0385908 seconds
Number of updated asset objects reloaded before import = 0Number of asset objects unloaded after import = 0

========================================================================
Received Import Request.
  Time since last request: 0.000052 seconds.
  path: Packages/com.unity.ugui/Tests/Runtime/UGUI/Canvas/CoroutineWorksIfUIObjectIsAttached.cs
  artifactKey: Guid(8573c56c34e616248a3881b2c56280ef) Importer(2089858483,b0f066a214c2f5e87bad3c948f4d605d)
Start importing Packages/com.unity.ugui/Tests/Runtime/UGUI/Canvas/CoroutineWorksIfUIObjectIsAttached.cs using Guid(8573c56c34e616248a3881b2c56280ef) Importer(2089858483,b0f066a214c2f5e87bad3c948f4d605d) (ScriptedImporter) -> (artifact id: 'b45976828534ec6827565e4a3e624174') in 0.0552376 seconds
Number of updated asset objects reloaded before import = 0Number of asset objects unloaded after import = 0

========================================================================
Received Import Request.
  Time since last request: 0.000452 seconds.
  path: Packages/com.unity.ugui/Runtime/UGUI/EventSystem/Raycasters/BaseRaycaster.cs
  artifactKey: Guid(426106349a0ff964fa4e7178c1d3a4f5) Importer(2089858483,b0f066a214c2f5e87bad3c948f4d605d)
Start importing Packages/com.unity.ugui/Runtime/UGUI/EventSystem/Raycasters/BaseRaycaster.cs using Guid(426106349a0ff964fa4e7178c1d3a4f5) Importer(2089858483,b0f066a214c2f5e87bad3c948f4d605d) (ScriptedImporter) -> (artifact id: '4044530151cbae8e7e61237ccec2ac87') in 0.0406008 seconds
Number of updated asset objects reloaded before import = 0Number of asset objects unloaded after import = 0

========================================================================
Received Import Request.
  Time since last request: 0.001053 seconds.
  path: Packages/com.unity.test-framework/UnityEditor.TestRunner/CommandLineTest/IExecuter.cs
  artifactKey: Guid(3297738ef11b478a8b7ee802953ae768) Importer(2089858483,b0f066a214c2f5e87bad3c948f4d605d)
Start importing Packages/com.unity.test-framework/UnityEditor.TestRunner/CommandLineTest/IExecuter.cs using Guid(3297738ef11b478a8b7ee802953ae768) Importer(2089858483,b0f066a214c2f5e87bad3c948f4d605d) (ScriptedImporter) -> (artifact id: '7d19d7a8d4a0a8c576fad2b6fa5711cc') in 0.0832309 seconds
Number of updated asset objects reloaded before import = 0Number of asset objects unloaded after import = 0

========================================================================
Received Import Request.
  Time since last request: 0.003688 seconds.
  path: Packages/com.unity.ugui/Editor/UGUI/UI/PropertyDrawers/SpriteStateDrawer.cs
  artifactKey: Guid(728d2c19676ea3743aaa087aa28c4a16) Importer(2089858483,b0f066a214c2f5e87bad3c948f4d605d)
Start importing Packages/com.unity.ugui/Editor/UGUI/UI/PropertyDrawers/SpriteStateDrawer.cs using Guid(728d2c19676ea3743aaa087aa28c4a16) Importer(2089858483,b0f066a214c2f5e87bad3c948f4d605d) (ScriptedImporter) -> (artifact id: 'f95cf55a471457540e215d7220878ec8') in 0.0440097 seconds
Number of updated asset objects reloaded before import = 0Number of asset objects unloaded after import = 0

========================================================================
Received Import Request.
  Time since last request: 0.000046 seconds.
  path: Packages/com.unity.ugui/Tests/Runtime/UGUI/Util/UIBehaviourExtensions.cs
  artifactKey: Guid(d548f82e7e9c0ed49ae5b4a5eecfb2f7) Importer(2089858483,b0f066a214c2f5e87bad3c948f4d605d)
Start importing Packages/com.unity.ugui/Tests/Runtime/UGUI/Util/UIBehaviourExtensions.cs using Guid(d548f82e7e9c0ed49ae5b4a5eecfb2f7) Importer(2089858483,b0f066a214c2f5e87bad3c948f4d605d) (ScriptedImporter) -> (artifact id: '2f2c97c628b590c2714644fbaec5601c') in 0.030815 seconds
Number of updated asset objects reloaded before import = 0Number of asset objects unloaded after import = 0

========================================================================
Received Import Request.
  Time since last request: 0.005373 seconds.
  path: Packages/com.unity.ugui/Editor/TMP/HDRP/TMP_SDF_HDRPLitShaderGUI.cs
  artifactKey: Guid(85016528879d5d644981050d1d0a4368) Importer(2089858483,b0f066a214c2f5e87bad3c948f4d605d)
Start importing Packages/com.unity.ugui/Editor/TMP/HDRP/TMP_SDF_HDRPLitShaderGUI.cs using Guid(85016528879d5d644981050d1d0a4368) Importer(2089858483,b0f066a214c2f5e87bad3c948f4d605d) (ScriptedImporter) -> (artifact id: '66572820b767806a4e64b3c319c560f1') in 0.0408556 seconds
Number of updated asset objects reloaded before import = 0Number of asset objects unloaded after import = 0

========================================================================
Received Import Request.
  Time since last request: 0.000309 seconds.
  path: Packages/com.unity.ugui/Editor/UGUI/UI/TextEditor.cs
  artifactKey: Guid(1336690ece4db2740b4ba38873e00dfb) Importer(2089858483,b0f066a214c2f5e87bad3c948f4d605d)
Start importing Packages/com.unity.ugui/Editor/UGUI/UI/TextEditor.cs using Guid(1336690ece4db2740b4ba38873e00dfb) Importer(2089858483,b0f066a214c2f5e87bad3c948f4d605d) (ScriptedImporter) -> (artifact id: '4f46ec491ee82e5ea2061127fd3c32ce') in 0.0265881 seconds
Number of updated asset objects reloaded before import = 0Number of asset objects unloaded after import = 0

========================================================================
Received Import Request.
  Time since last request: 0.000702 seconds.
  path: Packages/com.unity.ugui/Runtime/UGUI/UI/Core/Utility/ReflectionMethodsCache.cs
  artifactKey: Guid(fcae021c30eccf74790a4e816ba97c19) Importer(2089858483,b0f066a214c2f5e87bad3c948f4d605d)
Start importing Packages/com.unity.ugui/Runtime/UGUI/UI/Core/Utility/ReflectionMethodsCache.cs using Guid(fcae021c30eccf74790a4e816ba97c19) Importer(2089858483,b0f066a214c2f5e87bad3c948f4d605d) (ScriptedImporter) -> (artifact id: '72266d72ff2a97d938e3d012a0d28adf') in 0.04208 seconds
Number of updated asset objects reloaded before import = 0Number of asset objects unloaded after import = 0

========================================================================
Received Import Request.
  Time since last request: 0.001067 seconds.
  path: Packages/com.unity.ugui/Tests/Editor/UGUI/Slider/SliderRectReferences.cs
  artifactKey: Guid(373b4c78c0396334288fa5ff8e7b7350) Importer(2089858483,b0f066a214c2f5e87bad3c948f4d605d)
Start importing Packages/com.unity.ugui/Tests/Editor/UGUI/Slider/SliderRectReferences.cs using Guid(373b4c78c0396334288fa5ff8e7b7350) Importer(2089858483,b0f066a214c2f5e87bad3c948f4d605d) (ScriptedImporter) -> (artifact id: '94189ac8e1ad62a70ad6d422bdf120a9') in 0.0351073 seconds
Number of updated asset objects reloaded before import = 0Number of asset objects unloaded after import = 0

========================================================================
Received Import Request.
  Time since last request: 0.000265 seconds.
  path: Packages/com.unity.ugui/Tests/Runtime/UGUI/Util/GraphicTestHelper.cs
  artifactKey: Guid(621a76c0c3927aa45aba7d2ad0c8e1c8) Importer(2089858483,b0f066a214c2f5e87bad3c948f4d605d)
Start importing Packages/com.unity.ugui/Tests/Runtime/UGUI/Util/GraphicTestHelper.cs using Guid(621a76c0c3927aa45aba7d2ad0c8e1c8) Importer(2089858483,b0f066a214c2f5e87bad3c948f4d605d) (ScriptedImporter) -> (artifact id: '8a9bba78aec03c4725154d969fdc6e74') in 0.0290185 seconds
Number of updated asset objects reloaded before import = 0Number of asset objects unloaded after import = 0

========================================================================
Received Import Request.
  Time since last request: 0.000210 seconds.
  path: Packages/com.unity.ugui/Tests/Runtime/TMP/TMP_RuntimeTests.cs
  artifactKey: Guid(9de24983a2c6cbe4f925c3e98a79b804) Importer(2089858483,b0f066a214c2f5e87bad3c948f4d605d)
Start importing Packages/com.unity.ugui/Tests/Runtime/TMP/TMP_RuntimeTests.cs using Guid(9de24983a2c6cbe4f925c3e98a79b804) Importer(2089858483,b0f066a214c2f5e87bad3c948f4d605d) (ScriptedImporter) -> (artifact id: '58b5ad8a6352a8104525ed61d4c940bf') in 0.0247316 seconds
Number of updated asset objects reloaded before import = 0Number of asset objects unloaded after import = 0

========================================================================
Received Import Request.
  Time since last request: 0.000196 seconds.
  path: Packages/com.unity.ugui/Editor/UGUI/UI/RectMask2DEditor.cs
  artifactKey: Guid(58e7d991249847640b1534192721c5ea) Importer(2089858483,b0f066a214c2f5e87bad3c948f4d605d)
Start importing Packages/com.unity.ugui/Editor/UGUI/UI/RectMask2DEditor.cs using Guid(58e7d991249847640b1534192721c5ea) Importer(2089858483,b0f066a214c2f5e87bad3c948f4d605d) (ScriptedImporter) -> (artifact id: 'd1bd38615b6c8093e904446d01a8236e') in 0.0301994 seconds
Number of updated asset objects reloaded before import = 0Number of asset objects unloaded after import = 0

========================================================================
Received Import Request.
  Time since last request: 0.000262 seconds.
  path: Packages/com.unity.ugui/Runtime/UGUI/UI/Core/MaskableGraphic.cs
  artifactKey: Guid(976acc75bfafe594cb01142ba21947be) Importer(2089858483,b0f066a214c2f5e87bad3c948f4d605d)
Start importing Packages/com.unity.ugui/Runtime/UGUI/UI/Core/MaskableGraphic.cs using Guid(976acc75bfafe594cb01142ba21947be) Importer(2089858483,b0f066a214c2f5e87bad3c948f4d605d) (ScriptedImporter) -> (artifact id: '278e4f93f9bd6012319af376c78f0f1c') in 0.029781 seconds
Number of updated asset objects reloaded before import = 0Number of asset objects unloaded after import = 0

========================================================================
Received Import Request.
  Time since last request: 0.000326 seconds.
  path: Packages/com.unity.ugui/Tests/Runtime/UGUI/EventSystem/PhysicsRaycasterTests.cs
  artifactKey: Guid(833143c443f979e44ae0b8ed899e3b59) Importer(2089858483,b0f066a214c2f5e87bad3c948f4d605d)
Start importing Packages/com.unity.ugui/Tests/Runtime/UGUI/EventSystem/PhysicsRaycasterTests.cs using Guid(833143c443f979e44ae0b8ed899e3b59) Importer(2089858483,b0f066a214c2f5e87bad3c948f4d605d) (ScriptedImporter) -> (artifact id: '1af94e1a7e8e4d7de80f1beedc96147c') in 0.0289219 seconds
Number of updated asset objects reloaded before import = 0Number of asset objects unloaded after import = 0

========================================================================
Received Import Request.
  Time since last request: 0.000352 seconds.
  path: Packages/com.unity.ugui/Tests/Editor/UGUI/Text/FontCreatedByScript.cs
  artifactKey: Guid(812aaaefaab404448a3e4db49dfa5206) Importer(2089858483,b0f066a214c2f5e87bad3c948f4d605d)
Start importing Packages/com.unity.ugui/Tests/Editor/UGUI/Text/FontCreatedByScript.cs using Guid(812aaaefaab404448a3e4db49dfa5206) Importer(2089858483,b0f066a214c2f5e87bad3c948f4d605d) (ScriptedImporter) -> (artifact id: 'aefa27bfdc31f5348d0e47e6b955d092') in 0.019967 seconds
Number of updated asset objects reloaded before import = 0Number of asset objects unloaded after import = 0

========================================================================
Received Import Request.
  Time since last request: 0.000191 seconds.
  path: Packages/com.unity.ugui/Runtime/UGUI/EventSystem/Raycasters/PhysicsRaycaster.cs
  artifactKey: Guid(c49b4cc203aa6414fae5c798d1d0e7d6) Importer(2089858483,b0f066a214c2f5e87bad3c948f4d605d)
Start importing Packages/com.unity.ugui/Runtime/UGUI/EventSystem/Raycasters/PhysicsRaycaster.cs using Guid(c49b4cc203aa6414fae5c798d1d0e7d6) Importer(2089858483,b0f066a214c2f5e87bad3c948f4d605d) (ScriptedImporter) -> (artifact id: '84ddf04716a7d7cc11232193855e1bc4') in 0.0251201 seconds
Number of updated asset objects reloaded before import = 0Number of asset objects unloaded after import = 0

========================================================================
Received Import Request.
  Time since last request: 0.000234 seconds.
  path: Packages/com.unity.ugui/Runtime/UGUI/EventSystem/UIElements/PanelRaycaster.cs
  artifactKey: Guid(7a79c4e23d4d4b64bfa5fa9e6671a460) Importer(2089858483,b0f066a214c2f5e87bad3c948f4d605d)
Start importing Packages/com.unity.ugui/Runtime/UGUI/EventSystem/UIElements/PanelRaycaster.cs using Guid(7a79c4e23d4d4b64bfa5fa9e6671a460) Importer(2089858483,b0f066a214c2f5e87bad3c948f4d605d) (ScriptedImporter) -> (artifact id: '3d4d84fca9dc3c9ceacb8f3f531348c8') in 0.0212413 seconds
Number of updated asset objects reloaded before import = 0Number of asset objects unloaded after import = 0

========================================================================
Received Import Request.
  Time since last request: 0.000283 seconds.
  path: Packages/com.unity.ugui/Runtime/UGUI/UI/Core/Culling/ClipperRegistry.cs
  artifactKey: Guid(9f1026265f8e3d54fb6e9f082c43debf) Importer(2089858483,b0f066a214c2f5e87bad3c948f4d605d)
Start importing Packages/com.unity.ugui/Runtime/UGUI/UI/Core/Culling/ClipperRegistry.cs using Guid(9f1026265f8e3d54fb6e9f082c43debf) Importer(2089858483,b0f066a214c2f5e87bad3c948f4d605d) (ScriptedImporter) -> (artifact id: '028923a4d7bbe122dfc12ca69391dfa4') in 0.0239357 seconds
Number of updated asset objects reloaded before import = 0Number of asset objects unloaded after import = 0

========================================================================
Received Import Request.
  Time since last request: 0.000314 seconds.
  path: Packages/com.unity.ugui/Tests/Editor/UGUI/UnityEvent/UnityEventInvoke.cs
  artifactKey: Guid(977190a4db46de442aed27279d247df4) Importer(2089858483,b0f066a214c2f5e87bad3c948f4d605d)
Start importing Packages/com.unity.ugui/Tests/Editor/UGUI/UnityEvent/UnityEventInvoke.cs using Guid(977190a4db46de442aed27279d247df4) Importer(2089858483,b0f066a214c2f5e87bad3c948f4d605d) (ScriptedImporter) -> (artifact id: '3abdfcc5da73f8e3679563c8565b67f3') in 0.0205573 seconds
Number of updated asset objects reloaded before import = 0Number of asset objects unloaded after import = 0

========================================================================
Received Import Request.
  Time since last request: 0.000112 seconds.
  path: Packages/com.unity.ugui/Tests/Runtime/UGUI/InputField/GenericInputFieldTests.cs
  artifactKey: Guid(513613320b52fdb40a26dd5b73d89afe) Importer(2089858483,b0f066a214c2f5e87bad3c948f4d605d)
Start importing Packages/com.unity.ugui/Tests/Runtime/UGUI/InputField/GenericInputFieldTests.cs using Guid(513613320b52fdb40a26dd5b73d89afe) Importer(2089858483,b0f066a214c2f5e87bad3c948f4d605d) (ScriptedImporter) -> (artifact id: 'f0e097fafdc149a650e4a09eec12ee89') in 0.0208105 seconds
Number of updated asset objects reloaded before import = 0Number of asset objects unloaded after import = 0

========================================================================
Received Import Request.
  Time since last request: 0.000160 seconds.
  path: Packages/com.unity.test-framework/UnityEngine.TestRunner/Utils/PostBuildCleanupAttribute.cs
  artifactKey: Guid(621fd19bcb071b64aa1d68f0271aa780) Importer(2089858483,b0f066a214c2f5e87bad3c948f4d605d)
Start importing Packages/com.unity.test-framework/UnityEngine.TestRunner/Utils/PostBuildCleanupAttribute.cs using Guid(621fd19bcb071b64aa1d68f0271aa780) Importer(2089858483,b0f066a214c2f5e87bad3c948f4d605d) (ScriptedImporter) -> (artifact id: '79d10c637724bdd87d6b57aa4f6279d2') in 0.024016 seconds
Number of updated asset objects reloaded before import = 0Number of asset objects unloaded after import = 0

========================================================================
Received Import Request.
  Time since last request: 0.000034 seconds.
  path: Packages/com.unity.test-framework/UnityEngine.TestRunner/NUnitExtensions/Attributes/UnityPlatformAttribute.cs
  artifactKey: Guid(5440c1153b397e14c9c7b1d6eb83b9f9) Importer(2089858483,b0f066a214c2f5e87bad3c948f4d605d)
Start importing Packages/com.unity.test-framework/UnityEngine.TestRunner/NUnitExtensions/Attributes/UnityPlatformAttribute.cs using Guid(5440c1153b397e14c9c7b1d6eb83b9f9) Importer(2089858483,b0f066a214c2f5e87bad3c948f4d605d) (ScriptedImporter) -> (artifact id: 'd3a8cdda09be4bad6c240429108e03bb') in 0.0209701 seconds
Number of updated asset objects reloaded before import = 0Number of asset objects unloaded after import = 0

========================================================================
Received Import Request.
  Time since last request: 0.000159 seconds.
  path: Packages/com.unity.test-framework/UnityEngine.TestRunner/Utils/AssemblyProvider/PlayerTestAssemblyProvider.cs
  artifactKey: Guid(43a3aec217baa9644a7cf34b5f93fed9) Importer(2089858483,b0f066a214c2f5e87bad3c948f4d605d)
Start importing Packages/com.unity.test-framework/UnityEngine.TestRunner/Utils/AssemblyProvider/PlayerTestAssemblyProvider.cs using Guid(43a3aec217baa9644a7cf34b5f93fed9) Importer(2089858483,b0f066a214c2f5e87bad3c948f4d605d) (ScriptedImporter) -> (artifact id: 'e37cf9e201d1faead8ce8879cbd5e206') in 0.0266252 seconds
Number of updated asset objects reloaded before import = 0Number of asset objects unloaded after import = 0

========================================================================
Received Import Request.
  Time since last request: 0.000498 seconds.
  path: Packages/com.unity.test-framework/UnityEngine.TestRunner/Assertions/ConstraintsExtensions.cs
  artifactKey: Guid(68a48d1900320ed458e118415857faf6) Importer(2089858483,b0f066a214c2f5e87bad3c948f4d605d)
Start importing Packages/com.unity.test-framework/UnityEngine.TestRunner/Assertions/ConstraintsExtensions.cs using Guid(68a48d1900320ed458e118415857faf6) Importer(2089858483,b0f066a214c2f5e87bad3c948f4d605d) (ScriptedImporter) -> (artifact id: '1f90d572950a071a2e928e0a0f6aa09c') in 0.0223886 seconds
Number of updated asset objects reloaded before import = 0Number of asset objects unloaded after import = 0

========================================================================
Received Import Request.
  Time since last request: 0.000128 seconds.
  path: Packages/com.unity.test-framework/UnityEditor.TestRunner/GUI/IGuiHelper.cs
  artifactKey: Guid(fd57cf917f61bbb42b8f030436426ddd) Importer(2089858483,b0f066a214c2f5e87bad3c948f4d605d)
Start importing Packages/com.unity.test-framework/UnityEditor.TestRunner/GUI/IGuiHelper.cs using Guid(fd57cf917f61bbb42b8f030436426ddd) Importer(2089858483,b0f066a214c2f5e87bad3c948f4d605d) (ScriptedImporter) -> (artifact id: '8de8e997975ac9fee4d0f483a4d27a45') in 0.0245321 seconds
Number of updated asset objects reloaded before import = 0Number of asset objects unloaded after import = 0

========================================================================
Received Import Request.
  Time since last request: 0.000143 seconds.
  path: Packages/com.unity.test-framework/UnityEngine.TestRunner/NUnitExtensions/ActionDelegator.cs
  artifactKey: Guid(4f939b9e23a0946439b812551e07ac81) Importer(2089858483,b0f066a214c2f5e87bad3c948f4d605d)
Start importing Packages/com.unity.test-framework/UnityEngine.TestRunner/NUnitExtensions/ActionDelegator.cs using Guid(4f939b9e23a0946439b812551e07ac81) Importer(2089858483,b0f066a214c2f5e87bad3c948f4d605d) (ScriptedImporter) -> (artifact id: '1571b2c3b365b37c388a657910633282') in 0.0189087 seconds
Number of updated asset objects reloaded before import = 0Number of asset objects unloaded after import = 0

========================================================================
Received Import Request.
  Time since last request: 0.000390 seconds.
  path: Packages/com.unity.test-framework/UnityEditor.TestRunner/TestLaunchers/PlatformSetup/LuminPlatformSetup.cs
  artifactKey: Guid(c38ae0585d6a55042a2d678330689685) Importer(2089858483,b0f066a214c2f5e87bad3c948f4d605d)
Start importing Packages/com.unity.test-framework/UnityEditor.TestRunner/TestLaunchers/PlatformSetup/LuminPlatformSetup.cs using Guid(c38ae0585d6a55042a2d678330689685) Importer(2089858483,b0f066a214c2f5e87bad3c948f4d605d) (ScriptedImporter) -> (artifact id: '60d8b034a876f31aadf31b630136221b') in 0.0202498 seconds
Number of updated asset objects reloaded before import = 0Number of asset objects unloaded after import = 0

========================================================================
Received Import Request.
  Time since last request: 0.000388 seconds.
  path: Packages/com.unity.test-framework/UnityEngine.TestRunner/Utils/Vector2EqualityComparer.cs
  artifactKey: Guid(58ad09607a0d62d458a78d7174665566) Importer(2089858483,b0f066a214c2f5e87bad3c948f4d605d)
Start importing Packages/com.unity.test-framework/UnityEngine.TestRunner/Utils/Vector2EqualityComparer.cs using Guid(58ad09607a0d62d458a78d7174665566) Importer(2089858483,b0f066a214c2f5e87bad3c948f4d605d) (ScriptedImporter) -> (artifact id: 'b0ad066deb1074c82218263a98732f0b') in 0.0225249 seconds
Number of updated asset objects reloaded before import = 0Number of asset objects unloaded after import = 0

========================================================================
Received Import Request.
  Time since last request: 0.000060 seconds.
  path: Packages/com.unity.test-framework/UnityEngine.TestRunner/NUnitExtensions/Attributes/ConditionalIgnoreAttribute.cs
  artifactKey: Guid(c82a8473f4a8f7b42a004c91e06d2f2b) Importer(2089858483,b0f066a214c2f5e87bad3c948f4d605d)
Start importing Packages/com.unity.test-framework/UnityEngine.TestRunner/NUnitExtensions/Attributes/ConditionalIgnoreAttribute.cs using Guid(c82a8473f4a8f7b42a004c91e06d2f2b) Importer(2089858483,b0f066a214c2f5e87bad3c948f4d605d) (ScriptedImporter) -> (artifact id: 'd9e23a6653bc6c3ce75d47e7f34759f4') in 0.0192973 seconds
Number of updated asset objects reloaded before import = 0Number of asset objects unloaded after import = 0

========================================================================
Received Import Request.
  Time since last request: 0.000225 seconds.
  path: Packages/com.unity.multiplayer.center/Common/IOnboardingSection.cs
  artifactKey: Guid(1bd8e2f47a6c4478ab8f0ade7687e79b) Importer(2089858483,b0f066a214c2f5e87bad3c948f4d605d)
Start importing Packages/com.unity.multiplayer.center/Common/IOnboardingSection.cs using Guid(1bd8e2f47a6c4478ab8f0ade7687e79b) Importer(2089858483,b0f066a214c2f5e87bad3c948f4d605d) (ScriptedImporter) -> (artifact id: '123d25a9d18242af57087a0b97b49d6f') in 0.0185544 seconds
Number of updated asset objects reloaded before import = 0Number of asset objects unloaded after import = 0

========================================================================
Received Import Request.
  Time since last request: 0.000162 seconds.
  path: Packages/com.unity.test-framework/UnityEngine.TestRunner/NUnitExtensions/Runner/PlaymodeWorkItemFactory.cs
  artifactKey: Guid(7ef6801a8b664544aa9f2ab1bc1f8b60) Importer(2089858483,b0f066a214c2f5e87bad3c948f4d605d)
Start importing Packages/com.unity.test-framework/UnityEngine.TestRunner/NUnitExtensions/Runner/PlaymodeWorkItemFactory.cs using Guid(7ef6801a8b664544aa9f2ab1bc1f8b60) Importer(2089858483,b0f066a214c2f5e87bad3c948f4d605d) (ScriptedImporter) -> (artifact id: '7acad17de6236dab90759d71ca9e1407') in 0.0228291 seconds
Number of updated asset objects reloaded before import = 0Number of asset objects unloaded after import = 0

========================================================================
Received Import Request.
  Time since last request: 0.000134 seconds.
  path: Packages/com.unity.test-framework/UnityEngine.TestRunner/Utils/AssemblyProvider/ScriptingRuntimeProxy.cs
  artifactKey: Guid(f3a361a6ad1aff14ba8f48976e94ad76) Importer(2089858483,b0f066a214c2f5e87bad3c948f4d605d)
Start importing Packages/com.unity.test-framework/UnityEngine.TestRunner/Utils/AssemblyProvider/ScriptingRuntimeProxy.cs using Guid(f3a361a6ad1aff14ba8f48976e94ad76) Importer(2089858483,b0f066a214c2f5e87bad3c948f4d605d) (ScriptedImporter) -> (artifact id: '28e38ca8f22ca7f653984c9866c2529c') in 0.0198281 seconds
Number of updated asset objects reloaded before import = 0Number of asset objects unloaded after import = 0

========================================================================
Received Import Request.
  Time since last request: 0.000158 seconds.
  path: Packages/com.unity.test-framework/UnityEditor.TestRunner/UnityTestProtocol/Messages/TestFinishedMessage.cs
  artifactKey: Guid(423fe2ef878fa1140a7e1f7f9e365815) Importer(2089858483,b0f066a214c2f5e87bad3c948f4d605d)
Start importing Packages/com.unity.test-framework/UnityEditor.TestRunner/UnityTestProtocol/Messages/TestFinishedMessage.cs using Guid(423fe2ef878fa1140a7e1f7f9e365815) Importer(2089858483,b0f066a214c2f5e87bad3c948f4d605d) (ScriptedImporter) -> (artifact id: '4e6efb6a9d20e26323aebce94b5b523a') in 0.0176953 seconds
Number of updated asset objects reloaded before import = 0Number of asset objects unloaded after import = 0

========================================================================
Received Import Request.
  Time since last request: 0.000207 seconds.
  path: Packages/com.unity.test-framework/UnityEditor.TestRunner/NUnitExtension/Attributes/AssetPipelineIgnore.cs
  artifactKey: Guid(b88caca58e05ee74486d86fb404c48e2) Importer(2089858483,b0f066a214c2f5e87bad3c948f4d605d)
Start importing Packages/com.unity.test-framework/UnityEditor.TestRunner/NUnitExtension/Attributes/AssetPipelineIgnore.cs using Guid(b88caca58e05ee74486d86fb404c48e2) Importer(2089858483,b0f066a214c2f5e87bad3c948f4d605d) (ScriptedImporter) -> (artifact id: '3acb70d1d71c6ea498ca2aee73b6ac02') in 0.021233 seconds
Number of updated asset objects reloaded before import = 0Number of asset objects unloaded after import = 0

========================================================================
Received Import Request.
  Time since last request: 0.000033 seconds.
  path: Packages/com.unity.test-framework/UnityEditor.TestRunner/UnityTestProtocol/Messages/PlayerSystemInfoMessage.cs
  artifactKey: Guid(9f33b8e923ff41deaa73bc2c1f90d9a1) Importer(2089858483,b0f066a214c2f5e87bad3c948f4d605d)
Start importing Packages/com.unity.test-framework/UnityEditor.TestRunner/UnityTestProtocol/Messages/PlayerSystemInfoMessage.cs using Guid(9f33b8e923ff41deaa73bc2c1f90d9a1) Importer(2089858483,b0f066a214c2f5e87bad3c948f4d605d) (ScriptedImporter) -> (artifact id: '1fa20fbdb0ffb362b2d7b43107014895') in 0.0227624 seconds
Number of updated asset objects reloaded before import = 0Number of asset objects unloaded after import = 0

========================================================================
Received Import Request.
  Time since last request: 0.000141 seconds.
  path: Packages/com.unity.test-framework/UnityEditor.TestRunner/GUI/TestListBuilder/TestTreeViewBuilder.cs
  artifactKey: Guid(e17c88b021c2a4c409b3f15b0d80ac62) Importer(2089858483,b0f066a214c2f5e87bad3c948f4d605d)
Start importing Packages/com.unity.test-framework/UnityEditor.TestRunner/GUI/TestListBuilder/TestTreeViewBuilder.cs using Guid(e17c88b021c2a4c409b3f15b0d80ac62) Importer(2089858483,b0f066a214c2f5e87bad3c948f4d605d) (ScriptedImporter) -> (artifact id: '496fc6d955f2ecfb6239dc7d028b11f5') in 0.0203284 seconds
Number of updated asset objects reloaded before import = 0Number of asset objects unloaded after import = 0

========================================================================
Received Import Request.
  Time since last request: 0.000221 seconds.
  path: Packages/com.unity.modules.audio/package.json
  artifactKey: Guid(e9df95f53f1c1d0c9199e235d6c42b50) Importer(2089858483,b0f066a214c2f5e87bad3c948f4d605d)
Start importing Packages/com.unity.modules.audio/package.json using Guid(e9df95f53f1c1d0c9199e235d6c42b50) Importer(2089858483,b0f066a214c2f5e87bad3c948f4d605d) (ScriptedImporter) -> (artifact id: 'c1b91396c3c8247761a47b11365a6fe7') in 0.0189898 seconds
Number of updated asset objects reloaded before import = 0Number of asset objects unloaded after import = 1

========================================================================
Received Import Request.
  Time since last request: 0.000179 seconds.
  path: Packages/com.unity.test-framework/UnityEditor.TestRunner/Api/Analytics/RunFinishedData.cs
  artifactKey: Guid(dc781c79a6ac490f817bb70a01490d5c) Importer(2089858483,b0f066a214c2f5e87bad3c948f4d605d)
Start importing Packages/com.unity.test-framework/UnityEditor.TestRunner/Api/Analytics/RunFinishedData.cs using Guid(dc781c79a6ac490f817bb70a01490d5c) Importer(2089858483,b0f066a214c2f5e87bad3c948f4d605d) (ScriptedImporter) -> (artifact id: '09d857d48d4808cca0658fd67da21650') in 0.0255867 seconds
Number of updated asset objects reloaded before import = 0Number of asset objects unloaded after import = 0

========================================================================
Received Import Request.
  Time since last request: 0.000255 seconds.
  path: Packages/com.unity.test-framework/UnityEditor.TestRunner/TestRun/Tasks/PreparePlayModeRunTask.cs
  artifactKey: Guid(b1694e597ba745169b292914291c136b) Importer(2089858483,b0f066a214c2f5e87bad3c948f4d605d)
Start importing Packages/com.unity.test-framework/UnityEditor.TestRunner/TestRun/Tasks/PreparePlayModeRunTask.cs using Guid(b1694e597ba745169b292914291c136b) Importer(2089858483,b0f066a214c2f5e87bad3c948f4d605d) (ScriptedImporter) -> (artifact id: 'fd921070a06c8f8de08cdf702801fec5') in 0.0183318 seconds
Number of updated asset objects reloaded before import = 0Number of asset objects unloaded after import = 0

========================================================================
Received Import Request.
  Time since last request: 0.000216 seconds.
  path: Packages/com.unity.test-framework/UnityEditor.TestRunner/UnityTestProtocol/UtpDebuglogger.cs
  artifactKey: Guid(d0abdd8cb6b29a24c8ee19626ef741b9) Importer(2089858483,b0f066a214c2f5e87bad3c948f4d605d)
Start importing Packages/com.unity.test-framework/UnityEditor.TestRunner/UnityTestProtocol/UtpDebuglogger.cs using Guid(d0abdd8cb6b29a24c8ee19626ef741b9) Importer(2089858483,b0f066a214c2f5e87bad3c948f4d605d) (ScriptedImporter) -> (artifact id: '04af0f964aff8bfc37d0f5faf2af86db') in 0.0179081 seconds
Number of updated asset objects reloaded before import = 0Number of asset objects unloaded after import = 0

========================================================================
Received Import Request.
  Time since last request: 0.000241 seconds.
  path: Packages/com.unity.test-framework/UnityEditor.TestRunner/TestLaunchers/PlayerLauncherContextSettings.cs
  artifactKey: Guid(6965880f76f40194593cb53a88f74005) Importer(2089858483,b0f066a214c2f5e87bad3c948f4d605d)
Start importing Packages/com.unity.test-framework/UnityEditor.TestRunner/TestLaunchers/PlayerLauncherContextSettings.cs using Guid(6965880f76f40194593cb53a88f74005) Importer(2089858483,b0f066a214c2f5e87bad3c948f4d605d) (ScriptedImporter) -> (artifact id: '7d475b7d0c2b5cfe0166e40b2ec95b62') in 0.0238589 seconds
Number of updated asset objects reloaded before import = 0Number of asset objects unloaded after import = 0

========================================================================
Received Import Request.
  Time since last request: 0.000104 seconds.
  path: Packages/com.unity.test-framework/UnityEngine.TestRunner/NUnitExtensions/Commands/UnityTestMethodCommand.cs
  artifactKey: Guid(d2ca9278c9dd49df877d622d0f657ecf) Importer(2089858483,b0f066a214c2f5e87bad3c948f4d605d)
Start importing Packages/com.unity.test-framework/UnityEngine.TestRunner/NUnitExtensions/Commands/UnityTestMethodCommand.cs using Guid(d2ca9278c9dd49df877d622d0f657ecf) Importer(2089858483,b0f066a214c2f5e87bad3c948f4d605d) (ScriptedImporter) -> (artifact id: 'e3baaf6498e73f1e4c009c43207dd5db') in 0.0210956 seconds
Number of updated asset objects reloaded before import = 0Number of asset objects unloaded after import = 0

========================================================================
Received Import Request.
  Time since last request: 0.000317 seconds.
  path: Packages/com.unity.multiplayer.center/Common/Preset.cs
  artifactKey: Guid(0a9ab22e4e004c7db707338bccb538b9) Importer(2089858483,b0f066a214c2f5e87bad3c948f4d605d)
Start importing Packages/com.unity.multiplayer.center/Common/Preset.cs using Guid(0a9ab22e4e004c7db707338bccb538b9) Importer(2089858483,b0f066a214c2f5e87bad3c948f4d605d) (ScriptedImporter) -> (artifact id: '0587ff8cc055420206442308887abe01') in 0.0288387 seconds
Number of updated asset objects reloaded before import = 0Number of asset objects unloaded after import = 0

========================================================================
Received Import Request.
  Time since last request: 0.000384 seconds.
  path: Packages/com.unity.multiplayer.center/Editor/Questionnaire/QuestionnaireEditor.cs
  artifactKey: Guid(5d117d33f89d41cd9123918383c9b981) Importer(2089858483,b0f066a214c2f5e87bad3c948f4d605d)
Start importing Packages/com.unity.multiplayer.center/Editor/Questionnaire/QuestionnaireEditor.cs using Guid(5d117d33f89d41cd9123918383c9b981) Importer(2089858483,b0f066a214c2f5e87bad3c948f4d605d) (ScriptedImporter) -> (artifact id: 'c30e1eaab4f78a991cc4182dbe41fc50') in 0.0204964 seconds
Number of updated asset objects reloaded before import = 0Number of asset objects unloaded after import = 0

========================================================================
Received Import Request.
  Time since last request: 0.000296 seconds.
  path: Packages/com.unity.test-framework/UnityEngine.TestRunner/Utils/IPostbuildCleanupWithTestData.cs
  artifactKey: Guid(1dd36da2e4e5540d5b2e44fc928a9d50) Importer(2089858483,b0f066a214c2f5e87bad3c948f4d605d)
Start importing Packages/com.unity.test-framework/UnityEngine.TestRunner/Utils/IPostbuildCleanupWithTestData.cs using Guid(1dd36da2e4e5540d5b2e44fc928a9d50) Importer(2089858483,b0f066a214c2f5e87bad3c948f4d605d) (ScriptedImporter) -> (artifact id: 'c19cccee4d82501add310ae07d9057ec') in 0.0210689 seconds
Number of updated asset objects reloaded before import = 0Number of asset objects unloaded after import = 0

========================================================================
Received Import Request.
  Time since last request: 0.000270 seconds.
  path: Packages/com.unity.test-framework/UnityEngine.TestRunner/Assertions/LogScope/LogMatch.cs
  artifactKey: Guid(9945ffed4692c6044b6d3acf81efd694) Importer(2089858483,b0f066a214c2f5e87bad3c948f4d605d)
Start importing Packages/com.unity.test-framework/UnityEngine.TestRunner/Assertions/LogScope/LogMatch.cs using Guid(9945ffed4692c6044b6d3acf81efd694) Importer(2089858483,b0f066a214c2f5e87bad3c948f4d605d) (ScriptedImporter) -> (artifact id: '8e331ed3727631a6b846c1a71454c3b0') in 0.0197151 seconds
Number of updated asset objects reloaded before import = 0Number of asset objects unloaded after import = 0

========================================================================
Received Import Request.
  Time since last request: 0.000253 seconds.
  path: Packages/com.unity.multiplayer.center/Editor/Analytics/MultiplayerCenterAnalytics.cs
  artifactKey: Guid(185e678d90804a8a85ab38276eca86fb) Importer(2089858483,b0f066a214c2f5e87bad3c948f4d605d)
Start importing Packages/com.unity.multiplayer.center/Editor/Analytics/MultiplayerCenterAnalytics.cs using Guid(185e678d90804a8a85ab38276eca86fb) Importer(2089858483,b0f066a214c2f5e87bad3c948f4d605d) (ScriptedImporter) -> (artifact id: '336946fce0f72ca8f83407fd62e3eadf') in 0.0191792 seconds
Number of updated asset objects reloaded before import = 0Number of asset objects unloaded after import = 0

========================================================================
Received Import Request.
  Time since last request: 0.000209 seconds.
  path: Packages/com.unity.test-framework/UnityEngine.TestRunner/TestRunner/ITestRunnerListener.cs
  artifactKey: Guid(d1b534518943030499685344fd1d476d) Importer(2089858483,b0f066a214c2f5e87bad3c948f4d605d)
Start importing Packages/com.unity.test-framework/UnityEngine.TestRunner/TestRunner/ITestRunnerListener.cs using Guid(d1b534518943030499685344fd1d476d) Importer(2089858483,b0f066a214c2f5e87bad3c948f4d605d) (ScriptedImporter) -> (artifact id: '772a203f42c65b484fb0f449f5f8d104') in 0.0181389 seconds
Number of updated asset objects reloaded before import = 0Number of asset objects unloaded after import = 0

========================================================================
Received Import Request.
  Time since last request: 0.000197 seconds.
  path: Packages/com.unity.test-framework/UnityEditor.TestRunner/TestRun/Tasks/Events/CreateEventsTask.cs
  artifactKey: Guid(f2675f346a0926b4aa7928805fd8bc9c) Importer(2089858483,b0f066a214c2f5e87bad3c948f4d605d)
Start importing Packages/com.unity.test-framework/UnityEditor.TestRunner/TestRun/Tasks/Events/CreateEventsTask.cs using Guid(f2675f346a0926b4aa7928805fd8bc9c) Importer(2089858483,b0f066a214c2f5e87bad3c948f4d605d) (ScriptedImporter) -> (artifact id: '89e4b8a2cfd109e653dad3f38098db1f') in 0.0233649 seconds
Number of updated asset objects reloaded before import = 0Number of asset objects unloaded after import = 0

========================================================================
Received Import Request.
  Time since last request: 0.000165 seconds.
  path: Packages/com.unity.test-framework/UnityEditor.TestRunner/TestLaunchers/PlatformSetup/ApplePlatformSetup.cs
  artifactKey: Guid(f6c189a159d3bde4c964cee562e508ea) Importer(2089858483,b0f066a214c2f5e87bad3c948f4d605d)
Start importing Packages/com.unity.test-framework/UnityEditor.TestRunner/TestLaunchers/PlatformSetup/ApplePlatformSetup.cs using Guid(f6c189a159d3bde4c964cee562e508ea) Importer(2089858483,b0f066a214c2f5e87bad3c948f4d605d) (ScriptedImporter) -> (artifact id: 'e601e14deec67da318058411da4c0177') in 0.0168433 seconds
Number of updated asset objects reloaded before import = 0Number of asset objects unloaded after import = 0

========================================================================
Received Import Request.
  Time since last request: 0.000164 seconds.
  path: Packages/com.unity.test-framework/UnityEngine.TestRunner/NUnitExtensions/Filters/EditorOnlyFilter.cs
  artifactKey: Guid(1e42d5fdba604f0786aac7fcaaa84cf7) Importer(2089858483,b0f066a214c2f5e87bad3c948f4d605d)
Start importing Packages/com.unity.test-framework/UnityEngine.TestRunner/NUnitExtensions/Filters/EditorOnlyFilter.cs using Guid(1e42d5fdba604f0786aac7fcaaa84cf7) Importer(2089858483,b0f066a214c2f5e87bad3c948f4d605d) (ScriptedImporter) -> (artifact id: 'b822a0b61cdb691ca4934afc177aee80') in 0.0180713 seconds
Number of updated asset objects reloaded before import = 0Number of asset objects unloaded after import = 0

========================================================================
Received Import Request.
  Time since last request: 0.000170 seconds.
  path: Packages/com.unity.test-framework/UnityEditor.TestRunner/GUI/Controls/FlagEnumContentProvider.cs
  artifactKey: Guid(d31403ec6b334194bdeb4c5ebad64097) Importer(2089858483,b0f066a214c2f5e87bad3c948f4d605d)
Start importing Packages/com.unity.test-framework/UnityEditor.TestRunner/GUI/Controls/FlagEnumContentProvider.cs using Guid(d31403ec6b334194bdeb4c5ebad64097) Importer(2089858483,b0f066a214c2f5e87bad3c948f4d605d) (ScriptedImporter) -> (artifact id: '802223a5f9d4ba88e93bf6334bc08bcb') in 0.02333 seconds
Number of updated asset objects reloaded before import = 0Number of asset objects unloaded after import = 0

========================================================================
Received Import Request.
  Time since last request: 0.000112 seconds.
  path: Packages/com.unity.test-framework/UnityEditor.TestRunner/TestLaunchers/Helpers/PostbuildCleanupAttributeFinder.cs
  artifactKey: Guid(2c2dfcbbb77359547bcaa7cdabd47ebb) Importer(2089858483,b0f066a214c2f5e87bad3c948f4d605d)
Start importing Packages/com.unity.test-framework/UnityEditor.TestRunner/TestLaunchers/Helpers/PostbuildCleanupAttributeFinder.cs using Guid(2c2dfcbbb77359547bcaa7cdabd47ebb) Importer(2089858483,b0f066a214c2f5e87bad3c948f4d605d) (ScriptedImporter) -> (artifact id: 'f151a5c16c83b0b1b713e65c469d4fcd') in 0.0194855 seconds
Number of updated asset objects reloaded before import = 0Number of asset objects unloaded after import = 0

========================================================================
Received Import Request.
  Time since last request: 0.000247 seconds.
  path: Packages/com.unity.test-framework/UnityEditor.TestRunner/TestRun/Tasks/PrebuildSetupWithTestDataTask.cs
  artifactKey: Guid(25d1ed297163243c4a20d6321d057844) Importer(2089858483,b0f066a214c2f5e87bad3c948f4d605d)
Start importing Packages/com.unity.test-framework/UnityEditor.TestRunner/TestRun/Tasks/PrebuildSetupWithTestDataTask.cs using Guid(25d1ed297163243c4a20d6321d057844) Importer(2089858483,b0f066a214c2f5e87bad3c948f4d605d) (ScriptedImporter) -> (artifact id: 'c3bae86bea43e5424080ac9261d3342c') in 0.0176991 seconds
Number of updated asset objects reloaded before import = 0Number of asset objects unloaded after import = 0

========================================================================
Received Import Request.
  Time since last request: 0.000203 seconds.
  path: Packages/com.unity.test-framework/UnityEngine.TestRunner/Assertions/LogScope/ILogScope.cs
  artifactKey: Guid(3504aa04cda851b44a65973f9aead6f7) Importer(2089858483,b0f066a214c2f5e87bad3c948f4d605d)
Start importing Packages/com.unity.test-framework/UnityEngine.TestRunner/Assertions/LogScope/ILogScope.cs using Guid(3504aa04cda851b44a65973f9aead6f7) Importer(2089858483,b0f066a214c2f5e87bad3c948f4d605d) (ScriptedImporter) -> (artifact id: '51aa222a2472435fc096f4166d4885d2') in 0.0199502 seconds
Number of updated asset objects reloaded before import = 0Number of asset objects unloaded after import = 0

========================================================================
Received Import Request.
  Time since last request: 0.000179 seconds.
  path: Packages/com.unity.test-framework/UnityEditor.TestRunner/TestLaunchers/Helpers/TestFiltering.cs
  artifactKey: Guid(84300802bfca1472f86e2179fa2a8ed7) Importer(2089858483,b0f066a214c2f5e87bad3c948f4d605d)
Start importing Packages/com.unity.test-framework/UnityEditor.TestRunner/TestLaunchers/Helpers/TestFiltering.cs using Guid(84300802bfca1472f86e2179fa2a8ed7) Importer(2089858483,b0f066a214c2f5e87bad3c948f4d605d) (ScriptedImporter) -> (artifact id: 'b37e6338f77519e652f443ca9d76335b') in 0.0168006 seconds
Number of updated asset objects reloaded before import = 0Number of asset objects unloaded after import = 0

========================================================================
Received Import Request.
  Time since last request: 0.000283 seconds.
  path: Packages/com.unity.modules.unitywebrequestwww/package.ModuleCompilationTrigger
  artifactKey: Guid(ae87256f29d9c8b50490f4caf75b2c41) Importer(2089858483,b0f066a214c2f5e87bad3c948f4d605d)
Start importing Packages/com.unity.modules.unitywebrequestwww/package.ModuleCompilationTrigger using Guid(ae87256f29d9c8b50490f4caf75b2c41) Importer(2089858483,b0f066a214c2f5e87bad3c948f4d605d) (ScriptedImporter) -> (artifact id: '170647b8cb0d237a16f8eafd3e9d03a2') in 0.0200258 seconds
Number of updated asset objects reloaded before import = 0Number of asset objects unloaded after import = 1

========================================================================
Received Import Request.
  Time since last request: 0.000142 seconds.
  path: Packages/com.unity.test-framework/UnityEditor.TestRunner/TestLaunchers/PlatformSetup/PlatformSpecificSetup.cs
  artifactKey: Guid(6cccd50ebf7384242bda4d7bcb282ebf) Importer(2089858483,b0f066a214c2f5e87bad3c948f4d605d)
Start importing Packages/com.unity.test-framework/UnityEditor.TestRunner/TestLaunchers/PlatformSetup/PlatformSpecificSetup.cs using Guid(6cccd50ebf7384242bda4d7bcb282ebf) Importer(2089858483,b0f066a214c2f5e87bad3c948f4d605d) (ScriptedImporter) -> (artifact id: '8f806d552bcdc839d278429c65dcc4b5') in 0.0197335 seconds
Number of updated asset objects reloaded before import = 0Number of asset objects unloaded after import = 0

========================================================================
Received Import Request.
  Time since last request: 0.000182 seconds.
  path: Packages/com.unity.ide.vscode/LICENSE.md
  artifactKey: Guid(c9aabac5924106d4790d7b3a924ca34d) Importer(2089858483,b0f066a214c2f5e87bad3c948f4d605d)
Start importing Packages/com.unity.ide.vscode/LICENSE.md using Guid(c9aabac5924106d4790d7b3a924ca34d) Importer(2089858483,b0f066a214c2f5e87bad3c948f4d605d) (ScriptedImporter) -> (artifact id: 'a4ec78d4832922c4bf89cecf3c3cf7db') in 0.0186907 seconds
Number of updated asset objects reloaded before import = 0Number of asset objects unloaded after import = 1

========================================================================
Received Import Request.
  Time since last request: 0.000089 seconds.
  path: Packages/com.unity.test-framework/UnityEditor.TestRunner/GUI/TestAssets/TestScriptAssetMenuItems.cs
  artifactKey: Guid(3c702cb84a2a4576bf275a76bc17f8e8) Importer(2089858483,b0f066a214c2f5e87bad3c948f4d605d)
Start importing Packages/com.unity.test-framework/UnityEditor.TestRunner/GUI/TestAssets/TestScriptAssetMenuItems.cs using Guid(3c702cb84a2a4576bf275a76bc17f8e8) Importer(2089858483,b0f066a214c2f5e87bad3c948f4d605d) (ScriptedImporter) -> (artifact id: '2fe75637412655fad145642b8b8904a0') in 0.0259026 seconds
Number of updated asset objects reloaded before import = 0Number of asset objects unloaded after import = 0

========================================================================
Received Import Request.
  Time since last request: 0.000248 seconds.
  path: Packages/com.unity.test-framework/UnityEngine.TestRunner/NUnitExtensions/Filters/NonExplicitFilter.cs
  artifactKey: Guid(e948790d8b7e42e2abef6c45c5bc4c76) Importer(2089858483,b0f066a214c2f5e87bad3c948f4d605d)
Start importing Packages/com.unity.test-framework/UnityEngine.TestRunner/NUnitExtensions/Filters/NonExplicitFilter.cs using Guid(e948790d8b7e42e2abef6c45c5bc4c76) Importer(2089858483,b0f066a214c2f5e87bad3c948f4d605d) (ScriptedImporter) -> (artifact id: 'a74e8b9f9587461c9564632d1b598e2c') in 0.0247928 seconds
Number of updated asset objects reloaded before import = 0Number of asset objects unloaded after import = 0

========================================================================
Received Import Request.
  Time since last request: 0.000035 seconds.
  path: Packages/com.unity.test-framework/UnityEditor.TestRunner/TestRun/Tasks/BuildNUnitFilterTask.cs
  artifactKey: Guid(5640d0c51961421997c9f36f0ec45480) Importer(2089858483,b0f066a214c2f5e87bad3c948f4d605d)
Start importing Packages/com.unity.test-framework/UnityEditor.TestRunner/TestRun/Tasks/BuildNUnitFilterTask.cs using Guid(5640d0c51961421997c9f36f0ec45480) Importer(2089858483,b0f066a214c2f5e87bad3c948f4d605d) (ScriptedImporter) -> (artifact id: '861eaf958f1d00298a8edc09aa2364fa') in 0.0229927 seconds
Number of updated asset objects reloaded before import = 0Number of asset objects unloaded after import = 0

========================================================================
Received Import Request.
  Time since last request: 0.000222 seconds.
  path: Packages/com.unity.test-framework/UnityEngine.TestRunner/Utils/MonoBehaviourTest/IMonoBehaviourTest.cs
  artifactKey: Guid(a002d3737b873954395b7cf862873ab8) Importer(2089858483,b0f066a214c2f5e87bad3c948f4d605d)
Start importing Packages/com.unity.test-framework/UnityEngine.TestRunner/Utils/MonoBehaviourTest/IMonoBehaviourTest.cs using Guid(a002d3737b873954395b7cf862873ab8) Importer(2089858483,b0f066a214c2f5e87bad3c948f4d605d) (ScriptedImporter) -> (artifact id: '4cd52cb85b0a9cdf5fa1c6d72a169519') in 0.0210386 seconds
Number of updated asset objects reloaded before import = 0Number of asset objects unloaded after import = 0

========================================================================
Received Import Request.
  Time since last request: 0.000387 seconds.
  path: Packages/com.unity.test-framework/UnityEngine.TestRunner/NUnitExtensions/TestExtensions.cs
  artifactKey: Guid(8bc74398aa3944646ade4ee78cd57484) Importer(2089858483,b0f066a214c2f5e87bad3c948f4d605d)
Start importing Packages/com.unity.test-framework/UnityEngine.TestRunner/NUnitExtensions/TestExtensions.cs using Guid(8bc74398aa3944646ade4ee78cd57484) Importer(2089858483,b0f066a214c2f5e87bad3c948f4d605d) (ScriptedImporter) -> (artifact id: '9479ad3a519caad9177e1de9e1a8edd1') in 0.0236565 seconds
Number of updated asset objects reloaded before import = 0Number of asset objects unloaded after import = 0

========================================================================
Received Import Request.
  Time since last request: 0.000131 seconds.
  path: Packages/com.unity.test-framework/UnityEditor.TestRunner/TestRun/Tasks/CleanupTestControllerTask.cs
  artifactKey: Guid(822fa0a65be2467b95721422157c93f0) Importer(2089858483,b0f066a214c2f5e87bad3c948f4d605d)
Start importing Packages/com.unity.test-framework/UnityEditor.TestRunner/TestRun/Tasks/CleanupTestControllerTask.cs using Guid(822fa0a65be2467b95721422157c93f0) Importer(2089858483,b0f066a214c2f5e87bad3c948f4d605d) (ScriptedImporter) -> (artifact id: 'c025997a748eceb27cbe3a84075f4877') in 0.0189074 seconds
Number of updated asset objects reloaded before import = 0Number of asset objects unloaded after import = 0

========================================================================
Received Import Request.
  Time since last request: 0.000259 seconds.
  path: Packages/com.unity.test-framework/UnityEngine.TestRunner/NUnitExtensions/Commands/EnumerableApplyChangesToContextCommand.cs
  artifactKey: Guid(3b4429eff9fcffb48b006e8edcc90338) Importer(2089858483,b0f066a214c2f5e87bad3c948f4d605d)
Start importing Packages/com.unity.test-framework/UnityEngine.TestRunner/NUnitExtensions/Commands/EnumerableApplyChangesToContextCommand.cs using Guid(3b4429eff9fcffb48b006e8edcc90338) Importer(2089858483,b0f066a214c2f5e87bad3c948f4d605d) (ScriptedImporter) -> (artifact id: '54702ec62135fb74ef94dc758be10625') in 0.0226357 seconds
Number of updated asset objects reloaded before import = 0Number of asset objects unloaded after import = 0

========================================================================
Received Import Request.
  Time since last request: 0.000267 seconds.
  path: Packages/com.unity.test-framework/UnityEditor.TestRunner/GUI/TestAssets/TestScriptAssetsCreator.cs
  artifactKey: Guid(1bace19a170f47bb8d19645cfc580796) Importer(2089858483,b0f066a214c2f5e87bad3c948f4d605d)
Start importing Packages/com.unity.test-framework/UnityEditor.TestRunner/GUI/TestAssets/TestScriptAssetsCreator.cs using Guid(1bace19a170f47bb8d19645cfc580796) Importer(2089858483,b0f066a214c2f5e87bad3c948f4d605d) (ScriptedImporter) -> (artifact id: '3743be0ee62638f291997644d10083cb') in 0.0221783 seconds
Number of updated asset objects reloaded before import = 0Number of asset objects unloaded after import = 0

========================================================================
Received Import Request.
  Time since last request: 0.000306 seconds.
  path: Packages/com.unity.test-framework/UnityEditor.TestRunner/TestRun/Tasks/PrebuildSetupTask.cs
  artifactKey: Guid(fc039194235714f48a39bd364885e744) Importer(2089858483,b0f066a214c2f5e87bad3c948f4d605d)
Start importing Packages/com.unity.test-framework/UnityEditor.TestRunner/TestRun/Tasks/PrebuildSetupTask.cs using Guid(fc039194235714f48a39bd364885e744) Importer(2089858483,b0f066a214c2f5e87bad3c948f4d605d) (ScriptedImporter) -> (artifact id: '732a24dc59d8385b9c858dd19128201a') in 0.0224082 seconds
Number of updated asset objects reloaded before import = 0Number of asset objects unloaded after import = 0

========================================================================
Received Import Request.
  Time since last request: 0.000227 seconds.
  path: Packages/com.unity.test-framework/UnityEditor.TestRunner/GUI/TestAssets/ICustomScriptAssembly.cs
  artifactKey: Guid(32829ea9e75c475295f73ff867e2f9d0) Importer(2089858483,b0f066a214c2f5e87bad3c948f4d605d)
Start importing Packages/com.unity.test-framework/UnityEditor.TestRunner/GUI/TestAssets/ICustomScriptAssembly.cs using Guid(32829ea9e75c475295f73ff867e2f9d0) Importer(2089858483,b0f066a214c2f5e87bad3c948f4d605d) (ScriptedImporter) -> (artifact id: '764f30568aa99a2d6fc9844dc4faa37c') in 0.0237737 seconds
Number of updated asset objects reloaded before import = 0Number of asset objects unloaded after import = 0

========================================================================
Received Import Request.
  Time since last request: 0.000289 seconds.
  path: Packages/com.unity.multiplayer.center/Editor/Questionnaire/QuestionnaireData.cs
  artifactKey: Guid(7ca5cd79ef39442e599efb761abcbaac) Importer(2089858483,b0f066a214c2f5e87bad3c948f4d605d)
Start importing Packages/com.unity.multiplayer.center/Editor/Questionnaire/QuestionnaireData.cs using Guid(7ca5cd79ef39442e599efb761abcbaac) Importer(2089858483,b0f066a214c2f5e87bad3c948f4d605d) (ScriptedImporter) -> (artifact id: '2d49b60a2e55447b15dbc67b921e4d2b') in 0.0303238 seconds
Number of updated asset objects reloaded before import = 0Number of asset objects unloaded after import = 0

========================================================================
Received Import Request.
  Time since last request: 0.000504 seconds.
  path: Packages/com.unity.test-framework/UnityEngine.TestRunner/Utils/AttributeHelper.cs
  artifactKey: Guid(ae8ce3ffe04ac2c42945fd27e0291fc3) Importer(2089858483,b0f066a214c2f5e87bad3c948f4d605d)
Start importing Packages/com.unity.test-framework/UnityEngine.TestRunner/Utils/AttributeHelper.cs using Guid(ae8ce3ffe04ac2c42945fd27e0291fc3) Importer(2089858483,b0f066a214c2f5e87bad3c948f4d605d) (ScriptedImporter) -> (artifact id: '26e4246a0da68e5933e13125dd49fa2f') in 0.0347692 seconds
Number of updated asset objects reloaded before import = 0Number of asset objects unloaded after import = 0

========================================================================
Received Import Request.
  Time since last request: 0.000275 seconds.
  path: Packages/com.unity.multiplayer.center/Common/Unity.Multiplayer.Center.Common.asmdef
  artifactKey: Guid(84abd2ab34a74600a33a3bb9d72859fe) Importer(2089858483,b0f066a214c2f5e87bad3c948f4d605d)
Start importing Packages/com.unity.multiplayer.center/Common/Unity.Multiplayer.Center.Common.asmdef using Guid(84abd2ab34a74600a33a3bb9d72859fe) Importer(2089858483,b0f066a214c2f5e87bad3c948f4d605d) (ScriptedImporter) -> (artifact id: 'b99683ad5e86b92a4d174eb4420e04bf') in 0.0165749 seconds
Number of updated asset objects reloaded before import = 0Number of asset objects unloaded after import = 1

========================================================================
Received Import Request.
  Time since last request: 0.000188 seconds.
  path: Packages/com.unity.test-framework/UnityEngine.TestRunner/NUnitExtensions/Commands/EnumerableRepeatedTestCommand.cs
  artifactKey: Guid(e273462feb9a65948826739f683cc9a9) Importer(2089858483,b0f066a214c2f5e87bad3c948f4d605d)
Start importing Packages/com.unity.test-framework/UnityEngine.TestRunner/NUnitExtensions/Commands/EnumerableRepeatedTestCommand.cs using Guid(e273462feb9a65948826739f683cc9a9) Importer(2089858483,b0f066a214c2f5e87bad3c948f4d605d) (ScriptedImporter) -> (artifact id: '08c639cd980b3b9d2b88ec9c2b835e78') in 0.0315903 seconds
Number of updated asset objects reloaded before import = 0Number of asset objects unloaded after import = 0

========================================================================
Received Import Request.
  Time since last request: 0.000366 seconds.
  path: Packages/com.unity.test-framework/UnityEditor.TestRunner/TestSettings/TestSettingsDeserializer.cs
  artifactKey: Guid(75e7d7a9a57458841a85fe42d9c9141f) Importer(2089858483,b0f066a214c2f5e87bad3c948f4d605d)
Start importing Packages/com.unity.test-framework/UnityEditor.TestRunner/TestSettings/TestSettingsDeserializer.cs using Guid(75e7d7a9a57458841a85fe42d9c9141f) Importer(2089858483,b0f066a214c2f5e87bad3c948f4d605d) (ScriptedImporter) -> (artifact id: '36cb9e77dbdd6c27fad9e8a607271b73') in 0.0223878 seconds
Number of updated asset objects reloaded before import = 0Number of asset objects unloaded after import = 0

========================================================================
Received Import Request.
  Time since last request: 0.000263 seconds.
  path: Packages/com.unity.test-framework/UnityEngine.TestRunner/NUnitExtensions/Runner/UnityTestExecutionContext.cs
  artifactKey: Guid(59ff995fabb3bac45afa0f96f333e5dc) Importer(2089858483,b0f066a214c2f5e87bad3c948f4d605d)
Start importing Packages/com.unity.test-framework/UnityEngine.TestRunner/NUnitExtensions/Runner/UnityTestExecutionContext.cs using Guid(59ff995fabb3bac45afa0f96f333e5dc) Importer(2089858483,b0f066a214c2f5e87bad3c948f4d605d) (ScriptedImporter) -> (artifact id: '830bb4a182ffab0f46b7258d93ebf653') in 0.0230204 seconds
Number of updated asset objects reloaded before import = 0Number of asset objects unloaded after import = 0

========================================================================
Received Import Request.
  Time since last request: 0.000687 seconds.
  path: Packages/com.unity.test-framework/UnityEngine.TestRunner/Utils/PrebuildSetupAttribute.cs
  artifactKey: Guid(d1b7ce919aa8864409412e809073cf96) Importer(2089858483,b0f066a214c2f5e87bad3c948f4d605d)
Start importing Packages/com.unity.test-framework/UnityEngine.TestRunner/Utils/PrebuildSetupAttribute.cs using Guid(d1b7ce919aa8864409412e809073cf96) Importer(2089858483,b0f066a214c2f5e87bad3c948f4d605d) (ScriptedImporter) -> (artifact id: '4b197d027aed2132a94f5c9cb94735a6') in 0.0246512 seconds
Number of updated asset objects reloaded before import = 0Number of asset objects unloaded after import = 0

========================================================================
Received Import Request.
  Time since last request: 0.000434 seconds.
  path: Packages/com.unity.test-framework/UnityEditor.TestRunner/TestLaunchers/Helpers/AttributeFinderBase.cs
  artifactKey: Guid(5d4de3d4682a8d641907cc75e4fb950e) Importer(2089858483,b0f066a214c2f5e87bad3c948f4d605d)
Start importing Packages/com.unity.test-framework/UnityEditor.TestRunner/TestLaunchers/Helpers/AttributeFinderBase.cs using Guid(5d4de3d4682a8d641907cc75e4fb950e) Importer(2089858483,b0f066a214c2f5e87bad3c948f4d605d) (ScriptedImporter) -> (artifact id: '79b8b2750834710877cabf147307761a') in 0.0284936 seconds
Number of updated asset objects reloaded before import = 0Number of asset objects unloaded after import = 0

========================================================================
Received Import Request.
  Time since last request: 0.000190 seconds.
  path: Packages/com.unity.test-framework/UnityEditor.TestRunner/TestRun/Tasks/Scene/StoreSceneSetupTask.cs
  artifactKey: Guid(5c4d36a13e7466e43940732365f53bf1) Importer(2089858483,b0f066a214c2f5e87bad3c948f4d605d)
Start importing Packages/com.unity.test-framework/UnityEditor.TestRunner/TestRun/Tasks/Scene/StoreSceneSetupTask.cs using Guid(5c4d36a13e7466e43940732365f53bf1) Importer(2089858483,b0f066a214c2f5e87bad3c948f4d605d) (ScriptedImporter) -> (artifact id: '0d65d2cd73b69a60f5117131ee4b95b9') in 0.0278202 seconds
Number of updated asset objects reloaded before import = 0Number of asset objects unloaded after import = 0

========================================================================
Received Import Request.
  Time since last request: 0.000280 seconds.
  path: Packages/com.unity.test-framework/UnityEditor.TestRunner/CommandLineTest/LogWriter.cs
  artifactKey: Guid(05778dd1de4433d418793b6f3d3c18cf) Importer(2089858483,b0f066a214c2f5e87bad3c948f4d605d)
Start importing Packages/com.unity.test-framework/UnityEditor.TestRunner/CommandLineTest/LogWriter.cs using Guid(05778dd1de4433d418793b6f3d3c18cf) Importer(2089858483,b0f066a214c2f5e87bad3c948f4d605d) (ScriptedImporter) -> (artifact id: '7649a1e87fefb2e75cbc4110768eb173') in 0.0185041 seconds
Number of updated asset objects reloaded before import = 0Number of asset objects unloaded after import = 0

========================================================================
Received Import Request.
  Time since last request: 0.000112 seconds.
  path: Packages/com.unity.test-framework/UnityEditor.TestRunner/UnityTestProtocol/UnityTestProtocolListener.cs
  artifactKey: Guid(900aac3710bc14542a8d164e3f0ff820) Importer(2089858483,b0f066a214c2f5e87bad3c948f4d605d)
Start importing Packages/com.unity.test-framework/UnityEditor.TestRunner/UnityTestProtocol/UnityTestProtocolListener.cs using Guid(900aac3710bc14542a8d164e3f0ff820) Importer(2089858483,b0f066a214c2f5e87bad3c948f4d605d) (ScriptedImporter) -> (artifact id: '7c97428375b093bdff820da489606bb9') in 0.0173088 seconds
Number of updated asset objects reloaded before import = 0Number of asset objects unloaded after import = 0

========================================================================
Received Import Request.
  Time since last request: 0.000232 seconds.
  path: Packages/com.unity.test-framework/UnityEditor.TestRunner/TestRun/Data/TestJobData.cs
  artifactKey: Guid(80ac8f5b2a7fa904dbc80111be88c8be) Importer(2089858483,b0f066a214c2f5e87bad3c948f4d605d)
Start importing Packages/com.unity.test-framework/UnityEditor.TestRunner/TestRun/Data/TestJobData.cs using Guid(80ac8f5b2a7fa904dbc80111be88c8be) Importer(2089858483,b0f066a214c2f5e87bad3c948f4d605d) (ScriptedImporter) -> (artifact id: 'baf113c91fbea921be98f0f9acd6d2e2') in 0.0242361 seconds
Number of updated asset objects reloaded before import = 0Number of asset objects unloaded after import = 0

========================================================================
Received Import Request.
  Time since last request: 0.000179 seconds.
  path: Packages/com.unity.test-framework/UnityEngine.TestRunner/Assertions/Is.cs
  artifactKey: Guid(6d5833966abeadb429de247e4316eef4) Importer(2089858483,b0f066a214c2f5e87bad3c948f4d605d)
Start importing Packages/com.unity.test-framework/UnityEngine.TestRunner/Assertions/Is.cs using Guid(6d5833966abeadb429de247e4316eef4) Importer(2089858483,b0f066a214c2f5e87bad3c948f4d605d) (ScriptedImporter) -> (artifact id: 'c21409308fc2413f7751f3512c011b2a') in 0.0182414 seconds
Number of updated asset objects reloaded before import = 0Number of asset objects unloaded after import = 0

========================================================================
Received Import Request.
  Time since last request: 0.000522 seconds.
  path: Packages/com.unity.test-framework/UnityEditor.TestRunner/TestRunner/Utils/TestListProvider.cs
  artifactKey: Guid(f15cbb987069826429540d0ea0937442) Importer(2089858483,b0f066a214c2f5e87bad3c948f4d605d)
Start importing Packages/com.unity.test-framework/UnityEditor.TestRunner/TestRunner/Utils/TestListProvider.cs using Guid(f15cbb987069826429540d0ea0937442) Importer(2089858483,b0f066a214c2f5e87bad3c948f4d605d) (ScriptedImporter) -> (artifact id: '7ed262a2b2b8676ce274073673c6bb00') in 0.0177654 seconds
Number of updated asset objects reloaded before import = 0Number of asset objects unloaded after import = 0

========================================================================
Received Import Request.
  Time since last request: 0.000311 seconds.
  path: Packages/com.unity.test-framework/UnityEngine.TestRunner/NUnitExtensions/UnityTestAssemblyBuilder.cs
  artifactKey: Guid(98ba0396e4b4ee8498a8f097affcfddf) Importer(2089858483,b0f066a214c2f5e87bad3c948f4d605d)
Start importing Packages/com.unity.test-framework/UnityEngine.TestRunner/NUnitExtensions/UnityTestAssemblyBuilder.cs using Guid(98ba0396e4b4ee8498a8f097affcfddf) Importer(2089858483,b0f066a214c2f5e87bad3c948f4d605d) (ScriptedImporter) -> (artifact id: '4b07ed1bb8cf6c058de5ed2242030348') in 0.0166169 seconds
Number of updated asset objects reloaded before import = 0Number of asset objects unloaded after import = 0

========================================================================
Received Import Request.
  Time since last request: 0.000272 seconds.
  path: Packages/com.unity.test-framework/UnityEditor.TestRunner/TestRun/Tasks/CleanUpContext.cs
  artifactKey: Guid(1c97cd557b334b27bc325649466d1872) Importer(2089858483,b0f066a214c2f5e87bad3c948f4d605d)
Start importing Packages/com.unity.test-framework/UnityEditor.TestRunner/TestRun/Tasks/CleanUpContext.cs using Guid(1c97cd557b334b27bc325649466d1872) Importer(2089858483,b0f066a214c2f5e87bad3c948f4d605d) (ScriptedImporter) -> (artifact id: 'acfbbf5429cc11535716e7dbf424e207') in 0.0185314 seconds
Number of updated asset objects reloaded before import = 0Number of asset objects unloaded after import = 0

========================================================================
Received Import Request.
  Time since last request: 0.000232 seconds.
  path: Packages/com.unity.test-framework/UnityEditor.TestRunner/TestLaunchers/RemotePlayerTestController.cs
  artifactKey: Guid(7d36034e63ad8254b9b2f55280fcc040) Importer(2089858483,b0f066a214c2f5e87bad3c948f4d605d)
Start importing Packages/com.unity.test-framework/UnityEditor.TestRunner/TestLaunchers/RemotePlayerTestController.cs using Guid(7d36034e63ad8254b9b2f55280fcc040) Importer(2089858483,b0f066a214c2f5e87bad3c948f4d605d) (ScriptedImporter) -> (artifact id: '0cea29c83ce0e426421d37b04535cc12') in 0.0160296 seconds
Number of updated asset objects reloaded before import = 0Number of asset objects unloaded after import = 0

========================================================================
Received Import Request.
  Time since last request: 0.000289 seconds.
  path: Packages/com.unity.test-framework/UnityEditor.TestRunner/TestRun/Tasks/RestoreProjectSettingsTask.cs
  artifactKey: Guid(0f691f67e4ca49a386e31761b0ff8238) Importer(2089858483,b0f066a214c2f5e87bad3c948f4d605d)
Start importing Packages/com.unity.test-framework/UnityEditor.TestRunner/TestRun/Tasks/RestoreProjectSettingsTask.cs using Guid(0f691f67e4ca49a386e31761b0ff8238) Importer(2089858483,b0f066a214c2f5e87bad3c948f4d605d) (ScriptedImporter) -> (artifact id: 'd447b7d12241e11ec8bde85b2ece6911') in 0.0190951 seconds
Number of updated asset objects reloaded before import = 0Number of asset objects unloaded after import = 0

========================================================================
Received Import Request.
  Time since last request: 0.000175 seconds.
  path: Packages/com.unity.multiplayer.center/Tests/Editor/TabGroupTests.cs
  artifactKey: Guid(470a2d15035f44b7b2888a0db0704bff) Importer(2089858483,b0f066a214c2f5e87bad3c948f4d605d)
Start importing Packages/com.unity.multiplayer.center/Tests/Editor/TabGroupTests.cs using Guid(470a2d15035f44b7b2888a0db0704bff) Importer(2089858483,b0f066a214c2f5e87bad3c948f4d605d) (ScriptedImporter) -> (artifact id: '0ea025c1b99ed67a5727ac6d0ddefc80') in 0.0143321 seconds
Number of updated asset objects reloaded before import = 0Number of asset objects unloaded after import = 0

========================================================================
Received Import Request.
  Time since last request: 0.000274 seconds.
  path: Packages/com.unity.timeline/Editor/inspectors/GroupTrackInspector.cs
  artifactKey: Guid(41dcdc094b311464c8d6cb614548d89b) Importer(2089858483,b0f066a214c2f5e87bad3c948f4d605d)
Start importing Packages/com.unity.timeline/Editor/inspectors/GroupTrackInspector.cs using Guid(41dcdc094b311464c8d6cb614548d89b) Importer(2089858483,b0f066a214c2f5e87bad3c948f4d605d) (ScriptedImporter) -> (artifact id: 'ef53a3ca29c2a83afc8f2931c1239747') in 0.0209445 seconds
Number of updated asset objects reloaded before import = 0Number of asset objects unloaded after import = 0

========================================================================
Received Import Request.
  Time since last request: 0.000224 seconds.
  path: Packages/com.unity.multiplayer.center/Editor/MultiplayerCenterWindow/UI/QuestionSection.cs
  artifactKey: Guid(157e1606dfbd48dda6f01acbf49435b0) Importer(2089858483,b0f066a214c2f5e87bad3c948f4d605d)
Start importing Packages/com.unity.multiplayer.center/Editor/MultiplayerCenterWindow/UI/QuestionSection.cs using Guid(157e1606dfbd48dda6f01acbf49435b0) Importer(2089858483,b0f066a214c2f5e87bad3c948f4d605d) (ScriptedImporter) -> (artifact id: 'aa530e3108a142aa4670c7d076e20e23') in 0.0189085 seconds
Number of updated asset objects reloaded before import = 0Number of asset objects unloaded after import = 0

========================================================================
Received Import Request.
  Time since last request: 0.000269 seconds.
  path: Packages/com.unity.timeline/Editor/inspectors/EditorClipFactory.cs
  artifactKey: Guid(f6ba30c492ac73742bc0cfee6817045a) Importer(2089858483,b0f066a214c2f5e87bad3c948f4d605d)
Start importing Packages/com.unity.timeline/Editor/inspectors/EditorClipFactory.cs using Guid(f6ba30c492ac73742bc0cfee6817045a) Importer(2089858483,b0f066a214c2f5e87bad3c948f4d605d) (ScriptedImporter) -> (artifact id: '10b2490cb6e9255829e150ed0c7a7be8') in 0.0185298 seconds
Number of updated asset objects reloaded before import = 0Number of asset objects unloaded after import = 0

========================================================================
Received Import Request.
  Time since last request: 0.000171 seconds.
  path: Packages/com.unity.multiplayer.center/Tests/Editor/UtilsForRecommendationTests.cs
  artifactKey: Guid(ca560c7d2a0d4453a50ec4f704ce9ce1) Importer(2089858483,b0f066a214c2f5e87bad3c948f4d605d)
Start importing Packages/com.unity.multiplayer.center/Tests/Editor/UtilsForRecommendationTests.cs using Guid(ca560c7d2a0d4453a50ec4f704ce9ce1) Importer(2089858483,b0f066a214c2f5e87bad3c948f4d605d) (ScriptedImporter) -> (artifact id: '1100707f9598853effd4e5b502e87eef') in 0.0175611 seconds
Number of updated asset objects reloaded before import = 0Number of asset objects unloaded after import = 0

========================================================================
Received Import Request.
  Time since last request: 0.000220 seconds.
  path: Packages/com.unity.multiplayer.center/Editor/MultiplayerCenterWindow/UI/Icons/d_Loading.png
  artifactKey: Guid(dab91f148d99946e7b3c3a87ecf4b973) Importer(2089858483,b0f066a214c2f5e87bad3c948f4d605d)
Start importing Packages/com.unity.multiplayer.center/Editor/MultiplayerCenterWindow/UI/Icons/d_Loading.png using Guid(dab91f148d99946e7b3c3a87ecf4b973) Importer(2089858483,b0f066a214c2f5e87bad3c948f4d605d) (ScriptedImporter) -> (artifact id: '6ff2c0aa79113055a41add36e3af9914') in 0.0313394 seconds
Number of updated asset objects reloaded before import = 0Number of asset objects unloaded after import = 1

========================================================================
Received Import Request.
  Time since last request: 0.000197 seconds.
  path: Packages/com.unity.multiplayer.center/Editor/MultiplayerCenterWindow/UI/Icons/PackageManager.png
  artifactKey: Guid(679f9999c6f8f497e806a2d5d0511879) Importer(2089858483,b0f066a214c2f5e87bad3c948f4d605d)
Start importing Packages/com.unity.multiplayer.center/Editor/MultiplayerCenterWindow/UI/Icons/PackageManager.png using Guid(679f9999c6f8f497e806a2d5d0511879) Importer(2089858483,b0f066a214c2f5e87bad3c948f4d605d) (ScriptedImporter) -> (artifact id: '2f5f82ad6a3fa8b266328e2780604546') in 0.0306575 seconds
Number of updated asset objects reloaded before import = 0Number of asset objects unloaded after import = 1

========================================================================
Received Import Request.
  Time since last request: 0.000227 seconds.
  path: Packages/com.unity.timeline/Editor/Analytics/TimelineAnalytics.cs
  artifactKey: Guid(10ba9bc9317e315439b0223674162c52) Importer(2089858483,b0f066a214c2f5e87bad3c948f4d605d)
Start importing Packages/com.unity.timeline/Editor/Analytics/TimelineAnalytics.cs using Guid(10ba9bc9317e315439b0223674162c52) Importer(2089858483,b0f066a214c2f5e87bad3c948f4d605d) (ScriptedImporter) -> (artifact id: '3aa95deeddb7a204ed7848facd5c3aba') in 0.0199466 seconds
Number of updated asset objects reloaded before import = 0Number of asset objects unloaded after import = 0

========================================================================
Received Import Request.
  Time since last request: 0.000522 seconds.
  path: Packages/com.unity.timeline/Editor/Utilities/Clipboard.cs
  artifactKey: Guid(b57629d89799e004182564256307b0cc) Importer(2089858483,b0f066a214c2f5e87bad3c948f4d605d)
Start importing Packages/com.unity.timeline/Editor/Utilities/Clipboard.cs using Guid(b57629d89799e004182564256307b0cc) Importer(2089858483,b0f066a214c2f5e87bad3c948f4d605d) (ScriptedImporter) -> (artifact id: '8be70a8b261d9903ff817d4b8c21bf6e') in 0.0249678 seconds
Number of updated asset objects reloaded before import = 0Number of asset objects unloaded after import = 0

========================================================================
Received Import Request.
  Time since last request: 0.000037 seconds.
  path: Packages/com.unity.multiplayer.center/Editor/MultiplayerCenterWindow/UI/light.uss
  artifactKey: Guid(f1ac2efb1bcd4dfd95dc196ed3c11367) Importer(2089858483,b0f066a214c2f5e87bad3c948f4d605d)
Start importing Packages/com.unity.multiplayer.center/Editor/MultiplayerCenterWindow/UI/light.uss using Guid(f1ac2efb1bcd4dfd95dc196ed3c11367) Importer(2089858483,b0f066a214c2f5e87bad3c948f4d605d) (ScriptedImporter) -> (artifact id: 'bcf8ea4615c9d05cb6855d1c95a608a5') in 0.0445111 seconds
Number of updated asset objects reloaded before import = 0Number of asset objects unloaded after import = 9

========================================================================
Received Import Request.
  Time since last request: 0.000041 seconds.
  path: Packages/com.unity.timeline/Runtime/TimelinePlayable.cs
  artifactKey: Guid(80b10e1c58509a449a3c5aecc07d4455) Importer(2089858483,b0f066a214c2f5e87bad3c948f4d605d)
Start importing Packages/com.unity.timeline/Runtime/TimelinePlayable.cs using Guid(80b10e1c58509a449a3c5aecc07d4455) Importer(2089858483,b0f066a214c2f5e87bad3c948f4d605d) (ScriptedImporter) -> (artifact id: '893ac9dfc559574ded327a2a7ce6fca4') in 0.0173911 seconds
Number of updated asset objects reloaded before import = 0Number of asset objects unloaded after import = 0

========================================================================
Received Import Request.
  Time since last request: 0.000251 seconds.
  path: Packages/com.unity.timeline/Editor/Animation/AnimationClipExtensions.cs
  artifactKey: Guid(c3b87750f9f94e8c918b71ec7d369bd4) Importer(2089858483,b0f066a214c2f5e87bad3c948f4d605d)
Start importing Packages/com.unity.timeline/Editor/Animation/AnimationClipExtensions.cs using Guid(c3b87750f9f94e8c918b71ec7d369bd4) Importer(2089858483,b0f066a214c2f5e87bad3c948f4d605d) (ScriptedImporter) -> (artifact id: 'f138dabe8383b8272a1a26db74087f84') in 0.0157532 seconds
Number of updated asset objects reloaded before import = 0Number of asset objects unloaded after import = 0

========================================================================
Received Import Request.
  Time since last request: 0.000183 seconds.
  path: Packages/com.unity.timeline/Editor/Items/ItemsPerTrack.cs
  artifactKey: Guid(647e1bbd3809b30459d946b4a1ddf22b) Importer(2089858483,b0f066a214c2f5e87bad3c948f4d605d)
Start importing Packages/com.unity.timeline/Editor/Items/ItemsPerTrack.cs using Guid(647e1bbd3809b30459d946b4a1ddf22b) Importer(2089858483,b0f066a214c2f5e87bad3c948f4d605d) (ScriptedImporter) -> (artifact id: '50e82c494f0af2cd4520d2dae127fff3') in 0.0188713 seconds
Number of updated asset objects reloaded before import = 0Number of asset objects unloaded after import = 0

========================================================================
Received Import Request.
  Time since last request: 0.000257 seconds.
  path: Packages/com.unity.multiplayer.center/Editor/MultiplayerCenterWindow/UI/Icons/CustomNetcode@2x.png
  artifactKey: Guid(d7711b0cc806d430b8a95f1e33ec3649) Importer(2089858483,b0f066a214c2f5e87bad3c948f4d605d)
Start importing Packages/com.unity.multiplayer.center/Editor/MultiplayerCenterWindow/UI/Icons/CustomNetcode@2x.png using Guid(d7711b0cc806d430b8a95f1e33ec3649) Importer(2089858483,b0f066a214c2f5e87bad3c948f4d605d) (ScriptedImporter) -> (artifact id: '15829f47a9c802f41f45e61eaee03132') in 0.0325433 seconds
Number of updated asset objects reloaded before import = 0Number of asset objects unloaded after import = 1

========================================================================
Received Import Request.
  Time since last request: 0.000089 seconds.
  path: Packages/com.unity.timeline/Runtime/ObjectId.cs
  artifactKey: Guid(abd179dbd4724b4b928b9777e1deca87) Importer(2089858483,b0f066a214c2f5e87bad3c948f4d605d)
Start importing Packages/com.unity.timeline/Runtime/ObjectId.cs using Guid(abd179dbd4724b4b928b9777e1deca87) Importer(2089858483,b0f066a214c2f5e87bad3c948f4d605d) (ScriptedImporter) -> (artifact id: 'b98926f7d29e5e9b8b259fa997b5dd9f') in 0.0185862 seconds
Number of updated asset objects reloaded before import = 0Number of asset objects unloaded after import = 0

========================================================================
Received Import Request.
  Time since last request: 0.000264 seconds.
  path: Packages/com.unity.timeline/Editor/Audio/AudioTrackInspector.cs
  artifactKey: Guid(57acdaad593b8d143b8fb5052a09d7d0) Importer(2089858483,b0f066a214c2f5e87bad3c948f4d605d)
Start importing Packages/com.unity.timeline/Editor/Audio/AudioTrackInspector.cs using Guid(57acdaad593b8d143b8fb5052a09d7d0) Importer(2089858483,b0f066a214c2f5e87bad3c948f4d605d) (ScriptedImporter) -> (artifact id: '26b78ca69edbe01802d802d8283ebb90') in 0.024193 seconds
Number of updated asset objects reloaded before import = 0Number of asset objects unloaded after import = 0

========================================================================
Received Import Request.
  Time since last request: 0.000210 seconds.
  path: Packages/com.unity.timeline/DocCodeExamples/DocCodeExamples.asmdef
  artifactKey: Guid(9550f6b9c1ac87345a996c43f204fb30) Importer(2089858483,b0f066a214c2f5e87bad3c948f4d605d)
Start importing Packages/com.unity.timeline/DocCodeExamples/DocCodeExamples.asmdef using Guid(9550f6b9c1ac87345a996c43f204fb30) Importer(2089858483,b0f066a214c2f5e87bad3c948f4d605d) (ScriptedImporter) -> (artifact id: '9d94fc471cefeac551455d4349350e22') in 0.0222174 seconds
Number of updated asset objects reloaded before import = 0Number of asset objects unloaded after import = 1

========================================================================
Received Import Request.
  Time since last request: 0.000284 seconds.
  path: Packages/com.unity.timeline/Editor/Animation/AnimationPlayableAssetEditor.cs
  artifactKey: Guid(f7fed0d9d0f7a7f41a8525aa79e790b1) Importer(2089858483,b0f066a214c2f5e87bad3c948f4d605d)
Start importing Packages/com.unity.timeline/Editor/Animation/AnimationPlayableAssetEditor.cs using Guid(f7fed0d9d0f7a7f41a8525aa79e790b1) Importer(2089858483,b0f066a214c2f5e87bad3c948f4d605d) (ScriptedImporter) -> (artifact id: 'b8f57faff366d89de03a63ff798b1e3a') in 0.0318356 seconds
Number of updated asset objects reloaded before import = 0Number of asset objects unloaded after import = 0

========================================================================
Received Import Request.
  Time since last request: 0.000228 seconds.
  path: Packages/com.unity.multiplayer.center/Editor/MultiplayerCenterWindow/UI/Icons/Loading.png
  artifactKey: Guid(424a8de5def3b46dcb08edd00ad1c7bd) Importer(2089858483,b0f066a214c2f5e87bad3c948f4d605d)
Start importing Packages/com.unity.multiplayer.center/Editor/MultiplayerCenterWindow/UI/Icons/Loading.png using Guid(424a8de5def3b46dcb08edd00ad1c7bd) Importer(2089858483,b0f066a214c2f5e87bad3c948f4d605d) (ScriptedImporter) -> (artifact id: 'be862efb1f82bced92ad67a3631fd94e') in 0.1262834 seconds
Number of updated asset objects reloaded before import = 0Number of asset objects unloaded after import = 1

========================================================================
Received Import Request.
  Time since last request: 0.010603 seconds.
  path: Packages/com.unity.test-framework/UnityEditor.TestRunner/UnityTestProtocol/TestRunData.cs
  artifactKey: Guid(0fc9f45e5db884c07b28ac7207622a4b) Importer(2089858483,b0f066a214c2f5e87bad3c948f4d605d)
Start importing Packages/com.unity.test-framework/UnityEditor.TestRunner/UnityTestProtocol/TestRunData.cs using Guid(0fc9f45e5db884c07b28ac7207622a4b) Importer(2089858483,b0f066a214c2f5e87bad3c948f4d605d) (ScriptedImporter) -> (artifact id: '54672f80c2243b7d02f9c8185b8e6178') in 0.1158442 seconds
Number of updated asset objects reloaded before import = 0Number of asset objects unloaded after import = 0

========================================================================
Received Import Request.
  Time since last request: 0.000407 seconds.
  path: Packages/com.unity.test-framework/UnityEngine.TestRunner/Utils/AssemblyProvider/IScriptingRuntimeProxy.cs
  artifactKey: Guid(fe4aef60e4ace544c8430da8ef8acba2) Importer(2089858483,b0f066a214c2f5e87bad3c948f4d605d)
Start importing Packages/com.unity.test-framework/UnityEngine.TestRunner/Utils/AssemblyProvider/IScriptingRuntimeProxy.cs using Guid(fe4aef60e4ace544c8430da8ef8acba2) Importer(2089858483,b0f066a214c2f5e87bad3c948f4d605d) (ScriptedImporter) -> (artifact id: '2387478596b3d64b8847d55cd0fc230f') in 0.0621989 seconds
Number of updated asset objects reloaded before import = 0Number of asset objects unloaded after import = 0

========================================================================
Received Import Request.
  Time since last request: 0.000519 seconds.
  path: Packages/com.unity.test-framework/UnityEditor.TestRunner/UnityTestProtocol/TestRunnerApiMapper.cs
  artifactKey: Guid(2011a59d3f76b3d4a85cb53f945fceee) Importer(2089858483,b0f066a214c2f5e87bad3c948f4d605d)
Start importing Packages/com.unity.test-framework/UnityEditor.TestRunner/UnityTestProtocol/TestRunnerApiMapper.cs using Guid(2011a59d3f76b3d4a85cb53f945fceee) Importer(2089858483,b0f066a214c2f5e87bad3c948f4d605d) (ScriptedImporter) -> (artifact id: 'c7d7aac5bf3a79485a0be4c87c62064d') in 0.031694 seconds
Number of updated asset objects reloaded before import = 0Number of asset objects unloaded after import = 0

========================================================================
Received Import Request.
  Time since last request: 0.000254 seconds.
  path: Packages/com.unity.timeline/Editor/Animation/BindingTreeViewDataSourceGUI.cs
  artifactKey: Guid(3c09dc5cd0a70cf40856b7d406106ee1) Importer(2089858483,b0f066a214c2f5e87bad3c948f4d605d)
Start importing Packages/com.unity.timeline/Editor/Animation/BindingTreeViewDataSourceGUI.cs using Guid(3c09dc5cd0a70cf40856b7d406106ee1) Importer(2089858483,b0f066a214c2f5e87bad3c948f4d605d) (ScriptedImporter) -> (artifact id: '3e4b744879e889ef53fc5404f45cd7fd') in 0.0353375 seconds
Number of updated asset objects reloaded before import = 0Number of asset objects unloaded after import = 0

========================================================================
Received Import Request.
  Time since last request: 0.000492 seconds.
  path: Packages/com.unity.multiplayer.center/Editor/AssemblyInfo.cs
  artifactKey: Guid(51566b3736df4282bbe76645014b0cc5) Importer(2089858483,b0f066a214c2f5e87bad3c948f4d605d)
Start importing Packages/com.unity.multiplayer.center/Editor/AssemblyInfo.cs using Guid(51566b3736df4282bbe76645014b0cc5) Importer(2089858483,b0f066a214c2f5e87bad3c948f4d605d) (ScriptedImporter) -> (artifact id: '0b4949fb1a8aa734905d9bf769af76df') in 0.0826461 seconds
Number of updated asset objects reloaded before import = 0Number of asset objects unloaded after import = 0

========================================================================
Received Import Request.
  Time since last request: 0.000038 seconds.
  path: Packages/com.unity.test-framework/UnityEngine.TestRunner/Utils/TestRunCallbackListener.cs
  artifactKey: Guid(68f09f0f82599b5448579854e622a4c1) Importer(2089858483,b0f066a214c2f5e87bad3c948f4d605d)
Start importing Packages/com.unity.test-framework/UnityEngine.TestRunner/Utils/TestRunCallbackListener.cs using Guid(68f09f0f82599b5448579854e622a4c1) Importer(2089858483,b0f066a214c2f5e87bad3c948f4d605d) (ScriptedImporter) -> (artifact id: '5c9ecf6bfb5babf63bfcf6d53cd3dd9e') in 0.0517722 seconds
Number of updated asset objects reloaded before import = 0Number of asset objects unloaded after import = 0

========================================================================
Received Import Request.
  Time since last request: 0.002139 seconds.
  path: Packages/com.unity.timeline/Editor/Actions/ActionContext.cs
  artifactKey: Guid(5e79d50dea5c9c74d9297cce6cd6d053) Importer(2089858483,b0f066a214c2f5e87bad3c948f4d605d)
Start importing Packages/com.unity.timeline/Editor/Actions/ActionContext.cs using Guid(5e79d50dea5c9c74d9297cce6cd6d053) Importer(2089858483,b0f066a214c2f5e87bad3c948f4d605d) (ScriptedImporter) -> (artifact id: 'bdf96f2b2cbf2f394b7e6193608ffcf2') in 0.0339938 seconds
Number of updated asset objects reloaded before import = 0Number of asset objects unloaded after import = 0

========================================================================
Received Import Request.
  Time since last request: 0.000428 seconds.
  path: Packages/com.unity.multiplayer.center/Editor/MultiplayerCenterWindow/UI/QuestionViewFactory.cs
  artifactKey: Guid(e4439b4b4bb24a5eb61c59c5a67aa5a0) Importer(2089858483,b0f066a214c2f5e87bad3c948f4d605d)
Start importing Packages/com.unity.multiplayer.center/Editor/MultiplayerCenterWindow/UI/QuestionViewFactory.cs using Guid(e4439b4b4bb24a5eb61c59c5a67aa5a0) Importer(2089858483,b0f066a214c2f5e87bad3c948f4d605d) (ScriptedImporter) -> (artifact id: 'c3787f0adac86f8bc5d62c967bbb3b17') in 0.0253255 seconds
Number of updated asset objects reloaded before import = 0Number of asset objects unloaded after import = 0

========================================================================
Received Import Request.
  Time since last request: 0.002417 seconds.
  path: Packages/com.unity.test-framework/UnityEditor.TestRunner/TestRunner/EditmodeWorkItemFactory.cs
  artifactKey: Guid(3dde15f260b0dd1469e60d16eaa795dc) Importer(2089858483,b0f066a214c2f5e87bad3c948f4d605d)
Start importing Packages/com.unity.test-framework/UnityEditor.TestRunner/TestRunner/EditmodeWorkItemFactory.cs using Guid(3dde15f260b0dd1469e60d16eaa795dc) Importer(2089858483,b0f066a214c2f5e87bad3c948f4d605d) (ScriptedImporter) -> (artifact id: 'e6ca39eeaf0802461885d5da9d230de6') in 0.0493878 seconds
Number of updated asset objects reloaded before import = 0Number of asset objects unloaded after import = 0

========================================================================
Received Import Request.
  Time since last request: 0.000052 seconds.
  path: Packages/com.unity.test-framework/UnityEngine.TestRunner/NUnitExtensions/Commands/EnumerableMaxTimeCommand.cs
  artifactKey: Guid(aa5dd1a9432747fd89501213ba621de6) Importer(2089858483,b0f066a214c2f5e87bad3c948f4d605d)
Start importing Packages/com.unity.test-framework/UnityEngine.TestRunner/NUnitExtensions/Commands/EnumerableMaxTimeCommand.cs using Guid(aa5dd1a9432747fd89501213ba621de6) Importer(2089858483,b0f066a214c2f5e87bad3c948f4d605d) (ScriptedImporter) -> (artifact id: 'ca4bc7f7bfaf30ecd4978ba1cd9920e2') in 0.0530905 seconds
Number of updated asset objects reloaded before import = 0Number of asset objects unloaded after import = 0

========================================================================
Received Import Request.
  Time since last request: 0.000470 seconds.
  path: Packages/com.unity.test-framework/UnityEditor.TestRunner/UnityTestProtocol/Data/PlayerSystemInfo.cs
  artifactKey: Guid(7ee0c4baf94a41009b0f9292988a2000) Importer(2089858483,b0f066a214c2f5e87bad3c948f4d605d)
Start importing Packages/com.unity.test-framework/UnityEditor.TestRunner/UnityTestProtocol/Data/PlayerSystemInfo.cs using Guid(7ee0c4baf94a41009b0f9292988a2000) Importer(2089858483,b0f066a214c2f5e87bad3c948f4d605d) (ScriptedImporter) -> (artifact id: '136d75aef48690fa3eb23961d2d21aa0') in 0.0522277 seconds
Number of updated asset objects reloaded before import = 0Number of asset objects unloaded after import = 0

========================================================================
Received Import Request.
  Time since last request: 0.000044 seconds.
  path: Packages/com.unity.ugui/Runtime/UGUI/EventSystem/EventData/AxisEventData.cs
  artifactKey: Guid(b180fd8310805e44dbbef545d0231418) Importer(2089858483,b0f066a214c2f5e87bad3c948f4d605d)
Start importing Packages/com.unity.ugui/Runtime/UGUI/EventSystem/EventData/AxisEventData.cs using Guid(b180fd8310805e44dbbef545d0231418) Importer(2089858483,b0f066a214c2f5e87bad3c948f4d605d) (ScriptedImporter) -> (artifact id: '08b749562b0904b955437e76c29ede5e') in 0.0622862 seconds
Number of updated asset objects reloaded before import = 0Number of asset objects unloaded after import = 0

========================================================================
Received Import Request.
  Time since last request: 0.000643 seconds.
  path: Packages/com.unity.timeline/Editor/Utilities/KeyTraverser.cs
  artifactKey: Guid(4b57f909f22642d469a39e9628535312) Importer(2089858483,b0f066a214c2f5e87bad3c948f4d605d)
Start importing Packages/com.unity.timeline/Editor/Utilities/KeyTraverser.cs using Guid(4b57f909f22642d469a39e9628535312) Importer(2089858483,b0f066a214c2f5e87bad3c948f4d605d) (ScriptedImporter) -> (artifact id: '234a990b20a17df54fad413ebae5bd7f') in 0.0938007 seconds
Number of updated asset objects reloaded before import = 0Number of asset objects unloaded after import = 0

========================================================================
Received Import Request.
  Time since last request: 0.000204 seconds.
  path: Packages/com.unity.timeline/Editor/Manipulators/Trim/ITrimItemMode.cs
  artifactKey: Guid(b4a5ce78107bc38409a3bb5e8b3289ac) Importer(2089858483,b0f066a214c2f5e87bad3c948f4d605d)
Start importing Packages/com.unity.timeline/Editor/Manipulators/Trim/ITrimItemMode.cs using Guid(b4a5ce78107bc38409a3bb5e8b3289ac) Importer(2089858483,b0f066a214c2f5e87bad3c948f4d605d) (ScriptedImporter) -> (artifact id: 'f288a4bb1a893cc21725c19bd08623e1') in 0.0321326 seconds
Number of updated asset objects reloaded before import = 0Number of asset objects unloaded after import = 0

========================================================================
Received Import Request.
  Time since last request: 0.000249 seconds.
  path: Packages/com.unity.timeline/Runtime/Utilities/FrameRate.cs
  artifactKey: Guid(0949a3b7ed32e8744a07b31328a66567) Importer(2089858483,b0f066a214c2f5e87bad3c948f4d605d)
Start importing Packages/com.unity.timeline/Runtime/Utilities/FrameRate.cs using Guid(0949a3b7ed32e8744a07b31328a66567) Importer(2089858483,b0f066a214c2f5e87bad3c948f4d605d) (ScriptedImporter) -> (artifact id: 'a4062b89fcd5b62bea3b60fc41d06e0e') in 0.029612 seconds
Number of updated asset objects reloaded before import = 0Number of asset objects unloaded after import = 0

========================================================================
Received Import Request.
  Time since last request: 0.000146 seconds.
  path: Packages/com.unity.timeline/Runtime/Playables/BasicScriptPlayable.cs
  artifactKey: Guid(fe03a7b0ba57a4d488b6c327ae16c335) Importer(2089858483,b0f066a214c2f5e87bad3c948f4d605d)
Start importing Packages/com.unity.timeline/Runtime/Playables/BasicScriptPlayable.cs using Guid(fe03a7b0ba57a4d488b6c327ae16c335) Importer(2089858483,b0f066a214c2f5e87bad3c948f4d605d) (ScriptedImporter) -> (artifact id: 'e2f326ea4652783897725dc86c6401fd') in 0.0263842 seconds
Number of updated asset objects reloaded before import = 0Number of asset objects unloaded after import = 0

========================================================================
Received Import Request.
  Time since last request: 0.000391 seconds.
  path: Packages/com.unity.timeline/Editor/Manipulators/Sequence/EaseClip.cs
  artifactKey: Guid(b7cabea05434bb9479aee1e121b0d103) Importer(2089858483,b0f066a214c2f5e87bad3c948f4d605d)
Start importing Packages/com.unity.timeline/Editor/Manipulators/Sequence/EaseClip.cs using Guid(b7cabea05434bb9479aee1e121b0d103) Importer(2089858483,b0f066a214c2f5e87bad3c948f4d605d) (ScriptedImporter) -> (artifact id: '68d42f8319e853487a7a77e7674bc885') in 0.0336718 seconds
Number of updated asset objects reloaded before import = 0Number of asset objects unloaded after import = 0

========================================================================
Received Import Request.
  Time since last request: 0.000665 seconds.
  path: Packages/com.unity.timeline/Editor/Window/TimelineWindow_Selection.cs
  artifactKey: Guid(16548db454f7a3344b41ca2e5cdb52b2) Importer(2089858483,b0f066a214c2f5e87bad3c948f4d605d)
Start importing Packages/com.unity.timeline/Editor/Window/TimelineWindow_Selection.cs using Guid(16548db454f7a3344b41ca2e5cdb52b2) Importer(2089858483,b0f066a214c2f5e87bad3c948f4d605d) (ScriptedImporter) -> (artifact id: 'd66f77307cae7337d7f9d5e563cb6bd6') in 0.0291778 seconds
Number of updated asset objects reloaded before import = 0Number of asset objects unloaded after import = 0

========================================================================
Received Import Request.
  Time since last request: 0.000399 seconds.
  path: Packages/com.unity.timeline/Runtime/Utilities/Extrapolation.cs
  artifactKey: Guid(32535dd294c621e4297fba34b15b1c52) Importer(2089858483,b0f066a214c2f5e87bad3c948f4d605d)
Start importing Packages/com.unity.timeline/Runtime/Utilities/Extrapolation.cs using Guid(32535dd294c621e4297fba34b15b1c52) Importer(2089858483,b0f066a214c2f5e87bad3c948f4d605d) (ScriptedImporter) -> (artifact id: 'ce5e8f4759d33d83919a2e69ed3ea4be') in 0.0231927 seconds
Number of updated asset objects reloaded before import = 0Number of asset objects unloaded after import = 0

========================================================================
Received Import Request.
  Time since last request: 0.002662 seconds.
  path: Packages/com.unity.timeline/Editor/Manipulators/Sequence/TrimClip.cs
  artifactKey: Guid(511aa760b8728a940a41c29837945292) Importer(2089858483,b0f066a214c2f5e87bad3c948f4d605d)
Start importing Packages/com.unity.timeline/Editor/Manipulators/Sequence/TrimClip.cs using Guid(511aa760b8728a940a41c29837945292) Importer(2089858483,b0f066a214c2f5e87bad3c948f4d605d) (ScriptedImporter) -> (artifact id: '35fb126882ccf657c876251f45487c6e') in 0.0265283 seconds
Number of updated asset objects reloaded before import = 0Number of asset objects unloaded after import = 0

========================================================================
Received Import Request.
  Time since last request: 0.000029 seconds.
  path: Packages/com.unity.timeline/Editor/Manipulators/Trim/TrimItemModeRipple.cs
  artifactKey: Guid(20c8bb6b47a526c4c96ca73314fe2856) Importer(2089858483,b0f066a214c2f5e87bad3c948f4d605d)
Start importing Packages/com.unity.timeline/Editor/Manipulators/Trim/TrimItemModeRipple.cs using Guid(20c8bb6b47a526c4c96ca73314fe2856) Importer(2089858483,b0f066a214c2f5e87bad3c948f4d605d) (ScriptedImporter) -> (artifact id: 'b28ac6e0b92baa313dd6d9d0523d9688') in 0.0349708 seconds
Number of updated asset objects reloaded before import = 0Number of asset objects unloaded after import = 0

========================================================================
Received Import Request.
  Time since last request: 0.000034 seconds.
  path: Packages/com.unity.timeline/Editor/Manipulators/Sequence/MarkerHeaderTrackManipulator.cs
  artifactKey: Guid(e74ddf4132f3401409c824bed60280ee) Importer(2089858483,b0f066a214c2f5e87bad3c948f4d605d)
Start importing Packages/com.unity.timeline/Editor/Manipulators/Sequence/MarkerHeaderTrackManipulator.cs using Guid(e74ddf4132f3401409c824bed60280ee) Importer(2089858483,b0f066a214c2f5e87bad3c948f4d605d) (ScriptedImporter) -> (artifact id: '011dfc764187d053ef23401fd1c15092') in 0.0259128 seconds
Number of updated asset objects reloaded before import = 0Number of asset objects unloaded after import = 0

========================================================================
Received Import Request.
  Time since last request: 0.000063 seconds.
  path: Packages/com.unity.timeline/Editor/inspectors/CurvesOwner/CurvesOwnerInspectorHelper.cs
  artifactKey: Guid(9a371bcbba2084dd0a8ebc6826aa8794) Importer(2089858483,b0f066a214c2f5e87bad3c948f4d605d)
Start importing Packages/com.unity.timeline/Editor/inspectors/CurvesOwner/CurvesOwnerInspectorHelper.cs using Guid(9a371bcbba2084dd0a8ebc6826aa8794) Importer(2089858483,b0f066a214c2f5e87bad3c948f4d605d) (ScriptedImporter) -> (artifact id: '6f7510c8a4987934f425facb919df065') in 0.020801 seconds
Number of updated asset objects reloaded before import = 0Number of asset objects unloaded after import = 0

========================================================================
Received Import Request.
  Time since last request: 0.000275 seconds.
  path: Packages/com.unity.timeline/Runtime/Events/IMarker.cs
  artifactKey: Guid(4cb169caa67eddf4d83b39fd0917a945) Importer(2089858483,b0f066a214c2f5e87bad3c948f4d605d)
Start importing Packages/com.unity.timeline/Runtime/Events/IMarker.cs using Guid(4cb169caa67eddf4d83b39fd0917a945) Importer(2089858483,b0f066a214c2f5e87bad3c948f4d605d) (ScriptedImporter) -> (artifact id: '3adf4eea56f210394adb91909fe03736') in 0.0275164 seconds
Number of updated asset objects reloaded before import = 0Number of asset objects unloaded after import = 0

========================================================================
Received Import Request.
  Time since last request: 0.002783 seconds.
  path: Packages/com.unity.timeline/Editor/Window/TimelineWindowAnalytics.cs
  artifactKey: Guid(2d4de78ba9fbd472a884ea157f740743) Importer(2089858483,b0f066a214c2f5e87bad3c948f4d605d)
Start importing Packages/com.unity.timeline/Editor/Window/TimelineWindowAnalytics.cs using Guid(2d4de78ba9fbd472a884ea157f740743) Importer(2089858483,b0f066a214c2f5e87bad3c948f4d605d) (ScriptedImporter) -> (artifact id: 'eb9f794749c9ddaddf661603d55c999f') in 0.0316647 seconds
Number of updated asset objects reloaded before import = 0Number of asset objects unloaded after import = 0

========================================================================
Received Import Request.
  Time since last request: 0.000331 seconds.
  path: Packages/com.unity.timeline/Runtime/Evaluation/RuntimeClipBase.cs
  artifactKey: Guid(70f955bbb437a494888ef54d97abb474) Importer(2089858483,b0f066a214c2f5e87bad3c948f4d605d)
Start importing Packages/com.unity.timeline/Runtime/Evaluation/RuntimeClipBase.cs using Guid(70f955bbb437a494888ef54d97abb474) Importer(2089858483,b0f066a214c2f5e87bad3c948f4d605d) (ScriptedImporter) -> (artifact id: '81cdb6f762c82baad55d1a4c590a6a86') in 0.0406301 seconds
Number of updated asset objects reloaded before import = 0Number of asset objects unloaded after import = 0

========================================================================
Received Import Request.
  Time since last request: 0.000560 seconds.
  path: Packages/com.unity.timeline/Runtime/Playables/PrefabControlPlayable.cs
  artifactKey: Guid(439c018cf4619e94d9a92110ce0aa188) Importer(2089858483,b0f066a214c2f5e87bad3c948f4d605d)
Start importing Packages/com.unity.timeline/Runtime/Playables/PrefabControlPlayable.cs using Guid(439c018cf4619e94d9a92110ce0aa188) Importer(2089858483,b0f066a214c2f5e87bad3c948f4d605d) (ScriptedImporter) -> (artifact id: 'ffd0ec81e0397c91227c2df87beb2784') in 0.0223732 seconds
Number of updated asset objects reloaded before import = 0Number of asset objects unloaded after import = 0

========================================================================
Received Import Request.
  Time since last request: 0.000333 seconds.
  path: Packages/com.unity.modules.cloth/package.json
  artifactKey: Guid(906c12bc9cd95d3963c6d58f62522c78) Importer(2089858483,b0f066a214c2f5e87bad3c948f4d605d)
Start importing Packages/com.unity.modules.cloth/package.json using Guid(906c12bc9cd95d3963c6d58f62522c78) Importer(2089858483,b0f066a214c2f5e87bad3c948f4d605d) (ScriptedImporter) -> (artifact id: '3fd368b8b9c59555e00306b279472b0f') in 0.0301695 seconds
Number of updated asset objects reloaded before import = 0Number of asset objects unloaded after import = 1

========================================================================
Received Import Request.
  Time since last request: 0.000036 seconds.
  path: Packages/com.unity.test-framework/UnityEditor.TestRunner/UnityTestProtocol/Data/ScreenSettings.cs
  artifactKey: Guid(58a43a62ecbe444d963930822e17d4cd) Importer(2089858483,b0f066a214c2f5e87bad3c948f4d605d)
Start importing Packages/com.unity.test-framework/UnityEditor.TestRunner/UnityTestProtocol/Data/ScreenSettings.cs using Guid(58a43a62ecbe444d963930822e17d4cd) Importer(2089858483,b0f066a214c2f5e87bad3c948f4d605d) (ScriptedImporter) -> (artifact id: 'ff49d3093c260ee99d1e41cb7e74e2a3') in 0.0403524 seconds
Number of updated asset objects reloaded before import = 0Number of asset objects unloaded after import = 0

========================================================================
Received Import Request.
  Time since last request: 0.001537 seconds.
  path: Packages/com.unity.test-framework/UnityEditor.TestRunner/TestLaunchers/PlatformSetup/SwitchPlatformSetup.cs
  artifactKey: Guid(adf7bea9401c1834380d55601add6cfb) Importer(2089858483,b0f066a214c2f5e87bad3c948f4d605d)
Start importing Packages/com.unity.test-framework/UnityEditor.TestRunner/TestLaunchers/PlatformSetup/SwitchPlatformSetup.cs using Guid(adf7bea9401c1834380d55601add6cfb) Importer(2089858483,b0f066a214c2f5e87bad3c948f4d605d) (ScriptedImporter) -> (artifact id: '5688ea9d810933805d3c10d483abac44') in 0.028471 seconds
Number of updated asset objects reloaded before import = 0Number of asset objects unloaded after import = 0

========================================================================
Received Import Request.
  Time since last request: 0.000149 seconds.
  path: Packages/com.unity.timeline/Editor/treeview/TrackPropertyCurvesDataSource.cs
  artifactKey: Guid(f8964ef46e1d446dc9eb17a36a3e1f14) Importer(2089858483,b0f066a214c2f5e87bad3c948f4d605d)
Start importing Packages/com.unity.timeline/Editor/treeview/TrackPropertyCurvesDataSource.cs using Guid(f8964ef46e1d446dc9eb17a36a3e1f14) Importer(2089858483,b0f066a214c2f5e87bad3c948f4d605d) (ScriptedImporter) -> (artifact id: '09d272606a831e8e81aea46cc15f4708') in 0.0276209 seconds
Number of updated asset objects reloaded before import = 0Number of asset objects unloaded after import = 0

========================================================================
Received Import Request.
  Time since last request: 0.000452 seconds.
  path: Packages/com.unity.ugui/Runtime/UGUI/UI/Core/IMask.cs
  artifactKey: Guid(ceb629fc661813d40986b4abbefe72c6) Importer(2089858483,b0f066a214c2f5e87bad3c948f4d605d)
Start importing Packages/com.unity.ugui/Runtime/UGUI/UI/Core/IMask.cs using Guid(ceb629fc661813d40986b4abbefe72c6) Importer(2089858483,b0f066a214c2f5e87bad3c948f4d605d) (ScriptedImporter) -> (artifact id: '94a35b7e2463ef73d555e52e95b51baf') in 0.0284048 seconds
Number of updated asset objects reloaded before import = 0Number of asset objects unloaded after import = 0

========================================================================
Received Import Request.
  Time since last request: 0.000212 seconds.
  path: Packages/com.unity.test-framework/UnityEditor.TestRunner/GUI/TestRunnerUIFilter.cs
  artifactKey: Guid(15f870c6975ad6449b5b52514b90dc2b) Importer(2089858483,b0f066a214c2f5e87bad3c948f4d605d)
Start importing Packages/com.unity.test-framework/UnityEditor.TestRunner/GUI/TestRunnerUIFilter.cs using Guid(15f870c6975ad6449b5b52514b90dc2b) Importer(2089858483,b0f066a214c2f5e87bad3c948f4d605d) (ScriptedImporter) -> (artifact id: 'fc8b2386bfac39e4657784a496da0740') in 0.0236238 seconds
Number of updated asset objects reloaded before import = 0Number of asset objects unloaded after import = 0

========================================================================
Received Import Request.
  Time since last request: 0.000049 seconds.
  path: Packages/com.unity.ide.vscode/Editor/VSCodeDiscovery.cs
  artifactKey: Guid(380f7372e785c7d408552e2c760d269d) Importer(2089858483,b0f066a214c2f5e87bad3c948f4d605d)
Start importing Packages/com.unity.ide.vscode/Editor/VSCodeDiscovery.cs using Guid(380f7372e785c7d408552e2c760d269d) Importer(2089858483,b0f066a214c2f5e87bad3c948f4d605d) (ScriptedImporter) -> (artifact id: '27b14efe2cfb394a3efac6ebf0490fd0') in 0.020912 seconds
Number of updated asset objects reloaded before import = 0Number of asset objects unloaded after import = 0

========================================================================
Received Import Request.
  Time since last request: 0.000201 seconds.
  path: Packages/com.unity.test-framework/UnityEditor.TestRunner/UnityTestProtocol/Messages/TestPlanMessage.cs
  artifactKey: Guid(28f79a0d7e64c2345bc46f8c4cf788f8) Importer(2089858483,b0f066a214c2f5e87bad3c948f4d605d)
Start importing Packages/com.unity.test-framework/UnityEditor.TestRunner/UnityTestProtocol/Messages/TestPlanMessage.cs using Guid(28f79a0d7e64c2345bc46f8c4cf788f8) Importer(2089858483,b0f066a214c2f5e87bad3c948f4d605d) (ScriptedImporter) -> (artifact id: '6ec7b7c757e0e5f14354c61227b861b7') in 0.020965 seconds
Number of updated asset objects reloaded before import = 0Number of asset objects unloaded after import = 0

========================================================================
Received Import Request.
  Time since last request: 0.000267 seconds.
  path: Packages/com.unity.multiplayer.center/Editor/MultiplayerCenterWindow/UI/RecommendationView/RecommendationView.cs
  artifactKey: Guid(a2c71c02b50345e99168bda191ec01b4) Importer(2089858483,b0f066a214c2f5e87bad3c948f4d605d)
Start importing Packages/com.unity.multiplayer.center/Editor/MultiplayerCenterWindow/UI/RecommendationView/RecommendationView.cs using Guid(a2c71c02b50345e99168bda191ec01b4) Importer(2089858483,b0f066a214c2f5e87bad3c948f4d605d) (ScriptedImporter) -> (artifact id: '10df93f35d74ebf183bcad4b101b0e6f') in 0.0271987 seconds
Number of updated asset objects reloaded before import = 0Number of asset objects unloaded after import = 0

========================================================================
Received Import Request.
  Time since last request: 0.000243 seconds.
  path: Packages/com.unity.test-framework/UnityEditor.TestRunner/TestRun/TaskList.cs
  artifactKey: Guid(b1516a46a16d458e8debc6b459b107ea) Importer(2089858483,b0f066a214c2f5e87bad3c948f4d605d)
Start importing Packages/com.unity.test-framework/UnityEditor.TestRunner/TestRun/TaskList.cs using Guid(b1516a46a16d458e8debc6b459b107ea) Importer(2089858483,b0f066a214c2f5e87bad3c948f4d605d) (ScriptedImporter) -> (artifact id: '89adf9fd4551b9285f15e36687c4fb50') in 0.0225906 seconds
Number of updated asset objects reloaded before import = 0Number of asset objects unloaded after import = 0

========================================================================
Received Import Request.
  Time since last request: 0.000372 seconds.
  path: Packages/com.unity.ugui/Tests/Runtime/UGUI/Layout/AspectRatioFitterTests.cs
  artifactKey: Guid(be1b04bc4d8a415469493848e6501020) Importer(2089858483,b0f066a214c2f5e87bad3c948f4d605d)
Start importing Packages/com.unity.ugui/Tests/Runtime/UGUI/Layout/AspectRatioFitterTests.cs using Guid(be1b04bc4d8a415469493848e6501020) Importer(2089858483,b0f066a214c2f5e87bad3c948f4d605d) (ScriptedImporter) -> (artifact id: 'e85a399cba64f281f23ee65c2c0a5aa3') in 0.0220205 seconds
Number of updated asset objects reloaded before import = 0Number of asset objects unloaded after import = 0

========================================================================
Received Import Request.
  Time since last request: 0.000221 seconds.
  path: Packages/com.unity.timeline/Editor/Utilities/AnimatedPropertyUtility.cs
  artifactKey: Guid(e22173cccd50433098692e06d6811255) Importer(2089858483,b0f066a214c2f5e87bad3c948f4d605d)
Start importing Packages/com.unity.timeline/Editor/Utilities/AnimatedPropertyUtility.cs using Guid(e22173cccd50433098692e06d6811255) Importer(2089858483,b0f066a214c2f5e87bad3c948f4d605d) (ScriptedImporter) -> (artifact id: '08e4bb6eb0b4e86548b16c4c7037ca88') in 0.0238408 seconds
Number of updated asset objects reloaded before import = 0Number of asset objects unloaded after import = 0

========================================================================
Received Import Request.
  Time since last request: 0.000688 seconds.
  path: Packages/com.unity.timeline/Editor/Signals/SignalEmitterEditor.cs
  artifactKey: Guid(51a7878f6c989394782db73339e90e46) Importer(2089858483,b0f066a214c2f5e87bad3c948f4d605d)
Start importing Packages/com.unity.timeline/Editor/Signals/SignalEmitterEditor.cs using Guid(51a7878f6c989394782db73339e90e46) Importer(2089858483,b0f066a214c2f5e87bad3c948f4d605d) (ScriptedImporter) -> (artifact id: 'c3e3e829c18b3098d78c3d582ed0fc74') in 0.0284518 seconds
Number of updated asset objects reloaded before import = 0Number of asset objects unloaded after import = 0

========================================================================
Received Import Request.
  Time since last request: 0.000232 seconds.
  path: Packages/com.unity.modules.adaptiveperformance/package.ModuleCompilationTrigger
  artifactKey: Guid(1af35a910338381f753e8a985eb5daab) Importer(2089858483,b0f066a214c2f5e87bad3c948f4d605d)
Start importing Packages/com.unity.modules.adaptiveperformance/package.ModuleCompilationTrigger using Guid(1af35a910338381f753e8a985eb5daab) Importer(2089858483,b0f066a214c2f5e87bad3c948f4d605d) (ScriptedImporter) -> (artifact id: 'f32396279d73670327dabc0e3da2f77f') in 0.0226829 seconds
Number of updated asset objects reloaded before import = 0Number of asset objects unloaded after import = 1

========================================================================
Received Import Request.
  Time since last request: 0.000146 seconds.
  path: Packages/com.unity.timeline/Editor/treeview/TimelineTreeView.cs
  artifactKey: Guid(82a8ce43816925d4b971951094cb755c) Importer(2089858483,b0f066a214c2f5e87bad3c948f4d605d)
Start importing Packages/com.unity.timeline/Editor/treeview/TimelineTreeView.cs using Guid(82a8ce43816925d4b971951094cb755c) Importer(2089858483,b0f066a214c2f5e87bad3c948f4d605d) (ScriptedImporter) -> (artifact id: '92d08a584947246741f2a8e5e2cb0b99') in 0.0405237 seconds
Number of updated asset objects reloaded before import = 0Number of asset objects unloaded after import = 0

========================================================================
Received Import Request.
  Time since last request: 0.003317 seconds.
  path: Packages/com.unity.test-framework/UnityEditor.TestRunner/TestRunner/EditModePCHelper.cs
  artifactKey: Guid(6d16f2e78a356d34c9a32108929de932) Importer(2089858483,b0f066a214c2f5e87bad3c948f4d605d)
Start importing Packages/com.unity.test-framework/UnityEditor.TestRunner/TestRunner/EditModePCHelper.cs using Guid(6d16f2e78a356d34c9a32108929de932) Importer(2089858483,b0f066a214c2f5e87bad3c948f4d605d) (ScriptedImporter) -> (artifact id: '07d3a99259de998272e12a889f70836c') in 0.0291412 seconds
Number of updated asset objects reloaded before import = 0Number of asset objects unloaded after import = 0

========================================================================
Received Import Request.
  Time since last request: 0.000331 seconds.
  path: Packages/com.unity.test-framework/UnityEngine.TestRunner/NUnitExtensions/Filters/AssemblyNameFilter.cs
  artifactKey: Guid(91319408591cec1478efd3c62f9f418a) Importer(2089858483,b0f066a214c2f5e87bad3c948f4d605d)
Start importing Packages/com.unity.test-framework/UnityEngine.TestRunner/NUnitExtensions/Filters/AssemblyNameFilter.cs using Guid(91319408591cec1478efd3c62f9f418a) Importer(2089858483,b0f066a214c2f5e87bad3c948f4d605d) (ScriptedImporter) -> (artifact id: '23b619cb9279146528d76b07aef384ad') in 0.0229253 seconds
Number of updated asset objects reloaded before import = 0Number of asset objects unloaded after import = 0

========================================================================
Received Import Request.
  Time since last request: 0.000227 seconds.
  path: Packages/com.unity.ugui/Tests/Runtime/UGUI/Canvas/CanvasSizeCorrectInAwakeAndStartScript.cs
  artifactKey: Guid(df1ba932d4ce4534e97a0f10c85cd3c9) Importer(2089858483,b0f066a214c2f5e87bad3c948f4d605d)
Start importing Packages/com.unity.ugui/Tests/Runtime/UGUI/Canvas/CanvasSizeCorrectInAwakeAndStartScript.cs using Guid(df1ba932d4ce4534e97a0f10c85cd3c9) Importer(2089858483,b0f066a214c2f5e87bad3c948f4d605d) (ScriptedImporter) -> (artifact id: 'c8c28759c59d64b3d78c10832308ec2f') in 0.0216354 seconds
Number of updated asset objects reloaded before import = 0Number of asset objects unloaded after import = 0

========================================================================
Received Import Request.
  Time since last request: 0.000215 seconds.
  path: Packages/com.unity.test-framework/UnityEditor.TestRunner/Api/Filter.cs
  artifactKey: Guid(05f92e4a2414cb144a92157752dfa324) Importer(2089858483,b0f066a214c2f5e87bad3c948f4d605d)
Start importing Packages/com.unity.test-framework/UnityEditor.TestRunner/Api/Filter.cs using Guid(05f92e4a2414cb144a92157752dfa324) Importer(2089858483,b0f066a214c2f5e87bad3c948f4d605d) (ScriptedImporter) -> (artifact id: 'd6714ce72b0dc737209b5d4f0448ab5c') in 0.0204183 seconds
Number of updated asset objects reloaded before import = 0Number of asset objects unloaded after import = 0

========================================================================
Received Import Request.
  Time since last request: 0.001623 seconds.
  path: Packages/com.unity.ugui/Tests/Runtime/UGUI/Layout/LayoutGroupScaling.cs
  artifactKey: Guid(589533fb2413e3e4fba7df13a6a75bf2) Importer(2089858483,b0f066a214c2f5e87bad3c948f4d605d)
Start importing Packages/com.unity.ugui/Tests/Runtime/UGUI/Layout/LayoutGroupScaling.cs using Guid(589533fb2413e3e4fba7df13a6a75bf2) Importer(2089858483,b0f066a214c2f5e87bad3c948f4d605d) (ScriptedImporter) -> (artifact id: 'd3cda9fb719654537b50641de8450172') in 0.0263531 seconds
Number of updated asset objects reloaded before import = 0Number of asset objects unloaded after import = 0

========================================================================
Received Import Request.
  Time since last request: 0.000410 seconds.
  path: Packages/com.unity.ugui/Tests/Runtime/UGUI/Util/ExceptionUtils.cs
  artifactKey: Guid(0b2706df6fdff50448f84a3f6629b40f) Importer(2089858483,b0f066a214c2f5e87bad3c948f4d605d)
Start importing Packages/com.unity.ugui/Tests/Runtime/UGUI/Util/ExceptionUtils.cs using Guid(0b2706df6fdff50448f84a3f6629b40f) Importer(2089858483,b0f066a214c2f5e87bad3c948f4d605d) (ScriptedImporter) -> (artifact id: '21056290456a13172051d7236904c949') in 0.0320979 seconds
Number of updated asset objects reloaded before import = 0Number of asset objects unloaded after import = 0

========================================================================
Received Import Request.
  Time since last request: 0.001793 seconds.
  path: Packages/com.unity.timeline/Editor/StyleSheets/Extensions/light.uss
  artifactKey: Guid(e98085123be873947970c4f10099a39a) Importer(2089858483,b0f066a214c2f5e87bad3c948f4d605d)
Start importing Packages/com.unity.timeline/Editor/StyleSheets/Extensions/light.uss using Guid(e98085123be873947970c4f10099a39a) Importer(2089858483,b0f066a214c2f5e87bad3c948f4d605d) (ScriptedImporter) -> (artifact id: '1c323b9c774225f58a63f6e2c77b9292') in 0.0355111 seconds
Number of updated asset objects reloaded before import = 0Number of asset objects unloaded after import = 1

========================================================================
Received Import Request.
  Time since last request: 0.002323 seconds.
  path: Packages/com.unity.timeline/Editor/StyleSheets/Images/DarkSkin/TimelineMarkerItemSelected.png
  artifactKey: Guid(3dd65256ca8837544b3e738c0d3ee0e2) Importer(2089858483,b0f066a214c2f5e87bad3c948f4d605d)
Start importing Packages/com.unity.timeline/Editor/StyleSheets/Images/DarkSkin/TimelineMarkerItemSelected.png using Guid(3dd65256ca8837544b3e738c0d3ee0e2) Importer(2089858483,b0f066a214c2f5e87bad3c948f4d605d) (ScriptedImporter) -> (artifact id: '45ad5b1b1001371845eaee22aa2aaaa5') in 0.2404869 seconds
Number of updated asset objects reloaded before import = 0Number of asset objects unloaded after import = 1

========================================================================
Received Import Request.
  Time since last request: 0.000314 seconds.
  path: Packages/com.unity.timeline/Editor/StyleSheets/Images/Icons/d_TrackCurvesButtonEnabled@2x.png
  artifactKey: Guid(43ed4593c5ddda0439fcc1bdaf8309fe) Importer(2089858483,b0f066a214c2f5e87bad3c948f4d605d)
Start importing Packages/com.unity.timeline/Editor/StyleSheets/Images/Icons/d_TrackCurvesButtonEnabled@2x.png using Guid(43ed4593c5ddda0439fcc1bdaf8309fe) Importer(2089858483,b0f066a214c2f5e87bad3c948f4d605d) (ScriptedImporter) -> (artifact id: 'eee1e8a402b5a6bb331905b35ccd31a8') in 0.0691328 seconds
Number of updated asset objects reloaded before import = 0Number of asset objects unloaded after import = 1

========================================================================
Received Import Request.
  Time since last request: 0.009414 seconds.
  path: Packages/com.unity.timeline/Editor/StyleSheets/Images/Icons/TimelineEditModeRippleOFF.png
  artifactKey: Guid(bd7b7cac6eb0c3f469781d9a729a1c94) Importer(2089858483,b0f066a214c2f5e87bad3c948f4d605d)
Start importing Packages/com.unity.timeline/Editor/StyleSheets/Images/Icons/TimelineEditModeRippleOFF.png using Guid(bd7b7cac6eb0c3f469781d9a729a1c94) Importer(2089858483,b0f066a214c2f5e87bad3c948f4d605d) (ScriptedImporter) -> (artifact id: 'fae80b8813a4fc6c101c6b9a7dbe8ba4') in 0.048519 seconds
Number of updated asset objects reloaded before import = 0Number of asset objects unloaded after import = 1

========================================================================
Received Import Request.
  Time since last request: 0.000108 seconds.
  path: Packages/com.unity.timeline/Editor/Window/Modes/TimelineAssetEditionMode.cs
  artifactKey: Guid(3477d28057cb3e4469c7ea6b8dc23046) Importer(2089858483,b0f066a214c2f5e87bad3c948f4d605d)
Start importing Packages/com.unity.timeline/Editor/Window/Modes/TimelineAssetEditionMode.cs using Guid(3477d28057cb3e4469c7ea6b8dc23046) Importer(2089858483,b0f066a214c2f5e87bad3c948f4d605d) (ScriptedImporter) -> (artifact id: '1f6e0253a7797f7ed7ef9ffbcfc43e1f') in 0.0233778 seconds
Number of updated asset objects reloaded before import = 0Number of asset objects unloaded after import = 0

========================================================================
Received Import Request.
  Time since last request: 0.000872 seconds.
  path: Packages/com.unity.timeline/Editor/StyleSheets/Images/DarkSkin/TimelineHold.png
  artifactKey: Guid(ddbd45249a133a846b2f20e39b537565) Importer(2089858483,b0f066a214c2f5e87bad3c948f4d605d)
Start importing Packages/com.unity.timeline/Editor/StyleSheets/Images/DarkSkin/TimelineHold.png using Guid(ddbd45249a133a846b2f20e39b537565) Importer(2089858483,b0f066a214c2f5e87bad3c948f4d605d) (ScriptedImporter) -> (artifact id: '5f443cf9d0aa9df013ac1f53a985e860') in 0.0342715 seconds
Number of updated asset objects reloaded before import = 0Number of asset objects unloaded after import = 1

========================================================================
Received Import Request.
  Time since last request: 0.000126 seconds.
  path: Packages/com.unity.timeline/Editor/StyleSheets/Images/Icons/d_TrackLockButtonDisabled@2x.png
  artifactKey: Guid(6f0b77e050cdb12478ed9514b3a0e40e) Importer(2089858483,b0f066a214c2f5e87bad3c948f4d605d)
Start importing Packages/com.unity.timeline/Editor/StyleSheets/Images/Icons/d_TrackLockButtonDisabled@2x.png using Guid(6f0b77e050cdb12478ed9514b3a0e40e) Importer(2089858483,b0f066a214c2f5e87bad3c948f4d605d) (ScriptedImporter) -> (artifact id: 'c7fb431749c95d54914c1a9d13706d8a') in 0.0381383 seconds
Number of updated asset objects reloaded before import = 0Number of asset objects unloaded after import = 1

========================================================================
Received Import Request.
  Time since last request: 0.000494 seconds.
  path: Packages/com.unity.timeline/Editor/StyleSheets/Images/Icons/TimelineHeaderMarkerIcon.png
  artifactKey: Guid(bf1debab21103154b99778ba6e074175) Importer(2089858483,b0f066a214c2f5e87bad3c948f4d605d)
Start importing Packages/com.unity.timeline/Editor/StyleSheets/Images/Icons/TimelineHeaderMarkerIcon.png using Guid(bf1debab21103154b99778ba6e074175) Importer(2089858483,b0f066a214c2f5e87bad3c948f4d605d) (ScriptedImporter) -> (artifact id: '301f54f2008fc7612fac63335e38c4f9') in 0.1045002 seconds
Number of updated asset objects reloaded before import = 0Number of asset objects unloaded after import = 1

========================================================================
Received Import Request.
  Time since last request: 0.000350 seconds.
  path: Packages/com.unity.timeline/Editor/StyleSheets/Images/DarkSkin/TimelineSignalSelected.png
  artifactKey: Guid(a5e21f4e466690645980dd0cf0b664bc) Importer(2089858483,b0f066a214c2f5e87bad3c948f4d605d)
Start importing Packages/com.unity.timeline/Editor/StyleSheets/Images/DarkSkin/TimelineSignalSelected.png using Guid(a5e21f4e466690645980dd0cf0b664bc) Importer(2089858483,b0f066a214c2f5e87bad3c948f4d605d) (ScriptedImporter) -> (artifact id: 'f9c7cfa987f17897b91073bc0f510134') in 0.0383944 seconds
Number of updated asset objects reloaded before import = 0Number of asset objects unloaded after import = 1

========================================================================
Received Import Request.
  Time since last request: 0.000035 seconds.
  path: Packages/com.unity.timeline/Editor/StyleSheets/Images/Icons/d_TrackMarkerButtonDisabled@2x.png
  artifactKey: Guid(77d926c9a4ddcc940b8c000b45cbfb35) Importer(2089858483,b0f066a214c2f5e87bad3c948f4d605d)
Start importing Packages/com.unity.timeline/Editor/StyleSheets/Images/Icons/d_TrackMarkerButtonDisabled@2x.png using Guid(77d926c9a4ddcc940b8c000b45cbfb35) Importer(2089858483,b0f066a214c2f5e87bad3c948f4d605d) (ScriptedImporter) -> (artifact id: '5ffeea033e45af51474019d9bf67358f') in 0.0394289 seconds
Number of updated asset objects reloaded before import = 0Number of asset objects unloaded after import = 1

========================================================================
Received Import Request.
  Time since last request: 0.001942 seconds.
  path: Packages/com.unity.timeline/Runtime/Events/Signals/SignalEmitter.cs
  artifactKey: Guid(15c38f6fa1940124db1ab7f6fe7268d1) Importer(2089858483,b0f066a214c2f5e87bad3c948f4d605d)
Start importing Packages/com.unity.timeline/Runtime/Events/Signals/SignalEmitter.cs using Guid(15c38f6fa1940124db1ab7f6fe7268d1) Importer(2089858483,b0f066a214c2f5e87bad3c948f4d605d) (ScriptedImporter) -> (artifact id: '44585863e0df8cfd0913c60f918d0280') in 0.1974478 seconds
Number of updated asset objects reloaded before import = 0Number of asset objects unloaded after import = 0

========================================================================
Received Import Request.
  Time since last request: 0.010853 seconds.
  path: Packages/com.unity.timeline/Editor/StyleSheets/Images/Icons/TrackCurvesButtonDisabled.png
  artifactKey: Guid(f0f8ff8921b22a74a8c79d955ace248d) Importer(2089858483,b0f066a214c2f5e87bad3c948f4d605d)
Start importing Packages/com.unity.timeline/Editor/StyleSheets/Images/Icons/TrackCurvesButtonDisabled.png using Guid(f0f8ff8921b22a74a8c79d955ace248d) Importer(2089858483,b0f066a214c2f5e87bad3c948f4d605d) (ScriptedImporter) -> (artifact id: 'cded27694f618d1bfa8584ad673ee3f9') in 0.0446143 seconds
Number of updated asset objects reloaded before import = 0Number of asset objects unloaded after import = 1

========================================================================
Received Import Request.
  Time since last request: 0.000125 seconds.
  path: Packages/com.unity.timeline/Editor/StyleSheets/Images/LightSkin/TimelineMarkerItemSelected.png
  artifactKey: Guid(b6e9dc9aad5843748a0124b8925c3743) Importer(2089858483,b0f066a214c2f5e87bad3c948f4d605d)
Start importing Packages/com.unity.timeline/Editor/StyleSheets/Images/LightSkin/TimelineMarkerItemSelected.png using Guid(b6e9dc9aad5843748a0124b8925c3743) Importer(2089858483,b0f066a214c2f5e87bad3c948f4d605d) (ScriptedImporter) -> (artifact id: '07fe6df001745bdbc34cd32eca696f6e') in 0.1630533 seconds
Number of updated asset objects reloaded before import = 0Number of asset objects unloaded after import = 1

========================================================================
Received Import Request.
  Time since last request: 0.000391 seconds.
  path: Packages/com.unity.timeline/Editor/StyleSheets/Images/LightSkin/TimelineEndPlayback.png
  artifactKey: Guid(6952cd3b0f88917449a8fa4d19fc5009) Importer(2089858483,b0f066a214c2f5e87bad3c948f4d605d)
Start importing Packages/com.unity.timeline/Editor/StyleSheets/Images/LightSkin/TimelineEndPlayback.png using Guid(6952cd3b0f88917449a8fa4d19fc5009) Importer(2089858483,b0f066a214c2f5e87bad3c948f4d605d) (ScriptedImporter) -> (artifact id: '267f8b8185cbd1925e7c0e5f8dec0d48') in 0.0858779 seconds
Number of updated asset objects reloaded before import = 0Number of asset objects unloaded after import = 1

========================================================================
Received Import Request.
  Time since last request: 0.000032 seconds.
  path: Packages/com.unity.timeline/Editor/StyleSheets/Images/Icons/TrackMarkerButtonEnabled@2x.png
  artifactKey: Guid(c35a22ede3f5feb488bf69587ddc36ed) Importer(2089858483,b0f066a214c2f5e87bad3c948f4d605d)
Start importing Packages/com.unity.timeline/Editor/StyleSheets/Images/Icons/TrackMarkerButtonEnabled@2x.png using Guid(c35a22ede3f5feb488bf69587ddc36ed) Importer(2089858483,b0f066a214c2f5e87bad3c948f4d605d) (ScriptedImporter) -> (artifact id: '7cda8fb222edccc18202b8267d620312') in 0.0483182 seconds
Number of updated asset objects reloaded before import = 0Number of asset objects unloaded after import = 1

========================================================================
Received Import Request.
  Time since last request: 0.000254 seconds.
  path: Packages/com.unity.timeline/Editor/StyleSheets/Images/Icons/d_TrackAvatarButtonEnabled.png
  artifactKey: Guid(c207dcd389fb689489f5266468cd4609) Importer(2089858483,b0f066a214c2f5e87bad3c948f4d605d)
Start importing Packages/com.unity.timeline/Editor/StyleSheets/Images/Icons/d_TrackAvatarButtonEnabled.png using Guid(c207dcd389fb689489f5266468cd4609) Importer(2089858483,b0f066a214c2f5e87bad3c948f4d605d) (ScriptedImporter) -> (artifact id: 'e270ccee23619223225007b7ab11e334') in 0.0460289 seconds
Number of updated asset objects reloaded before import = 0Number of asset objects unloaded after import = 1

========================================================================
Received Import Request.
  Time since last request: 0.000036 seconds.
  path: Packages/com.unity.timeline/Editor/StyleSheets/Images/Icons/d_TrackMarkerButtonDisabled.png
  artifactKey: Guid(b3644a971cca0bd4eb357cb9aca4dde1) Importer(2089858483,b0f066a214c2f5e87bad3c948f4d605d)
Start importing Packages/com.unity.timeline/Editor/StyleSheets/Images/Icons/d_TrackMarkerButtonDisabled.png using Guid(b3644a971cca0bd4eb357cb9aca4dde1) Importer(2089858483,b0f066a214c2f5e87bad3c948f4d605d) (ScriptedImporter) -> (artifact id: 'c4485667c40b0ee8dcc2ed5ebb1a996c') in 0.0438598 seconds
Number of updated asset objects reloaded before import = 0Number of asset objects unloaded after import = 1

========================================================================
Received Import Request.
  Time since last request: 0.000047 seconds.
  path: Packages/com.unity.timeline/Editor/StyleSheets/Images/DarkSkin/TimelineIconClipOut.png
  artifactKey: Guid(32f7e3598d6414c489127629e29af3f6) Importer(2089858483,b0f066a214c2f5e87bad3c948f4d605d)
Start importing Packages/com.unity.timeline/Editor/StyleSheets/Images/DarkSkin/TimelineIconClipOut.png using Guid(32f7e3598d6414c489127629e29af3f6) Importer(2089858483,b0f066a214c2f5e87bad3c948f4d605d) (ScriptedImporter) -> (artifact id: '4b4536c747cc17dab35ac4fbf911071f') in 0.0312748 seconds
Number of updated asset objects reloaded before import = 0Number of asset objects unloaded after import = 1

========================================================================
Received Import Request.
  Time since last request: 0.000386 seconds.
  path: Packages/com.unity.timeline/Editor/StyleSheets/Images/Icons/TimelineEditModeMixOFF.png
  artifactKey: Guid(8fca5ed160cdc5440a4c7561db4082b2) Importer(2089858483,b0f066a214c2f5e87bad3c948f4d605d)
Start importing Packages/com.unity.timeline/Editor/StyleSheets/Images/Icons/TimelineEditModeMixOFF.png using Guid(8fca5ed160cdc5440a4c7561db4082b2) Importer(2089858483,b0f066a214c2f5e87bad3c948f4d605d) (ScriptedImporter) -> (artifact id: '7d7f2f066127b2ecf075a2bd1ec5c484') in 0.0466169 seconds
Number of updated asset objects reloaded before import = 0Number of asset objects unloaded after import = 1

========================================================================
Received Import Request.
  Time since last request: 0.000122 seconds.
  path: Packages/com.unity.timeline/Editor/StyleSheets/Images/DarkSkin/TimelineMarkerItemCollapsed.png
  artifactKey: Guid(f179d9a3cccffb04ba2e27f681e9b147) Importer(2089858483,b0f066a214c2f5e87bad3c948f4d605d)
Start importing Packages/com.unity.timeline/Editor/StyleSheets/Images/DarkSkin/TimelineMarkerItemCollapsed.png using Guid(f179d9a3cccffb04ba2e27f681e9b147) Importer(2089858483,b0f066a214c2f5e87bad3c948f4d605d) (ScriptedImporter) -> (artifact id: 'a19c3f805cf05696d439c4ee8f6ce0cd') in 0.0339735 seconds
Number of updated asset objects reloaded before import = 0Number of asset objects unloaded after import = 1

========================================================================
Received Import Request.
  Time since last request: 0.000189 seconds.
  path: Packages/com.unity.timeline/Editor/Window/Modes/TimelineReadOnlyMode.cs
  artifactKey: Guid(3f8643c1f8dd449e85b548a14edbea2e) Importer(2089858483,b0f066a214c2f5e87bad3c948f4d605d)
Start importing Packages/com.unity.timeline/Editor/Window/Modes/TimelineReadOnlyMode.cs using Guid(3f8643c1f8dd449e85b548a14edbea2e) Importer(2089858483,b0f066a214c2f5e87bad3c948f4d605d) (ScriptedImporter) -> (artifact id: 'fce2ae7b373a6ebe59700746b401f1b7') in 0.0205253 seconds
Number of updated asset objects reloaded before import = 0Number of asset objects unloaded after import = 0

========================================================================
Received Import Request.
  Time since last request: 0.000309 seconds.
  path: Packages/com.unity.timeline/Editor/Window/Modes/TimeReferenceMode.cs
  artifactKey: Guid(34d6f60b171c1004e8335d52c65928a3) Importer(2089858483,b0f066a214c2f5e87bad3c948f4d605d)
Start importing Packages/com.unity.timeline/Editor/Window/Modes/TimeReferenceMode.cs using Guid(34d6f60b171c1004e8335d52c65928a3) Importer(2089858483,b0f066a214c2f5e87bad3c948f4d605d) (ScriptedImporter) -> (artifact id: 'c8b78fb6c9fa352e9587b9fed1c32f96') in 0.0367497 seconds
Number of updated asset objects reloaded before import = 0Number of asset objects unloaded after import = 0

========================================================================
Received Import Request.
  Time since last request: 0.000521 seconds.
  path: Packages/com.unity.test-framework/UnityEngine.TestRunner/NUnitExtensions/Attributes/UnityTestAttribute.cs
  artifactKey: Guid(fedb0f9e5006b1943abae52f52f08a1a) Importer(2089858483,b0f066a214c2f5e87bad3c948f4d605d)
Start importing Packages/com.unity.test-framework/UnityEngine.TestRunner/NUnitExtensions/Attributes/UnityTestAttribute.cs using Guid(fedb0f9e5006b1943abae52f52f08a1a) Importer(2089858483,b0f066a214c2f5e87bad3c948f4d605d) (ScriptedImporter) -> (artifact id: 'd6ad4f63a26a0b20f2f77af2c0fc4a10') in 0.042016 seconds
Number of updated asset objects reloaded before import = 0Number of asset objects unloaded after import = 0

========================================================================
Received Import Request.
  Time since last request: 0.000035 seconds.
  path: Packages/com.unity.test-framework/UnityEngine.TestRunner/UnityTestProtocol/TestStartedMessage.cs
  artifactKey: Guid(db9a20ff62f649c7b64172ebec68370c) Importer(2089858483,b0f066a214c2f5e87bad3c948f4d605d)
Start importing Packages/com.unity.test-framework/UnityEngine.TestRunner/UnityTestProtocol/TestStartedMessage.cs using Guid(db9a20ff62f649c7b64172ebec68370c) Importer(2089858483,b0f066a214c2f5e87bad3c948f4d605d) (ScriptedImporter) -> (artifact id: '6bbaf191ab6b4226c62594138d802c60') in 0.0283196 seconds
Number of updated asset objects reloaded before import = 0Number of asset objects unloaded after import = 0

========================================================================
Received Import Request.
  Time since last request: 0.000048 seconds.
  path: Packages/com.unity.test-framework/UnityEditor.TestRunner/TestRun/Tasks/FilterTestTreeTask.cs
  artifactKey: Guid(92de9780c7bec4f0f89c7c88a2ec15ed) Importer(2089858483,b0f066a214c2f5e87bad3c948f4d605d)
Start importing Packages/com.unity.test-framework/UnityEditor.TestRunner/TestRun/Tasks/FilterTestTreeTask.cs using Guid(92de9780c7bec4f0f89c7c88a2ec15ed) Importer(2089858483,b0f066a214c2f5e87bad3c948f4d605d) (ScriptedImporter) -> (artifact id: 'd00c0da010f913a72cd1da1624e4c65f') in 0.0248792 seconds
Number of updated asset objects reloaded before import = 0Number of asset objects unloaded after import = 0

========================================================================
Received Import Request.
  Time since last request: 0.001089 seconds.
  path: Packages/com.unity.timeline/Editor/Actions/Menus/MenuItemActionBase.cs
  artifactKey: Guid(5882d0e4313310143acb11d1a66c597f) Importer(2089858483,b0f066a214c2f5e87bad3c948f4d605d)
Start importing Packages/com.unity.timeline/Editor/Actions/Menus/MenuItemActionBase.cs using Guid(5882d0e4313310143acb11d1a66c597f) Importer(2089858483,b0f066a214c2f5e87bad3c948f4d605d) (ScriptedImporter) -> (artifact id: 'a9ebe991e810345773e2b9b2e94e69a1') in 0.0298223 seconds
Number of updated asset objects reloaded before import = 0Number of asset objects unloaded after import = 0

========================================================================
Received Import Request.
  Time since last request: 0.000669 seconds.
  path: Packages/com.unity.timeline/Editor/StyleSheets/res/HumanoidDefault.anim
  artifactKey: Guid(c91389c39d842cc4190ea8be0836798a) Importer(2089858483,b0f066a214c2f5e87bad3c948f4d605d)
Start importing Packages/com.unity.timeline/Editor/StyleSheets/res/HumanoidDefault.anim using Guid(c91389c39d842cc4190ea8be0836798a) Importer(2089858483,b0f066a214c2f5e87bad3c948f4d605d) (ScriptedImporter) -> (artifact id: '09051d7eb685ff4dc9c9bcb2c5fbb39c') in 0.1302818 seconds
Number of updated asset objects reloaded before import = 0Number of asset objects unloaded after import = 1

========================================================================
Received Import Request.
  Time since last request: 0.005359 seconds.
  path: Packages/com.unity.ai.navigation/EditorResources/Overlay/d_NavigationOverlay On@128.png
  artifactKey: Guid(5b2a8a1e265e99b4fb8d77061490f397) Importer(2089858483,b0f066a214c2f5e87bad3c948f4d605d)
Start importing Packages/com.unity.ai.navigation/EditorResources/Overlay/d_NavigationOverlay On@128.png using Guid(5b2a8a1e265e99b4fb8d77061490f397) Importer(2089858483,b0f066a214c2f5e87bad3c948f4d605d) (ScriptedImporter) -> (artifact id: 'd164de913534bac5e3cb2efc0754188f') in 0.0355875 seconds
Number of updated asset objects reloaded before import = 0Number of asset objects unloaded after import = 1

========================================================================
Received Import Request.
  Time since last request: 0.000283 seconds.
  path: Packages/com.unity.ai.navigation/Runtime/Unity.AI.Navigation.asmdef
  artifactKey: Guid(8c4dd21966739024fbd72155091d199e) Importer(2089858483,b0f066a214c2f5e87bad3c948f4d605d)
Start importing Packages/com.unity.ai.navigation/Runtime/Unity.AI.Navigation.asmdef using Guid(8c4dd21966739024fbd72155091d199e) Importer(2089858483,b0f066a214c2f5e87bad3c948f4d605d) (ScriptedImporter) -> (artifact id: 'b2d11a8d474639d86199424194cc2580') in 0.0224092 seconds
Number of updated asset objects reloaded before import = 0Number of asset objects unloaded after import = 1

========================================================================
Received Import Request.
  Time since last request: 0.000115 seconds.
  path: Packages/com.unity.ai.navigation/Gizmos/NavMeshModifierVolume Icon.png
  artifactKey: Guid(cc7b9475dbddf4f9088d327d6e10ab77) Importer(2089858483,b0f066a214c2f5e87bad3c948f4d605d)
Start importing Packages/com.unity.ai.navigation/Gizmos/NavMeshModifierVolume Icon.png using Guid(cc7b9475dbddf4f9088d327d6e10ab77) Importer(2089858483,b0f066a214c2f5e87bad3c948f4d605d) (ScriptedImporter) -> (artifact id: '89bc53c170c242b429cb40edba1b8117') in 0.0458857 seconds
Number of updated asset objects reloaded before import = 0Number of asset objects unloaded after import = 1

========================================================================
Received Import Request.
  Time since last request: 0.000538 seconds.
  path: Packages/com.unity.ai.navigation/Runtime/AssemblyInfo.cs
  artifactKey: Guid(3df4f0279114423485294ff1196c6644) Importer(2089858483,b0f066a214c2f5e87bad3c948f4d605d)
Start importing Packages/com.unity.ai.navigation/Runtime/AssemblyInfo.cs using Guid(3df4f0279114423485294ff1196c6644) Importer(2089858483,b0f066a214c2f5e87bad3c948f4d605d) (ScriptedImporter) -> (artifact id: 'd9f7c9b3d1056d3f2e15d87762c4b1f7') in 0.0316619 seconds
Number of updated asset objects reloaded before import = 0Number of asset objects unloaded after import = 0

========================================================================
Received Import Request.
  Time since last request: 0.000307 seconds.
  path: Packages/com.unity.ai.navigation/Editor/ConversionSystem/SystemConvertersEditor.cs
  artifactKey: Guid(030df50ef7a3d40deaa58109d30100c4) Importer(2089858483,b0f066a214c2f5e87bad3c948f4d605d)
Start importing Packages/com.unity.ai.navigation/Editor/ConversionSystem/SystemConvertersEditor.cs using Guid(030df50ef7a3d40deaa58109d30100c4) Importer(2089858483,b0f066a214c2f5e87bad3c948f4d605d) (ScriptedImporter) -> (artifact id: 'a9d5f32155835d28caff8f297fc5bd06') in 0.028639 seconds
Number of updated asset objects reloaded before import = 0Number of asset objects unloaded after import = 0

========================================================================
Received Import Request.
  Time since last request: 0.000321 seconds.
  path: Packages/com.unity.ai.navigation/EditorResources/Overlay/d_NavigationOverlay On@2x.png
  artifactKey: Guid(a206ff0ddc681e642a2e62fc57a7d51c) Importer(2089858483,b0f066a214c2f5e87bad3c948f4d605d)
Start importing Packages/com.unity.ai.navigation/EditorResources/Overlay/d_NavigationOverlay On@2x.png using Guid(a206ff0ddc681e642a2e62fc57a7d51c) Importer(2089858483,b0f066a214c2f5e87bad3c948f4d605d) (ScriptedImporter) -> (artifact id: 'be456600e5a70157bed37723f204406f') in 0.0397755 seconds
Number of updated asset objects reloaded before import = 0Number of asset objects unloaded after import = 1

========================================================================
Received Import Request.
  Time since last request: 0.000183 seconds.
  path: Packages/com.unity.timeline/Runtime/Utilities/TimelineUndo.cs
  artifactKey: Guid(1f2a7e0d1b6bbba408a41e206945c23c) Importer(2089858483,b0f066a214c2f5e87bad3c948f4d605d)
Start importing Packages/com.unity.timeline/Runtime/Utilities/TimelineUndo.cs using Guid(1f2a7e0d1b6bbba408a41e206945c23c) Importer(2089858483,b0f066a214c2f5e87bad3c948f4d605d) (ScriptedImporter) -> (artifact id: '7504ea171a457956c95f4969b6e3b128') in 0.0421127 seconds
Number of updated asset objects reloaded before import = 0Number of asset objects unloaded after import = 0

========================================================================
Received Import Request.
  Time since last request: 0.000267 seconds.
  path: Packages/com.unity.test-framework/UnityEngine.TestRunner/NUnitExtensions/Runner/RestoreTestContextAfterDomainReload.cs
  artifactKey: Guid(26721f9940339264fb14bdbfe1290e21) Importer(2089858483,b0f066a214c2f5e87bad3c948f4d605d)
Start importing Packages/com.unity.test-framework/UnityEngine.TestRunner/NUnitExtensions/Runner/RestoreTestContextAfterDomainReload.cs using Guid(26721f9940339264fb14bdbfe1290e21) Importer(2089858483,b0f066a214c2f5e87bad3c948f4d605d) (ScriptedImporter) -> (artifact id: '0a49ebed7376571e2cdf26f2588b5108') in 0.033223 seconds
Number of updated asset objects reloaded before import = 0Number of asset objects unloaded after import = 0

========================================================================
Received Import Request.
  Time since last request: 0.000041 seconds.
  path: Packages/com.unity.timeline/Editor/treeview/ItemGui/TimelineClipGUI.cs
  artifactKey: Guid(3c01b61b3a6887c49a15276fd38be918) Importer(2089858483,b0f066a214c2f5e87bad3c948f4d605d)
Start importing Packages/com.unity.timeline/Editor/treeview/ItemGui/TimelineClipGUI.cs using Guid(3c01b61b3a6887c49a15276fd38be918) Importer(2089858483,b0f066a214c2f5e87bad3c948f4d605d) (ScriptedImporter) -> (artifact id: '84076eb02d46f74d0062a5c4e62bfabb') in 0.0310478 seconds
Number of updated asset objects reloaded before import = 0Number of asset objects unloaded after import = 0

========================================================================
Received Import Request.
  Time since last request: 0.001392 seconds.
  path: Packages/com.unity.ugui/Runtime/UGUI/UI/Core/Toggle.cs
  artifactKey: Guid(9085046f02f69544eb97fd06b6048fe2) Importer(2089858483,b0f066a214c2f5e87bad3c948f4d605d)
Start importing Packages/com.unity.ugui/Runtime/UGUI/UI/Core/Toggle.cs using Guid(9085046f02f69544eb97fd06b6048fe2) Importer(2089858483,b0f066a214c2f5e87bad3c948f4d605d) (ScriptedImporter) -> (artifact id: '908702faa4e8f727debf8ca069df7fab') in 0.0354073 seconds
Number of updated asset objects reloaded before import = 0Number of asset objects unloaded after import = 0

========================================================================
Received Import Request.
  Time since last request: 0.004707 seconds.
  path: Packages/com.unity.collab-proxy/Editor/Views/BranchExplorer/Drawing/Shapes/Colors/ColorProvider.cs
  artifactKey: Guid(0da29ddb8a5144b1b4f1bd9922a3669a) Importer(2089858483,b0f066a214c2f5e87bad3c948f4d605d)
Start importing Packages/com.unity.collab-proxy/Editor/Views/BranchExplorer/Drawing/Shapes/Colors/ColorProvider.cs using Guid(0da29ddb8a5144b1b4f1bd9922a3669a) Importer(2089858483,b0f066a214c2f5e87bad3c948f4d605d) (ScriptedImporter) -> (artifact id: '36f70182e75ab41d5b6842287470f8d7') in 0.0420576 seconds
Number of updated asset objects reloaded before import = 0Number of asset objects unloaded after import = 0

========================================================================
Received Import Request.
  Time since last request: 0.000033 seconds.
  path: Packages/com.unity.timeline/Editor/Window/ViewModel/TimelineAssetViewModel_versions.cs
  artifactKey: Guid(3c0826daeb1e45578e12fbbd2b89b638) Importer(2089858483,b0f066a214c2f5e87bad3c948f4d605d)
Start importing Packages/com.unity.timeline/Editor/Window/ViewModel/TimelineAssetViewModel_versions.cs using Guid(3c0826daeb1e45578e12fbbd2b89b638) Importer(2089858483,b0f066a214c2f5e87bad3c948f4d605d) (ScriptedImporter) -> (artifact id: '8a9784f0de35729ed78eda2dd1f7ac4e') in 0.0314712 seconds
Number of updated asset objects reloaded before import = 0Number of asset objects unloaded after import = 0

========================================================================
Received Import Request.
  Time since last request: 0.000217 seconds.
  path: Packages/com.unity.timeline/Editor/Window/TimelineWindow_Manipulators.cs
  artifactKey: Guid(c3a595c9a8ed19040bb2612fe168759d) Importer(2089858483,b0f066a214c2f5e87bad3c948f4d605d)
Start importing Packages/com.unity.timeline/Editor/Window/TimelineWindow_Manipulators.cs using Guid(c3a595c9a8ed19040bb2612fe168759d) Importer(2089858483,b0f066a214c2f5e87bad3c948f4d605d) (ScriptedImporter) -> (artifact id: 'd9478ade74dfe3c500b6200c3a8c317c') in 0.0348365 seconds
Number of updated asset objects reloaded before import = 0Number of asset objects unloaded after import = 0

========================================================================
Received Import Request.
  Time since last request: 0.001130 seconds.
  path: Packages/com.unity.timeline/Runtime/Extensions/TrackExtensions.cs
  artifactKey: Guid(d3721d5c6afa8e545995dfaada328476) Importer(2089858483,b0f066a214c2f5e87bad3c948f4d605d)
Start importing Packages/com.unity.timeline/Runtime/Extensions/TrackExtensions.cs using Guid(d3721d5c6afa8e545995dfaada328476) Importer(2089858483,b0f066a214c2f5e87bad3c948f4d605d) (ScriptedImporter) -> (artifact id: '9648433b9e416f97c0ed026f0066aaba') in 0.0299969 seconds
Number of updated asset objects reloaded before import = 0Number of asset objects unloaded after import = 0

========================================================================
Received Import Request.
  Time since last request: 0.001713 seconds.
  path: Packages/com.unity.timeline/Editor/Window/TimelineWindow_Breadcrumbs.cs
  artifactKey: Guid(e2cd16a2d73fe7a4c9affa2b790eb5e0) Importer(2089858483,b0f066a214c2f5e87bad3c948f4d605d)
Start importing Packages/com.unity.timeline/Editor/Window/TimelineWindow_Breadcrumbs.cs using Guid(e2cd16a2d73fe7a4c9affa2b790eb5e0) Importer(2089858483,b0f066a214c2f5e87bad3c948f4d605d) (ScriptedImporter) -> (artifact id: '66de961bd63a47f04533d8677e76e70a') in 0.0312119 seconds
Number of updated asset objects reloaded before import = 0Number of asset objects unloaded after import = 0

========================================================================
Received Import Request.
  Time since last request: 0.000273 seconds.
  path: Packages/com.unity.multiplayer.center/Editor/MultiplayerCenterWindow/UI/Icons/DedicatedServer.png
  artifactKey: Guid(3fe892784421e47f5aa40c2784a6cb3e) Importer(2089858483,b0f066a214c2f5e87bad3c948f4d605d)
Start importing Packages/com.unity.multiplayer.center/Editor/MultiplayerCenterWindow/UI/Icons/DedicatedServer.png using Guid(3fe892784421e47f5aa40c2784a6cb3e) Importer(2089858483,b0f066a214c2f5e87bad3c948f4d605d) (ScriptedImporter) -> (artifact id: '5d7eacc2b7d089db45320aa277be0f68') in 0.0405746 seconds
Number of updated asset objects reloaded before import = 0Number of asset objects unloaded after import = 1

========================================================================
Received Import Request.
  Time since last request: 0.000291 seconds.
  path: Packages/com.unity.timeline/Editor/StyleSheets/Images/Icons/TimelineDigIn.png
  artifactKey: Guid(b1d064d6d80829f4eb370f679384ea1f) Importer(2089858483,b0f066a214c2f5e87bad3c948f4d605d)
Start importing Packages/com.unity.timeline/Editor/StyleSheets/Images/Icons/TimelineDigIn.png using Guid(b1d064d6d80829f4eb370f679384ea1f) Importer(2089858483,b0f066a214c2f5e87bad3c948f4d605d) (ScriptedImporter) -> (artifact id: '5ff6df48cd52c167a5b6e9b127eceb81') in 0.0334772 seconds
Number of updated asset objects reloaded before import = 0Number of asset objects unloaded after import = 1

========================================================================
Received Import Request.
  Time since last request: 0.000147 seconds.
  path: Packages/com.unity.ai.navigation/EditorResources/Overlay/NavigationOverlay On@64.png
  artifactKey: Guid(151753cf3d5916d4fbf624668c268675) Importer(2089858483,b0f066a214c2f5e87bad3c948f4d605d)
Start importing Packages/com.unity.ai.navigation/EditorResources/Overlay/NavigationOverlay On@64.png using Guid(151753cf3d5916d4fbf624668c268675) Importer(2089858483,b0f066a214c2f5e87bad3c948f4d605d) (ScriptedImporter) -> (artifact id: '84b978970a2b69a5951457e61e0a9716') in 0.0323637 seconds
Number of updated asset objects reloaded before import = 0Number of asset objects unloaded after import = 1

========================================================================
Received Import Request.
  Time since last request: 0.000231 seconds.
  path: Packages/com.unity.ide.rider/Rider/Editor/RiderStyles.cs
  artifactKey: Guid(56f347f155204ffebacb6ed6f4a4e65f) Importer(2089858483,b0f066a214c2f5e87bad3c948f4d605d)
Start importing Packages/com.unity.ide.rider/Rider/Editor/RiderStyles.cs using Guid(56f347f155204ffebacb6ed6f4a4e65f) Importer(2089858483,b0f066a214c2f5e87bad3c948f4d605d) (ScriptedImporter) -> (artifact id: '572a66e0056bf5198d80d2974d439ca7') in 0.0228371 seconds
Number of updated asset objects reloaded before import = 0Number of asset objects unloaded after import = 0

========================================================================
Received Import Request.
  Time since last request: 0.000152 seconds.
  path: Packages/com.unity.ide.rider/Rider/Editor/ProjectGeneration/FileIOProvider.cs
  artifactKey: Guid(a6ba838b1348d5e46a7eaacd1646c1d3) Importer(2089858483,b0f066a214c2f5e87bad3c948f4d605d)
Start importing Packages/com.unity.ide.rider/Rider/Editor/ProjectGeneration/FileIOProvider.cs using Guid(a6ba838b1348d5e46a7eaacd1646c1d3) Importer(2089858483,b0f066a214c2f5e87bad3c948f4d605d) (ScriptedImporter) -> (artifact id: '94daa17ca3dcc392dd5f391b229dc11a') in 0.0237382 seconds
Number of updated asset objects reloaded before import = 0Number of asset objects unloaded after import = 0

========================================================================
Received Import Request.
  Time since last request: 0.000225 seconds.
  path: Packages/com.unity.ai.navigation/EditorResources/Overlay/NavigationOverlay@16.png
  artifactKey: Guid(731522d95656bec42a5fc0bdc672ebe9) Importer(2089858483,b0f066a214c2f5e87bad3c948f4d605d)
Start importing Packages/com.unity.ai.navigation/EditorResources/Overlay/NavigationOverlay@16.png using Guid(731522d95656bec42a5fc0bdc672ebe9) Importer(2089858483,b0f066a214c2f5e87bad3c948f4d605d) (ScriptedImporter) -> (artifact id: '74ea6c613add231fdcbf937f11fed1d3') in 0.0307071 seconds
Number of updated asset objects reloaded before import = 0Number of asset objects unloaded after import = 1

========================================================================
Received Import Request.
  Time since last request: 0.000205 seconds.
  path: Packages/com.unity.ide.rider/Rider/Editor/Util/StringBuilderExtensions.cs
  artifactKey: Guid(302b1bdfb7a645db994491799832912b) Importer(2089858483,b0f066a214c2f5e87bad3c948f4d605d)
Start importing Packages/com.unity.ide.rider/Rider/Editor/Util/StringBuilderExtensions.cs using Guid(302b1bdfb7a645db994491799832912b) Importer(2089858483,b0f066a214c2f5e87bad3c948f4d605d) (ScriptedImporter) -> (artifact id: '7dd55efd2e8c1cf20d3dfc19851cc9c9') in 0.0245216 seconds
Number of updated asset objects reloaded before import = 0Number of asset objects unloaded after import = 0

========================================================================
Received Import Request.
  Time since last request: 0.000115 seconds.
  path: Packages/com.unity.ai.navigation/EditorResources/Overlay/NavigationOverlay On@256.png
  artifactKey: Guid(b05e7d8dc2bdbb14ab5b1da240ac65d5) Importer(2089858483,b0f066a214c2f5e87bad3c948f4d605d)
Start importing Packages/com.unity.ai.navigation/EditorResources/Overlay/NavigationOverlay On@256.png using Guid(b05e7d8dc2bdbb14ab5b1da240ac65d5) Importer(2089858483,b0f066a214c2f5e87bad3c948f4d605d) (ScriptedImporter) -> (artifact id: 'd1181acf91573340fc9c29a526381893') in 0.0293641 seconds
Number of updated asset objects reloaded before import = 0Number of asset objects unloaded after import = 1

========================================================================
Received Import Request.
  Time since last request: 0.000172 seconds.
  path: Packages/com.unity.ide.rider/Rider/Editor/ProjectGeneration/IGenerator.cs
  artifactKey: Guid(39cb9ab8a3b2452cbf58ffbea841d203) Importer(2089858483,b0f066a214c2f5e87bad3c948f4d605d)
Start importing Packages/com.unity.ide.rider/Rider/Editor/ProjectGeneration/IGenerator.cs using Guid(39cb9ab8a3b2452cbf58ffbea841d203) Importer(2089858483,b0f066a214c2f5e87bad3c948f4d605d) (ScriptedImporter) -> (artifact id: '5c23885ca076033c4321df090fe7d32a') in 0.0216737 seconds
Number of updated asset objects reloaded before import = 0Number of asset objects unloaded after import = 0

========================================================================
Received Import Request.
  Time since last request: 0.000175 seconds.
  path: Packages/com.unity.ide.rider/Rider/Editor/ProjectGeneration/IFileIO.cs
  artifactKey: Guid(1bdab5b8331b4506bf4eae379235c053) Importer(2089858483,b0f066a214c2f5e87bad3c948f4d605d)
Start importing Packages/com.unity.ide.rider/Rider/Editor/ProjectGeneration/IFileIO.cs using Guid(1bdab5b8331b4506bf4eae379235c053) Importer(2089858483,b0f066a214c2f5e87bad3c948f4d605d) (ScriptedImporter) -> (artifact id: 'ea81c8a71cab8691c4cf8471fac6ceb7') in 0.0211774 seconds
Number of updated asset objects reloaded before import = 0Number of asset objects unloaded after import = 0

========================================================================
Received Import Request.
  Time since last request: 0.000210 seconds.
  path: Packages/com.unity.ide.rider/Rider/Editor/Util/RiderMenu.cs
  artifactKey: Guid(a8860c53ca4073d4f92c403e709c12ba) Importer(2089858483,b0f066a214c2f5e87bad3c948f4d605d)
Start importing Packages/com.unity.ide.rider/Rider/Editor/Util/RiderMenu.cs using Guid(a8860c53ca4073d4f92c403e709c12ba) Importer(2089858483,b0f066a214c2f5e87bad3c948f4d605d) (ScriptedImporter) -> (artifact id: '3f4dc1e0d3cc9d6f3897deb632b69874') in 0.0175634 seconds
Number of updated asset objects reloaded before import = 0Number of asset objects unloaded after import = 0

========================================================================
Received Import Request.
  Time since last request: 0.000315 seconds.
  path: Packages/com.unity.ide.rider/Rider/Editor/UnitTesting/TestsCallback.cs
  artifactKey: Guid(58aa570dbe0761f43b25ff6c2265bbe2) Importer(2089858483,b0f066a214c2f5e87bad3c948f4d605d)
Start importing Packages/com.unity.ide.rider/Rider/Editor/UnitTesting/TestsCallback.cs using Guid(58aa570dbe0761f43b25ff6c2265bbe2) Importer(2089858483,b0f066a214c2f5e87bad3c948f4d605d) (ScriptedImporter) -> (artifact id: 'b20fa421b021b57644061dd66d4bded6') in 0.0176015 seconds
Number of updated asset objects reloaded before import = 0Number of asset objects unloaded after import = 0

========================================================================
Received Import Request.
  Time since last request: 0.000429 seconds.
  path: Packages/com.unity.ide.rider/Rider/Editor/Util/SerializableVersion.cs
  artifactKey: Guid(8e1f00a9be2eb66438e2835fdf1ea11b) Importer(2089858483,b0f066a214c2f5e87bad3c948f4d605d)
Start importing Packages/com.unity.ide.rider/Rider/Editor/Util/SerializableVersion.cs using Guid(8e1f00a9be2eb66438e2835fdf1ea11b) Importer(2089858483,b0f066a214c2f5e87bad3c948f4d605d) (ScriptedImporter) -> (artifact id: '5a0950f85831882a296c198dea973de4') in 0.0195373 seconds
Number of updated asset objects reloaded before import = 0Number of asset objects unloaded after import = 0

========================================================================
Received Import Request.
  Time since last request: 0.000186 seconds.
  path: Packages/com.unity.ide.rider/Rider/Editor/ProjectGeneration/ProjectGeneration.cs
  artifactKey: Guid(7078f19173ceac84fb9e29b9f6175201) Importer(2089858483,b0f066a214c2f5e87bad3c948f4d605d)
Start importing Packages/com.unity.ide.rider/Rider/Editor/ProjectGeneration/ProjectGeneration.cs using Guid(7078f19173ceac84fb9e29b9f6175201) Importer(2089858483,b0f066a214c2f5e87bad3c948f4d605d) (ScriptedImporter) -> (artifact id: '74e6854d8bf7c0267dae7df5bc367aba') in 0.0196661 seconds
Number of updated asset objects reloaded before import = 0Number of asset objects unloaded after import = 0

========================================================================
Received Import Request.
  Time since last request: 0.000244 seconds.
  path: Packages/com.unity.multiplayer.center/Editor/MultiplayerCenterWindow/UI/Icons/PackageInstalled.png
  artifactKey: Guid(4616b2fa4acd1429e931835b80966c2a) Importer(2089858483,b0f066a214c2f5e87bad3c948f4d605d)
Start importing Packages/com.unity.multiplayer.center/Editor/MultiplayerCenterWindow/UI/Icons/PackageInstalled.png using Guid(4616b2fa4acd1429e931835b80966c2a) Importer(2089858483,b0f066a214c2f5e87bad3c948f4d605d) (ScriptedImporter) -> (artifact id: 'a1ea12e56e276427e33f90fba566ea6b') in 0.0313872 seconds
Number of updated asset objects reloaded before import = 0Number of asset objects unloaded after import = 1

========================================================================
Received Import Request.
  Time since last request: 0.000149 seconds.
  path: Packages/com.unity.ide.rider/Rider/Editor/ProjectGeneration/IGUIDGenerator.cs
  artifactKey: Guid(8c7e8e301f8b4c30bbf9db502d637f0f) Importer(2089858483,b0f066a214c2f5e87bad3c948f4d605d)
Start importing Packages/com.unity.ide.rider/Rider/Editor/ProjectGeneration/IGUIDGenerator.cs using Guid(8c7e8e301f8b4c30bbf9db502d637f0f) Importer(2089858483,b0f066a214c2f5e87bad3c948f4d605d) (ScriptedImporter) -> (artifact id: '005e4076754cd1d6e466275ae4ef481c') in 0.0183809 seconds
Number of updated asset objects reloaded before import = 0Number of asset objects unloaded after import = 0

========================================================================
Received Import Request.
  Time since last request: 0.000204 seconds.
  path: Packages/com.unity.timeline/Editor/StyleSheets/Images/Icons/TrackMarkerButtonEnabled.png
  artifactKey: Guid(d1eccbb425fdacc4ba53ce4223f4ea30) Importer(2089858483,b0f066a214c2f5e87bad3c948f4d605d)
Start importing Packages/com.unity.timeline/Editor/StyleSheets/Images/Icons/TrackMarkerButtonEnabled.png using Guid(d1eccbb425fdacc4ba53ce4223f4ea30) Importer(2089858483,b0f066a214c2f5e87bad3c948f4d605d) (ScriptedImporter) -> (artifact id: '16457dd17f9833d278e2298436bb479d') in 0.0246195 seconds
Number of updated asset objects reloaded before import = 0Number of asset objects unloaded after import = 1

========================================================================
Received Import Request.
  Time since last request: 0.000184 seconds.
  path: Packages/com.unity.multiplayer.center/Editor/MultiplayerCenterWindow/UI/Icons/d_Check.png
  artifactKey: Guid(29395f0639574c1fbc8b729aa257fb84) Importer(2089858483,b0f066a214c2f5e87bad3c948f4d605d)
Start importing Packages/com.unity.multiplayer.center/Editor/MultiplayerCenterWindow/UI/Icons/d_Check.png using Guid(29395f0639574c1fbc8b729aa257fb84) Importer(2089858483,b0f066a214c2f5e87bad3c948f4d605d) (ScriptedImporter) -> (artifact id: 'd397a56af54bab79ffbb8bfa4ca4d8cb') in 0.0235712 seconds
Number of updated asset objects reloaded before import = 0Number of asset objects unloaded after import = 1

========================================================================
Received Import Request.
  Time since last request: 0.000203 seconds.
  path: Packages/com.unity.timeline/Editor/inspectors/TrackAssetInspector.cs
  artifactKey: Guid(8795e0dd0041d2f44b1fe1959fc9fb53) Importer(2089858483,b0f066a214c2f5e87bad3c948f4d605d)
Start importing Packages/com.unity.timeline/Editor/inspectors/TrackAssetInspector.cs using Guid(8795e0dd0041d2f44b1fe1959fc9fb53) Importer(2089858483,b0f066a214c2f5e87bad3c948f4d605d) (ScriptedImporter) -> (artifact id: '3ba7641928a2b701c9b118c06cdbede3') in 0.0184644 seconds
Number of updated asset objects reloaded before import = 0Number of asset objects unloaded after import = 0

========================================================================
Received Import Request.
  Time since last request: 0.000245 seconds.
  path: Packages/com.unity.timeline/Editor/Utilities/Scopes/PropertyScope.cs
  artifactKey: Guid(0ccfd55dae664bbcb54c8457acffdbf8) Importer(2089858483,b0f066a214c2f5e87bad3c948f4d605d)
Start importing Packages/com.unity.timeline/Editor/Utilities/Scopes/PropertyScope.cs using Guid(0ccfd55dae664bbcb54c8457acffdbf8) Importer(2089858483,b0f066a214c2f5e87bad3c948f4d605d) (ScriptedImporter) -> (artifact id: '8ef32f36dd512475397d6c9022f06970') in 0.021555 seconds
Number of updated asset objects reloaded before import = 0Number of asset objects unloaded after import = 0

========================================================================
Received Import Request.
  Time since last request: 0.000246 seconds.
  path: Packages/com.unity.timeline/Editor/treeview/Drawers/Layers/MarkersLayer.cs
  artifactKey: Guid(bea62e1faac8f9a48a4cb919ea05cb6a) Importer(2089858483,b0f066a214c2f5e87bad3c948f4d605d)
Start importing Packages/com.unity.timeline/Editor/treeview/Drawers/Layers/MarkersLayer.cs using Guid(bea62e1faac8f9a48a4cb919ea05cb6a) Importer(2089858483,b0f066a214c2f5e87bad3c948f4d605d) (ScriptedImporter) -> (artifact id: 'c2901b6c9e98c14ccce27208507f2616') in 0.0175645 seconds
Number of updated asset objects reloaded before import = 0Number of asset objects unloaded after import = 0

========================================================================
Received Import Request.
  Time since last request: 0.000262 seconds.
  path: Packages/com.unity.ide.rider/Rider/Editor/PluginSettings.cs
  artifactKey: Guid(1bfe12aa306c0c74db4f4f1a1a0ae5ce) Importer(2089858483,b0f066a214c2f5e87bad3c948f4d605d)
Start importing Packages/com.unity.ide.rider/Rider/Editor/PluginSettings.cs using Guid(1bfe12aa306c0c74db4f4f1a1a0ae5ce) Importer(2089858483,b0f066a214c2f5e87bad3c948f4d605d) (ScriptedImporter) -> (artifact id: '58c6c27914bb594420c3322e5b8dd5bd') in 0.0189238 seconds
Number of updated asset objects reloaded before import = 0Number of asset objects unloaded after import = 0

========================================================================
Received Import Request.
  Time since last request: 0.000213 seconds.
  path: Packages/com.unity.timeline/Runtime/Activation/ActivationTrack.cs
  artifactKey: Guid(21bf7f712d84d26478ebe6a299f21738) Importer(2089858483,b0f066a214c2f5e87bad3c948f4d605d)
Start importing Packages/com.unity.timeline/Runtime/Activation/ActivationTrack.cs using Guid(21bf7f712d84d26478ebe6a299f21738) Importer(2089858483,b0f066a214c2f5e87bad3c948f4d605d) (ScriptedImporter) -> (artifact id: 'a3cb4531481c35c6dc28dbd4117f13a8') in 0.030344 seconds
Number of updated asset objects reloaded before import = 0Number of asset objects unloaded after import = 0

========================================================================
Received Import Request.
  Time since last request: 0.001598 seconds.
  path: Packages/com.unity.timeline/Editor/treeview/TimelineClipHandle.cs
  artifactKey: Guid(3e29cdd1646803545b8fb18908666ec4) Importer(2089858483,b0f066a214c2f5e87bad3c948f4d605d)
Start importing Packages/com.unity.timeline/Editor/treeview/TimelineClipHandle.cs using Guid(3e29cdd1646803545b8fb18908666ec4) Importer(2089858483,b0f066a214c2f5e87bad3c948f4d605d) (ScriptedImporter) -> (artifact id: '7df9336df87d3c0d448e27a014673658') in 0.0342539 seconds
Number of updated asset objects reloaded before import = 0Number of asset objects unloaded after import = 0

========================================================================
Received Import Request.
  Time since last request: 0.001615 seconds.
  path: Packages/com.unity.ide.rider/Rider/Editor/UnitTesting/CallbackData.cs
  artifactKey: Guid(010246a07de7cb34185a2a7b1c1fad59) Importer(2089858483,b0f066a214c2f5e87bad3c948f4d605d)
Start importing Packages/com.unity.ide.rider/Rider/Editor/UnitTesting/CallbackData.cs using Guid(010246a07de7cb34185a2a7b1c1fad59) Importer(2089858483,b0f066a214c2f5e87bad3c948f4d605d) (ScriptedImporter) -> (artifact id: '51bbaeb00d96a310db1599949251c009') in 0.0562637 seconds
Number of updated asset objects reloaded before import = 0Number of asset objects unloaded after import = 0

========================================================================
Received Import Request.
  Time since last request: 0.005400 seconds.
  path: Packages/com.unity.ide.rider/Rider/Editor/Util/UnityVersionUtils.cs
  artifactKey: Guid(22608619ec9a4b1db7417e80c3123098) Importer(2089858483,b0f066a214c2f5e87bad3c948f4d605d)
Start importing Packages/com.unity.ide.rider/Rider/Editor/Util/UnityVersionUtils.cs using Guid(22608619ec9a4b1db7417e80c3123098) Importer(2089858483,b0f066a214c2f5e87bad3c948f4d605d) (ScriptedImporter) -> (artifact id: 'd4f195394117cb0fd1482d1ea970fd3f') in 0.0709187 seconds
Number of updated asset objects reloaded before import = 0Number of asset objects unloaded after import = 0

========================================================================
Received Import Request.
  Time since last request: 0.004137 seconds.
  path: Packages/com.unity.modules.unitywebrequest/package.json
  artifactKey: Guid(3fdd83b151eb8d25c5e2f82fc39dcb04) Importer(2089858483,b0f066a214c2f5e87bad3c948f4d605d)
Start importing Packages/com.unity.modules.unitywebrequest/package.json using Guid(3fdd83b151eb8d25c5e2f82fc39dcb04) Importer(2089858483,b0f066a214c2f5e87bad3c948f4d605d) (ScriptedImporter) -> (artifact id: '4a5b865af562b28bb4fecbe541aa7d3e') in 0.0347496 seconds
Number of updated asset objects reloaded before import = 0Number of asset objects unloaded after import = 1

========================================================================
Received Import Request.
  Time since last request: 0.000076 seconds.
  path: Packages/com.unity.timeline/Editor/Activation/ActivationTrackInspector.cs
  artifactKey: Guid(c46b007a3762fc84cb1ee7ca30060f0b) Importer(2089858483,b0f066a214c2f5e87bad3c948f4d605d)
Start importing Packages/com.unity.timeline/Editor/Activation/ActivationTrackInspector.cs using Guid(c46b007a3762fc84cb1ee7ca30060f0b) Importer(2089858483,b0f066a214c2f5e87bad3c948f4d605d) (ScriptedImporter) -> (artifact id: '014890b86d53639b59af56ee9025e4d3') in 0.0350845 seconds
Number of updated asset objects reloaded before import = 0Number of asset objects unloaded after import = 0

========================================================================
Received Import Request.
  Time since last request: 0.000183 seconds.
  path: Packages/com.unity.ai.navigation/Runtime/NavMeshLink.deprecated.cs
  artifactKey: Guid(d4d7832a718690643968fd71bac1b029) Importer(2089858483,b0f066a214c2f5e87bad3c948f4d605d)
Start importing Packages/com.unity.ai.navigation/Runtime/NavMeshLink.deprecated.cs using Guid(d4d7832a718690643968fd71bac1b029) Importer(2089858483,b0f066a214c2f5e87bad3c948f4d605d) (ScriptedImporter) -> (artifact id: '77284da138572b5660cabf314b336682') in 0.028822 seconds
Number of updated asset objects reloaded before import = 0Number of asset objects unloaded after import = 0

========================================================================
Received Import Request.
  Time since last request: 0.002076 seconds.
  path: Packages/com.unity.multiplayer.center/Editor/MultiplayerCenterWindow/UI/Icons/N4E.png
  artifactKey: Guid(e9669051ff70449b5923861e0e0b8838) Importer(2089858483,b0f066a214c2f5e87bad3c948f4d605d)
Start importing Packages/com.unity.multiplayer.center/Editor/MultiplayerCenterWindow/UI/Icons/N4E.png using Guid(e9669051ff70449b5923861e0e0b8838) Importer(2089858483,b0f066a214c2f5e87bad3c948f4d605d) (ScriptedImporter) -> (artifact id: 'eb798b29ffc3cff2b3dcee1596fd61a4') in 0.0514731 seconds
Number of updated asset objects reloaded before import = 0Number of asset objects unloaded after import = 1

========================================================================
Received Import Request.
  Time since last request: 0.000167 seconds.
  path: Packages/com.unity.timeline/Editor/Utilities/TimelineKeyboardNavigation.cs
  artifactKey: Guid(9be6112c2b1c3ae44927680ba7b36e10) Importer(2089858483,b0f066a214c2f5e87bad3c948f4d605d)
Start importing Packages/com.unity.timeline/Editor/Utilities/TimelineKeyboardNavigation.cs using Guid(9be6112c2b1c3ae44927680ba7b36e10) Importer(2089858483,b0f066a214c2f5e87bad3c948f4d605d) (ScriptedImporter) -> (artifact id: '6f8a3461f9628de08cf0d1ae53f92325') in 0.0312157 seconds
Number of updated asset objects reloaded before import = 0Number of asset objects unloaded after import = 0

========================================================================
Received Import Request.
  Time since last request: 0.000172 seconds.
  path: Packages/com.unity.timeline/Editor/Attributes/MenuEntryAttribute.cs
  artifactKey: Guid(e6870f707805737429a719f575621041) Importer(2089858483,b0f066a214c2f5e87bad3c948f4d605d)
Start importing Packages/com.unity.timeline/Editor/Attributes/MenuEntryAttribute.cs using Guid(e6870f707805737429a719f575621041) Importer(2089858483,b0f066a214c2f5e87bad3c948f4d605d) (ScriptedImporter) -> (artifact id: 'aa48c24738a7e7ccf1d792b28faa8a28') in 0.0313016 seconds
Number of updated asset objects reloaded before import = 0Number of asset objects unloaded after import = 0

========================================================================
Received Import Request.
  Time since last request: 0.000037 seconds.
  path: Packages/com.unity.timeline/Editor/Actions/IAction.cs
  artifactKey: Guid(de11c48878ba1b44b8b641af54dba8c1) Importer(2089858483,b0f066a214c2f5e87bad3c948f4d605d)
Start importing Packages/com.unity.timeline/Editor/Actions/IAction.cs using Guid(de11c48878ba1b44b8b641af54dba8c1) Importer(2089858483,b0f066a214c2f5e87bad3c948f4d605d) (ScriptedImporter) -> (artifact id: '13f09a77bb9af79aabe0aec77e558f23') in 0.0520026 seconds
Number of updated asset objects reloaded before import = 0Number of asset objects unloaded after import = 0

========================================================================
Received Import Request.
  Time since last request: 0.000728 seconds.
  path: Packages/com.unity.timeline/Runtime/Audio/AudioClipProperties.cs
  artifactKey: Guid(0d60a406ab64c434e9d731914e11a51e) Importer(2089858483,b0f066a214c2f5e87bad3c948f4d605d)
Start importing Packages/com.unity.timeline/Runtime/Audio/AudioClipProperties.cs using Guid(0d60a406ab64c434e9d731914e11a51e) Importer(2089858483,b0f066a214c2f5e87bad3c948f4d605d) (ScriptedImporter) -> (artifact id: 'c13a3f835ae812c6ddf274edc8d439fa') in 0.0469944 seconds
Number of updated asset objects reloaded before import = 0Number of asset objects unloaded after import = 0

========================================================================
Received Import Request.
  Time since last request: 0.000286 seconds.
  path: Packages/com.unity.timeline/Runtime/TimelinePlayable_Animation.cs
  artifactKey: Guid(73777638379e4182aab687f602c721a0) Importer(2089858483,b0f066a214c2f5e87bad3c948f4d605d)
Start importing Packages/com.unity.timeline/Runtime/TimelinePlayable_Animation.cs using Guid(73777638379e4182aab687f602c721a0) Importer(2089858483,b0f066a214c2f5e87bad3c948f4d605d) (ScriptedImporter) -> (artifact id: '0f640aa3750d963585971a5a3a5eba9f') in 0.0458424 seconds
Number of updated asset objects reloaded before import = 0Number of asset objects unloaded after import = 0

========================================================================
Received Import Request.
  Time since last request: 0.000189 seconds.
  path: Packages/com.unity.multiplayer.center/Editor/MultiplayerCenterWindow/UI/Icons/DistributedAuthority@2x.png
  artifactKey: Guid(0354877031b64465ea7e5cafea1a2653) Importer(2089858483,b0f066a214c2f5e87bad3c948f4d605d)
Start importing Packages/com.unity.multiplayer.center/Editor/MultiplayerCenterWindow/UI/Icons/DistributedAuthority@2x.png using Guid(0354877031b64465ea7e5cafea1a2653) Importer(2089858483,b0f066a214c2f5e87bad3c948f4d605d) (ScriptedImporter) -> (artifact id: 'f229f137810efddd2be479f5f930ded9') in 0.0547356 seconds
Number of updated asset objects reloaded before import = 0Number of asset objects unloaded after import = 1

========================================================================
Received Import Request.
  Time since last request: 0.000241 seconds.
  path: Packages/com.unity.timeline/Editor/treeview/ItemGui/ISelectable.cs
  artifactKey: Guid(4acbfc0398bab674f922f693e58f4afc) Importer(2089858483,b0f066a214c2f5e87bad3c948f4d605d)
Start importing Packages/com.unity.timeline/Editor/treeview/ItemGui/ISelectable.cs using Guid(4acbfc0398bab674f922f693e58f4afc) Importer(2089858483,b0f066a214c2f5e87bad3c948f4d605d) (ScriptedImporter) -> (artifact id: '56e326bf1c04a5811569e8495cf0a11f') in 0.0191492 seconds
Number of updated asset objects reloaded before import = 0Number of asset objects unloaded after import = 0

========================================================================
Received Import Request.
  Time since last request: 0.000217 seconds.
  path: Packages/com.unity.ai.navigation/Editor/AssemblyInfo.cs
  artifactKey: Guid(b436bc9c47bb45bd98478a478a2608f8) Importer(2089858483,b0f066a214c2f5e87bad3c948f4d605d)
Start importing Packages/com.unity.ai.navigation/Editor/AssemblyInfo.cs using Guid(b436bc9c47bb45bd98478a478a2608f8) Importer(2089858483,b0f066a214c2f5e87bad3c948f4d605d) (ScriptedImporter) -> (artifact id: '3c6c55d49ce3a20310a5336d13c9ae79') in 0.0237079 seconds
Number of updated asset objects reloaded before import = 0Number of asset objects unloaded after import = 0

========================================================================
Received Import Request.
  Time since last request: 0.000399 seconds.
  path: Packages/com.unity.timeline/Editor/StyleSheets/Images/Icons/TrackRecordButtonEnabled.png
  artifactKey: Guid(c6a0c6226c05f954fa6cd03aebb4d255) Importer(2089858483,b0f066a214c2f5e87bad3c948f4d605d)
Start importing Packages/com.unity.timeline/Editor/StyleSheets/Images/Icons/TrackRecordButtonEnabled.png using Guid(c6a0c6226c05f954fa6cd03aebb4d255) Importer(2089858483,b0f066a214c2f5e87bad3c948f4d605d) (ScriptedImporter) -> (artifact id: '14329d546625b297347c80eebfce3e1d') in 0.0328753 seconds
Number of updated asset objects reloaded before import = 0Number of asset objects unloaded after import = 1

========================================================================
Received Import Request.
  Time since last request: 0.000175 seconds.
  path: Packages/com.unity.timeline/Editor/Window/TimelineWindow_Navigator.cs
  artifactKey: Guid(8716cfd7a46000048acf638abe28c9fa) Importer(2089858483,b0f066a214c2f5e87bad3c948f4d605d)
Start importing Packages/com.unity.timeline/Editor/Window/TimelineWindow_Navigator.cs using Guid(8716cfd7a46000048acf638abe28c9fa) Importer(2089858483,b0f066a214c2f5e87bad3c948f4d605d) (ScriptedImporter) -> (artifact id: '9b886e3abced1631c7bff73e56678b43') in 0.0190042 seconds
Number of updated asset objects reloaded before import = 0Number of asset objects unloaded after import = 0

========================================================================
Received Import Request.
  Time since last request: 0.000264 seconds.
  path: Packages/com.unity.timeline/Editor/Manipulators/AddDelete/IAddDeleteItemMode.cs
  artifactKey: Guid(4db13e1060deaae48b30246ed63b7c9b) Importer(2089858483,b0f066a214c2f5e87bad3c948f4d605d)
Start importing Packages/com.unity.timeline/Editor/Manipulators/AddDelete/IAddDeleteItemMode.cs using Guid(4db13e1060deaae48b30246ed63b7c9b) Importer(2089858483,b0f066a214c2f5e87bad3c948f4d605d) (ScriptedImporter) -> (artifact id: '86bb8961477bbc96cb9376d04f59c2aa') in 0.0177744 seconds
Number of updated asset objects reloaded before import = 0Number of asset objects unloaded after import = 0

========================================================================
Received Import Request.
  Time since last request: 0.000082 seconds.
  path: Packages/com.unity.timeline/Editor/Window/SequenceContext.cs
  artifactKey: Guid(1ad2b855cf8b7425483e36e6134f18f9) Importer(2089858483,b0f066a214c2f5e87bad3c948f4d605d)
Start importing Packages/com.unity.timeline/Editor/Window/SequenceContext.cs using Guid(1ad2b855cf8b7425483e36e6134f18f9) Importer(2089858483,b0f066a214c2f5e87bad3c948f4d605d) (ScriptedImporter) -> (artifact id: '766cca0e44ae298cee06f9674aeb2081') in 0.0193343 seconds
Number of updated asset objects reloaded before import = 0Number of asset objects unloaded after import = 0

========================================================================
Received Import Request.
  Time since last request: 0.000294 seconds.
  path: Packages/com.unity.modules.vehicles/package.json
  artifactKey: Guid(6afb166a156df2d20433d981f4bb2832) Importer(2089858483,b0f066a214c2f5e87bad3c948f4d605d)
Start importing Packages/com.unity.modules.vehicles/package.json using Guid(6afb166a156df2d20433d981f4bb2832) Importer(2089858483,b0f066a214c2f5e87bad3c948f4d605d) (ScriptedImporter) -> (artifact id: '8be42b0ecc96cc9a8469a25732790c3d') in 0.0346749 seconds
Number of updated asset objects reloaded before import = 0Number of asset objects unloaded after import = 1

========================================================================
Received Import Request.
  Time since last request: 0.000305 seconds.
  path: Packages/com.unity.timeline/Runtime/Animation/AnimationTrack.cs
  artifactKey: Guid(d21dcc2386d650c4597f3633c75a1f98) Importer(2089858483,b0f066a214c2f5e87bad3c948f4d605d)
Start importing Packages/com.unity.timeline/Runtime/Animation/AnimationTrack.cs using Guid(d21dcc2386d650c4597f3633c75a1f98) Importer(2089858483,b0f066a214c2f5e87bad3c948f4d605d) (ScriptedImporter) -> (artifact id: '3b120f8145990d3fd07d28604bca591a') in 0.0618973 seconds
Number of updated asset objects reloaded before import = 0Number of asset objects unloaded after import = 0

========================================================================
Received Import Request.
  Time since last request: 0.000037 seconds.
  path: Packages/com.unity.ai.navigation/Runtime/HelpUrls.cs
  artifactKey: Guid(6ad3f38e8fe7c4058ad4c718b8774a9e) Importer(2089858483,b0f066a214c2f5e87bad3c948f4d605d)
Start importing Packages/com.unity.ai.navigation/Runtime/HelpUrls.cs using Guid(6ad3f38e8fe7c4058ad4c718b8774a9e) Importer(2089858483,b0f066a214c2f5e87bad3c948f4d605d) (ScriptedImporter) -> (artifact id: '61a50106d982b1ad5a321d8ea6038c32') in 0.0783255 seconds
Number of updated asset objects reloaded before import = 0Number of asset objects unloaded after import = 0

========================================================================
Received Import Request.
  Time since last request: 0.001738 seconds.
  path: Packages/com.unity.timeline/Editor/StyleSheets/Images/LightSkin/TimelineMarkerItemCollapsed.png
  artifactKey: Guid(7d4691eba7565c34ab785c00fbc27ff8) Importer(2089858483,b0f066a214c2f5e87bad3c948f4d605d)
Start importing Packages/com.unity.timeline/Editor/StyleSheets/Images/LightSkin/TimelineMarkerItemCollapsed.png using Guid(7d4691eba7565c34ab785c00fbc27ff8) Importer(2089858483,b0f066a214c2f5e87bad3c948f4d605d) (ScriptedImporter) -> (artifact id: '65637db975414b4f0c9fb07bc47f8d6b') in 0.0669865 seconds
Number of updated asset objects reloaded before import = 0Number of asset objects unloaded after import = 1

========================================================================
Received Import Request.
  Time since last request: 0.003874 seconds.
  path: Packages/com.unity.timeline/Editor/Signals/SignalAssetInspector.cs
  artifactKey: Guid(58004290eb3aab44e9823d1f25c4ed73) Importer(2089858483,b0f066a214c2f5e87bad3c948f4d605d)
Start importing Packages/com.unity.timeline/Editor/Signals/SignalAssetInspector.cs using Guid(58004290eb3aab44e9823d1f25c4ed73) Importer(2089858483,b0f066a214c2f5e87bad3c948f4d605d) (ScriptedImporter) -> (artifact id: 'ac529a7a0203d5658d29fd8b962c872e') in 0.0543516 seconds
Number of updated asset objects reloaded before import = 0Number of asset objects unloaded after import = 0

========================================================================
Received Import Request.
  Time since last request: 0.000193 seconds.
  path: Packages/com.unity.timeline/Editor/StyleSheets/Images/LightSkin/TimelineAutokey_active.png
  artifactKey: Guid(0a5e3e063c4e1ab45999cf6e40c13c07) Importer(2089858483,b0f066a214c2f5e87bad3c948f4d605d)
Start importing Packages/com.unity.timeline/Editor/StyleSheets/Images/LightSkin/TimelineAutokey_active.png using Guid(0a5e3e063c4e1ab45999cf6e40c13c07) Importer(2089858483,b0f066a214c2f5e87bad3c948f4d605d) (ScriptedImporter) -> (artifact id: '93c11bfe62578a1cddbe027fcc05ca57') in 0.0711824 seconds
Number of updated asset objects reloaded before import = 0Number of asset objects unloaded after import = 1

========================================================================
Received Import Request.
  Time since last request: 0.000039 seconds.
  path: Packages/com.unity.multiplayer.center/Editor/Recommendations/Scoring.cs
  artifactKey: Guid(f526d484b0c04a1896c469f31c713786) Importer(2089858483,b0f066a214c2f5e87bad3c948f4d605d)
Start importing Packages/com.unity.multiplayer.center/Editor/Recommendations/Scoring.cs using Guid(f526d484b0c04a1896c469f31c713786) Importer(2089858483,b0f066a214c2f5e87bad3c948f4d605d) (ScriptedImporter) -> (artifact id: 'e05bd73d8c97eba306d90f07d40028a4') in 0.0289974 seconds
Number of updated asset objects reloaded before import = 0Number of asset objects unloaded after import = 0

========================================================================
Received Import Request.
  Time since last request: 0.000270 seconds.
  path: Packages/com.unity.timeline/Editor/StyleSheets/Images/DarkSkin/TimelineEndPlayback.png
  artifactKey: Guid(c285802d9d414814fad592b90b223f15) Importer(2089858483,b0f066a214c2f5e87bad3c948f4d605d)
Start importing Packages/com.unity.timeline/Editor/StyleSheets/Images/DarkSkin/TimelineEndPlayback.png using Guid(c285802d9d414814fad592b90b223f15) Importer(2089858483,b0f066a214c2f5e87bad3c948f4d605d) (ScriptedImporter) -> (artifact id: 'edee13bbfeb2203341eb5518a4f68e4e') in 0.064058 seconds
Number of updated asset objects reloaded before import = 0Number of asset objects unloaded after import = 1

========================================================================
Received Import Request.
  Time since last request: 0.000034 seconds.
  path: Packages/com.unity.ide.rider/Rider/Editor/StartUpMethodExecutor.cs
  artifactKey: Guid(e7c145f2cd3c411ca7f50ebc5f5a6d24) Importer(2089858483,b0f066a214c2f5e87bad3c948f4d605d)
Start importing Packages/com.unity.ide.rider/Rider/Editor/StartUpMethodExecutor.cs using Guid(e7c145f2cd3c411ca7f50ebc5f5a6d24) Importer(2089858483,b0f066a214c2f5e87bad3c948f4d605d) (ScriptedImporter) -> (artifact id: '342431d1b58c4f4a481b3bb91b568799') in 0.0226924 seconds
Number of updated asset objects reloaded before import = 0Number of asset objects unloaded after import = 0

========================================================================
Received Import Request.
  Time since last request: 0.000882 seconds.
  path: Packages/com.unity.timeline/Editor/Tooltip.cs
  artifactKey: Guid(55a8539917657b14baf6c6a051a7df22) Importer(2089858483,b0f066a214c2f5e87bad3c948f4d605d)
Start importing Packages/com.unity.timeline/Editor/Tooltip.cs using Guid(55a8539917657b14baf6c6a051a7df22) Importer(2089858483,b0f066a214c2f5e87bad3c948f4d605d) (ScriptedImporter) -> (artifact id: 'a39a513c81544870208ea898c0d1b628') in 0.064185 seconds
Number of updated asset objects reloaded before import = 0Number of asset objects unloaded after import = 0

========================================================================
Received Import Request.
  Time since last request: 0.000067 seconds.
  path: Packages/com.unity.multiplayer.center/Editor/MultiplayerCenterWindow/UI/Icons/NoNetcode@2x.png
  artifactKey: Guid(b58a826ca804e4c67bab4283ad5a6102) Importer(2089858483,b0f066a214c2f5e87bad3c948f4d605d)
Start importing Packages/com.unity.multiplayer.center/Editor/MultiplayerCenterWindow/UI/Icons/NoNetcode@2x.png using Guid(b58a826ca804e4c67bab4283ad5a6102) Importer(2089858483,b0f066a214c2f5e87bad3c948f4d605d) (ScriptedImporter) -> (artifact id: '33efd80e40283e015e3e95b13566454a') in 0.0620701 seconds
Number of updated asset objects reloaded before import = 0Number of asset objects unloaded after import = 1

========================================================================
Received Import Request.
  Time since last request: 0.000041 seconds.
  path: Packages/com.unity.ai.navigation/Editor/ConversionSystem/InitializeConverterContext.cs
  artifactKey: Guid(a5cf3eb6bee954ca5953487784e68715) Importer(2089858483,b0f066a214c2f5e87bad3c948f4d605d)
Start importing Packages/com.unity.ai.navigation/Editor/ConversionSystem/InitializeConverterContext.cs using Guid(a5cf3eb6bee954ca5953487784e68715) Importer(2089858483,b0f066a214c2f5e87bad3c948f4d605d) (ScriptedImporter) -> (artifact id: '938e1259ff8af7e22de0bf4635a574d1') in 0.0303939 seconds
Number of updated asset objects reloaded before import = 0Number of asset objects unloaded after import = 0

========================================================================
Received Import Request.
  Time since last request: 0.004140 seconds.
  path: Packages/com.unity.timeline/Runtime/TimelineAsset.cs
  artifactKey: Guid(bfda56da833e2384a9677cd3c976a436) Importer(2089858483,b0f066a214c2f5e87bad3c948f4d605d)
Start importing Packages/com.unity.timeline/Runtime/TimelineAsset.cs using Guid(bfda56da833e2384a9677cd3c976a436) Importer(2089858483,b0f066a214c2f5e87bad3c948f4d605d) (ScriptedImporter) -> (artifact id: '9ff4cdae08d62f1c0d8edd0dedf04de6') in 0.0732651 seconds
Number of updated asset objects reloaded before import = 0Number of asset objects unloaded after import = 0

========================================================================
Received Import Request.
  Time since last request: 0.000067 seconds.
  path: Packages/com.unity.timeline/Runtime/Audio/AudioTrack.cs
  artifactKey: Guid(8b22792c3b570444eb18cb78c2af3a74) Importer(2089858483,b0f066a214c2f5e87bad3c948f4d605d)
Start importing Packages/com.unity.timeline/Runtime/Audio/AudioTrack.cs using Guid(8b22792c3b570444eb18cb78c2af3a74) Importer(2089858483,b0f066a214c2f5e87bad3c948f4d605d) (ScriptedImporter) -> (artifact id: '98a30f2bfb77ffd0418559c75a653cbc') in 0.0456092 seconds
Number of updated asset objects reloaded before import = 0Number of asset objects unloaded after import = 0

========================================================================
Received Import Request.
  Time since last request: 0.000589 seconds.
  path: Packages/com.unity.timeline/Editor/StyleSheets/Images/DarkSkin/TimelineActivation.png
  artifactKey: Guid(359cf58d5969d1a4aad29b095c7fc338) Importer(2089858483,b0f066a214c2f5e87bad3c948f4d605d)
Start importing Packages/com.unity.timeline/Editor/StyleSheets/Images/DarkSkin/TimelineActivation.png using Guid(359cf58d5969d1a4aad29b095c7fc338) Importer(2089858483,b0f066a214c2f5e87bad3c948f4d605d) (ScriptedImporter) -> (artifact id: 'de6af4d61ecc0d634881d9e462a03f92') in 0.0846531 seconds
Number of updated asset objects reloaded before import = 0Number of asset objects unloaded after import = 1

========================================================================
Received Import Request.
  Time since last request: 0.001383 seconds.
  path: Packages/com.unity.ide.rider/Rider/Editor/Discovery.cs
  artifactKey: Guid(dab656c79e1985c40b31faebcda44442) Importer(2089858483,b0f066a214c2f5e87bad3c948f4d605d)
Start importing Packages/com.unity.ide.rider/Rider/Editor/Discovery.cs using Guid(dab656c79e1985c40b31faebcda44442) Importer(2089858483,b0f066a214c2f5e87bad3c948f4d605d) (ScriptedImporter) -> (artifact id: '4302bcf86716e9fc5c28aef229ed6630') in 0.0509413 seconds
Number of updated asset objects reloaded before import = 0Number of asset objects unloaded after import = 0

========================================================================
Received Import Request.
  Time since last request: 0.000409 seconds.
  path: Packages/com.unity.timeline/Editor/Signals/SignalEmitterInspector.cs
  artifactKey: Guid(970e7735a0864fd40842a36d053d08fe) Importer(2089858483,b0f066a214c2f5e87bad3c948f4d605d)
Start importing Packages/com.unity.timeline/Editor/Signals/SignalEmitterInspector.cs using Guid(970e7735a0864fd40842a36d053d08fe) Importer(2089858483,b0f066a214c2f5e87bad3c948f4d605d) (ScriptedImporter) -> (artifact id: '8653433b5fb42797f01b9a42137047fb') in 0.0522051 seconds
Number of updated asset objects reloaded before import = 0Number of asset objects unloaded after import = 0

========================================================================
Received Import Request.
  Time since last request: 0.002564 seconds.
  path: Packages/com.unity.timeline/Editor/StyleSheets/Images/DarkSkin/TimelineDisabledBackground.png
  artifactKey: Guid(412f73153f3a3c549b67b2a847741145) Importer(2089858483,b0f066a214c2f5e87bad3c948f4d605d)
Start importing Packages/com.unity.timeline/Editor/StyleSheets/Images/DarkSkin/TimelineDisabledBackground.png using Guid(412f73153f3a3c549b67b2a847741145) Importer(2089858483,b0f066a214c2f5e87bad3c948f4d605d) (ScriptedImporter) -> (artifact id: 'd3ce2a068d90106c8d36c7b138dbfc8c') in 0.0535637 seconds
Number of updated asset objects reloaded before import = 0Number of asset objects unloaded after import = 1

========================================================================
Received Import Request.
  Time since last request: 0.000170 seconds.
  path: Packages/com.unity.timeline/Editor/StyleSheets/Images/Shared/TimelineDisplay.png
  artifactKey: Guid(03ae22b9de3989144a9bebf8972b4fad) Importer(2089858483,b0f066a214c2f5e87bad3c948f4d605d)
Start importing Packages/com.unity.timeline/Editor/StyleSheets/Images/Shared/TimelineDisplay.png using Guid(03ae22b9de3989144a9bebf8972b4fad) Importer(2089858483,b0f066a214c2f5e87bad3c948f4d605d) (ScriptedImporter) -> (artifact id: '7dda6449e0bd31dd296295495610194c') in 0.0635974 seconds
Number of updated asset objects reloaded before import = 0Number of asset objects unloaded after import = 1

========================================================================
Received Import Request.
  Time since last request: 0.000254 seconds.
  path: Packages/com.unity.ai.navigation/Editor/ConversionSystem/converter_editor.uxml
  artifactKey: Guid(cd1eb3c3c695c494d855ea678fe7395b) Importer(2089858483,b0f066a214c2f5e87bad3c948f4d605d)
Start importing Packages/com.unity.ai.navigation/Editor/ConversionSystem/converter_editor.uxml using Guid(cd1eb3c3c695c494d855ea678fe7395b) Importer(2089858483,b0f066a214c2f5e87bad3c948f4d605d) (ScriptedImporter) -> (artifact id: '7fe5f1f75edc74f5bb24360a876e20a4') in 0.0689474 seconds
Number of updated asset objects reloaded before import = 0Number of asset objects unloaded after import = 2

========================================================================
Received Import Request.
  Time since last request: 0.000258 seconds.
  path: Packages/com.unity.timeline/Runtime/Playables/ITimeControl.cs
  artifactKey: Guid(5415c904c4fbc3e498253bc2866b37cd) Importer(2089858483,b0f066a214c2f5e87bad3c948f4d605d)
Start importing Packages/com.unity.timeline/Runtime/Playables/ITimeControl.cs using Guid(5415c904c4fbc3e498253bc2866b37cd) Importer(2089858483,b0f066a214c2f5e87bad3c948f4d605d) (ScriptedImporter) -> (artifact id: '6c5217a58099f803c8501a27c3e7d657') in 0.0210856 seconds
Number of updated asset objects reloaded before import = 0Number of asset objects unloaded after import = 0

========================================================================
Received Import Request.
  Time since last request: 0.000089 seconds.
  path: Packages/com.unity.timeline/Editor/StyleSheets/Images/Icons/TimelineEditModeMixON.png
  artifactKey: Guid(a82846d41464fcf4b962ebdc815963f5) Importer(2089858483,b0f066a214c2f5e87bad3c948f4d605d)
Start importing Packages/com.unity.timeline/Editor/StyleSheets/Images/Icons/TimelineEditModeMixON.png using Guid(a82846d41464fcf4b962ebdc815963f5) Importer(2089858483,b0f066a214c2f5e87bad3c948f4d605d) (ScriptedImporter) -> (artifact id: '29eb0a6823ceec3e5e331caa787c05dc') in 0.0446642 seconds
Number of updated asset objects reloaded before import = 0Number of asset objects unloaded after import = 1

========================================================================
Received Import Request.
  Time since last request: 0.000159 seconds.
  path: Packages/com.unity.timeline/Editor/Localization/ja.po
  artifactKey: Guid(2cb1ca12d228148318e1a7d8cc441147) Importer(2089858483,b0f066a214c2f5e87bad3c948f4d605d)
Start importing Packages/com.unity.timeline/Editor/Localization/ja.po using Guid(2cb1ca12d228148318e1a7d8cc441147) Importer(2089858483,b0f066a214c2f5e87bad3c948f4d605d) (ScriptedImporter) -> (artifact id: '6def961d4d66cb5894d0d77b1c762c55') in 0.0221964 seconds
Number of updated asset objects reloaded before import = 0Number of asset objects unloaded after import = 1

========================================================================
Received Import Request.
  Time since last request: 0.000134 seconds.
  path: Packages/com.unity.timeline/Runtime/Events/SignalTrack.cs
  artifactKey: Guid(b46e36075dd1c124a8422c228e75e1fb) Importer(2089858483,b0f066a214c2f5e87bad3c948f4d605d)
Start importing Packages/com.unity.timeline/Runtime/Events/SignalTrack.cs using Guid(b46e36075dd1c124a8422c228e75e1fb) Importer(2089858483,b0f066a214c2f5e87bad3c948f4d605d) (ScriptedImporter) -> (artifact id: '99b4c1ee9e1a6360775e19c73bdaeb2f') in 0.0214914 seconds
Number of updated asset objects reloaded before import = 0Number of asset objects unloaded after import = 0

========================================================================
Received Import Request.
  Time since last request: 0.000236 seconds.
  path: Packages/com.unity.ai.navigation/Editor/Updater/NavMeshUpdaterUtility.cs
  artifactKey: Guid(7df3797ad5e64406fb77aae77b5d42dc) Importer(2089858483,b0f066a214c2f5e87bad3c948f4d605d)
Start importing Packages/com.unity.ai.navigation/Editor/Updater/NavMeshUpdaterUtility.cs using Guid(7df3797ad5e64406fb77aae77b5d42dc) Importer(2089858483,b0f066a214c2f5e87bad3c948f4d605d) (ScriptedImporter) -> (artifact id: '2dabb40ab8aee304b3348af1d27701c5') in 0.0202963 seconds
Number of updated asset objects reloaded before import = 0Number of asset objects unloaded after import = 0

========================================================================
Received Import Request.
  Time since last request: 0.000148 seconds.
  path: Packages/com.unity.ai.navigation/Editor/ConversionSystem/converter_widget_item.uxml
  artifactKey: Guid(d6de7697d63d64fabbfb31425d93541e) Importer(2089858483,b0f066a214c2f5e87bad3c948f4d605d)
Start importing Packages/com.unity.ai.navigation/Editor/ConversionSystem/converter_widget_item.uxml using Guid(d6de7697d63d64fabbfb31425d93541e) Importer(2089858483,b0f066a214c2f5e87bad3c948f4d605d) (ScriptedImporter) -> (artifact id: '1e30ac6aacececa896d942504c061e39') in 0.0428019 seconds
Number of updated asset objects reloaded before import = 0Number of asset objects unloaded after import = 2

========================================================================
Received Import Request.
  Time since last request: 0.000036 seconds.
  path: Packages/com.unity.test-framework/UnityEditor.TestRunner/TestRun/Tasks/CreateBootstrapSceneTask.cs
  artifactKey: Guid(4400cdda235b4ea48b9078953ffc8e89) Importer(2089858483,b0f066a214c2f5e87bad3c948f4d605d)
Start importing Packages/com.unity.test-framework/UnityEditor.TestRunner/TestRun/Tasks/CreateBootstrapSceneTask.cs using Guid(4400cdda235b4ea48b9078953ffc8e89) Importer(2089858483,b0f066a214c2f5e87bad3c948f4d605d) (ScriptedImporter) -> (artifact id: '8117b8503d462c7a30603d3328f2aa90') in 0.024002 seconds
Number of updated asset objects reloaded before import = 0Number of asset objects unloaded after import = 0

========================================================================
Received Import Request.
  Time since last request: 0.000343 seconds.
  path: Packages/com.unity.test-framework/UnityEditor.TestRunner/UnityTestProtocol/Messages/Message.cs
  artifactKey: Guid(321dc2c0720f8dd4f9396ecdc12b8746) Importer(2089858483,b0f066a214c2f5e87bad3c948f4d605d)
Start importing Packages/com.unity.test-framework/UnityEditor.TestRunner/UnityTestProtocol/Messages/Message.cs using Guid(321dc2c0720f8dd4f9396ecdc12b8746) Importer(2089858483,b0f066a214c2f5e87bad3c948f4d605d) (ScriptedImporter) -> (artifact id: 'af9373d94410d3580bca3ffeb5eaa979') in 0.0196335 seconds
Number of updated asset objects reloaded before import = 0Number of asset objects unloaded after import = 0

========================================================================
Received Import Request.
  Time since last request: 0.000507 seconds.
  path: Packages/com.unity.timeline/Editor/StyleSheets/Images/Icons/d_TimelineDigIn.png
  artifactKey: Guid(22c3c381bd3cd4a40a8541103023e1ef) Importer(2089858483,b0f066a214c2f5e87bad3c948f4d605d)
Start importing Packages/com.unity.timeline/Editor/StyleSheets/Images/Icons/d_TimelineDigIn.png using Guid(22c3c381bd3cd4a40a8541103023e1ef) Importer(2089858483,b0f066a214c2f5e87bad3c948f4d605d) (ScriptedImporter) -> (artifact id: 'cd26ca037d72d0ff1f6a6fede13212bc') in 0.0334496 seconds
Number of updated asset objects reloaded before import = 0Number of asset objects unloaded after import = 1

========================================================================
Received Import Request.
  Time since last request: 0.000298 seconds.
  path: Packages/com.unity.timeline/Editor/Manipulators/Utils/EditModeGUIUtils.cs
  artifactKey: Guid(8938e753b3f47374889d5cf3265b563c) Importer(2089858483,b0f066a214c2f5e87bad3c948f4d605d)
Start importing Packages/com.unity.timeline/Editor/Manipulators/Utils/EditModeGUIUtils.cs using Guid(8938e753b3f47374889d5cf3265b563c) Importer(2089858483,b0f066a214c2f5e87bad3c948f4d605d) (ScriptedImporter) -> (artifact id: '262add4d8ad152c99bd27ee59adce45d') in 0.0209642 seconds
Number of updated asset objects reloaded before import = 0Number of asset objects unloaded after import = 0

========================================================================
Received Import Request.
  Time since last request: 0.000323 seconds.
  path: Packages/com.unity.ide.rider/Rider/Editor/Util/StringUtils.cs
  artifactKey: Guid(b0221f76dde941d492827802c9b7c1f9) Importer(2089858483,b0f066a214c2f5e87bad3c948f4d605d)
Start importing Packages/com.unity.ide.rider/Rider/Editor/Util/StringUtils.cs using Guid(b0221f76dde941d492827802c9b7c1f9) Importer(2089858483,b0f066a214c2f5e87bad3c948f4d605d) (ScriptedImporter) -> (artifact id: 'e0d637a88a5e0428cb3c9de7527ba081') in 0.0252075 seconds
Number of updated asset objects reloaded before import = 0Number of asset objects unloaded after import = 0

========================================================================
Received Import Request.
  Time since last request: 0.000049 seconds.
  path: Packages/com.unity.timeline/Editor/Window/TimelinePlaybackControls.cs
  artifactKey: Guid(b662f155e14546d0b72f129800d013d0) Importer(2089858483,b0f066a214c2f5e87bad3c948f4d605d)
Start importing Packages/com.unity.timeline/Editor/Window/TimelinePlaybackControls.cs using Guid(b662f155e14546d0b72f129800d013d0) Importer(2089858483,b0f066a214c2f5e87bad3c948f4d605d) (ScriptedImporter) -> (artifact id: '6f3a9411fe1e2c262767bff02bbf3dc3') in 0.0418147 seconds
Number of updated asset objects reloaded before import = 0Number of asset objects unloaded after import = 0

========================================================================
Received Import Request.
  Time since last request: 0.001613 seconds.
  path: Packages/com.unity.timeline/Editor/StyleSheets/Images/LightSkin/TimelineIconClipOut.png
  artifactKey: Guid(a7a968b204ed77c4ba90be3ef3ee8551) Importer(2089858483,b0f066a214c2f5e87bad3c948f4d605d)
Start importing Packages/com.unity.timeline/Editor/StyleSheets/Images/LightSkin/TimelineIconClipOut.png using Guid(a7a968b204ed77c4ba90be3ef3ee8551) Importer(2089858483,b0f066a214c2f5e87bad3c948f4d605d) (ScriptedImporter) -> (artifact id: '27f698406cc301830051efa94521b860') in 0.0426885 seconds
Number of updated asset objects reloaded before import = 0Number of asset objects unloaded after import = 1

========================================================================
Received Import Request.
  Time since last request: 0.000124 seconds.
  path: Packages/com.unity.test-framework/UnityEditor.TestRunner/TestRun/Tasks/EnableTestOutLoggerTask.cs
  artifactKey: Guid(1a9f3fcee3bd2334593373b00d7b5ca2) Importer(2089858483,b0f066a214c2f5e87bad3c948f4d605d)
Start importing Packages/com.unity.test-framework/UnityEditor.TestRunner/TestRun/Tasks/EnableTestOutLoggerTask.cs using Guid(1a9f3fcee3bd2334593373b00d7b5ca2) Importer(2089858483,b0f066a214c2f5e87bad3c948f4d605d) (ScriptedImporter) -> (artifact id: '023ac584dc226560e4788d741e487c72') in 0.0210134 seconds
Number of updated asset objects reloaded before import = 0Number of asset objects unloaded after import = 0

========================================================================
Received Import Request.
  Time since last request: 0.000223 seconds.
  path: Packages/com.unity.test-framework/UnityEditor.TestRunner/CommandLineTest/SetupException.cs
  artifactKey: Guid(63572993f2104574099a48392460b211) Importer(2089858483,b0f066a214c2f5e87bad3c948f4d605d)
Start importing Packages/com.unity.test-framework/UnityEditor.TestRunner/CommandLineTest/SetupException.cs using Guid(63572993f2104574099a48392460b211) Importer(2089858483,b0f066a214c2f5e87bad3c948f4d605d) (ScriptedImporter) -> (artifact id: '449b24d8787d517c7a29f152fa6488b6') in 0.0185767 seconds
Number of updated asset objects reloaded before import = 0Number of asset objects unloaded after import = 0

========================================================================
Received Import Request.
  Time since last request: 0.000290 seconds.
  path: Packages/com.unity.ai.navigation/Editor/Updater/NavigationUpdaterEditor.cs
  artifactKey: Guid(582e6909cfc304d93b58ee91d453d156) Importer(2089858483,b0f066a214c2f5e87bad3c948f4d605d)
Start importing Packages/com.unity.ai.navigation/Editor/Updater/NavigationUpdaterEditor.cs using Guid(582e6909cfc304d93b58ee91d453d156) Importer(2089858483,b0f066a214c2f5e87bad3c948f4d605d) (ScriptedImporter) -> (artifact id: '039a985c4c3c6a6063cea14f649a0cd9') in 0.0159943 seconds
Number of updated asset objects reloaded before import = 0Number of asset objects unloaded after import = 0

========================================================================
Received Import Request.
  Time since last request: 0.000230 seconds.
  path: Packages/com.unity.ide.rider/Rider/Editor/LoggingLevel.cs
  artifactKey: Guid(71bb46b59a9a7a346bbab1e185c723df) Importer(2089858483,b0f066a214c2f5e87bad3c948f4d605d)
Start importing Packages/com.unity.ide.rider/Rider/Editor/LoggingLevel.cs using Guid(71bb46b59a9a7a346bbab1e185c723df) Importer(2089858483,b0f066a214c2f5e87bad3c948f4d605d) (ScriptedImporter) -> (artifact id: 'bc2f4d98b9603dbb173e405d3a14a1a0') in 0.019672 seconds
Number of updated asset objects reloaded before import = 0Number of asset objects unloaded after import = 0

========================================================================
Received Import Request.
  Time since last request: 0.001786 seconds.
  path: Packages/com.unity.timeline/Runtime/Events/MarkerList.cs
  artifactKey: Guid(4335a164bb763104c8805212c23d795f) Importer(2089858483,b0f066a214c2f5e87bad3c948f4d605d)
Start importing Packages/com.unity.timeline/Runtime/Events/MarkerList.cs using Guid(4335a164bb763104c8805212c23d795f) Importer(2089858483,b0f066a214c2f5e87bad3c948f4d605d) (ScriptedImporter) -> (artifact id: '90062159224ebeadc84dcb899e753af5') in 0.0163424 seconds
Number of updated asset objects reloaded before import = 0Number of asset objects unloaded after import = 0

========================================================================
Received Import Request.
  Time since last request: 0.000214 seconds.
  path: Packages/com.unity.test-framework/UnityEditor.TestRunner/GUI/Controls/FlagEnumUtility.cs
  artifactKey: Guid(ea6cc55375344f10834cf6fa65197525) Importer(2089858483,b0f066a214c2f5e87bad3c948f4d605d)
Start importing Packages/com.unity.test-framework/UnityEditor.TestRunner/GUI/Controls/FlagEnumUtility.cs using Guid(ea6cc55375344f10834cf6fa65197525) Importer(2089858483,b0f066a214c2f5e87bad3c948f4d605d) (ScriptedImporter) -> (artifact id: 'cf01cbe7ae4e85002fbae151986fe590') in 0.0156131 seconds
Number of updated asset objects reloaded before import = 0Number of asset objects unloaded after import = 0

========================================================================
Received Import Request.
  Time since last request: 0.000230 seconds.
  path: Packages/com.unity.test-framework/UnityEditor.TestRunner/TestLaunchers/Helpers/PlayerLauncherBuildOptions.cs
  artifactKey: Guid(2a0bd678385f98e4d8eabdfc07d62b4f) Importer(2089858483,b0f066a214c2f5e87bad3c948f4d605d)
Start importing Packages/com.unity.test-framework/UnityEditor.TestRunner/TestLaunchers/Helpers/PlayerLauncherBuildOptions.cs using Guid(2a0bd678385f98e4d8eabdfc07d62b4f) Importer(2089858483,b0f066a214c2f5e87bad3c948f4d605d) (ScriptedImporter) -> (artifact id: '1b6c45ea16b465467ed53b9b8975ae18') in 0.0159417 seconds
Number of updated asset objects reloaded before import = 0Number of asset objects unloaded after import = 0

========================================================================
Received Import Request.
  Time since last request: 0.000238 seconds.
  path: Packages/com.unity.ide.rider/Rider/Editor/UnitTesting/RiderTestRunner.cs
  artifactKey: Guid(5c3b27069cb3ddf42ba1260eeefcdd1c) Importer(2089858483,b0f066a214c2f5e87bad3c948f4d605d)
Start importing Packages/com.unity.ide.rider/Rider/Editor/UnitTesting/RiderTestRunner.cs using Guid(5c3b27069cb3ddf42ba1260eeefcdd1c) Importer(2089858483,b0f066a214c2f5e87bad3c948f4d605d) (ScriptedImporter) -> (artifact id: '45a130bf45caee9aa1282755256a79e0') in 0.0162263 seconds
Number of updated asset objects reloaded before import = 0Number of asset objects unloaded after import = 0

========================================================================
Received Import Request.
  Time since last request: 0.000196 seconds.
  path: Packages/com.unity.test-framework/UnityEngine.TestRunner/NUnitExtensions/Commands/EnumerableTestState.cs
  artifactKey: Guid(356852e4738840b4b1ab533d3a66f0e1) Importer(2089858483,b0f066a214c2f5e87bad3c948f4d605d)
Start importing Packages/com.unity.test-framework/UnityEngine.TestRunner/NUnitExtensions/Commands/EnumerableTestState.cs using Guid(356852e4738840b4b1ab533d3a66f0e1) Importer(2089858483,b0f066a214c2f5e87bad3c948f4d605d) (ScriptedImporter) -> (artifact id: '2345618712331f293a6d30e17a820ef2') in 0.019453 seconds
Number of updated asset objects reloaded before import = 0Number of asset objects unloaded after import = 0

========================================================================
Received Import Request.
  Time since last request: 0.000645 seconds.
  path: Packages/com.unity.timeline/Editor/treeview/TimelineDataSource.cs
  artifactKey: Guid(e8c30efa89029e447b0dc0efc75b294c) Importer(2089858483,b0f066a214c2f5e87bad3c948f4d605d)
Start importing Packages/com.unity.timeline/Editor/treeview/TimelineDataSource.cs using Guid(e8c30efa89029e447b0dc0efc75b294c) Importer(2089858483,b0f066a214c2f5e87bad3c948f4d605d) (ScriptedImporter) -> (artifact id: '0c33af83faf339b8c437e85791ac7c17') in 0.0255018 seconds
Number of updated asset objects reloaded before import = 0Number of asset objects unloaded after import = 0

========================================================================
Received Import Request.
  Time since last request: 0.000418 seconds.
  path: Packages/com.unity.timeline/Editor/Manipulators/Sequence/Jog.cs
  artifactKey: Guid(949b7e126b3f27940885a6808a15458e) Importer(2089858483,b0f066a214c2f5e87bad3c948f4d605d)
Start importing Packages/com.unity.timeline/Editor/Manipulators/Sequence/Jog.cs using Guid(949b7e126b3f27940885a6808a15458e) Importer(2089858483,b0f066a214c2f5e87bad3c948f4d605d) (ScriptedImporter) -> (artifact id: '35efddd0c36fddc3b43456437702f041') in 0.0296192 seconds
Number of updated asset objects reloaded before import = 0Number of asset objects unloaded after import = 0

========================================================================
Received Import Request.
  Time since last request: 0.000309 seconds.
  path: Packages/com.unity.timeline/Editor/StyleSheets/Images/Shared/TimelineBottomShadow.png
  artifactKey: Guid(db66ea47c76423f4a881937d34495801) Importer(2089858483,b0f066a214c2f5e87bad3c948f4d605d)
Start importing Packages/com.unity.timeline/Editor/StyleSheets/Images/Shared/TimelineBottomShadow.png using Guid(db66ea47c76423f4a881937d34495801) Importer(2089858483,b0f066a214c2f5e87bad3c948f4d605d) (ScriptedImporter) -> (artifact id: '1356022ec246e94aa15e9bfd6be1da32') in 0.0342085 seconds
Number of updated asset objects reloaded before import = 0Number of asset objects unloaded after import = 1

========================================================================
Received Import Request.
  Time since last request: 0.000315 seconds.
  path: Packages/com.unity.ugui/Tests/Runtime/UGUI/TextEditor/TextEditorBackspaceDelete.cs
  artifactKey: Guid(b5f31b7e60df3e64796fb7ab6f54f489) Importer(2089858483,b0f066a214c2f5e87bad3c948f4d605d)
Start importing Packages/com.unity.ugui/Tests/Runtime/UGUI/TextEditor/TextEditorBackspaceDelete.cs using Guid(b5f31b7e60df3e64796fb7ab6f54f489) Importer(2089858483,b0f066a214c2f5e87bad3c948f4d605d) (ScriptedImporter) -> (artifact id: 'edc0ee57375c9f937a5df18fda631979') in 0.0249544 seconds
Number of updated asset objects reloaded before import = 0Number of asset objects unloaded after import = 0

========================================================================
Received Import Request.
  Time since last request: 0.001542 seconds.
  path: Packages/com.unity.timeline/Editor/Signals/TreeView/SignalReceiverTreeView.cs
  artifactKey: Guid(698b660e9477f4f16abad03ec00ce38c) Importer(2089858483,b0f066a214c2f5e87bad3c948f4d605d)
Start importing Packages/com.unity.timeline/Editor/Signals/TreeView/SignalReceiverTreeView.cs using Guid(698b660e9477f4f16abad03ec00ce38c) Importer(2089858483,b0f066a214c2f5e87bad3c948f4d605d) (ScriptedImporter) -> (artifact id: '734e14810dcbd4db8e3e79f46d3743de') in 0.035811 seconds
Number of updated asset objects reloaded before import = 0Number of asset objects unloaded after import = 0

========================================================================
Received Import Request.
  Time since last request: 0.000312 seconds.
  path: Packages/com.unity.test-framework/UnityEditor.TestRunner/CommandLineTest/RunStateCallbacks.cs
  artifactKey: Guid(43db38ca7188900429bf8be95ebbe197) Importer(2089858483,b0f066a214c2f5e87bad3c948f4d605d)
Start importing Packages/com.unity.test-framework/UnityEditor.TestRunner/CommandLineTest/RunStateCallbacks.cs using Guid(43db38ca7188900429bf8be95ebbe197) Importer(2089858483,b0f066a214c2f5e87bad3c948f4d605d) (ScriptedImporter) -> (artifact id: 'c55f4af2459bae6374a1cda6b05a1da8') in 0.0536023 seconds
Number of updated asset objects reloaded before import = 0Number of asset objects unloaded after import = 0

========================================================================
Received Import Request.
  Time since last request: 0.000211 seconds.
  path: Packages/com.unity.test-framework/UnityEditor.TestRunner/GUI/TestListTreeView/Icons.cs
  artifactKey: Guid(27769e9b00b038d47aefe306a4d20bec) Importer(2089858483,b0f066a214c2f5e87bad3c948f4d605d)
Start importing Packages/com.unity.test-framework/UnityEditor.TestRunner/GUI/TestListTreeView/Icons.cs using Guid(27769e9b00b038d47aefe306a4d20bec) Importer(2089858483,b0f066a214c2f5e87bad3c948f4d605d) (ScriptedImporter) -> (artifact id: 'f0ec145e84f4f5d929076efa2a86a95f') in 0.0353702 seconds
Number of updated asset objects reloaded before import = 0Number of asset objects unloaded after import = 0

========================================================================
Received Import Request.
  Time since last request: 0.000255 seconds.
  path: Packages/com.unity.test-framework/UnityEditor.TestRunner/GUI/Controls/GenericItemContentProvider.cs
  artifactKey: Guid(7348ecf02a70497d9a09bd05ad2038ac) Importer(2089858483,b0f066a214c2f5e87bad3c948f4d605d)
Start importing Packages/com.unity.test-framework/UnityEditor.TestRunner/GUI/Controls/GenericItemContentProvider.cs using Guid(7348ecf02a70497d9a09bd05ad2038ac) Importer(2089858483,b0f066a214c2f5e87bad3c948f4d605d) (ScriptedImporter) -> (artifact id: 'eabbaa0101f47cc63f5e89d52216b6a9') in 0.0436044 seconds
Number of updated asset objects reloaded before import = 0Number of asset objects unloaded after import = 0

========================================================================
Received Import Request.
  Time since last request: 0.000419 seconds.
  path: Packages/com.unity.test-framework/UnityEditor.TestRunner/TestRunner/Utils/CachingTestListProvider.cs
  artifactKey: Guid(26f3e7301af463c4ca72fa98d59b429e) Importer(2089858483,b0f066a214c2f5e87bad3c948f4d605d)
Start importing Packages/com.unity.test-framework/UnityEditor.TestRunner/TestRunner/Utils/CachingTestListProvider.cs using Guid(26f3e7301af463c4ca72fa98d59b429e) Importer(2089858483,b0f066a214c2f5e87bad3c948f4d605d) (ScriptedImporter) -> (artifact id: 'dcb28a7638e7ed82a27d56471cfb8113') in 0.0322678 seconds
Number of updated asset objects reloaded before import = 0Number of asset objects unloaded after import = 0

========================================================================
Received Import Request.
  Time since last request: 0.001908 seconds.
  path: Packages/com.unity.test-framework/UnityEditor.TestRunner/TestRun/Tasks/DeleteBootstrapSceneTask.cs
  artifactKey: Guid(6465fa5b49fc4c739059189aca21f391) Importer(2089858483,b0f066a214c2f5e87bad3c948f4d605d)
Start importing Packages/com.unity.test-framework/UnityEditor.TestRunner/TestRun/Tasks/DeleteBootstrapSceneTask.cs using Guid(6465fa5b49fc4c739059189aca21f391) Importer(2089858483,b0f066a214c2f5e87bad3c948f4d605d) (ScriptedImporter) -> (artifact id: '98ca96e805a5e226283d460ad30a0074') in 0.0405079 seconds
Number of updated asset objects reloaded before import = 0Number of asset objects unloaded after import = 0

========================================================================
Received Import Request.
  Time since last request: 0.000055 seconds.
  path: Packages/com.unity.timeline/Editor/DirectorNamedColor.cs
  artifactKey: Guid(7116e04a377b195458798657c617e324) Importer(2089858483,b0f066a214c2f5e87bad3c948f4d605d)
Start importing Packages/com.unity.timeline/Editor/DirectorNamedColor.cs using Guid(7116e04a377b195458798657c617e324) Importer(2089858483,b0f066a214c2f5e87bad3c948f4d605d) (ScriptedImporter) -> (artifact id: '42f9b60fd0922a720264d2a1588921dd') in 0.0483476 seconds
Number of updated asset objects reloaded before import = 0Number of asset objects unloaded after import = 0

========================================================================
Received Import Request.
  Time since last request: 0.000287 seconds.
  path: Packages/com.unity.ugui/Runtime/UGUI/UI/Core/VertexModifiers/BaseMeshEffect.cs
  artifactKey: Guid(718966f960cb50643986195e5fe953ca) Importer(2089858483,b0f066a214c2f5e87bad3c948f4d605d)
Start importing Packages/com.unity.ugui/Runtime/UGUI/UI/Core/VertexModifiers/BaseMeshEffect.cs using Guid(718966f960cb50643986195e5fe953ca) Importer(2089858483,b0f066a214c2f5e87bad3c948f4d605d) (ScriptedImporter) -> (artifact id: 'b958339d98d35fafedd72be23749f492') in 0.0216326 seconds
Number of updated asset objects reloaded before import = 0Number of asset objects unloaded after import = 0

========================================================================
Received Import Request.
  Time since last request: 0.000206 seconds.
  path: Packages/com.unity.ugui/Tests/Runtime/UGUI/Canvas/CanvasSizeCorrectInAwakeAndStart.cs
  artifactKey: Guid(ec35c13a8280a8d4e817bc4afd8a95de) Importer(2089858483,b0f066a214c2f5e87bad3c948f4d605d)
Start importing Packages/com.unity.ugui/Tests/Runtime/UGUI/Canvas/CanvasSizeCorrectInAwakeAndStart.cs using Guid(ec35c13a8280a8d4e817bc4afd8a95de) Importer(2089858483,b0f066a214c2f5e87bad3c948f4d605d) (ScriptedImporter) -> (artifact id: '073b9a40ba6309d908869177ac02bc0b') in 0.0152038 seconds
Number of updated asset objects reloaded before import = 0Number of asset objects unloaded after import = 0

========================================================================
Received Import Request.
  Time since last request: 0.000453 seconds.
  path: Packages/com.unity.test-framework/UnityEditor.TestRunner/TestRun/Tasks/CleanupVerificationTask.cs
  artifactKey: Guid(93eb6389f4fb6924987867ce0bc339ee) Importer(2089858483,b0f066a214c2f5e87bad3c948f4d605d)
Start importing Packages/com.unity.test-framework/UnityEditor.TestRunner/TestRun/Tasks/CleanupVerificationTask.cs using Guid(93eb6389f4fb6924987867ce0bc339ee) Importer(2089858483,b0f066a214c2f5e87bad3c948f4d605d) (ScriptedImporter) -> (artifact id: 'e01186b21bfd70abf3b026db2357f484') in 0.0263726 seconds
Number of updated asset objects reloaded before import = 0Number of asset objects unloaded after import = 0

========================================================================
Received Import Request.
  Time since last request: 0.000401 seconds.
  path: Packages/com.unity.timeline/Editor/StyleSheets/Images/LightSkin/TimelineAutokey@2x.png
  artifactKey: Guid(cf3fbf98d5c3f1941bd9c0256918a4c8) Importer(2089858483,b0f066a214c2f5e87bad3c948f4d605d)
Start importing Packages/com.unity.timeline/Editor/StyleSheets/Images/LightSkin/TimelineAutokey@2x.png using Guid(cf3fbf98d5c3f1941bd9c0256918a4c8) Importer(2089858483,b0f066a214c2f5e87bad3c948f4d605d) (ScriptedImporter) -> (artifact id: '402363e15a5a082b21fe72fbb70fda2e') in 0.0324741 seconds
Number of updated asset objects reloaded before import = 0Number of asset objects unloaded after import = 1

========================================================================
Received Import Request.
  Time since last request: 0.000236 seconds.
  path: Packages/com.unity.test-framework/UnityEngine.TestRunner/NUnitExtensions/Filters/AndFilterExtended.cs
  artifactKey: Guid(94cf1990d9304aff8063ceaa4bc68f6d) Importer(2089858483,b0f066a214c2f5e87bad3c948f4d605d)
Start importing Packages/com.unity.test-framework/UnityEngine.TestRunner/NUnitExtensions/Filters/AndFilterExtended.cs using Guid(94cf1990d9304aff8063ceaa4bc68f6d) Importer(2089858483,b0f066a214c2f5e87bad3c948f4d605d) (ScriptedImporter) -> (artifact id: 'f64ab5c33621d0448b521d65e34c2d96') in 0.019175 seconds
Number of updated asset objects reloaded before import = 0Number of asset objects unloaded after import = 0

========================================================================
Received Import Request.
  Time since last request: 0.000040 seconds.
  path: Packages/com.unity.timeline/Editor/Utilities/PreviewedBindings.cs
  artifactKey: Guid(907eeaaade2f4a3c9b079743c2bf77ee) Importer(2089858483,b0f066a214c2f5e87bad3c948f4d605d)
Start importing Packages/com.unity.timeline/Editor/Utilities/PreviewedBindings.cs using Guid(907eeaaade2f4a3c9b079743c2bf77ee) Importer(2089858483,b0f066a214c2f5e87bad3c948f4d605d) (ScriptedImporter) -> (artifact id: 'a5a36fb8e00ff38965bfb8a988babd97') in 0.0200636 seconds
Number of updated asset objects reloaded before import = 0Number of asset objects unloaded after import = 0

========================================================================
Received Import Request.
  Time since last request: 0.000209 seconds.
  path: Packages/com.unity.ugui/Tests/Runtime/UGUI/ScrollRect/ScrollRectTests.cs
  artifactKey: Guid(d925cabd9ecd5074aadab0726b96c38f) Importer(2089858483,b0f066a214c2f5e87bad3c948f4d605d)
Start importing Packages/com.unity.ugui/Tests/Runtime/UGUI/ScrollRect/ScrollRectTests.cs using Guid(d925cabd9ecd5074aadab0726b96c38f) Importer(2089858483,b0f066a214c2f5e87bad3c948f4d605d) (ScriptedImporter) -> (artifact id: '0daa193c8ab95fdb6c7a599d5d301c60') in 0.0173193 seconds
Number of updated asset objects reloaded before import = 0Number of asset objects unloaded after import = 0

========================================================================
Received Import Request.
  Time since last request: 0.000235 seconds.
  path: Packages/com.unity.timeline/Editor/CustomEditors/MarkerTrackEditor.cs
  artifactKey: Guid(844873d1afe1c3142ab922324950e1dd) Importer(2089858483,b0f066a214c2f5e87bad3c948f4d605d)
Start importing Packages/com.unity.timeline/Editor/CustomEditors/MarkerTrackEditor.cs using Guid(844873d1afe1c3142ab922324950e1dd) Importer(2089858483,b0f066a214c2f5e87bad3c948f4d605d) (ScriptedImporter) -> (artifact id: '393633e2d7859a64123b967315f182d1') in 0.0251277 seconds
Number of updated asset objects reloaded before import = 0Number of asset objects unloaded after import = 0

========================================================================
Received Import Request.
  Time since last request: 0.000067 seconds.
  path: Packages/com.unity.test-framework/UnityEngine.TestRunner/Assertions/LogScope/LogEvent.cs
  artifactKey: Guid(0c56471f08a0f6846afc792f0b4205b9) Importer(2089858483,b0f066a214c2f5e87bad3c948f4d605d)
Start importing Packages/com.unity.test-framework/UnityEngine.TestRunner/Assertions/LogScope/LogEvent.cs using Guid(0c56471f08a0f6846afc792f0b4205b9) Importer(2089858483,b0f066a214c2f5e87bad3c948f4d605d) (ScriptedImporter) -> (artifact id: 'e649a4bbfffc098c2961d662a1dd6bf3') in 0.0205594 seconds
Number of updated asset objects reloaded before import = 0Number of asset objects unloaded after import = 0

========================================================================
Received Import Request.
  Time since last request: 0.000260 seconds.
  path: Packages/com.unity.timeline/Editor/Utilities/Scopes/GUIViewportScope.cs
  artifactKey: Guid(af84cf39b8fa0654badd9278cbd00d77) Importer(2089858483,b0f066a214c2f5e87bad3c948f4d605d)
Start importing Packages/com.unity.timeline/Editor/Utilities/Scopes/GUIViewportScope.cs using Guid(af84cf39b8fa0654badd9278cbd00d77) Importer(2089858483,b0f066a214c2f5e87bad3c948f4d605d) (ScriptedImporter) -> (artifact id: '4aa621afdcedead6e295a098874c2f71') in 0.0178027 seconds
Number of updated asset objects reloaded before import = 0Number of asset objects unloaded after import = 0

========================================================================
Received Import Request.
  Time since last request: 0.000232 seconds.
  path: Packages/com.unity.test-framework/UnityEngine.TestRunner/NUnitExtensions/Commands/ParametrizedIgnoreCommand.cs
  artifactKey: Guid(74987b94d22047d8b286a727906b7019) Importer(2089858483,b0f066a214c2f5e87bad3c948f4d605d)
Start importing Packages/com.unity.test-framework/UnityEngine.TestRunner/NUnitExtensions/Commands/ParametrizedIgnoreCommand.cs using Guid(74987b94d22047d8b286a727906b7019) Importer(2089858483,b0f066a214c2f5e87bad3c948f4d605d) (ScriptedImporter) -> (artifact id: 'ece3a1a685652f5b47018636c2a4aec6') in 0.0169852 seconds
Number of updated asset objects reloaded before import = 0Number of asset objects unloaded after import = 0

========================================================================
Received Import Request.
  Time since last request: 0.000189 seconds.
  path: Packages/com.unity.timeline/Runtime/Evaluation/RuntimeElement.cs
  artifactKey: Guid(76b6bf32a6fcf934aab8c529bddccc81) Importer(2089858483,b0f066a214c2f5e87bad3c948f4d605d)
Start importing Packages/com.unity.timeline/Runtime/Evaluation/RuntimeElement.cs using Guid(76b6bf32a6fcf934aab8c529bddccc81) Importer(2089858483,b0f066a214c2f5e87bad3c948f4d605d) (ScriptedImporter) -> (artifact id: '9f40e2928d898b0ef6c3b931f28b1fa4') in 0.0162889 seconds
Number of updated asset objects reloaded before import = 0Number of asset objects unloaded after import = 0

========================================================================
Received Import Request.
  Time since last request: 0.000250 seconds.
  path: Packages/com.unity.ugui/Editor/TMP/HDRP/TMP_SDF_HDRPUnlitShaderGUI.cs
  artifactKey: Guid(bad96c2cfa78a124cb8ec890d2386dfe) Importer(2089858483,b0f066a214c2f5e87bad3c948f4d605d)
Start importing Packages/com.unity.ugui/Editor/TMP/HDRP/TMP_SDF_HDRPUnlitShaderGUI.cs using Guid(bad96c2cfa78a124cb8ec890d2386dfe) Importer(2089858483,b0f066a214c2f5e87bad3c948f4d605d) (ScriptedImporter) -> (artifact id: '45b03670797dcbb7bc4a79e4a4ce021d') in 0.0166502 seconds
Number of updated asset objects reloaded before import = 0Number of asset objects unloaded after import = 0

========================================================================
Received Import Request.
  Time since last request: 0.000265 seconds.
  path: Packages/com.unity.ide.rider/ValidationExceptions.json
  artifactKey: Guid(b6029123aa4ab4e0481a4b3ad8a15af9) Importer(2089858483,b0f066a214c2f5e87bad3c948f4d605d)
Start importing Packages/com.unity.ide.rider/ValidationExceptions.json using Guid(b6029123aa4ab4e0481a4b3ad8a15af9) Importer(2089858483,b0f066a214c2f5e87bad3c948f4d605d) (ScriptedImporter) -> (artifact id: '487565a778715d718cc8ded75b345239') in 0.0191083 seconds
Number of updated asset objects reloaded before import = 0Number of asset objects unloaded after import = 1

========================================================================
Received Import Request.
  Time since last request: 0.000209 seconds.
  path: Packages/com.unity.timeline/Editor/Properties/AssemblyInfo.cs
  artifactKey: Guid(d5718b3fe3a758b4a9ec29170290d4f6) Importer(2089858483,b0f066a214c2f5e87bad3c948f4d605d)
Start importing Packages/com.unity.timeline/Editor/Properties/AssemblyInfo.cs using Guid(d5718b3fe3a758b4a9ec29170290d4f6) Importer(2089858483,b0f066a214c2f5e87bad3c948f4d605d) (ScriptedImporter) -> (artifact id: '04db1a2911fdf213cdebbd28e1a07999') in 0.0177171 seconds
Number of updated asset objects reloaded before import = 0Number of asset objects unloaded after import = 0

========================================================================
Received Import Request.
  Time since last request: 0.000278 seconds.
  path: Packages/com.unity.timeline/Editor/inspectors/BuiltInCurvePresets.cs
  artifactKey: Guid(ae05f0dd1cf145e4e8e905c7971ee433) Importer(2089858483,b0f066a214c2f5e87bad3c948f4d605d)
Start importing Packages/com.unity.timeline/Editor/inspectors/BuiltInCurvePresets.cs using Guid(ae05f0dd1cf145e4e8e905c7971ee433) Importer(2089858483,b0f066a214c2f5e87bad3c948f4d605d) (ScriptedImporter) -> (artifact id: 'b74118f911e36a823574d95969e8ffd0') in 0.0191977 seconds
Number of updated asset objects reloaded before import = 0Number of asset objects unloaded after import = 0

========================================================================
Received Import Request.
  Time since last request: 0.000187 seconds.
  path: Packages/com.unity.ai.navigation/EditorResources/NavigationWindowIcon.png
  artifactKey: Guid(b0172c3ab97e219478711e1fbe9630f2) Importer(2089858483,b0f066a214c2f5e87bad3c948f4d605d)
Start importing Packages/com.unity.ai.navigation/EditorResources/NavigationWindowIcon.png using Guid(b0172c3ab97e219478711e1fbe9630f2) Importer(2089858483,b0f066a214c2f5e87bad3c948f4d605d) (ScriptedImporter) -> (artifact id: '97a0eb61d5d18a0d30b5b54570dd55fc') in 0.0255352 seconds
Number of updated asset objects reloaded before import = 0Number of asset objects unloaded after import = 1

========================================================================
Received Import Request.
  Time since last request: 0.000221 seconds.
  path: Packages/com.unity.timeline/Runtime/Playables/ActivationControlPlayable.cs
  artifactKey: Guid(d20e4e177b86a2843805dd3894f41b42) Importer(2089858483,b0f066a214c2f5e87bad3c948f4d605d)
Start importing Packages/com.unity.timeline/Runtime/Playables/ActivationControlPlayable.cs using Guid(d20e4e177b86a2843805dd3894f41b42) Importer(2089858483,b0f066a214c2f5e87bad3c948f4d605d) (ScriptedImporter) -> (artifact id: 'cff129acaa8029b93ebdf68932061a44') in 0.0192292 seconds
Number of updated asset objects reloaded before import = 0Number of asset objects unloaded after import = 0

========================================================================
Received Import Request.
  Time since last request: 0.000265 seconds.
  path: Packages/com.unity.test-framework/UnityEngine.TestRunner/NUnitExtensions/Filters/FullNameFilter.cs
  artifactKey: Guid(f07fb40f4e944ebeb84eb8f8a6bb5b13) Importer(2089858483,b0f066a214c2f5e87bad3c948f4d605d)
Start importing Packages/com.unity.test-framework/UnityEngine.TestRunner/NUnitExtensions/Filters/FullNameFilter.cs using Guid(f07fb40f4e944ebeb84eb8f8a6bb5b13) Importer(2089858483,b0f066a214c2f5e87bad3c948f4d605d) (ScriptedImporter) -> (artifact id: '16ba45e6825cccb2cb6c834a7127d7ee') in 0.0205135 seconds
Number of updated asset objects reloaded before import = 0Number of asset objects unloaded after import = 0

========================================================================
Received Import Request.
  Time since last request: 0.000198 seconds.
  path: Packages/com.unity.timeline/Editor/Manipulators/EditMode.cs
  artifactKey: Guid(dfd084fea478f3148b7de3d83bab1d8c) Importer(2089858483,b0f066a214c2f5e87bad3c948f4d605d)
Start importing Packages/com.unity.timeline/Editor/Manipulators/EditMode.cs using Guid(dfd084fea478f3148b7de3d83bab1d8c) Importer(2089858483,b0f066a214c2f5e87bad3c948f4d605d) (ScriptedImporter) -> (artifact id: '6ff75825d49cc33a3b499b55fbe8134d') in 0.0196436 seconds
Number of updated asset objects reloaded before import = 0Number of asset objects unloaded after import = 0

========================================================================
Received Import Request.
  Time since last request: 0.000194 seconds.
  path: Packages/com.unity.ugui/Editor/UGUI/UI/SelfControllerEditor.cs
  artifactKey: Guid(dcf00682bef4d264d84a5c92c8f5a40f) Importer(2089858483,b0f066a214c2f5e87bad3c948f4d605d)
Start importing Packages/com.unity.ugui/Editor/UGUI/UI/SelfControllerEditor.cs using Guid(dcf00682bef4d264d84a5c92c8f5a40f) Importer(2089858483,b0f066a214c2f5e87bad3c948f4d605d) (ScriptedImporter) -> (artifact id: '06c84c14ad8cbb59dcadbaaa2f7ec82d') in 0.0202584 seconds
Number of updated asset objects reloaded before import = 0Number of asset objects unloaded after import = 0

========================================================================
Received Import Request.
  Time since last request: 0.000311 seconds.
  path: Packages/com.unity.timeline/Editor/inspectors/TimelineProjectSettings.cs
  artifactKey: Guid(a287be6c49135cd4f9b2b8666c39d999) Importer(2089858483,b0f066a214c2f5e87bad3c948f4d605d)
Start importing Packages/com.unity.timeline/Editor/inspectors/TimelineProjectSettings.cs using Guid(a287be6c49135cd4f9b2b8666c39d999) Importer(2089858483,b0f066a214c2f5e87bad3c948f4d605d) (ScriptedImporter) -> (artifact id: 'fef6941586c9e7dcba4c563c7cc73367') in 0.0233996 seconds
Number of updated asset objects reloaded before import = 0Number of asset objects unloaded after import = 0

========================================================================
Received Import Request.
  Time since last request: 0.000213 seconds.
  path: Packages/com.unity.ugui/Editor/UGUI/UI/RawImageEditor.cs
  artifactKey: Guid(e6413f4090046814d802ddbff9890878) Importer(2089858483,b0f066a214c2f5e87bad3c948f4d605d)
Start importing Packages/com.unity.ugui/Editor/UGUI/UI/RawImageEditor.cs using Guid(e6413f4090046814d802ddbff9890878) Importer(2089858483,b0f066a214c2f5e87bad3c948f4d605d) (ScriptedImporter) -> (artifact id: '1d119bf5a4a1f341672db07d3c1d34bc') in 0.0168641 seconds
Number of updated asset objects reloaded before import = 0Number of asset objects unloaded after import = 0

========================================================================
Received Import Request.
  Time since last request: 0.000224 seconds.
  path: Packages/com.unity.modules.unitywebrequestwww/package.json
  artifactKey: Guid(fa27413e9edb06a6058d6c894eca0338) Importer(2089858483,b0f066a214c2f5e87bad3c948f4d605d)
Start importing Packages/com.unity.modules.unitywebrequestwww/package.json using Guid(fa27413e9edb06a6058d6c894eca0338) Importer(2089858483,b0f066a214c2f5e87bad3c948f4d605d) (ScriptedImporter) -> (artifact id: 'b8da832802f51a8b92ac52991d49d1c0') in 0.0184555 seconds
Number of updated asset objects reloaded before import = 0Number of asset objects unloaded after import = 1

========================================================================
Received Import Request.
  Time since last request: 0.000141 seconds.
  path: Packages/com.unity.multiplayer.center/Editor/MultiplayerCenterWindow/UI/RecommendationView/SectionHeader.cs
  artifactKey: Guid(63314900d81e4a15814496af1889cb51) Importer(2089858483,b0f066a214c2f5e87bad3c948f4d605d)
Start importing Packages/com.unity.multiplayer.center/Editor/MultiplayerCenterWindow/UI/RecommendationView/SectionHeader.cs using Guid(63314900d81e4a15814496af1889cb51) Importer(2089858483,b0f066a214c2f5e87bad3c948f4d605d) (ScriptedImporter) -> (artifact id: '14a89846bec2336cfb74888f714fde79') in 0.0196626 seconds
Number of updated asset objects reloaded before import = 0Number of asset objects unloaded after import = 0

========================================================================
Received Import Request.
  Time since last request: 0.000277 seconds.
  path: Packages/com.unity.timeline/Editor/Extensions/TrackExtensions.cs
  artifactKey: Guid(5b24618beecc3bf41acadfcf2246d772) Importer(2089858483,b0f066a214c2f5e87bad3c948f4d605d)
Start importing Packages/com.unity.timeline/Editor/Extensions/TrackExtensions.cs using Guid(5b24618beecc3bf41acadfcf2246d772) Importer(2089858483,b0f066a214c2f5e87bad3c948f4d605d) (ScriptedImporter) -> (artifact id: 'c6985876addc4c8e0908a88818fd031a') in 0.01559 seconds
Number of updated asset objects reloaded before import = 0Number of asset objects unloaded after import = 0

========================================================================
Received Import Request.
  Time since last request: 0.000146 seconds.
  path: Packages/com.unity.timeline/Runtime/TimelineClip.cs
  artifactKey: Guid(65f3a4c67e4927a478b7036bae1da0e3) Importer(2089858483,b0f066a214c2f5e87bad3c948f4d605d)
Start importing Packages/com.unity.timeline/Runtime/TimelineClip.cs using Guid(65f3a4c67e4927a478b7036bae1da0e3) Importer(2089858483,b0f066a214c2f5e87bad3c948f4d605d) (ScriptedImporter) -> (artifact id: '15b089533d75aed076317ad330af5dda') in 0.0246571 seconds
Number of updated asset objects reloaded before import = 0Number of asset objects unloaded after import = 0

========================================================================
Received Import Request.
  Time since last request: 0.000160 seconds.
  path: Packages/com.unity.ai.navigation/EditorResources/Overlay/NavigationOverlay.png
  artifactKey: Guid(e3f0b16456276c94aab8bd6664208dc3) Importer(2089858483,b0f066a214c2f5e87bad3c948f4d605d)
Start importing Packages/com.unity.ai.navigation/EditorResources/Overlay/NavigationOverlay.png using Guid(e3f0b16456276c94aab8bd6664208dc3) Importer(2089858483,b0f066a214c2f5e87bad3c948f4d605d) (ScriptedImporter) -> (artifact id: 'be7595c309e1e084b21c8a5756f0bcab') in 0.0359073 seconds
Number of updated asset objects reloaded before import = 0Number of asset objects unloaded after import = 1

========================================================================
Received Import Request.
  Time since last request: 0.000285 seconds.
  path: Packages/com.unity.modules.unityanalytics/package.json
  artifactKey: Guid(26a4f29db434fd79025c91f6126382cc) Importer(2089858483,b0f066a214c2f5e87bad3c948f4d605d)
Start importing Packages/com.unity.modules.unityanalytics/package.json using Guid(26a4f29db434fd79025c91f6126382cc) Importer(2089858483,b0f066a214c2f5e87bad3c948f4d605d) (ScriptedImporter) -> (artifact id: 'eacd14a0520d02920b696056e811055d') in 0.0181418 seconds
Number of updated asset objects reloaded before import = 0Number of asset objects unloaded after import = 1

========================================================================
Received Import Request.
  Time since last request: 0.000198 seconds.
  path: Packages/com.unity.ugui/Runtime/UGUI/UI/Core/Layout/CanvasScaler.cs
  artifactKey: Guid(0cd44c1031e13a943bb63640046fad76) Importer(2089858483,b0f066a214c2f5e87bad3c948f4d605d)
Start importing Packages/com.unity.ugui/Runtime/UGUI/UI/Core/Layout/CanvasScaler.cs using Guid(0cd44c1031e13a943bb63640046fad76) Importer(2089858483,b0f066a214c2f5e87bad3c948f4d605d) (ScriptedImporter) -> (artifact id: '317d2df152b6fb7b0f6809ecf8d247ac') in 0.0254459 seconds
Number of updated asset objects reloaded before import = 0Number of asset objects unloaded after import = 0

========================================================================
Received Import Request.
  Time since last request: 0.002878 seconds.
  path: Packages/com.unity.ai.navigation/EditorResources/Overlay/d_NavigationOverlay@64.png
  artifactKey: Guid(1dacc9e843ef1444fad71e40913ef05c) Importer(2089858483,b0f066a214c2f5e87bad3c948f4d605d)
Start importing Packages/com.unity.ai.navigation/EditorResources/Overlay/d_NavigationOverlay@64.png using Guid(1dacc9e843ef1444fad71e40913ef05c) Importer(2089858483,b0f066a214c2f5e87bad3c948f4d605d) (ScriptedImporter) -> (artifact id: 'f7936f2800cba9a020c6cff32fc8e204') in 0.0368833 seconds
Number of updated asset objects reloaded before import = 0Number of asset objects unloaded after import = 1

========================================================================
Received Import Request.
  Time since last request: 0.000159 seconds.
  path: Packages/com.unity.test-framework/UnityEngine.TestRunner/Utils/TestData.cs
  artifactKey: Guid(72ae18093c05147e4a680b41d4cd9e6f) Importer(2089858483,b0f066a214c2f5e87bad3c948f4d605d)
Start importing Packages/com.unity.test-framework/UnityEngine.TestRunner/Utils/TestData.cs using Guid(72ae18093c05147e4a680b41d4cd9e6f) Importer(2089858483,b0f066a214c2f5e87bad3c948f4d605d) (ScriptedImporter) -> (artifact id: 'c7bf061efbac5be4f7d0f0198131edb8') in 0.0188227 seconds
Number of updated asset objects reloaded before import = 0Number of asset objects unloaded after import = 0

========================================================================
Received Import Request.
  Time since last request: 0.000184 seconds.
  path: Packages/com.unity.test-framework/UnityEditor.TestRunner/TestSettings/ITestSettingsDeserializer.cs
  artifactKey: Guid(d208a1684f8aa6a40ad91d6aa9600c14) Importer(2089858483,b0f066a214c2f5e87bad3c948f4d605d)
Start importing Packages/com.unity.test-framework/UnityEditor.TestRunner/TestSettings/ITestSettingsDeserializer.cs using Guid(d208a1684f8aa6a40ad91d6aa9600c14) Importer(2089858483,b0f066a214c2f5e87bad3c948f4d605d) (ScriptedImporter) -> (artifact id: '165892df1d2ab78f0a6af384811bbc15') in 0.01844 seconds
Number of updated asset objects reloaded before import = 0Number of asset objects unloaded after import = 0

========================================================================
Received Import Request.
  Time since last request: 0.000159 seconds.
  path: Packages/com.unity.timeline/Runtime/Utilities/NotificationUtilities.cs
  artifactKey: Guid(b90311a8f07b00f4bbeb2fff3b128d25) Importer(2089858483,b0f066a214c2f5e87bad3c948f4d605d)
Start importing Packages/com.unity.timeline/Runtime/Utilities/NotificationUtilities.cs using Guid(b90311a8f07b00f4bbeb2fff3b128d25) Importer(2089858483,b0f066a214c2f5e87bad3c948f4d605d) (ScriptedImporter) -> (artifact id: '43dbfab28e6122abc6f563fa916b3a1f') in 0.0240711 seconds
Number of updated asset objects reloaded before import = 0Number of asset objects unloaded after import = 0

========================================================================
Received Import Request.
  Time since last request: 0.000242 seconds.
  path: Packages/com.unity.timeline/Runtime/Utilities/IPropertyCollector.cs
  artifactKey: Guid(66b2b8fd1d9b4bc4c96b07335ad822f3) Importer(2089858483,b0f066a214c2f5e87bad3c948f4d605d)
Start importing Packages/com.unity.timeline/Runtime/Utilities/IPropertyCollector.cs using Guid(66b2b8fd1d9b4bc4c96b07335ad822f3) Importer(2089858483,b0f066a214c2f5e87bad3c948f4d605d) (ScriptedImporter) -> (artifact id: 'dd1c5f9b1a19ba8bf2308cef4351087e') in 0.0346058 seconds
Number of updated asset objects reloaded before import = 0Number of asset objects unloaded after import = 0

========================================================================
Received Import Request.
  Time since last request: 0.000331 seconds.
  path: Packages/com.unity.ugui/Tests/Editor/UGUI/TestBehaviourBase.cs
  artifactKey: Guid(393b15da08c88194dbbcacd6ee15a89c) Importer(2089858483,b0f066a214c2f5e87bad3c948f4d605d)
Start importing Packages/com.unity.ugui/Tests/Editor/UGUI/TestBehaviourBase.cs using Guid(393b15da08c88194dbbcacd6ee15a89c) Importer(2089858483,b0f066a214c2f5e87bad3c948f4d605d) (ScriptedImporter) -> (artifact id: '9614697748684246a03aeffcdddd0f1d') in 0.0293873 seconds
Number of updated asset objects reloaded before import = 0Number of asset objects unloaded after import = 0

Editor requested this worker to shutdown with reason: Scaling down because of idle timeout
AssetImportWorker is now disconnected from the server
Process exiting
Exiting without the bug reporter. Application will terminate with return code 0